{
  "model": "jak:gun/jak_requiem_762_geo",
  "texture": "jak:gun/uv/jak_requiem_762",
  "lod": {
    "model": "jak:gun/lod/jak_requiem_762",
    "texture": "jak:gun/lod/jak_requiem_762"
  },
  "hud": "jak:gun/hud/jak_requiem_762",
  "slot": "jak:gun/slot/jak_requiem_762",
  "animation": "nmw2:kastov762",
  "use_default_animation": "rifle",
  "default_animation": "wz:rifle_tac_rush_default",
  "transform": {
    "scale": {
      "thirdperson": [0.6, 0.6, 0.6],
      "ground": [0.6, 0.6, 0.6],
      "fixed": [1.2, 1.2, 1.2]
    }
  },
  "muzzle_flash": {
    "texture": "wz:flash/common_muzzle_flash",
    "scale": 1
  },
  "sounds": {
    "head_hit": "wz:head_hit",
    "flesh_hit": "wz:flesh_hit",
    "kill": "wz:kill",

    "shoot": "nmw2:kastov762/kastov762_shoot",
    "shoot_3p": "nmw2:kastov762/kastov762_shoot_3p",
    "silence": "nmw2:kastov762/kastov762_silence",
    "silence_3p": "nmw2:kastov762/kastov762_silence_3p",
    "draw": "tacz:ak47/ak47_draw",
    "put_away": "tacz:ak47/ak47_put_away"
  }
}