{
  "model": "jak:gun/jak_intimidotor_geo",
  "texture": "jak:gun/uv/jak_intimidotor",
  "lod": {
    "model": "jak:gun/lod/jak_intimidotor",
    "texture": "jak:gun/lod/jak_intimidotor"
  },
  "hud": "jak:gun/hud/jak_intimidotor",
  "slot": "jak:gun/slot/jak_intimidotor",
  "animation": "nmw3:renetti",
  "use_default_animation": "pistol",
  "default_animation": "wz:rifle_tac_rush_default",
  "third_person_animation": "default",
  "transform": {
    "scale": {
      "thirdperson": [0.6, 0.6, 0.6],
      "ground": [0.6, 0.6, 0.6],
      "fixed": [1.2, 1.2, 1.2]
    }
  },
  "muzzle_flash": {
    "texture": "wz:flash/common_muzzle_flash",
    "scale": 0.55
  },
  "shell": {
    "initial_velocity": [5, 2, 1],
    "random_velocity": [1, 1, 0.25],
    "acceleration": [0.0, -10, 0.0],
    "angular_velocity": [360, -1200, 90],
    "living_time": 1.0
  },
  "sounds": {
    "head_hit": "wz:head_hit",
    "flesh_hit": "wz:flesh_hit",
    "kill": "wz:kill",

    "shoot": "nmw3:renetti/renetti_shoot",
    "shoot_3p": "nmw3:renetti/renetti_shoot_3p",
    "silence": "nmw3:renetti/renetti_silence",
    "silence_3p": "nmw3:renetti/renetti_silence_3p",
    "draw": "nmw3:renetti/renetti_raise",
    "put_away": "nmw3:renetti/renetti_drop",
    "melee_push": "tacz:melee_stock/melee_stock_01",
    "melee_stock": "tacz:melee_stock/melee_stock_02"
  }
}