{
  "model": "jak:gun/jak_tyrant_geo",
  "texture": "jak:gun/uv/jak_tyrant",
  "lod": {
    "model": "jak:gun/lod/jak_tyrant",
    "texture": "jak:gun/lod/jak_tyrant"
  },
  "hud": "jak:gun/hud/jak_tyrant",
  "slot": "jak:gun/slot/jak_tyrant",
  "animation": "nmw3:longbow",
  "use_default_animation": "rifle",
  "default_animation": "wz:rifle_tac_rush_default",
  "transform": {
    "scale": {
      "thirdperson": [0.6, 0.6, 0.6],
      "ground": [0.6, 0.6, 0.6],
      "fixed": [1.2, 1.2, 1.2]
    }
  },
  "sounds": {
    "head_hit": "wz:head_hit",
    "flesh_hit": "wz:flesh_hit",
    "kill": "wz:kill",

    "shoot": "nmw3:longbow/longbow_silence",
    "shoot_3p": "nmw3:longbow/longbow_silence_3p",
    "draw": "nmw2:kastov545/kastov545_raise",
    "put_away": "nmw2:kastov545/kastov545_drop"
  }
}