{
  "model": "jak:gun/jak_maglift_geo",
  "lod": {
    "model": "jak:gun/lod/jak_maglift",
    "texture": "jak:gun/lod/jak_maglift"
  },
  "texture": "jak:gun/uv/jak_maglift",
  "hud": "jak:gun/hud/jak_maglift",
  "slot": "jak:gun/slot/jak_maglift",
  "animation": "jak:jak_maglift",
  "use_default_animation": "rifle",
  "default_animation": "wz:rifle_tac_rush_default",
  "third_person_animation": "default",
  "transform": {
    "scale": {
      "thirdperson": [0.6, 0.6, 0.6],
      "ground": [0.6, 0.6, 0.6],
      "fixed": [1.2, 1.2, 1.2]
    }
  },
  "muzzle_flash": {
    "texture": "wz:flash/common_muzzle_flash",
    "scale": 0.75
  },
  "shell": {
    "initial_velocity": [5, 2, 1],
    "random_velocity": [1, 1, 0.25],
    "acceleration": [0.0, -10, 0.0],
    "angular_velocity": [360, -1200, 90],
    "living_time": 1.0
  },
  "sounds": {
    "kill": "wz:kill",

    "shoot": "nmw3:haymaker/haymaker_shoot",
    "shoot_3p": "nmw3:haymaker/haymaker_shoot_3p",
    "silence": "nmw3:haymaker/haymaker_silence",
    "silence_3p": "nmw3:haymaker/haymaker_silence_3p",
    "draw": "nmw3:haymaker/haymaker_raise",
    "put_away": "nmw3:haymaker/haymaker_drop"
  }
}