{
  "model": "jak:gun/jak_wardens_akimbo_geo",
  "texture": "jak:gun/uv/jak_wardens_akimbo",
  "lod": {
    "model": "jak:gun/lod/jak_wardens_akimbo",
    "texture": "jak:gun/lod/jak_wardens_akimbo"
  },
  "hud": "jak:gun/hud/jak_wardens_akimbo",
  "slot": "jak:gun/slot/jak_wardens_akimbo",
  "animation": "jak:jak_wardens_akimbo",
  "use_default_animation": "rifle",
  "state_machine": "jak:jak_wardens_akimbo_state_machine",
  "state_machine_param": {
    "bolt_time": 0.8
  },
  "third_person_animation": "default",
  "player_animator_3rd": "tacz:pistol_default.player_animation",
  "transform": {
    "scale": {
      "thirdperson": [0.6, 0.6, 0.6],
      "ground": [0.6, 0.6, 0.6],
      "fixed": [1.2, 1.2, 1.2]
    }
  },
  "muzzle_flash": {
    "texture": "wz:flash/common_muzzle_flash",
    "scale": 1.2
  },
  "iron_zoom": 1.2,
  "sounds": {
    "shoot": "nmw2:lockwoodmk2/jak_wardens_shoot",
    "shoot_3p": "nmw2:lockwoodmk2/jak_wardens_shoot_3p",
    "silence": "nmw2:lockwoodmk2/jak_wardens_silence",
    "silence_3p": "nmw2:lockwoodmk2/jak_wardens_silence_3p"
  }
}