{
	"format_version": "1.12.0",
	"minecraft:geometry": [
		{
			"description": {
				"identifier": "geometry.unknown",
				"texture_width": 16,
				"texture_height": 16,
				"visible_bounds_width": 4,
				"visible_bounds_height": 4,
				"visible_bounds_offset": [0, 1, 0]
			},
			"bones": [
				{
					"name": "grip",
					"pivot": [0, -1.8125, -2.4375],
					"cubes": [
						{
							"origin": [-0.625, -0.375, -2.4375],
							"size": [1.25, 0.4375, 2.5625],
							"inflate": 0.001,
							"uv": {
								"north": {"uv": [7, 4], "uv_size": [1.25, 0.5]},
								"east": {"uv": [4, 4], "uv_size": [2.5, 0.5]},
								"south": {"uv": [7, 5], "uv_size": [1.25, 0.5]},
								"west": {"uv": [4, 5], "uv_size": [2.5, 0.5]},
								"up": {"uv": [0, 3], "uv_size": [1.25, 2.5]}
							}
						},
						{
							"origin": [0.5625, -0.5625, -1.6875],
							"size": [0.0625, 0.5, 0.125],
							"inflate": 0.005,
							"pivot": [0, -0.15625, -1.03125],
							"rotation": [-22.5, 0, 0],
							"uv": {
								"north": {"uv": [13, 5], "uv_size": [0.25, 0.5]},
								"south": {"uv": [6, 13], "uv_size": [0.25, 0.5]},
								"west": {"uv": [13, 6], "uv_size": [0.25, 0.5]},
								"up": {"uv": [14, 1], "uv_size": [0.25, 0.25]},
								"down": {"uv": [2, 14.25], "uv_size": [0.25, -0.25]}
							}
						},
						{
							"origin": [0.5625, -0.5625, -1.5],
							"size": [0.0625, 0.5, 0.125],
							"inflate": 0.005,
							"pivot": [0, -0.15625, -0.84375],
							"rotation": [-22.5, 0, 0],
							"uv": {
								"north": {"uv": [7, 13], "uv_size": [0.25, 0.5]},
								"south": {"uv": [8, 13], "uv_size": [0.25, 0.5]},
								"west": {"uv": [13, 8], "uv_size": [0.25, 0.5]},
								"up": {"uv": [14, 2], "uv_size": [0.25, 0.25]},
								"down": {"uv": [3, 14.25], "uv_size": [0.25, -0.25]}
							}
						},
						{
							"origin": [0.5625, -0.5625, -1.3125],
							"size": [0.0625, 0.5, 0.125],
							"inflate": 0.005,
							"pivot": [0, -0.15625, -0.65625],
							"rotation": [-22.5, 0, 0],
							"uv": {
								"north": {"uv": [9, 13], "uv_size": [0.25, 0.5]},
								"south": {"uv": [13, 9], "uv_size": [0.25, 0.5]},
								"west": {"uv": [10, 13], "uv_size": [0.25, 0.5]},
								"up": {"uv": [14, 3], "uv_size": [0.25, 0.25]},
								"down": {"uv": [4, 14.25], "uv_size": [0.25, -0.25]}
							}
						},
						{
							"origin": [0.5625, -0.5625, -1.125],
							"size": [0.0625, 0.5, 0.125],
							"inflate": 0.005,
							"pivot": [0, -0.15625, -0.46875],
							"rotation": [-22.5, 0, 0],
							"uv": {
								"north": {"uv": [13, 10], "uv_size": [0.25, 0.5]},
								"south": {"uv": [11, 13], "uv_size": [0.25, 0.5]},
								"west": {"uv": [13, 11], "uv_size": [0.25, 0.5]},
								"up": {"uv": [14, 4], "uv_size": [0.25, 0.25]},
								"down": {"uv": [5, 14.25], "uv_size": [0.25, -0.25]}
							}
						},
						{
							"origin": [0.5625, -0.5625, -0.9375],
							"size": [0.0625, 0.5, 0.125],
							"inflate": 0.005,
							"pivot": [0, -0.15625, -0.28125],
							"rotation": [-22.5, 0, 0],
							"uv": {
								"north": {"uv": [12, 13], "uv_size": [0.25, 0.5]},
								"south": {"uv": [13, 12], "uv_size": [0.25, 0.5]},
								"west": {"uv": [13, 13], "uv_size": [0.25, 0.5]},
								"up": {"uv": [14, 5], "uv_size": [0.25, 0.25]},
								"down": {"uv": [6, 14.25], "uv_size": [0.25, -0.25]}
							}
						},
						{
							"origin": [0.5625, -0.5625, -0.75],
							"size": [0.0625, 0.5, 0.125],
							"inflate": 0.005,
							"pivot": [0, -0.15625, -0.09375],
							"rotation": [-22.5, 0, 0],
							"uv": {
								"north": {"uv": [0, 14], "uv_size": [0.25, 0.5]},
								"south": {"uv": [14, 0], "uv_size": [0.25, 0.5]},
								"west": {"uv": [1, 14], "uv_size": [0.25, 0.5]},
								"up": {"uv": [14, 6], "uv_size": [0.25, 0.25]},
								"down": {"uv": [7, 14.25], "uv_size": [0.25, -0.25]}
							}
						},
						{
							"origin": [0.375, 0.0625, -2.25],
							"size": [0.25, 0.1875, 2.375],
							"uv": {
								"east": {"uv": [7, 7], "uv_size": [2.5, 0.25]},
								"west": {"uv": [0, 8], "uv_size": [2.5, 0.25]},
								"up": {"uv": [3, 8], "uv_size": [0.25, 2.5]}
							}
						},
						{
							"origin": [-0.625, 0.74215, -2.71902],
							"size": [0.25, 0.1875, 0.26517],
							"inflate": -0.001,
							"pivot": [-0.5, 0.8359, -1.53152],
							"rotation": [45, 0, 0],
							"uv": {
								"east": {"uv": [14, 7], "uv_size": [0.25, 0.25]},
								"west": {"uv": [8, 14], "uv_size": [0.25, 0.25]},
								"up": {"uv": [14, 8], "uv_size": [0.25, 0.25]}
							}
						},
						{
							"origin": [-0.625, 0.0625, -2.25],
							"size": [0.25, 0.1875, 2.375],
							"uv": {
								"east": {"uv": [8, 0], "uv_size": [2.5, 0.25]},
								"west": {"uv": [8, 3], "uv_size": [2.5, 0.25]},
								"up": {"uv": [4, 8], "uv_size": [0.25, 2.5]}
							}
						},
						{
							"origin": [0.375, 0.74215, -2.71902],
							"size": [0.25, 0.1875, 0.26517],
							"inflate": -0.001,
							"pivot": [0.5, 0.8359, -1.53152],
							"rotation": [45, 0, 0],
							"uv": {
								"east": {"uv": [9, 14], "uv_size": [0.25, 0.25]},
								"west": {"uv": [14, 9], "uv_size": [0.25, 0.25]},
								"up": {"uv": [10, 14], "uv_size": [0.25, 0.25]}
							}
						},
						{
							"origin": [-0.4375, -0.5625, -2.125],
							"size": [0.875, 0.1875, 2.25],
							"uv": {
								"down": {"uv": [3, 5.25], "uv_size": [1, -2.25]}
							}
						},
						{
							"origin": [0.24307, -0.2806, -2.125],
							"size": [0.26517, 0.1875, 2.25],
							"pivot": [0.68057, -0.18685, -1],
							"rotation": [0, 0, -45],
							"uv": {
								"down": {"uv": [2, 11.25], "uv_size": [0.25, -2.25]}
							}
						},
						{
							"origin": [-0.625, -0.91436, -0.72334],
							"size": [1.25, 0.3125, 2.75],
							"pivot": [0.23248, -0.85186, 0.63603],
							"rotation": [-25, 0, 0],
							"uv": {
								"east": {"uv": [7, 2], "uv_size": [2.75, 0.25]},
								"west": {"uv": [4, 7], "uv_size": [2.75, 0.25]},
								"up": {"uv": [0, 0], "uv_size": [1.25, 2.75]},
								"down": {"uv": [2, 2.75], "uv_size": [1.25, -2.75]}
							}
						},
						{
							"origin": [-0.5, -0.60186, -0.16084],
							"size": [1, 0.5, 1.8125],
							"pivot": [0.23248, -0.85186, 0.63603],
							"rotation": [-25, 0, 0],
							"uv": {
								"east": {"uv": [7, 1], "uv_size": [1.75, 0.5]},
								"south": {"uv": [9, 1], "uv_size": [1, 0.5]},
								"west": {"uv": [2, 7], "uv_size": [1.75, 0.5]}
							}
						},
						{
							"origin": [-0.53125, -0.74423, 1.23064],
							"size": [1.0625, 0.25, 0.25],
							"pivot": [0, -0.61923, 1.35564],
							"rotation": [-45, 0, 0],
							"uv": {
								"north": {"uv": [8, 12], "uv_size": [1, 0.25]},
								"east": {"uv": [14, 10], "uv_size": [0.25, 0.25]},
								"south": {"uv": [12, 8], "uv_size": [1, 0.25]},
								"west": {"uv": [11, 14], "uv_size": [0.25, 0.25]},
								"up": {"uv": [9, 12], "uv_size": [1, 0.25]},
								"down": {"uv": [12, 9.25], "uv_size": [1, -0.25]}
							}
						},
						{
							"origin": [-0.65625, -0.24423, -0.39436],
							"size": [1.3125, 0.3125, 0.3125],
							"pivot": [0, -0.11923, -0.26936],
							"rotation": [-45, 0, 0],
							"uv": {
								"north": {"uv": [10, 2], "uv_size": [1.25, 0.25]},
								"east": {"uv": [14, 11], "uv_size": [0.25, 0.25]},
								"south": {"uv": [10, 4], "uv_size": [1.25, 0.25]},
								"west": {"uv": [12, 14], "uv_size": [0.25, 0.25]},
								"up": {"uv": [10, 5], "uv_size": [1.25, 0.25]},
								"down": {"uv": [10, 6.25], "uv_size": [1.25, -0.25]}
							}
						},
						{
							"origin": [-0.65625, -0.24423, -2.20686],
							"size": [1.3125, 0.25, 0.25],
							"pivot": [0, -0.11923, -2.14436],
							"rotation": [-45, 0, 0],
							"uv": {
								"north": {"uv": [10, 7], "uv_size": [1.25, 0.25]},
								"east": {"uv": [14, 12], "uv_size": [0.25, 0.25]},
								"south": {"uv": [8, 10], "uv_size": [1.25, 0.25]},
								"west": {"uv": [13, 14], "uv_size": [0.25, 0.25]},
								"up": {"uv": [10, 8], "uv_size": [1.25, 0.25]},
								"down": {"uv": [10, 9.25], "uv_size": [1.25, -0.25]}
							}
						},
						{
							"origin": [-0.5, -0.65496, 1.77404],
							"size": [1, 0.4375, 0.61872],
							"inflate": -0.001,
							"pivot": [0.1875, -0.43621, 1.48651],
							"rotation": [-70, 0, 0],
							"uv": {
								"east": {"uv": [10, 12], "uv_size": [0.5, 0.5]},
								"west": {"uv": [12, 10], "uv_size": [0.5, 0.5]},
								"up": {"uv": [9, 4], "uv_size": [1, 0.5]}
							}
						},
						{
							"origin": [-0.5, -0.10186, 0.77666],
							"size": [1, 0.375, 0.875],
							"pivot": [0.23248, -0.85186, 0.63603],
							"rotation": [-25, 0, 0],
							"uv": {
								"east": {"uv": [9, 5], "uv_size": [1, 0.5]},
								"south": {"uv": [8, 9], "uv_size": [1, 0.5]},
								"west": {"uv": [9, 8], "uv_size": [1, 0.5]}
							}
						},
						{
							"origin": [-0.4375, -1.64274, 1.70052],
							"size": [0.875, 0.26517, 0.1875],
							"pivot": [-0.1875, -1.42399, 1.79427],
							"rotation": [-70, 0, 0],
							"uv": {
								"east": {"uv": [14, 13], "uv_size": [0.25, 0.25]},
								"south": {"uv": [11, 12], "uv_size": [1, 0.25]},
								"west": {"uv": [14, 14], "uv_size": [0.25, 0.25]}
							}
						},
						{
							"origin": [-0.625, -1.35322, 1.87599],
							"size": [1.25, 0.22097, 0.22097],
							"inflate": -0.001,
							"pivot": [0, -1.26261, 1.88135],
							"rotation": [-70, 0, 0],
							"uv": {
								"east": {"uv": [0, 15], "uv_size": [0.25, 0.25]},
								"south": {"uv": [10, 10], "uv_size": [1.25, 0.25]},
								"west": {"uv": [15, 0], "uv_size": [0.25, 0.25]},
								"up": {"uv": [0, 11], "uv_size": [1.25, 0.25]}
							}
						},
						{
							"origin": [-0.4375, -1.10186, -0.72334],
							"size": [0.875, 0.1875, 2.5625],
							"pivot": [0.23248, -0.85186, 0.63603],
							"rotation": [-25, 0, 0],
							"uv": {
								"down": {"uv": [2, 5.5], "uv_size": [1, -2.5]}
							}
						},
						{
							"origin": [0.20067, -1.17361, -0.72334],
							"size": [0.26517, 0.1875, 2.5625],
							"pivot": [0.23248, -0.85186, 0.63603],
							"rotation": [-18.2489, -17.38772, -42.18626],
							"uv": {
								"south": {"uv": [1, 15], "uv_size": [0.25, 0.25]},
								"down": {"uv": [5, 10.5], "uv_size": [0.25, -2.5]}
							}
						},
						{
							"origin": [-0.50823, -1.4375, -2.4069],
							"size": [0.26517, 1.125, 0.1875],
							"pivot": [-0.68057, -0.875, -2.31315],
							"rotation": [0, -45, 0],
							"uv": {
								"south": {"uv": [11, 0], "uv_size": [0.25, 1.25]},
								"down": {"uv": [15, 1.25], "uv_size": [0.25, -0.25]}
							}
						},
						{
							"origin": [-0.50823, -0.2806, -2.125],
							"size": [0.26517, 0.1875, 2.25],
							"pivot": [-0.68057, -0.18685, -1],
							"rotation": [0, 0, 45],
							"uv": {
								"down": {"uv": [7, 11.25], "uv_size": [0.25, -2.25]}
							}
						},
						{
							"origin": [-0.46584, -1.17361, -0.72334],
							"size": [0.26517, 0.1875, 2.5625],
							"pivot": [-0.23248, -0.85186, 0.63603],
							"rotation": [-18.2489, 17.38772, 42.18626],
							"uv": {
								"south": {"uv": [2, 15], "uv_size": [0.25, 0.25]},
								"down": {"uv": [6, 10.5], "uv_size": [0.25, -2.5]}
							}
						},
						{
							"origin": [-0.625, -1.4375, -2.4375],
							"size": [1.25, 1.0625, 0.3125],
							"uv": {
								"north": {"uv": [0, 6], "uv_size": [1.25, 1]},
								"east": {"uv": [12, 11], "uv_size": [0.25, 1]},
								"south": {"uv": [6, 0], "uv_size": [1.25, 1]},
								"west": {"uv": [12, 12], "uv_size": [0.25, 1]},
								"up": {"uv": [3, 11], "uv_size": [1.25, 0.25]},
								"down": {"uv": [11, 3.25], "uv_size": [1.25, -0.25]}
							}
						},
						{
							"origin": [-0.625, -1.49177, -2.88101],
							"size": [1.25, 0.13925, 0.13925],
							"inflate": -0.001,
							"pivot": [0, -0.92927, -2.72476],
							"rotation": [45, 0, 0],
							"uv": {
								"north": {"uv": [5, 11], "uv_size": [1.25, 0.25]},
								"east": {"uv": [15, 2], "uv_size": [0.25, 0.25]},
								"west": {"uv": [3, 15], "uv_size": [0.25, 0.25]},
								"up": {"uv": [8, 11], "uv_size": [1.25, 0.25]}
							}
						},
						{
							"origin": [-0.625, -1.24177, -2.88101],
							"size": [1.25, 0.13925, 0.13925],
							"inflate": -0.001,
							"pivot": [0, -0.67927, -2.72476],
							"rotation": [45, 0, 0],
							"uv": {
								"north": {"uv": [10, 11], "uv_size": [1.25, 0.25]},
								"east": {"uv": [15, 3], "uv_size": [0.25, 0.25]},
								"west": {"uv": [4, 15], "uv_size": [0.25, 0.25]},
								"up": {"uv": [0, 12], "uv_size": [1.25, 0.25]}
							}
						},
						{
							"origin": [-0.625, -0.99177, -2.88101],
							"size": [1.25, 0.13925, 0.13925],
							"inflate": -0.001,
							"pivot": [0, -0.42927, -2.72476],
							"rotation": [45, 0, 0],
							"uv": {
								"north": {"uv": [12, 0], "uv_size": [1.25, 0.25]},
								"east": {"uv": [15, 4], "uv_size": [0.25, 0.25]},
								"west": {"uv": [5, 15], "uv_size": [0.25, 0.25]},
								"up": {"uv": [12, 1], "uv_size": [1.25, 0.25]}
							}
						},
						{
							"origin": [-0.625, -0.74177, -2.88101],
							"size": [1.25, 0.13925, 0.13925],
							"inflate": -0.001,
							"pivot": [0, -0.17927, -2.72476],
							"rotation": [45, 0, 0],
							"uv": {
								"north": {"uv": [2, 12], "uv_size": [1.25, 0.25]},
								"east": {"uv": [15, 5], "uv_size": [0.25, 0.25]},
								"west": {"uv": [6, 15], "uv_size": [0.25, 0.25]},
								"up": {"uv": [12, 2], "uv_size": [1.25, 0.25]}
							}
						},
						{
							"origin": [-0.625, -0.49177, -2.88101],
							"size": [1.25, 0.13925, 0.13925],
							"inflate": -0.001,
							"pivot": [0, 0.07073, -2.72476],
							"rotation": [45, 0, 0],
							"uv": {
								"north": {"uv": [4, 12], "uv_size": [1.25, 0.25]},
								"east": {"uv": [15, 6], "uv_size": [0.25, 0.25]},
								"west": {"uv": [7, 15], "uv_size": [0.25, 0.25]},
								"up": {"uv": [12, 4], "uv_size": [1.25, 0.25]}
							}
						},
						{
							"origin": [-0.625, -0.92927, -2.11899],
							"size": [1.25, 0.8125, 0.4375],
							"inflate": -0.001,
							"pivot": [0, -0.36677, -1.83774],
							"rotation": [-45, 0, 0],
							"uv": {
								"east": {"uv": [9, 9], "uv_size": [0.5, 0.75]},
								"south": {"uv": [2, 6], "uv_size": [1.25, 0.75]},
								"west": {"uv": [0, 10], "uv_size": [0.5, 0.75]}
							}
						},
						{
							"origin": [-0.4375, -1.625, -2.4375],
							"size": [0.875, 0.1875, 0.3125],
							"uv": {
								"north": {"uv": [0, 13], "uv_size": [1, 0.25]},
								"south": {"uv": [1, 13], "uv_size": [1, 0.25]},
								"down": {"uv": [2, 13.25], "uv_size": [1, -0.25]}
							}
						},
						{
							"origin": [-0.4375, -1.54197, -2.23706],
							"size": [0.875, 0.1875, 0.26517],
							"pivot": [0, -1.44822, -2.08081],
							"rotation": [45, 0, 0],
							"uv": {
								"east": {"uv": [15, 7], "uv_size": [0.25, 0.25]},
								"west": {"uv": [8, 15], "uv_size": [0.25, 0.25]},
								"down": {"uv": [3, 13.25], "uv_size": [1, -0.25]}
							}
						},
						{
							"origin": [0.24307, -1.3431, -2.4375],
							"size": [0.26517, 0.1875, 0.3125],
							"inflate": -0.001,
							"pivot": [0.68057, -1.24935, -2.28125],
							"rotation": [0, 0, -45],
							"uv": {
								"north": {"uv": [15, 8], "uv_size": [0.25, 0.25]},
								"south": {"uv": [9, 15], "uv_size": [0.25, 0.25]},
								"down": {"uv": [15, 9.25], "uv_size": [0.25, -0.25]}
							}
						},
						{
							"origin": [-0.50823, -1.3431, -2.4375],
							"size": [0.26517, 0.1875, 0.3125],
							"inflate": -0.001,
							"pivot": [-0.68057, -1.24935, -2.28125],
							"rotation": [0, 0, 45],
							"uv": {
								"north": {"uv": [10, 15], "uv_size": [0.25, 0.25]},
								"south": {"uv": [15, 10], "uv_size": [0.25, 0.25]},
								"down": {"uv": [11, 15.25], "uv_size": [0.25, -0.25]}
							}
						},
						{
							"origin": [-0.4375, -1.4375, -2.125],
							"size": [0.875, 1.125, 0.1875],
							"uv": {
								"south": {"uv": [6, 1], "uv_size": [1, 1.25]},
								"down": {"uv": [13, 3.25], "uv_size": [1, -0.25]}
							}
						},
						{
							"origin": [0.24307, -1.4375, -2.4069],
							"size": [0.26517, 1.125, 0.1875],
							"pivot": [0.68057, -0.875, -2.31315],
							"rotation": [0, 45, 0],
							"uv": {
								"south": {"uv": [12, 5], "uv_size": [0.25, 1.25]},
								"down": {"uv": [15, 11.25], "uv_size": [0.25, -0.25]}
							}
						},
						{
							"origin": [-0.625, -0.125, 0.125],
							"size": [1.25, 0.375, 0.625],
							"uv": {
								"north": {"uv": [8, 6], "uv_size": [1.25, 0.5]},
								"east": {"uv": [1, 10], "uv_size": [0.75, 0.5]},
								"west": {"uv": [10, 1], "uv_size": [0.75, 0.5]},
								"up": {"uv": [6, 3], "uv_size": [1.25, 0.75]},
								"down": {"uv": [4, 6.75], "uv_size": [1.25, -0.75]}
							}
						},
						{
							"origin": [-0.625, -0.19949, 0.69082],
							"size": [1.25, 0.375, 0.625],
							"inflate": -0.001,
							"pivot": [0, -0.01199, 1.00332],
							"rotation": [-15, 0, 0],
							"uv": {
								"east": {"uv": [4, 13], "uv_size": [0.75, 0.25]},
								"west": {"uv": [5, 13], "uv_size": [0.75, 0.25]},
								"up": {"uv": [6, 6], "uv_size": [1.25, 0.75]},
								"down": {"uv": [0, 7.75], "uv_size": [1.25, -0.75]}
							}
						},
						{
							"origin": [-0.625, -0.27398, 1.25665],
							"size": [1.25, 0.375, 1.3125],
							"uv": {
								"east": {"uv": [7, 8], "uv_size": [1.25, 0.5]},
								"west": {"uv": [0, 9], "uv_size": [1.25, 0.5]},
								"up": {"uv": [4, 0], "uv_size": [1.25, 1.25]},
								"down": {"uv": [4, 3.25], "uv_size": [1.25, -1.25]}
							}
						},
						{
							"origin": [-0.625, 0.13514, 2.62878],
							"size": [1.25, 0.26517, 0.26517],
							"inflate": -0.001,
							"pivot": [0, 0.32264, 2.23769],
							"rotation": [-45, 0, 0],
							"uv": {
								"east": {"uv": [12, 15], "uv_size": [0.25, 0.25]},
								"south": {"uv": [6, 12], "uv_size": [1.25, 0.25]},
								"west": {"uv": [15, 12], "uv_size": [0.25, 0.25]},
								"up": {"uv": [12, 7], "uv_size": [1.25, 0.25]}
							}
						}
					]
				}
			]
		}
	]
}