{
	"format_version": "1.12.0",
	"minecraft:geometry": [
		{
			"description": {
				"identifier": "geometry.unknown",
				"texture_width": 32,
				"texture_height": 32,
				"visible_bounds_width": 14,
				"visible_bounds_height": 4,
				"visible_bounds_offset": [0, 1, 0]
			},
			"bones": [
				{
					"name": "scope_body",
					"pivot": [0, -3.85937, 0.5]
				},
				{
					"name": "bone21",
					"parent": "scope_body",
					"pivot": [1, 0.15625, 0.34375],
					"cubes": [
						{
							"origin": [0.96875, 0.35337, 0.10826],
							"size": [0.0625, 0.57452, 0.22097],
							"inflate": -0.001,
							"pivot": [1, 0.64063, 0.21875],
							"rotation": [45, 0, 0],
							"uv": {
								"west": {"uv": [10, 18], "uv_size": [0.25, 0.5]},
								"up": {"uv": [19, 20], "uv_size": [0.25, 0.25]},
								"down": {"uv": [20, 19.25], "uv_size": [0.25, -0.25]}
							}
						},
						{
							"origin": [0.96875, 0.35337, 0.10826],
							"size": [0.0625, 0.57452, 0.22097],
							"inflate": -0.001,
							"pivot": [1, 0.64063, 0.21875],
							"rotation": [-45, 0, 0],
							"uv": {
								"west": {"uv": [18, 10], "uv_size": [0.25, 0.5]},
								"up": {"uv": [20, 20], "uv_size": [0.25, 0.25]},
								"down": {"uv": [0, 21.25], "uv_size": [0.25, -0.25]}
							}
						},
						{
							"origin": [0.96875, 0.35938, 0.09375],
							"size": [0.0625, 0.5625, 0.25],
							"inflate": 0.001,
							"uv": {
								"west": {"uv": [11, 18], "uv_size": [0.25, 0.5]},
								"up": {"uv": [21, 0], "uv_size": [0.25, 0.25]},
								"down": {"uv": [1, 21.25], "uv_size": [0.25, -0.25]}
							}
						},
						{
							"origin": [0.96875, 0.45313, 0.125],
							"size": [0.0625, 0.5625, 0.25],
							"pivot": [1, 0.70313, 0.1875],
							"rotation": [-90, 0, 0],
							"uv": {
								"west": {"uv": [18, 11], "uv_size": [0.25, 0.5]},
								"up": {"uv": [21, 1], "uv_size": [0.25, 0.25]},
								"down": {"uv": [2, 21.25], "uv_size": [0.25, -0.25]}
							}
						},
						{
							"origin": [0.90625, -0.09375, 0.34375],
							"size": [0.125, 0.25, 0.25],
							"pivot": [1, 0.15625, 0.34375],
							"rotation": [-45, 0, 0],
							"uv": {
								"north": {"uv": [21, 2], "uv_size": [0.25, 0.25]},
								"east": {"uv": [3, 21], "uv_size": [0.25, 0.25]},
								"south": {"uv": [21, 3], "uv_size": [0.25, 0.25]},
								"west": {"uv": [4, 21], "uv_size": [0.25, 0.25]},
								"up": {"uv": [21, 4], "uv_size": [0.25, 0.25]},
								"down": {"uv": [5, 21.25], "uv_size": [0.25, -0.25]}
							}
						}
					]
				},
				{
					"name": "bone25",
					"parent": "scope_body",
					"pivot": [0, -0.23437, 0.5],
					"cubes": [
						{
							"origin": [-1, -0.10937, -2.5625],
							"size": [0.1875, 0.5, 3.3125],
							"uv": {
								"north": {"uv": [12, 18], "uv_size": [0.25, 0.5]},
								"east": {"uv": [0, 6], "uv_size": [3.25, 0.5]},
								"south": {"uv": [18, 12], "uv_size": [0.25, 0.5]},
								"west": {"uv": [5, 6], "uv_size": [3.25, 0.5]},
								"up": {"uv": [9, 3], "uv_size": [0.25, 3.25]}
							}
						},
						{
							"origin": [-1, -0.23437, -2.4375],
							"size": [0.1875, 0.125, 3.0625],
							"uv": {
								"east": {"uv": [9, 8], "uv_size": [3, 0.25]},
								"west": {"uv": [0, 10], "uv_size": [3, 0.25]},
								"down": {"uv": [10, 3], "uv_size": [0.25, -3]}
							}
						},
						{
							"origin": [-1.03125, -0.09375, 0.34375],
							"size": [0.125, 0.25, 0.25],
							"pivot": [-1, 0.15625, 0.34375],
							"rotation": [-45, 0, 0],
							"uv": {
								"north": {"uv": [21, 5], "uv_size": [0.25, 0.25]},
								"east": {"uv": [6, 21], "uv_size": [0.25, 0.25]},
								"south": {"uv": [21, 6], "uv_size": [0.25, 0.25]},
								"west": {"uv": [7, 21], "uv_size": [0.25, 0.25]},
								"up": {"uv": [21, 7], "uv_size": [0.25, 0.25]},
								"down": {"uv": [8, 21.25], "uv_size": [0.25, -0.25]}
							}
						},
						{
							"origin": [-1, -0.65802, -2.73798],
							"size": [0.1875, 0.125, 0.17678],
							"inflate": -0.001,
							"pivot": [-0.90625, -0.59552, -1.98798],
							"rotation": [-45, 0, 0],
							"uv": {
								"east": {"uv": [21, 8], "uv_size": [0.25, 0.25]},
								"west": {"uv": [9, 21], "uv_size": [0.25, 0.25]},
								"down": {"uv": [21, 9.25], "uv_size": [0.25, -0.25]}
							}
						},
						{
							"origin": [-1, -0.19018, 0.55492],
							"size": [0.1875, 0.125, 0.17678],
							"inflate": -0.001,
							"pivot": [-0.90625, -0.12768, 0.64331],
							"rotation": [45, 0, 0],
							"uv": {
								"east": {"uv": [10, 21], "uv_size": [0.25, 0.25]},
								"west": {"uv": [21, 10], "uv_size": [0.25, 0.25]},
								"down": {"uv": [11, 21.25], "uv_size": [0.25, -0.25]}
							}
						},
						{
							"origin": [-1, 0.39063, 0.1875],
							"size": [0.1875, 0.25, 0.5625],
							"uv": {
								"north": {"uv": [21, 11], "uv_size": [0.25, 0.25]},
								"east": {"uv": [13, 18], "uv_size": [0.5, 0.25]},
								"south": {"uv": [12, 21], "uv_size": [0.25, 0.25]},
								"west": {"uv": [18, 13], "uv_size": [0.5, 0.25]}
							}
						},
						{
							"origin": [-1, 0.39063, -2.5625],
							"size": [0.1875, 0.25, 1.875],
							"uv": {
								"north": {"uv": [21, 12], "uv_size": [0.25, 0.25]},
								"east": {"uv": [11, 9], "uv_size": [2, 0.25]},
								"south": {"uv": [13, 21], "uv_size": [0.25, 0.25]},
								"west": {"uv": [10, 11], "uv_size": [2, 0.25]}
							}
						},
						{
							"origin": [-1, -0.36068, -0.57452],
							"size": [0.1875, 0.375, 0.25],
							"inflate": -0.001,
							"pivot": [-0.90625, -0.11068, -1.26202],
							"rotation": [45, 0, 0],
							"uv": {
								"east": {"uv": [14, 18], "uv_size": [0.25, 0.5]},
								"south": {"uv": [18, 14], "uv_size": [0.25, 0.5]},
								"west": {"uv": [15, 18], "uv_size": [0.25, 0.5]}
							}
						},
						{
							"origin": [-1, -0.23568, 1.44952],
							"size": [0.1875, 0.375, 0.25],
							"inflate": -0.001,
							"pivot": [-0.90625, -0.11068, 0.76202],
							"rotation": [135, 0, 0],
							"uv": {
								"east": {"uv": [18, 15], "uv_size": [0.25, 0.5]},
								"south": {"uv": [16, 18], "uv_size": [0.25, 0.5]},
								"west": {"uv": [18, 16], "uv_size": [0.25, 0.5]}
							}
						},
						{
							"origin": [-1, 2.35754, -0.57989],
							"size": [0.1875, 0.375, 0.25],
							"inflate": -0.001,
							"pivot": [-0.90625, 1.76693, -0.42678],
							"rotation": [-135, 0, 0],
							"uv": {
								"east": {"uv": [17, 18], "uv_size": [0.25, 0.5]},
								"south": {"uv": [18, 17], "uv_size": [0.25, 0.5]},
								"west": {"uv": [18, 18], "uv_size": [0.25, 0.5]}
							}
						},
						{
							"origin": [-1, 0.80132, -0.22633],
							"size": [0.1875, 0.375, 0.25],
							"inflate": -0.001,
							"pivot": [-0.90625, 1.76693, -0.07322],
							"rotation": [-45, 0, 0],
							"uv": {
								"east": {"uv": [0, 19], "uv_size": [0.25, 0.5]},
								"south": {"uv": [19, 0], "uv_size": [0.25, 0.5]},
								"west": {"uv": [1, 19], "uv_size": [0.25, 0.5]}
							}
						},
						{
							"origin": [-1, 0.64063, 0.1875],
							"size": [0.1875, 1.0625, 0.1875],
							"uv": {
								"north": {"uv": [15, 12], "uv_size": [0.25, 1]},
								"east": {"uv": [3, 16], "uv_size": [0.25, 1]},
								"south": {"uv": [16, 3], "uv_size": [0.25, 1]},
								"west": {"uv": [16, 4], "uv_size": [0.25, 1]},
								"up": {"uv": [21, 13], "uv_size": [0.25, 0.25]},
								"down": {"uv": [14, 21.25], "uv_size": [0.25, -0.25]}
							}
						},
						{
							"origin": [-1, 0.64063, -1.4375],
							"size": [0.1875, 1.0625, 0.75],
							"uv": {
								"north": {"uv": [16, 5], "uv_size": [0.25, 1]},
								"east": {"uv": [10, 3], "uv_size": [0.75, 1]},
								"south": {"uv": [6, 16], "uv_size": [0.25, 1]},
								"west": {"uv": [10, 4], "uv_size": [0.75, 1]},
								"up": {"uv": [15, 17], "uv_size": [0.25, 0.75]},
								"down": {"uv": [17, 15.75], "uv_size": [0.25, -0.75]}
							}
						},
						{
							"origin": [-0.9375, 0.57813, -0.5],
							"size": [0.125, 0.5, 0.5],
							"pivot": [-0.90625, 0.82813, -0.25],
							"rotation": [45, 0, 0],
							"uv": {
								"north": {"uv": [19, 1], "uv_size": [0.25, 0.5]},
								"east": {"uv": [16, 6], "uv_size": [0.5, 0.5]},
								"south": {"uv": [2, 19], "uv_size": [0.25, 0.5]},
								"west": {"uv": [7, 16], "uv_size": [0.5, 0.5]},
								"up": {"uv": [19, 2], "uv_size": [0.25, 0.5]},
								"down": {"uv": [3, 19.5], "uv_size": [0.25, -0.5]}
							}
						},
						{
							"origin": [-1, 1.26563, -0.6875],
							"size": [0.1875, 0.4375, 0.875],
							"uv": {
								"north": {"uv": [19, 3], "uv_size": [0.25, 0.5]},
								"east": {"uv": [11, 10], "uv_size": [1, 0.5]},
								"south": {"uv": [4, 19], "uv_size": [0.25, 0.5]},
								"west": {"uv": [0, 12], "uv_size": [1, 0.5]},
								"up": {"uv": [8, 16], "uv_size": [0.25, 1]},
								"down": {"uv": [9, 17], "uv_size": [0.25, -1]}
							}
						},
						{
							"origin": [-1, -0.24338, -2.47926],
							"size": [0.1875, 1.5625, 0.3125],
							"inflate": 0.001,
							"pivot": [-0.90625, 0.28787, -1.57301],
							"rotation": [-50, 0, 0],
							"uv": {
								"north": {"uv": [14, 2], "uv_size": [0.25, 1.5]},
								"east": {"uv": [3, 14], "uv_size": [0.25, 1.5]},
								"south": {"uv": [14, 4], "uv_size": [0.25, 1.5]},
								"west": {"uv": [6, 14], "uv_size": [0.25, 1.5]},
								"up": {"uv": [21, 14], "uv_size": [0.25, 0.25]},
								"down": {"uv": [15, 21.25], "uv_size": [0.25, -0.25]}
							}
						},
						{
							"origin": [-1, 0.13162, -2.16676],
							"size": [0.1875, 0.875, 0.3125],
							"inflate": 0.001,
							"pivot": [-0.90625, 0.28787, -1.57301],
							"rotation": [-50, 0, 0],
							"uv": {
								"north": {"uv": [10, 16], "uv_size": [0.25, 1]},
								"east": {"uv": [16, 10], "uv_size": [0.25, 1]},
								"south": {"uv": [11, 16], "uv_size": [0.25, 1]},
								"west": {"uv": [12, 16], "uv_size": [0.25, 1]},
								"up": {"uv": [21, 15], "uv_size": [0.25, 0.25]},
								"down": {"uv": [16, 21.25], "uv_size": [0.25, -0.25]}
							}
						},
						{
							"origin": [-1, 0.38162, -1.85426],
							"size": [0.1875, 0.4375, 0.1875],
							"inflate": 0.001,
							"pivot": [-0.90625, 0.28787, -1.57301],
							"rotation": [-50, 0, 0],
							"uv": {
								"north": {"uv": [19, 4], "uv_size": [0.25, 0.5]},
								"east": {"uv": [5, 19], "uv_size": [0.25, 0.5]},
								"south": {"uv": [19, 5], "uv_size": [0.25, 0.5]},
								"west": {"uv": [6, 19], "uv_size": [0.25, 0.5]},
								"up": {"uv": [21, 16], "uv_size": [0.25, 0.25]},
								"down": {"uv": [17, 21.25], "uv_size": [0.25, -0.25]}
							}
						},
						{
							"origin": [-0.97596, 1.69116, -1.4375],
							"size": [0.1875, 0.1875, 1.8125],
							"pivot": [-0.85096, 1.97241, -0.53125],
							"rotation": [0, 0, 5],
							"uv": {
								"north": {"uv": [21, 17], "uv_size": [0.25, 0.25]},
								"east": {"uv": [10, 12], "uv_size": [1.75, 0.25]},
								"south": {"uv": [18, 21], "uv_size": [0.25, 0.25]},
								"west": {"uv": [12, 10], "uv_size": [1.75, 0.25]}
							}
						},
						{
							"origin": [-1.03409, 1.21566, 0.44914],
							"size": [0.1875, 0.1875, 0.125],
							"inflate": -0.001,
							"pivot": [-0.94034, 1.30941, -0.33211],
							"rotation": [45, 0, 5],
							"uv": {
								"east": {"uv": [21, 18], "uv_size": [0.25, 0.25]},
								"south": {"uv": [19, 21], "uv_size": [0.25, 0.25]},
								"west": {"uv": [21, 19], "uv_size": [0.25, 0.25]}
							}
						},
						{
							"origin": [-0.89036, 2.85843, 0.44914],
							"size": [0.1875, 0.1875, 0.125],
							"inflate": -0.001,
							"pivot": [-0.79661, 2.95218, -0.33211],
							"rotation": [-45, 0, 5],
							"uv": {
								"east": {"uv": [20, 21], "uv_size": [0.25, 0.25]},
								"south": {"uv": [21, 20], "uv_size": [0.25, 0.25]},
								"west": {"uv": [21, 21], "uv_size": [0.25, 0.25]}
							}
						},
						{
							"origin": [-0.97596, 1.87866, -1.3125],
							"size": [0.1875, 0.5, 1.5625],
							"pivot": [-0.85096, 1.97241, -0.53125],
							"rotation": [0, 0, 5],
							"uv": {
								"north": {"uv": [19, 6], "uv_size": [0.25, 0.5]},
								"east": {"uv": [10, 5], "uv_size": [1.5, 0.5]},
								"south": {"uv": [7, 19], "uv_size": [0.25, 0.5]},
								"west": {"uv": [10, 6], "uv_size": [1.5, 0.5]}
							}
						},
						{
							"origin": [-0.97562, 1.72772, -1.40369],
							"size": [0.1875, 0.65271, 0.25],
							"inflate": 0.001,
							"pivot": [-0.88187, 1.97772, -0.6229],
							"rotation": [-11, 0, 5],
							"uv": {
								"north": {"uv": [16, 17], "uv_size": [0.25, 0.75]},
								"east": {"uv": [17, 16], "uv_size": [0.25, 0.75]},
								"west": {"uv": [17, 17], "uv_size": [0.25, 0.75]}
							}
						},
						{
							"origin": [-0.97596, 2.37866, -1.3125],
							"size": [0.1875, 0.14063, 1.6875],
							"pivot": [-0.85096, 1.97241, -0.53125],
							"rotation": [0, 0, 5],
							"uv": {
								"north": {"uv": [0, 22], "uv_size": [0.25, 0.25]},
								"east": {"uv": [12, 11], "uv_size": [1.75, 0.25]},
								"south": {"uv": [22, 0], "uv_size": [0.25, 0.25]},
								"west": {"uv": [12, 12], "uv_size": [1.75, 0.25]}
							}
						},
						{
							"origin": [-0.91344, 2.43395, -1.3125],
							"size": [0.1875, 0.25, 1.6875],
							"inflate": -0.001,
							"pivot": [-0.81969, 2.49645, -0.59375],
							"rotation": [0, 0, 50],
							"uv": {
								"north": {"uv": [1, 22], "uv_size": [0.25, 0.25]},
								"east": {"uv": [0, 13], "uv_size": [1.75, 0.25]},
								"south": {"uv": [22, 1], "uv_size": [0.25, 0.25]},
								"west": {"uv": [2, 13], "uv_size": [1.75, 0.25]}
							}
						},
						{
							"origin": [-0.70506, 2.47005, -1.3125],
							"size": [0.1875, 1.47263, 1.6875],
							"pivot": [-0.61131, 2.59505, -0.59375],
							"rotation": [0, 0, 90],
							"uv": {
								"north": {"uv": [7, 14], "uv_size": [0.25, 1.5]},
								"east": {"uv": [5, 0], "uv_size": [1.75, 1.5]},
								"south": {"uv": [8, 14], "uv_size": [0.25, 1.5]},
								"west": {"uv": [5, 2], "uv_size": [1.75, 1.5]},
								"up": {"uv": [13, 3], "uv_size": [0.25, 1.75]},
								"down": {"uv": [4, 14.75], "uv_size": [0.25, -1.75]}
							}
						},
						{
							"origin": [-1, 0.48062, 0.23354],
							"size": [0.1875, 0.8125, 0.4375],
							"inflate": 0.001,
							"pivot": [-0.875, 1.01187, -0.20396],
							"rotation": [10, 0, 0],
							"uv": {
								"east": {"uv": [14, 6], "uv_size": [0.5, 0.75]},
								"south": {"uv": [0, 18], "uv_size": [0.25, 0.75]},
								"west": {"uv": [9, 14], "uv_size": [0.5, 0.75]}
							}
						},
						{
							"origin": [-1, 1.19196, 0.14413],
							"size": [0.1875, 0.35148, 0.25],
							"inflate": -0.001,
							"pivot": [-0.875, 1.59821, 0.1752],
							"rotation": [41.75, 0, 0],
							"uv": {
								"east": {"uv": [2, 22], "uv_size": [0.25, 0.25]},
								"south": {"uv": [22, 2], "uv_size": [0.25, 0.25]},
								"west": {"uv": [3, 22], "uv_size": [0.25, 0.25]}
							}
						},
						{
							"origin": [0.8125, -0.10937, -1],
							"size": [0.1875, 0.4375, 1.75],
							"uv": {
								"north": {"uv": [19, 7], "uv_size": [0.25, 0.5]},
								"east": {"uv": [8, 2], "uv_size": [1.75, 0.5]},
								"south": {"uv": [8, 19], "uv_size": [0.25, 0.5]},
								"west": {"uv": [7, 8], "uv_size": [1.75, 0.5]}
							}
						},
						{
							"origin": [0.8125, -0.23437, -0.875],
							"size": [0.1875, 0.125, 1.5],
							"uv": {
								"east": {"uv": [10, 14], "uv_size": [1.5, 0.25]},
								"west": {"uv": [14, 10], "uv_size": [1.5, 0.25]},
								"down": {"uv": [14, 12.5], "uv_size": [0.25, -1.5]}
							}
						},
						{
							"origin": [0.8125, -0.65802, -1.17548],
							"size": [0.1875, 0.125, 0.17678],
							"inflate": -0.001,
							"pivot": [0.90625, -0.59552, -0.42548],
							"rotation": [-45, 0, 0],
							"uv": {
								"east": {"uv": [22, 3], "uv_size": [0.25, 0.25]},
								"west": {"uv": [4, 22], "uv_size": [0.25, 0.25]},
								"down": {"uv": [22, 4.25], "uv_size": [0.25, -0.25]}
							}
						},
						{
							"origin": [0.8125, -0.19018, 0.55492],
							"size": [0.1875, 0.125, 0.17678],
							"inflate": -0.001,
							"pivot": [0.90625, -0.12768, 0.64331],
							"rotation": [45, 0, 0],
							"uv": {
								"east": {"uv": [5, 22], "uv_size": [0.25, 0.25]},
								"west": {"uv": [22, 5], "uv_size": [0.25, 0.25]},
								"down": {"uv": [6, 22.25], "uv_size": [0.25, -0.25]}
							}
						},
						{
							"origin": [0.8125, 0.32813, -2.5625],
							"size": [0.1875, 0.3125, 3.3125],
							"uv": {
								"north": {"uv": [22, 6], "uv_size": [0.25, 0.25]},
								"east": {"uv": [8, 7], "uv_size": [3.25, 0.25]},
								"south": {"uv": [7, 22], "uv_size": [0.25, 0.25]},
								"west": {"uv": [7, 9], "uv_size": [3.25, 0.25]}
							}
						},
						{
							"origin": [0.8125, 0.20313, -2.5625],
							"size": [0.0625, 0.125, 1.5625],
							"uv": {
								"north": {"uv": [22, 7], "uv_size": [0.25, 0.25]},
								"east": {"uv": [14, 13], "uv_size": [1.5, 0.25]},
								"south": {"uv": [8, 22], "uv_size": [0.25, 0.25]},
								"down": {"uv": [14, 15.5], "uv_size": [0.25, -1.5]}
							}
						},
						{
							"origin": [0.80335, 0.20692, -2.5625],
							"size": [0.125, 0.17678, 1.5625],
							"pivot": [0.8971, 0.26942, -0.90625],
							"rotation": [0, 0, 45],
							"uv": {
								"north": {"uv": [22, 8], "uv_size": [0.25, 0.25]},
								"south": {"uv": [9, 22], "uv_size": [0.25, 0.25]},
								"west": {"uv": [15, 0], "uv_size": [1.5, 0.25]}
							}
						},
						{
							"origin": [0.8125, 0.64063, -1.4375],
							"size": [0.1875, 1.0625, 1.8125],
							"uv": {
								"north": {"uv": [16, 12], "uv_size": [0.25, 1]},
								"east": {"uv": [5, 4], "uv_size": [1.75, 1]},
								"south": {"uv": [16, 13], "uv_size": [0.25, 1]},
								"west": {"uv": [5, 5], "uv_size": [1.75, 1]},
								"up": {"uv": [5, 13], "uv_size": [0.25, 1.75]},
								"down": {"uv": [13, 6.75], "uv_size": [0.25, -1.75]}
							}
						},
						{
							"origin": [0.8125, -0.24338, -2.47926],
							"size": [0.1875, 1.5625, 0.3125],
							"inflate": 0.001,
							"pivot": [0.90625, 0.28787, -1.57301],
							"rotation": [-50, 0, 0],
							"uv": {
								"north": {"uv": [15, 1], "uv_size": [0.25, 1.5]},
								"east": {"uv": [15, 3], "uv_size": [0.25, 1.5]},
								"south": {"uv": [4, 15], "uv_size": [0.25, 1.5]},
								"west": {"uv": [5, 15], "uv_size": [0.25, 1.5]},
								"up": {"uv": [22, 9], "uv_size": [0.25, 0.25]},
								"down": {"uv": [10, 22.25], "uv_size": [0.25, -0.25]}
							}
						},
						{
							"origin": [0.8125, 0.13162, -2.16676],
							"size": [0.1875, 0.875, 0.3125],
							"inflate": 0.001,
							"pivot": [0.90625, 0.28787, -1.57301],
							"rotation": [-50, 0, 0],
							"uv": {
								"north": {"uv": [14, 16], "uv_size": [0.25, 1]},
								"east": {"uv": [16, 14], "uv_size": [0.25, 1]},
								"south": {"uv": [15, 16], "uv_size": [0.25, 1]},
								"west": {"uv": [16, 15], "uv_size": [0.25, 1]},
								"up": {"uv": [22, 10], "uv_size": [0.25, 0.25]},
								"down": {"uv": [11, 22.25], "uv_size": [0.25, -0.25]}
							}
						},
						{
							"origin": [0.8125, 0.38162, -1.85426],
							"size": [0.1875, 0.4375, 0.1875],
							"inflate": 0.001,
							"pivot": [0.90625, 0.28787, -1.57301],
							"rotation": [-50, 0, 0],
							"uv": {
								"north": {"uv": [19, 8], "uv_size": [0.25, 0.5]},
								"east": {"uv": [9, 19], "uv_size": [0.25, 0.5]},
								"south": {"uv": [19, 9], "uv_size": [0.25, 0.5]},
								"west": {"uv": [10, 19], "uv_size": [0.25, 0.5]},
								"up": {"uv": [22, 11], "uv_size": [0.25, 0.25]},
								"down": {"uv": [12, 22.25], "uv_size": [0.25, -0.25]}
							}
						},
						{
							"origin": [0.78846, 1.69116, -1.4375],
							"size": [0.1875, 0.1875, 1.8125],
							"pivot": [0.85096, 1.97241, -0.53125],
							"rotation": [0, 0, -5],
							"uv": {
								"north": {"uv": [22, 12], "uv_size": [0.25, 0.25]},
								"east": {"uv": [6, 13], "uv_size": [1.75, 0.25]},
								"south": {"uv": [13, 22], "uv_size": [0.25, 0.25]},
								"west": {"uv": [13, 7], "uv_size": [1.75, 0.25]}
							}
						},
						{
							"origin": [0.84659, 1.21566, 0.44914],
							"size": [0.1875, 0.1875, 0.125],
							"inflate": -0.001,
							"pivot": [0.94034, 1.30941, -0.33211],
							"rotation": [45, 0, -5],
							"uv": {
								"east": {"uv": [22, 13], "uv_size": [0.25, 0.25]},
								"south": {"uv": [14, 22], "uv_size": [0.25, 0.25]},
								"west": {"uv": [22, 14], "uv_size": [0.25, 0.25]}
							}
						},
						{
							"origin": [0.70286, 2.85843, 0.44914],
							"size": [0.1875, 0.1875, 0.125],
							"inflate": -0.001,
							"pivot": [0.79661, 2.95218, -0.33211],
							"rotation": [-45, 0, -5],
							"uv": {
								"east": {"uv": [15, 22], "uv_size": [0.25, 0.25]},
								"south": {"uv": [22, 15], "uv_size": [0.25, 0.25]},
								"west": {"uv": [16, 22], "uv_size": [0.25, 0.25]}
							}
						},
						{
							"origin": [0.78846, 1.87866, -1.3125],
							"size": [0.1875, 0.5, 1.5625],
							"pivot": [0.85096, 1.97241, -0.53125],
							"rotation": [0, 0, -5],
							"uv": {
								"north": {"uv": [19, 10], "uv_size": [0.25, 0.5]},
								"east": {"uv": [7, 10], "uv_size": [1.5, 0.5]},
								"south": {"uv": [11, 19], "uv_size": [0.25, 0.5]},
								"west": {"uv": [9, 10], "uv_size": [1.5, 0.5]}
							}
						},
						{
							"origin": [0.78812, 1.72772, -1.40369],
							"size": [0.1875, 0.65271, 0.25],
							"inflate": 0.001,
							"pivot": [0.88187, 1.97772, -0.6229],
							"rotation": [-11, 0, -5],
							"uv": {
								"north": {"uv": [18, 0], "uv_size": [0.25, 0.75]},
								"east": {"uv": [1, 18], "uv_size": [0.25, 0.75]},
								"west": {"uv": [18, 1], "uv_size": [0.25, 0.75]}
							}
						},
						{
							"origin": [0.78812, 1.72772, -1.40369],
							"size": [0.1875, 0.65271, 0.1875],
							"pivot": [0.88187, 1.97772, -0.6229],
							"rotation": [-11, 0, -5],
							"uv": {
								"north": {"uv": [2, 18], "uv_size": [0.25, 0.75]},
								"east": {"uv": [18, 2], "uv_size": [0.25, 0.75]},
								"west": {"uv": [3, 18], "uv_size": [0.25, 0.75]}
							}
						},
						{
							"origin": [0.78846, 2.37866, -1.3125],
							"size": [0.1875, 0.14063, 1.6875],
							"pivot": [0.85096, 1.97241, -0.53125],
							"rotation": [0, 0, -5],
							"uv": {
								"north": {"uv": [22, 16], "uv_size": [0.25, 0.25]},
								"east": {"uv": [8, 13], "uv_size": [1.75, 0.25]},
								"south": {"uv": [17, 22], "uv_size": [0.25, 0.25]},
								"west": {"uv": [13, 8], "uv_size": [1.75, 0.25]}
							}
						},
						{
							"origin": [0.72594, 2.43395, -1.3125],
							"size": [0.1875, 0.25, 1.6875],
							"inflate": -0.001,
							"pivot": [0.81969, 2.49645, -0.59375],
							"rotation": [0, 0, -50],
							"uv": {
								"north": {"uv": [22, 17], "uv_size": [0.25, 0.25]},
								"east": {"uv": [13, 9], "uv_size": [1.75, 0.25]},
								"south": {"uv": [18, 22], "uv_size": [0.25, 0.25]},
								"west": {"uv": [10, 13], "uv_size": [1.75, 0.25]}
							}
						},
						{
							"origin": [0.8125, 0.48062, 0.23354],
							"size": [0.1875, 0.8125, 0.4375],
							"inflate": 0.001,
							"pivot": [0.875, 1.01187, -0.20396],
							"rotation": [10, 0, 0],
							"uv": {
								"east": {"uv": [15, 5], "uv_size": [0.5, 0.75]},
								"south": {"uv": [18, 3], "uv_size": [0.25, 0.75]},
								"west": {"uv": [15, 6], "uv_size": [0.5, 0.75]}
							}
						},
						{
							"origin": [0.8125, 1.19196, 0.01913],
							"size": [0.1875, 0.35148, 0.375],
							"inflate": -0.001,
							"pivot": [0.875, 1.59821, 0.1752],
							"rotation": [41.75, 0, 0],
							"uv": {
								"east": {"uv": [19, 11], "uv_size": [0.5, 0.25]},
								"south": {"uv": [22, 18], "uv_size": [0.25, 0.25]},
								"west": {"uv": [12, 19], "uv_size": [0.5, 0.25]}
							}
						}
					]
				},
				{
					"name": "bone26",
					"parent": "scope_body",
					"pivot": [0, -3.85937, 0.5]
				},
				{
					"name": "bone27",
					"parent": "bone26",
					"pivot": [0, -0.85937, -1.75],
					"cubes": [
						{
							"origin": [0.875, -0.28125, -2.6875],
							"size": [0.25, 0.42188, 1],
							"uv": {
								"north": {"uv": [19, 12], "uv_size": [0.25, 0.5]},
								"east": {"uv": [1, 12], "uv_size": [1, 0.5]},
								"south": {"uv": [13, 19], "uv_size": [0.25, 0.5]},
								"west": {"uv": [2, 12], "uv_size": [1, 0.5]},
								"up": {"uv": [16, 16], "uv_size": [0.25, 1]},
								"down": {"uv": [17, 1], "uv_size": [0.25, -1]}
							}
						},
						{
							"origin": [1.25, -0.28125, -1.5],
							"size": [0.1875, 0.10938, 0.25],
							"uv": {
								"west": {"uv": [19, 22], "uv_size": [0.25, 0.25]},
								"up": {"uv": [22, 19], "uv_size": [0.25, 0.25]},
								"down": {"uv": [20, 22.25], "uv_size": [0.25, -0.25]}
							}
						},
						{
							"origin": [1, -0.28125, -1.6875],
							"size": [0.25, 0.10938, 0.625],
							"uv": {
								"north": {"uv": [22, 20], "uv_size": [0.25, 0.25]},
								"south": {"uv": [21, 22], "uv_size": [0.25, 0.25]},
								"up": {"uv": [4, 18], "uv_size": [0.25, 0.75]},
								"down": {"uv": [18, 4.75], "uv_size": [0.25, -0.75]}
							}
						},
						{
							"origin": [0.875, -0.28125, -1.6875],
							"size": [0.125, 0.42188, 0.5],
							"uv": {
								"east": {"uv": [17, 1], "uv_size": [0.5, 0.5]},
								"south": {"uv": [19, 13], "uv_size": [0.25, 0.5]},
								"west": {"uv": [17, 2], "uv_size": [0.5, 0.5]},
								"up": {"uv": [14, 19], "uv_size": [0.25, 0.5]},
								"down": {"uv": [19, 14.5], "uv_size": [0.25, -0.5]}
							}
						},
						{
							"origin": [0.80492, -0.28125, -1.21025],
							"size": [0.125, 0.42188, 0.17678],
							"inflate": 0.001,
							"pivot": [0.86742, -0.07032, -1.28347],
							"rotation": [0, 45, 0],
							"uv": {
								"east": {"uv": [15, 19], "uv_size": [0.25, 0.5]},
								"south": {"uv": [19, 15], "uv_size": [0.25, 0.5]},
								"west": {"uv": [16, 19], "uv_size": [0.25, 0.5]},
								"up": {"uv": [22, 21], "uv_size": [0.25, 0.25]},
								"down": {"uv": [22, 22.25], "uv_size": [0.25, -0.25]}
							}
						},
						{
							"origin": [1.31028, -0.28125, -1.31786],
							"size": [0.1875, 0.10938, 0.26517],
							"inflate": -0.001,
							"pivot": [1.38572, -0.07032, -1.35669],
							"rotation": [0, -45, 0],
							"uv": {
								"west": {"uv": [0, 23], "uv_size": [0.25, 0.25]},
								"up": {"uv": [23, 0], "uv_size": [0.25, 0.25]},
								"down": {"uv": [1, 23.25], "uv_size": [0.25, -0.25]}
							}
						},
						{
							"origin": [1.18371, 0.03125, -1.66004],
							"size": [0.1875, 0.10938, 0.26517],
							"inflate": -0.001,
							"pivot": [1.27746, -0.07032, -1.52746],
							"rotation": [0, 45, 0],
							"uv": {
								"west": {"uv": [23, 1], "uv_size": [0.25, 0.25]},
								"up": {"uv": [2, 23], "uv_size": [0.25, 0.25]},
								"down": {"uv": [23, 2.25], "uv_size": [0.25, -0.25]}
							}
						},
						{
							"origin": [1.25, 0.03125, -1.5],
							"size": [0.1875, 0.10938, 0.25],
							"uv": {
								"west": {"uv": [3, 23], "uv_size": [0.25, 0.25]},
								"up": {"uv": [23, 3], "uv_size": [0.25, 0.25]},
								"down": {"uv": [4, 23.25], "uv_size": [0.25, -0.25]}
							}
						},
						{
							"origin": [1, 0.03125, -1.6875],
							"size": [0.25, 0.10938, 0.625],
							"uv": {
								"north": {"uv": [23, 4], "uv_size": [0.25, 0.25]},
								"south": {"uv": [5, 23], "uv_size": [0.25, 0.25]},
								"up": {"uv": [5, 18], "uv_size": [0.25, 0.75]},
								"down": {"uv": [18, 5.75], "uv_size": [0.25, -0.75]}
							}
						},
						{
							"origin": [1.0625, -0.34375, -1.5],
							"size": [0.25, 0.54688, 0.25],
							"pivot": [1.1875, -0.07032, -1.375],
							"rotation": [0, 45, 0],
							"uv": {
								"north": {"uv": [19, 16], "uv_size": [0.25, 0.5]},
								"east": {"uv": [17, 19], "uv_size": [0.25, 0.5]},
								"south": {"uv": [19, 17], "uv_size": [0.25, 0.5]},
								"west": {"uv": [18, 19], "uv_size": [0.25, 0.5]},
								"up": {"uv": [23, 5], "uv_size": [0.25, 0.25]},
								"down": {"uv": [6, 23.25], "uv_size": [0.25, -0.25]}
							}
						},
						{
							"origin": [1.31028, 0.03125, -1.31786],
							"size": [0.1875, 0.10938, 0.26517],
							"inflate": -0.001,
							"pivot": [1.38572, -0.07032, -1.35669],
							"rotation": [0, -45, 0],
							"uv": {
								"west": {"uv": [23, 6], "uv_size": [0.25, 0.25]},
								"up": {"uv": [7, 23], "uv_size": [0.25, 0.25]},
								"down": {"uv": [23, 7.25], "uv_size": [0.25, -0.25]}
							}
						},
						{
							"origin": [1.18371, -0.28125, -1.66004],
							"size": [0.1875, 0.10938, 0.26517],
							"inflate": -0.001,
							"pivot": [1.27746, -0.07032, -1.52746],
							"rotation": [0, 45, 0],
							"uv": {
								"west": {"uv": [8, 23], "uv_size": [0.25, 0.25]},
								"up": {"uv": [23, 8], "uv_size": [0.25, 0.25]},
								"down": {"uv": [9, 23.25], "uv_size": [0.25, -0.25]}
							}
						},
						{
							"origin": [0.40621, -0.28125, -2.756],
							"size": [0.25, 0.42188, 0.3125],
							"inflate": 0.001,
							"pivot": [0.53121, -0.03907, -3.256],
							"rotation": [0, 37.5, 0],
							"uv": {
								"east": {"uv": [19, 18], "uv_size": [0.25, 0.5]},
								"west": {"uv": [19, 19], "uv_size": [0.25, 0.5]},
								"up": {"uv": [23, 9], "uv_size": [0.25, 0.25]},
								"down": {"uv": [10, 23.25], "uv_size": [0.25, -0.25]}
							}
						},
						{
							"origin": [0.73866, -0.28125, -2.95308],
							"size": [0.17678, 0.42188, 0.17678],
							"pivot": [0.79044, -0.03907, -2.79683],
							"rotation": [0, -7.5, 0],
							"uv": {
								"north": {"uv": [0, 20], "uv_size": [0.25, 0.5]},
								"east": {"uv": [20, 0], "uv_size": [0.25, 0.5]},
								"up": {"uv": [23, 10], "uv_size": [0.25, 0.25]},
								"down": {"uv": [11, 23.25], "uv_size": [0.25, -0.25]}
							}
						}
					]
				},
				{
					"name": "bone28",
					"parent": "bone26",
					"pivot": [0, -0.85937, -1.75],
					"cubes": [
						{
							"origin": [-1.3125, 0.49509, -3.50444],
							"size": [0.5625, 0.35355, 0.88388],
							"inflate": -0.001,
							"pivot": [-1.15625, 0.67188, -3.0625],
							"rotation": [45, 0, 0],
							"uv": {
								"north": {"uv": [1, 20], "uv_size": [0.5, 0.25]},
								"east": {"uv": [3, 17], "uv_size": [1, 0.25]},
								"south": {"uv": [20, 1], "uv_size": [0.5, 0.25]},
								"west": {"uv": [17, 3], "uv_size": [1, 0.25]}
							}
						},
						{
							"origin": [-1.3125, 0.48438, -3.5],
							"size": [0.5625, 0.375, 0.875],
							"inflate": 0.001,
							"pivot": [-1.15625, 0.67188, -3.0625],
							"rotation": [-90, 0, 0],
							"uv": {
								"north": {"uv": [4, 17], "uv_size": [0.5, 0.5]},
								"east": {"uv": [3, 12], "uv_size": [1, 0.5]},
								"south": {"uv": [17, 4], "uv_size": [0.5, 0.5]},
								"west": {"uv": [12, 3], "uv_size": [1, 0.5]}
							}
						},
						{
							"origin": [-1.3125, 0.49509, -3.50444],
							"size": [0.5625, 0.35355, 0.88388],
							"inflate": -0.001,
							"pivot": [-1.15625, 0.67188, -3.0625],
							"rotation": [-45, 0, 0],
							"uv": {
								"north": {"uv": [2, 20], "uv_size": [0.5, 0.25]},
								"east": {"uv": [5, 17], "uv_size": [1, 0.25]},
								"south": {"uv": [20, 2], "uv_size": [0.5, 0.25]},
								"west": {"uv": [17, 5], "uv_size": [1, 0.25]}
							}
						},
						{
							"origin": [-1.3125, 0.48438, -3.5],
							"size": [0.5625, 0.375, 0.875],
							"uv": {
								"north": {"uv": [6, 17], "uv_size": [0.5, 0.5]},
								"east": {"uv": [4, 12], "uv_size": [1, 0.5]},
								"south": {"uv": [17, 6], "uv_size": [0.5, 0.5]},
								"west": {"uv": [12, 4], "uv_size": [1, 0.5]}
							}
						}
					]
				},
				{
					"name": "bone29",
					"parent": "bone26",
					"pivot": [-0.46354, 2.4459, -0.46875],
					"cubes": [
						{
							"origin": [-0.75, 0.36473, -0.4375],
							"size": [0.125, 1.75, 0.1875],
							"inflate": -0.001,
							"pivot": [-0.6875, 1.23973, -0.375],
							"rotation": [-90, 0, -45],
							"uv": {
								"west": {"uv": [12, 13], "uv_size": [0.25, 1.75]},
								"up": {"uv": [23, 11], "uv_size": [0.25, 0.25]},
								"down": {"uv": [12, 23.25], "uv_size": [0.25, -0.25]}
							}
						},
						{
							"origin": [0.61576, 1.86289, -0.54688],
							"size": [0.125, 1.0625, 0.11759],
							"inflate": -0.001,
							"pivot": [0.65715, 2.39414, -0.46875],
							"rotation": [-90, 0, -50],
							"uv": {
								"east": {"uv": [7, 17], "uv_size": [0.25, 1]},
								"west": {"uv": [17, 7], "uv_size": [0.25, 1]},
								"up": {"uv": [23, 12], "uv_size": [0.25, 0.25]},
								"down": {"uv": [13, 23.25], "uv_size": [0.25, -0.25]}
							}
						},
						{
							"origin": [0.6758, 1.47542, -0.95313],
							"size": [0.125, 1.0625, 0.23438],
							"inflate": 0.001,
							"pivot": [0.7383, 1.97542, -0.5],
							"rotation": [-90, 0, -7.5],
							"uv": {
								"east": {"uv": [8, 17], "uv_size": [0.25, 1]},
								"west": {"uv": [17, 8], "uv_size": [0.25, 1]},
								"up": {"uv": [23, 13], "uv_size": [0.25, 0.25]},
								"down": {"uv": [14, 23.25], "uv_size": [0.25, -0.25]}
							}
						},
						{
							"origin": [0.64111, 2.67638, -0.61548],
							"size": [0.125, 0.0625, 0.1875],
							"pivot": [0.70361, 2.23888, -0.45923],
							"rotation": [-112.5, 0, -7.5],
							"uv": {
								"east": {"uv": [23, 14], "uv_size": [0.25, 0.25]},
								"west": {"uv": [15, 23], "uv_size": [0.25, 0.25]},
								"up": {"uv": [23, 15], "uv_size": [0.25, 0.25]}
							}
						},
						{
							"origin": [0.6875, 2.0359, -0.52907],
							"size": [0.125, 0.0625, 0.1875],
							"inflate": -0.001,
							"pivot": [0.75, 1.5984, -0.43532],
							"rotation": [-67.5, 0, 0],
							"uv": {
								"east": {"uv": [16, 23], "uv_size": [0.25, 0.25]},
								"west": {"uv": [23, 16], "uv_size": [0.25, 0.25]},
								"up": {"uv": [17, 23], "uv_size": [0.25, 0.25]}
							}
						},
						{
							"origin": [0.6758, 1.35042, -0.46875],
							"size": [0.125, 0.125, 0.0625],
							"pivot": [0.7383, 1.97542, -0.5],
							"rotation": [-90, 0, -7.5],
							"uv": {
								"east": {"uv": [23, 17], "uv_size": [0.25, 0.25]},
								"west": {"uv": [18, 23], "uv_size": [0.25, 0.25]},
								"down": {"uv": [23, 18.25], "uv_size": [0.25, -0.25]}
							}
						},
						{
							"origin": [0.67923, 1.88684, -1.39905],
							"size": [0.125, 0.125, 0.375],
							"inflate": 0.001,
							"pivot": [0.74173, 1.94934, -1.0553],
							"rotation": [-112.5, 0, -7.5],
							"uv": {
								"east": {"uv": [3, 20], "uv_size": [0.5, 0.25]},
								"west": {"uv": [20, 3], "uv_size": [0.5, 0.25]},
								"down": {"uv": [4, 20.5], "uv_size": [0.25, -0.5]}
							}
						},
						{
							"origin": [0.6758, 1.47542, -0.71875],
							"size": [0.125, 1, 0.3125],
							"pivot": [0.7383, 1.97542, -0.5],
							"rotation": [-90, 0, -7.5],
							"uv": {
								"east": {"uv": [9, 17], "uv_size": [0.25, 1]},
								"west": {"uv": [17, 9], "uv_size": [0.25, 1]},
								"up": {"uv": [19, 23], "uv_size": [0.25, 0.25]}
							}
						},
						{
							"origin": [0.6875, 3.10938, -4.00536],
							"size": [0.125, 1.125, 0.1875],
							"pivot": [0.75, 1.05982, -3.17456],
							"rotation": [-90, 0, 0],
							"uv": {
								"east": {"uv": [13, 15], "uv_size": [0.25, 1.25]},
								"west": {"uv": [15, 14], "uv_size": [0.25, 1.25]},
								"up": {"uv": [23, 19], "uv_size": [0.25, 0.25]},
								"down": {"uv": [20, 23.25], "uv_size": [0.25, -0.25]}
							}
						},
						{
							"origin": [0.6875, 1.1334, -1.2576],
							"size": [0.125, 0.75, 0.1875],
							"inflate": -0.001,
							"pivot": [0.75, 1.3834, -1.16385],
							"rotation": [-15, 0, 0],
							"uv": {
								"north": {"uv": [6, 18], "uv_size": [0.25, 0.75]},
								"east": {"uv": [18, 6], "uv_size": [0.25, 0.75]},
								"west": {"uv": [7, 18], "uv_size": [0.25, 0.75]}
							}
						},
						{
							"origin": [0.6875, 3.10938, -3.81786],
							"size": [0.125, 1.1875, 0.375],
							"pivot": [0.75, 1.05982, -3.17456],
							"rotation": [-90, 0, 0],
							"uv": {
								"east": {"uv": [11, 3], "uv_size": [0.5, 1.25]},
								"west": {"uv": [7, 11], "uv_size": [0.5, 1.25]}
							}
						},
						{
							"origin": [0.6875, 1.25709, -0.13715],
							"size": [0.125, 0.25, 0.41997],
							"inflate": 0.001,
							"pivot": [0.75, 1.41334, 0.15096],
							"rotation": [-55, 0, 0],
							"uv": {
								"east": {"uv": [20, 4], "uv_size": [0.5, 0.25]},
								"west": {"uv": [5, 20], "uv_size": [0.5, 0.25]},
								"up": {"uv": [20, 5], "uv_size": [0.25, 0.5]}
							}
						},
						{
							"origin": [0.6875, 1.2746, 0.14539],
							"size": [0.125, 0.125, 0.32622],
							"inflate": -0.001,
							"pivot": [0.75, 1.30585, 0.33975],
							"rotation": [-27.5, 0, 0],
							"uv": {
								"east": {"uv": [23, 20], "uv_size": [0.25, 0.25]},
								"west": {"uv": [21, 23], "uv_size": [0.25, 0.25]},
								"up": {"uv": [23, 21], "uv_size": [0.25, 0.25]}
							}
						},
						{
							"origin": [0.6875, 2.98438, -3.44286],
							"size": [0.125, 1.75, 0.125],
							"pivot": [0.75, 1.05982, -3.17456],
							"rotation": [-90, 0, 0],
							"uv": {
								"east": {"uv": [13, 13], "uv_size": [0.25, 1.75]},
								"west": {"uv": [0, 14], "uv_size": [0.25, 1.75]},
								"up": {"uv": [22, 23], "uv_size": [0.25, 0.25]}
							}
						},
						{
							"origin": [0.625, 0.36473, -0.4375],
							"size": [0.125, 1.75, 0.1875],
							"inflate": -0.001,
							"pivot": [0.6875, 1.23973, -0.375],
							"rotation": [-90, 0, 45],
							"uv": {
								"east": {"uv": [14, 0], "uv_size": [0.25, 1.75]},
								"up": {"uv": [23, 22], "uv_size": [0.25, 0.25]},
								"down": {"uv": [23, 23.25], "uv_size": [0.25, -0.25]}
							}
						},
						{
							"origin": [-0.8125, 2.98438, -3.44286],
							"size": [0.125, 1.75, 0.125],
							"pivot": [-0.75, 1.05982, -3.17456],
							"rotation": [-90, 0, 0],
							"uv": {
								"east": {"uv": [1, 14], "uv_size": [0.25, 1.75]},
								"west": {"uv": [2, 14], "uv_size": [0.25, 1.75]},
								"up": {"uv": [0, 24], "uv_size": [0.25, 0.25]}
							}
						},
						{
							"origin": [-0.8125, 1.2746, 0.14539],
							"size": [0.125, 0.125, 0.32622],
							"inflate": -0.001,
							"pivot": [-0.75, 1.30585, 0.33975],
							"rotation": [-27.5, 0, 0],
							"uv": {
								"east": {"uv": [24, 0], "uv_size": [0.25, 0.25]},
								"west": {"uv": [1, 24], "uv_size": [0.25, 0.25]},
								"up": {"uv": [24, 1], "uv_size": [0.25, 0.25]}
							}
						},
						{
							"origin": [-0.8125, 1.25709, -0.13715],
							"size": [0.125, 0.25, 0.41997],
							"inflate": 0.001,
							"pivot": [-0.75, 1.41334, 0.15096],
							"rotation": [-55, 0, 0],
							"uv": {
								"east": {"uv": [6, 20], "uv_size": [0.5, 0.25]},
								"west": {"uv": [20, 6], "uv_size": [0.5, 0.25]},
								"up": {"uv": [7, 20], "uv_size": [0.25, 0.5]}
							}
						},
						{
							"origin": [-0.8125, 3.10938, -3.81786],
							"size": [0.125, 1.1875, 0.375],
							"pivot": [-0.75, 1.05982, -3.17456],
							"rotation": [-90, 0, 0],
							"uv": {
								"east": {"uv": [8, 11], "uv_size": [0.5, 1.25]},
								"west": {"uv": [9, 11], "uv_size": [0.5, 1.25]}
							}
						},
						{
							"origin": [-0.8125, 1.1334, -1.2576],
							"size": [0.125, 0.75, 0.1875],
							"inflate": -0.001,
							"pivot": [-0.75, 1.3834, -1.16385],
							"rotation": [-15, 0, 0],
							"uv": {
								"north": {"uv": [18, 7], "uv_size": [0.25, 0.75]},
								"east": {"uv": [8, 18], "uv_size": [0.25, 0.75]},
								"west": {"uv": [18, 8], "uv_size": [0.25, 0.75]}
							}
						},
						{
							"origin": [-0.8125, 3.10938, -4.00536],
							"size": [0.125, 1.125, 0.1875],
							"pivot": [-0.75, 1.05982, -3.17456],
							"rotation": [-90, 0, 0],
							"uv": {
								"east": {"uv": [0, 16], "uv_size": [0.25, 1.25]},
								"west": {"uv": [1, 16], "uv_size": [0.25, 1.25]},
								"up": {"uv": [2, 24], "uv_size": [0.25, 0.25]},
								"down": {"uv": [24, 2.25], "uv_size": [0.25, -0.25]}
							}
						},
						{
							"origin": [-0.8008, 1.47542, -0.71875],
							"size": [0.125, 1, 0.3125],
							"pivot": [-0.7383, 1.97542, -0.5],
							"rotation": [-90, 0, 7.5],
							"uv": {
								"east": {"uv": [10, 17], "uv_size": [0.25, 1]},
								"west": {"uv": [17, 10], "uv_size": [0.25, 1]},
								"up": {"uv": [3, 24], "uv_size": [0.25, 0.25]}
							}
						},
						{
							"origin": [-0.80423, 1.88684, -1.39905],
							"size": [0.125, 0.125, 0.375],
							"inflate": 0.001,
							"pivot": [-0.74173, 1.94934, -1.0553],
							"rotation": [-112.5, 0, 7.5],
							"uv": {
								"east": {"uv": [20, 7], "uv_size": [0.5, 0.25]},
								"west": {"uv": [8, 20], "uv_size": [0.5, 0.25]},
								"down": {"uv": [20, 8.5], "uv_size": [0.25, -0.5]}
							}
						},
						{
							"origin": [-0.8008, 1.35042, -0.46875],
							"size": [0.125, 0.125, 0.0625],
							"pivot": [-0.7383, 1.97542, -0.5],
							"rotation": [-90, 0, 7.5],
							"uv": {
								"east": {"uv": [24, 3], "uv_size": [0.25, 0.25]},
								"west": {"uv": [4, 24], "uv_size": [0.25, 0.25]},
								"down": {"uv": [24, 4.25], "uv_size": [0.25, -0.25]}
							}
						},
						{
							"origin": [-0.8125, 2.0359, -0.52907],
							"size": [0.125, 0.0625, 0.1875],
							"inflate": -0.001,
							"pivot": [-0.75, 1.5984, -0.43532],
							"rotation": [-67.5, 0, 0],
							"uv": {
								"east": {"uv": [5, 24], "uv_size": [0.25, 0.25]},
								"west": {"uv": [24, 5], "uv_size": [0.25, 0.25]},
								"up": {"uv": [6, 24], "uv_size": [0.25, 0.25]}
							}
						},
						{
							"origin": [-0.76611, 2.67638, -0.61548],
							"size": [0.125, 0.0625, 0.1875],
							"pivot": [-0.70361, 2.23888, -0.45923],
							"rotation": [-112.5, 0, 7.5],
							"uv": {
								"east": {"uv": [24, 6], "uv_size": [0.25, 0.25]},
								"west": {"uv": [7, 24], "uv_size": [0.25, 0.25]},
								"up": {"uv": [24, 7], "uv_size": [0.25, 0.25]}
							}
						},
						{
							"origin": [-0.8008, 1.47542, -0.95313],
							"size": [0.125, 1.0625, 0.23438],
							"inflate": 0.001,
							"pivot": [-0.7383, 1.97542, -0.5],
							"rotation": [-90, 0, 7.5],
							"uv": {
								"east": {"uv": [11, 17], "uv_size": [0.25, 1]},
								"west": {"uv": [17, 11], "uv_size": [0.25, 1]},
								"up": {"uv": [8, 24], "uv_size": [0.25, 0.25]},
								"down": {"uv": [24, 8.25], "uv_size": [0.25, -0.25]}
							}
						},
						{
							"origin": [-0.74076, 1.86289, -0.54688],
							"size": [0.125, 1.0625, 0.11759],
							"inflate": -0.001,
							"pivot": [-0.65715, 2.39414, -0.46875],
							"rotation": [-90, 0, 50],
							"uv": {
								"east": {"uv": [12, 17], "uv_size": [0.25, 1]},
								"west": {"uv": [17, 12], "uv_size": [0.25, 1]},
								"up": {"uv": [9, 24], "uv_size": [0.25, 0.25]},
								"down": {"uv": [24, 9.25], "uv_size": [0.25, -0.25]}
							}
						},
						{
							"origin": [-0.52604, 1.91465, -1.58334],
							"size": [0.125, 1.0625, 1.30209],
							"pivot": [-0.46354, 2.4459, -0.46875],
							"rotation": [-90, 0, 90],
							"uv": {
								"east": {"uv": [7, 3], "uv_size": [1.25, 1]},
								"west": {"uv": [7, 4], "uv_size": [1.25, 1]},
								"up": {"uv": [16, 1], "uv_size": [0.25, 1.25]},
								"down": {"uv": [2, 17.25], "uv_size": [0.25, -1.25]}
							}
						}
					]
				},
				{
					"name": "bone30",
					"parent": "bone26",
					"pivot": [0.625, 0.26563, 0.59375],
					"cubes": [
						{
							"origin": [-0.68024, 0.17188, 0.47222],
							"size": [0.11049, 0.1875, 0.24307],
							"inflate": -0.001,
							"pivot": [-0.625, 0.26563, 0.59375],
							"rotation": [-90, 0, 45],
							"uv": {
								"north": {"uv": [10, 24], "uv_size": [0.25, 0.25]},
								"south": {"uv": [24, 10], "uv_size": [0.25, 0.25]},
								"up": {"uv": [11, 24], "uv_size": [0.25, 0.25]},
								"down": {"uv": [24, 11.25], "uv_size": [0.25, -0.25]}
							}
						},
						{
							"origin": [-0.67187, 0.17188, 0.46875],
							"size": [0.09375, 0.1875, 0.25],
							"pivot": [-0.625, 0.26563, 0.59375],
							"rotation": [-90, 0, -90],
							"uv": {
								"north": {"uv": [12, 24], "uv_size": [0.25, 0.25]},
								"south": {"uv": [24, 12], "uv_size": [0.25, 0.25]},
								"up": {"uv": [13, 24], "uv_size": [0.25, 0.25]},
								"down": {"uv": [24, 13.25], "uv_size": [0.25, -0.25]}
							}
						},
						{
							"origin": [-0.68024, 0.17188, 0.47222],
							"size": [0.11049, 0.1875, 0.24307],
							"inflate": -0.001,
							"pivot": [-0.625, 0.26563, 0.59375],
							"rotation": [-90, 0, -45],
							"uv": {
								"north": {"uv": [14, 24], "uv_size": [0.25, 0.25]},
								"south": {"uv": [24, 14], "uv_size": [0.25, 0.25]},
								"up": {"uv": [15, 24], "uv_size": [0.25, 0.25]},
								"down": {"uv": [24, 15.25], "uv_size": [0.25, -0.25]}
							}
						},
						{
							"origin": [-0.67187, 4.73438, -2.50536],
							"size": [0.09375, 0.1875, 0.25],
							"inflate": 0.001,
							"pivot": [-0.75, 1.05982, -3.17456],
							"rotation": [-90, 0, 0],
							"uv": {
								"north": {"uv": [16, 24], "uv_size": [0.25, 0.25]},
								"south": {"uv": [24, 16], "uv_size": [0.25, 0.25]},
								"up": {"uv": [17, 24], "uv_size": [0.25, 0.25]},
								"down": {"uv": [24, 17.25], "uv_size": [0.25, -0.25]}
							}
						},
						{
							"origin": [0.57812, 0.17188, 0.46875],
							"size": [0.09375, 0.1875, 0.25],
							"pivot": [0.625, 0.26563, 0.59375],
							"rotation": [-90, 0, 90],
							"uv": {
								"north": {"uv": [18, 24], "uv_size": [0.25, 0.25]},
								"south": {"uv": [24, 18], "uv_size": [0.25, 0.25]},
								"up": {"uv": [19, 24], "uv_size": [0.25, 0.25]},
								"down": {"uv": [24, 19.25], "uv_size": [0.25, -0.25]}
							}
						},
						{
							"origin": [0.57812, 4.73438, -2.50536],
							"size": [0.09375, 0.1875, 0.25],
							"inflate": 0.001,
							"pivot": [0.75, 1.05982, -3.17456],
							"rotation": [-90, 0, 0],
							"uv": {
								"north": {"uv": [20, 24], "uv_size": [0.25, 0.25]},
								"south": {"uv": [24, 20], "uv_size": [0.25, 0.25]},
								"up": {"uv": [21, 24], "uv_size": [0.25, 0.25]},
								"down": {"uv": [24, 21.25], "uv_size": [0.25, -0.25]}
							}
						},
						{
							"origin": [0.56976, 0.17188, 0.47222],
							"size": [0.11049, 0.1875, 0.24307],
							"inflate": -0.001,
							"pivot": [0.625, 0.26563, 0.59375],
							"rotation": [-90, 0, 45],
							"uv": {
								"north": {"uv": [22, 24], "uv_size": [0.25, 0.25]},
								"south": {"uv": [24, 22], "uv_size": [0.25, 0.25]},
								"up": {"uv": [23, 24], "uv_size": [0.25, 0.25]},
								"down": {"uv": [24, 23.25], "uv_size": [0.25, -0.25]}
							}
						},
						{
							"origin": [0.56976, 0.17188, 0.47222],
							"size": [0.11049, 0.1875, 0.24307],
							"inflate": -0.001,
							"pivot": [0.625, 0.26563, 0.59375],
							"rotation": [-90, 0, -45],
							"uv": {
								"north": {"uv": [24, 24], "uv_size": [0.25, 0.25]},
								"south": {"uv": [0, 25], "uv_size": [0.25, 0.25]},
								"up": {"uv": [25, 0], "uv_size": [0.25, 0.25]},
								"down": {"uv": [1, 25.25], "uv_size": [0.25, -0.25]}
							}
						}
					]
				},
				{
					"name": "bone31",
					"parent": "bone26",
					"pivot": [0, -0.85937, -1.75],
					"cubes": [
						{
							"origin": [-0.8125, -0.21875, -2.5625],
							"size": [0.4375, 0.35938, 3.0625],
							"uv": {
								"north": {"uv": [9, 20], "uv_size": [0.5, 0.25]},
								"east": {"uv": [0, 11], "uv_size": [3, 0.25]},
								"south": {"uv": [20, 9], "uv_size": [0.5, 0.25]},
								"west": {"uv": [11, 0], "uv_size": [3, 0.25]},
								"up": {"uv": [0, 7], "uv_size": [0.5, 3]},
								"down": {"uv": [7, 3], "uv_size": [0.5, -3]}
							}
						},
						{
							"origin": [-0.5, 0.14063, -3.3125],
							"size": [1, 1, 3.8125],
							"uv": {
								"north": {"uv": [3, 7], "uv_size": [1, 1]},
								"east": {"uv": [0, 0], "uv_size": [3.75, 1]},
								"south": {"uv": [7, 7], "uv_size": [1, 1]},
								"west": {"uv": [0, 1], "uv_size": [3.75, 1]},
								"up": {"uv": [0, 2], "uv_size": [1, 3.75]},
								"down": {"uv": [1, 5.75], "uv_size": [1, -3.75]}
							}
						},
						{
							"origin": [-1, 0.45313, -3.5625],
							"size": [2, 0.4375, 0.3125],
							"uv": {
								"north": {"uv": [8, 0], "uv_size": [2, 0.5]},
								"east": {"uv": [10, 20], "uv_size": [0.25, 0.5]},
								"west": {"uv": [20, 10], "uv_size": [0.25, 0.5]}
							}
						},
						{
							"origin": [-1, 0.77191, -3.52589],
							"size": [2, 0.35355, 0.25],
							"inflate": -0.001,
							"pivot": [0, 0.87546, -3.40089],
							"rotation": [-45, 0, 0],
							"uv": {
								"north": {"uv": [5, 12], "uv_size": [2, 0.25]},
								"east": {"uv": [25, 1], "uv_size": [0.25, 0.25]},
								"west": {"uv": [2, 25], "uv_size": [0.25, 0.25]}
							}
						},
						{
							"origin": [0.5, 1.12546, -3.52589],
							"size": [0.5, 0.08839, 0.25],
							"pivot": [0, 0.87546, -3.40089],
							"rotation": [-45, 0, 0],
							"uv": {
								"north": {"uv": [11, 20], "uv_size": [0.5, 0.25]},
								"east": {"uv": [25, 2], "uv_size": [0.25, 0.25]},
								"west": {"uv": [3, 25], "uv_size": [0.25, 0.25]}
							}
						},
						{
							"origin": [-0.8125, 0.98438, -3.31786],
							"size": [0.3125, 3.75, 1.0625],
							"pivot": [-0.75, 1.05982, -3.17456],
							"rotation": [-90, 0, 0],
							"uv": {
								"north": {"uv": [3, 8], "uv_size": [0.25, 3.75]},
								"east": {"uv": [2, 2], "uv_size": [1, 3.75]},
								"south": {"uv": [4, 8], "uv_size": [0.25, 3.75]},
								"west": {"uv": [3, 2], "uv_size": [1, 3.75]},
								"up": {"uv": [13, 17], "uv_size": [0.25, 1]},
								"down": {"uv": [17, 14], "uv_size": [0.25, -1]}
							}
						},
						{
							"origin": [-0.90776, 0.46228, -3.22741],
							"size": [0.1875, 0.41919, 1.0625],
							"pivot": [-0.81401, 0.67188, -2.69616],
							"rotation": [-90, 30, 0],
							"uv": {
								"north": {"uv": [20, 11], "uv_size": [0.25, 0.5]},
								"east": {"uv": [12, 5], "uv_size": [1, 0.5]},
								"south": {"uv": [12, 20], "uv_size": [0.25, 0.5]}
							}
						},
						{
							"origin": [-1, 0.98438, -3.31786],
							"size": [0.1875, 0.41919, 1.0625],
							"pivot": [-0.75, 1.05982, -3.17456],
							"rotation": [-90, 0, 0],
							"uv": {
								"north": {"uv": [20, 12], "uv_size": [0.25, 0.5]},
								"east": {"uv": [12, 6], "uv_size": [1, 0.5]},
								"south": {"uv": [13, 20], "uv_size": [0.25, 0.5]}
							}
						},
						{
							"origin": [-1, 1.12546, -3.52589],
							"size": [0.5, 0.08839, 0.25],
							"pivot": [0, 0.87546, -3.40089],
							"rotation": [-45, 0, 0],
							"uv": {
								"north": {"uv": [20, 13], "uv_size": [0.5, 0.25]},
								"east": {"uv": [25, 3], "uv_size": [0.25, 0.25]},
								"west": {"uv": [4, 25], "uv_size": [0.25, 0.25]}
							}
						},
						{
							"origin": [0.8125, 0.98438, -3.31786],
							"size": [0.1875, 0.41919, 1.0625],
							"pivot": [0.75, 1.05982, -3.17456],
							"rotation": [-90, 0, 0],
							"uv": {
								"north": {"uv": [14, 20], "uv_size": [0.25, 0.5]},
								"south": {"uv": [20, 14], "uv_size": [0.25, 0.5]},
								"west": {"uv": [12, 7], "uv_size": [1, 0.5]}
							}
						},
						{
							"origin": [0.72026, 0.46228, -3.22741],
							"size": [0.1875, 0.41919, 1.0625],
							"pivot": [0.81401, 0.67188, -2.69616],
							"rotation": [-90, -30, 0],
							"uv": {
								"north": {"uv": [15, 20], "uv_size": [0.25, 0.5]},
								"south": {"uv": [20, 15], "uv_size": [0.25, 0.5]},
								"west": {"uv": [12, 8], "uv_size": [1, 0.5]}
							}
						},
						{
							"origin": [0.5, 0.98438, -3.31786],
							"size": [0.3125, 3.75, 1.0625],
							"pivot": [0.75, 1.05982, -3.17456],
							"rotation": [-90, 0, 0],
							"uv": {
								"north": {"uv": [5, 8], "uv_size": [0.25, 3.75]},
								"east": {"uv": [4, 0], "uv_size": [1, 3.75]},
								"south": {"uv": [6, 8], "uv_size": [0.25, 3.75]},
								"west": {"uv": [4, 4], "uv_size": [1, 3.75]},
								"up": {"uv": [14, 17], "uv_size": [0.25, 1]},
								"down": {"uv": [17, 15], "uv_size": [0.25, -1]}
							}
						},
						{
							"origin": [-0.75, 4.73438, -3.13036],
							"size": [1.5, 0.125, 0.6875],
							"pivot": [0.75, 1.05982, -3.17456],
							"rotation": [-90, 0, 0],
							"uv": {
								"north": {"uv": [15, 7], "uv_size": [1.5, 0.25]},
								"east": {"uv": [9, 18], "uv_size": [0.75, 0.25]},
								"south": {"uv": [15, 8], "uv_size": [1.5, 0.25]},
								"west": {"uv": [18, 9], "uv_size": [0.75, 0.25]},
								"up": {"uv": [5, 7], "uv_size": [1.5, 0.75]},
								"down": {"uv": [7, 5.75], "uv_size": [1.5, -0.75]}
							}
						},
						{
							"origin": [-0.25, 4.73438, -3.22411],
							"size": [0.5, 0.1875, 0.125],
							"pivot": [0.75, 1.05982, -3.20581],
							"rotation": [-90, 0, 0],
							"uv": {
								"north": {"uv": [16, 20], "uv_size": [0.5, 0.25]},
								"east": {"uv": [25, 4], "uv_size": [0.25, 0.25]},
								"west": {"uv": [5, 25], "uv_size": [0.25, 0.25]},
								"up": {"uv": [20, 16], "uv_size": [0.5, 0.25]}
							}
						},
						{
							"origin": [0.3125, 0.60938, 0.5],
							"size": [0.25, 0.0625, 0.25],
							"pivot": [0.4375, 0.64063, 0.625],
							"rotation": [-90, 0, -45],
							"uv": {
								"north": {"uv": [25, 5], "uv_size": [0.25, 0.25]},
								"east": {"uv": [6, 25], "uv_size": [0.25, 0.25]},
								"south": {"uv": [25, 6], "uv_size": [0.25, 0.25]},
								"west": {"uv": [7, 25], "uv_size": [0.25, 0.25]},
								"up": {"uv": [25, 7], "uv_size": [0.25, 0.25]},
								"down": {"uv": [8, 25.25], "uv_size": [0.25, -0.25]}
							}
						},
						{
							"origin": [-0.5625, 0.60938, 0.5],
							"size": [0.25, 0.0625, 0.25],
							"pivot": [-0.4375, 0.64063, 0.625],
							"rotation": [-90, 0, 45],
							"uv": {
								"north": {"uv": [25, 8], "uv_size": [0.25, 0.25]},
								"east": {"uv": [9, 25], "uv_size": [0.25, 0.25]},
								"south": {"uv": [25, 9], "uv_size": [0.25, 0.25]},
								"west": {"uv": [10, 25], "uv_size": [0.25, 0.25]},
								"up": {"uv": [25, 10], "uv_size": [0.25, 0.25]},
								"down": {"uv": [11, 25.25], "uv_size": [0.25, -0.25]}
							}
						},
						{
							"origin": [-0.75, 1.21829, 0.53217],
							"size": [1.5, 0.125, 0.17678],
							"pivot": [0, 1.28079, 0.27145],
							"rotation": [-45, 0, 0],
							"uv": {
								"north": {"uv": [9, 15], "uv_size": [1.5, 0.25]},
								"east": {"uv": [25, 11], "uv_size": [0.25, 0.25]},
								"south": {"uv": [15, 9], "uv_size": [1.5, 0.25]},
								"west": {"uv": [12, 25], "uv_size": [0.25, 0.25]},
								"up": {"uv": [11, 15], "uv_size": [1.5, 0.25]},
								"down": {"uv": [15, 11.25], "uv_size": [1.5, -0.25]}
							}
						},
						{
							"origin": [-1, 0.15134, -3.47411],
							"size": [2, 0.44194, 0.25],
							"inflate": -0.001,
							"pivot": [0, 0.41652, -3.34911],
							"rotation": [45, 0, 0],
							"uv": {
								"north": {"uv": [8, 1], "uv_size": [2, 0.5]},
								"east": {"uv": [17, 20], "uv_size": [0.25, 0.5]},
								"west": {"uv": [20, 17], "uv_size": [0.25, 0.5]}
							}
						},
						{
							"origin": [0.375, -0.21875, -2.5625],
							"size": [0.4375, 0.35938, 3.0625],
							"uv": {
								"north": {"uv": [18, 20], "uv_size": [0.5, 0.25]},
								"east": {"uv": [11, 1], "uv_size": [3, 0.25]},
								"south": {"uv": [20, 18], "uv_size": [0.5, 0.25]},
								"west": {"uv": [11, 2], "uv_size": [3, 0.25]},
								"up": {"uv": [1, 7], "uv_size": [0.5, 3]},
								"down": {"uv": [2, 10], "uv_size": [0.5, -3]}
							}
						}
					]
				},
				{
					"name": "ocular",
					"pivot": [0, 1.47665, -0.25154],
					"cubes": [
						{
							"origin": [-0.73437, 1.125, -0.625],
							"size": [1.46875, 1.3125, 0.001],
							"pivot": [0, 1.5, -0.6245],
							"rotation": [-5, 0, 0],
							"uv": {
								"south": {"uv": [25, 12], "uv_size": [0.25, 0.25]}
							}
						}
					]
				},
				{
					"name": "division",
					"pivot": [0, -0.375, -82]
				},
				{
					"name": "division_illuminated",
					"parent": "division",
					"pivot": [0, 1.75, -116],
					"rotation": [-90, 0, 0],
					"cubes": [
						{
							"origin": [-0.3899, 1.4, -115.05],
							"size": [0.77981, 0.25, 0.25],
							"uv": {
								"up": {"uv": [25.25, 13.25], "uv_size": [-0.25, -0.25]}
							}
						},
						{
							"origin": [-0.1399, 1.4, -114.8],
							"size": [0.27981, 0.25, 0.3125],
							"uv": {
								"up": {"uv": [25.25, 13.25], "uv_size": [-0.25, -0.25]}
							}
						},
						{
							"origin": [-0.1399, 1.4, -114.83125],
							"size": [0.27981, 0.25, 0.375],
							"pivot": [0, 1.15, -116.01562],
							"rotation": [0, -90, 0],
							"uv": {
								"up": {"uv": [25.25, 13.25], "uv_size": [-0.25, -0.25]}
							}
						},
						{
							"origin": [-0.1399, 1.4, -116.15552],
							"size": [0.27981, 0.25, 0.2798],
							"pivot": [0, 1.15, -116.01562],
							"rotation": [0, -45, 0],
							"uv": {
								"up": {"uv": [25.25, 13.25], "uv_size": [-0.25, -0.25]}
							}
						},
						{
							"origin": [-0.1399, 1.4, -114.8],
							"size": [0.27981, 0.25, 0.3125],
							"pivot": [0, 1.15, -116.01562],
							"rotation": [0, 90, 0],
							"uv": {
								"up": {"uv": [25.25, 13.25], "uv_size": [-0.25, -0.25]}
							}
						},
						{
							"origin": [-0.3899, 1.4, -115.05],
							"size": [0.77981, 0.25, 0.25],
							"pivot": [0, 1.65, -116],
							"rotation": [0, -36, 0],
							"uv": {
								"up": {"uv": [25.25, 13.25], "uv_size": [-0.25, -0.25]}
							}
						},
						{
							"origin": [-0.3899, 1.4, -115.05],
							"size": [0.77981, 0.25, 0.25],
							"pivot": [0, 1.65, -116],
							"rotation": [0, -72, 0],
							"uv": {
								"up": {"uv": [25.25, 13.25], "uv_size": [-0.25, -0.25]}
							}
						},
						{
							"origin": [-0.3899, 1.4, -115.05],
							"size": [0.77981, 0.25, 0.25],
							"pivot": [0, 1.65, -116],
							"rotation": [0, -108, 0],
							"uv": {
								"up": {"uv": [25.25, 13.25], "uv_size": [-0.25, -0.25]}
							}
						},
						{
							"origin": [-0.3899, 1.4, -115.05],
							"size": [0.77981, 0.25, 0.25],
							"pivot": [0, 1.65, -116],
							"rotation": [0, -144, 0],
							"uv": {
								"up": {"uv": [25.25, 13.25], "uv_size": [-0.25, -0.25]}
							}
						},
						{
							"origin": [-0.3899, 1.4, -115.05],
							"size": [0.77981, 0.25, 0.25],
							"pivot": [0, 1.65, -116],
							"rotation": [0, -180, 0],
							"uv": {
								"up": {"uv": [25.25, 13.25], "uv_size": [-0.25, -0.25]}
							}
						},
						{
							"origin": [-0.1399, 1.4, -114.8],
							"size": [0.27981, 0.25, 0.375],
							"pivot": [0, 1.65, -116],
							"rotation": [0, -180, 0],
							"uv": {
								"up": {"uv": [25.25, 13.25], "uv_size": [-0.25, -0.25]}
							}
						},
						{
							"origin": [-0.3899, 1.4, -115.05],
							"size": [0.77981, 0.25, 0.25],
							"pivot": [0, 1.65, -116],
							"rotation": [0, -144, 0],
							"uv": {
								"up": {"uv": [25.25, 13.25], "uv_size": [-0.25, -0.25]}
							}
						},
						{
							"origin": [-0.3899, 1.4, -115.05],
							"size": [0.77981, 0.25, 0.25],
							"pivot": [0, 1.65, -116],
							"rotation": [0, -216, 0],
							"uv": {
								"up": {"uv": [25.25, 13.25], "uv_size": [-0.25, -0.25]}
							}
						},
						{
							"origin": [-0.3899, 1.4, -115.05],
							"size": [0.77981, 0.25, 0.25],
							"pivot": [0, 1.65, -116],
							"rotation": [0, -252, 0],
							"uv": {
								"up": {"uv": [25.25, 13.25], "uv_size": [-0.25, -0.25]}
							}
						},
						{
							"origin": [-0.3899, 1.4, -115.05],
							"size": [0.77981, 0.25, 0.25],
							"pivot": [0, 1.65, -116],
							"rotation": [0, -288, 0],
							"uv": {
								"up": {"uv": [25.25, 13.25], "uv_size": [-0.25, -0.25]}
							}
						},
						{
							"origin": [-0.3899, 1.4, -115.05],
							"size": [0.77981, 0.25, 0.25],
							"pivot": [0, 1.65, -116],
							"rotation": [0, -324, 0],
							"uv": {
								"up": {"uv": [25.25, 13.25], "uv_size": [-0.25, -0.25]}
							}
						}
					]
				},
				{
					"name": "scope_view",
					"pivot": [0, 1.7625, 9]
				}
			]
		}
	]
}