{
	"format_version": "1.12.0",
	"minecraft:geometry": [
		{
			"description": {
				"identifier": "geometry.unknown",
				"texture_width": 32,
				"texture_height": 32,
				"visible_bounds_width": 4,
				"visible_bounds_height": 4,
				"visible_bounds_offset": [0, 1, 0]
			},
			"bones": [
				{
					"name": "stock",
					"pivot": [0, -1.125, 0.5],
					"cubes": [
						{
							"origin": [-0.6875, -0.8125, 0],
							"size": [1.375, 1.4375, 8.875],
							"uv": {
								"north": {"uv": [17, 0], "uv_size": [1.5, 1.5]},
								"east": {"uv": [0, 0], "uv_size": [9, 1.5]},
								"south": {"uv": [17, 2], "uv_size": [1.5, 1.5]},
								"west": {"uv": [0, 2], "uv_size": [9, 1.5]},
								"up": {"uv": [0, 4], "uv_size": [1.5, 9]},
								"down": {"uv": [2, 13], "uv_size": [1.5, -9]}
							}
						},
						{
							"origin": [-0.99188, -1.08002, 6.625],
							"size": [1.98376, 0.26752, 2.25],
							"uv": {
								"down": {"uv": [10, 3.25], "uv_size": [2, -2.25]}
							}
						},
						{
							"origin": [-0.6875, -1.5625, 0],
							"size": [1.375, 0.75, 6.625],
							"uv": {
								"north": {"uv": [20, 6], "uv_size": [1.5, 0.75]},
								"east": {"uv": [9, 9], "uv_size": [6.75, 0.75]},
								"south": {"uv": [20, 9], "uv_size": [1.5, 0.75]},
								"west": {"uv": [10, 0], "uv_size": [6.75, 0.75]}
							}
						},
						{
							"origin": [-0.6875, -3.32687, 4.93888],
							"size": [1.375, 0.375, 2.63734],
							"inflate": -0.001,
							"pivot": [0, -3.32687, 8.25138],
							"rotation": [-42.5, 0, 0],
							"uv": {
								"east": {"uv": [18, 11], "uv_size": [2.75, 0.5]},
								"west": {"uv": [19, 13], "uv_size": [2.75, 0.5]},
								"up": {"uv": [1, 13], "uv_size": [1.5, 2.75]}
							}
						},
						{
							"origin": [-0.3125, -3.70187, 4.93888],
							"size": [0.625, 0.375, 3.25],
							"pivot": [0, -3.32687, 8.25138],
							"rotation": [-42.5, 0, 0],
							"uv": {
								"north": {"uv": [3, 25], "uv_size": [0.75, 0.5]},
								"down": {"uv": [16, 4.25], "uv_size": [0.75, -3.25]}
							}
						},
						{
							"origin": [0.08839, -2.39013, 5.36774],
							"size": [0.53033, 0.375, 3.25],
							"pivot": [0.40089, -2.20263, 6.99274],
							"rotation": [-32.94098, -28.53623, -36.40051],
							"uv": {
								"north": {"uv": [27, 17], "uv_size": [0.5, 0.5]},
								"down": {"uv": [2, 21.25], "uv_size": [0.5, -3.25]}
							}
						},
						{
							"origin": [-0.61872, -2.39013, 5.36774],
							"size": [0.53033, 0.375, 3.25],
							"pivot": [-0.40089, -2.20263, 6.99274],
							"rotation": [-32.94098, 28.53623, 36.40051],
							"uv": {
								"north": {"uv": [19, 27], "uv_size": [0.5, 0.5]},
								"down": {"uv": [18, 16.25], "uv_size": [0.5, -3.25]}
							}
						},
						{
							"origin": [-0.875, -3.32687, 7.57622],
							"size": [1.75, 0.375, 0.5625],
							"inflate": 0.001,
							"pivot": [0, -3.32687, 8.25138],
							"rotation": [-42.5, 0, 0],
							"uv": {
								"east": {"uv": [27, 19], "uv_size": [0.5, 0.5]},
								"west": {"uv": [20, 27], "uv_size": [0.5, 0.5]},
								"down": {"uv": [13, 22.5], "uv_size": [1.75, -0.5]}
							}
						},
						{
							"origin": [-0.875, -2.71547, 8.24466],
							"size": [1.75, 0.375, 0.375],
							"pivot": [0, -2.52797, 8.33841],
							"rotation": [-135, 0, 0],
							"uv": {
								"east": {"uv": [27, 20], "uv_size": [0.5, 0.5]},
								"west": {"uv": [21, 27], "uv_size": [0.5, 0.5]},
								"down": {"uv": [22, 14.5], "uv_size": [1.75, -0.5]}
							}
						},
						{
							"origin": [0.58202, -2.88946, 7.3157],
							"size": [0.25, 0.375, 0.8125],
							"pivot": [-0.04298, -2.70196, 7.84695],
							"rotation": [-43.49069, 11.00072, -10.26078],
							"uv": {
								"west": {"uv": [25, 5], "uv_size": [0.75, 0.5]},
								"up": {"uv": [7, 28], "uv_size": [0.25, 0.75]},
								"down": {"uv": [9, 28.75], "uv_size": [0.25, -0.75]}
							}
						},
						{
							"origin": [-0.83202, -2.88946, 7.3157],
							"size": [0.25, 0.375, 0.8125],
							"pivot": [0.04298, -2.70196, 7.84695],
							"rotation": [-43.49069, -11.00072, 10.26078],
							"uv": {
								"east": {"uv": [7, 25], "uv_size": [0.75, 0.5]},
								"up": {"uv": [10, 28], "uv_size": [0.25, 0.75]},
								"down": {"uv": [12, 28.75], "uv_size": [0.25, -0.75]}
							}
						},
						{
							"origin": [-0.22556, -1.75384, 0],
							"size": [0.45112, 0.19134, 6.625],
							"uv": {
								"north": {"uv": [3, 29], "uv_size": [0.5, 0.25]},
								"south": {"uv": [29, 3], "uv_size": [0.5, 0.25]},
								"down": {"uv": [3, 19.75], "uv_size": [0.5, -6.75]}
							}
						},
						{
							"origin": [0.16352, -1.62943, 0],
							"size": [0.5, 0.1875, 6.625],
							"inflate": -0.001,
							"pivot": [0.50727, -1.53568, 3.3125],
							"rotation": [0, 0, -22.5],
							"uv": {
								"north": {"uv": [4, 29], "uv_size": [0.5, 0.25]},
								"south": {"uv": [29, 4], "uv_size": [0.5, 0.25]},
								"down": {"uv": [13, 18.75], "uv_size": [0.5, -6.75]}
							}
						},
						{
							"origin": [-0.66352, -1.62943, 0],
							"size": [0.5, 0.1875, 6.625],
							"inflate": -0.001,
							"pivot": [-0.50727, -1.53568, 3.3125],
							"rotation": [0, 0, 22.5],
							"uv": {
								"north": {"uv": [5, 29], "uv_size": [0.5, 0.25]},
								"south": {"uv": [29, 5], "uv_size": [0.5, 0.25]},
								"down": {"uv": [14, 18.75], "uv_size": [0.5, -6.75]}
							}
						},
						{
							"origin": [-0.44921, 0.00749, 0],
							"size": [0.8125, 0.5, 8.875],
							"inflate": 0.001,
							"pivot": [0.23829, -0.58626, 3.3125],
							"rotation": [0, 0, 52.5],
							"uv": {
								"north": {"uv": [8, 25], "uv_size": [0.75, 0.5]},
								"south": {"uv": [25, 10], "uv_size": [0.75, 0.5]},
								"up": {"uv": [4, 7], "uv_size": [0.75, 9]},
								"down": {"uv": [5, 16], "uv_size": [0.75, -9]}
							}
						},
						{
							"origin": [-1.24463, -1.20538, 6.625],
							"size": [0.3125, 0.5, 2.25],
							"pivot": [-1.02588, -0.83038, 3.3125],
							"rotation": [0, 0, -127.5],
							"uv": {
								"up": {"uv": [0, 24], "uv_size": [0.25, 2.25]}
							}
						},
						{
							"origin": [-1.80713, -1.08038, 4.375],
							"size": [0.875, 0.375, 2.25],
							"inflate": -0.001,
							"pivot": [-1.02588, -0.83038, 3.3125],
							"rotation": [0, 0, -127.5],
							"uv": {
								"north": {"uv": [25, 11], "uv_size": [0.75, 0.5]},
								"south": {"uv": [25, 15], "uv_size": [0.75, 0.5]},
								"up": {"uv": [16, 17], "uv_size": [0.75, 2.25]}
							}
						},
						{
							"origin": [-1.80713, -0.58038, 0],
							"size": [0.875, 0.5, 6.625],
							"inflate": -0.001,
							"pivot": [-1.02588, -0.20538, 3.3125],
							"rotation": [0, 0, -127.5],
							"uv": {
								"north": {"uv": [16, 25], "uv_size": [0.75, 0.5]},
								"south": {"uv": [25, 16], "uv_size": [0.75, 0.5]},
								"up": {"uv": [9, 10], "uv_size": [0.75, 6.75]}
							}
						},
						{
							"origin": [-0.36329, 0.00749, 0],
							"size": [0.8125, 0.5, 8.875],
							"inflate": 0.001,
							"pivot": [-0.23829, -0.58626, 3.3125],
							"rotation": [0, 0, -52.5],
							"uv": {
								"north": {"uv": [25, 17], "uv_size": [0.75, 0.5]},
								"south": {"uv": [25, 18], "uv_size": [0.75, 0.5]},
								"up": {"uv": [6, 7], "uv_size": [0.75, 9]},
								"down": {"uv": [7, 16], "uv_size": [0.75, -9]}
							}
						},
						{
							"origin": [0.65087, -2.66509, 0],
							"size": [0.1875, 2.36424, 8.875],
							"inflate": -0.002,
							"pivot": [1.05712, -0.42585, 3.3125],
							"rotation": [0, 0, 90],
							"uv": {
								"north": {"uv": [24, 1], "uv_size": [0.25, 2.25]},
								"south": {"uv": [2, 24], "uv_size": [0.25, 2.25]},
								"up": {"uv": [8, 16], "uv_size": [0.25, 9]},
								"down": {"uv": [4, 26], "uv_size": [0.25, -9]}
							}
						},
						{
							"origin": [0.93213, -0.58038, 0],
							"size": [0.875, 0.5, 6.625],
							"inflate": -0.001,
							"pivot": [1.02588, -0.20538, 3.3125],
							"rotation": [0, 0, 127.5],
							"uv": {
								"north": {"uv": [25, 19], "uv_size": [0.75, 0.5]},
								"south": {"uv": [25, 20], "uv_size": [0.75, 0.5]},
								"up": {"uv": [10, 10], "uv_size": [0.75, 6.75]}
							}
						},
						{
							"origin": [0.93213, -1.20538, 6.625],
							"size": [0.3125, 0.5, 2.25],
							"pivot": [1.02588, -0.83038, 3.3125],
							"rotation": [0, 0, 127.5],
							"uv": {
								"up": {"uv": [5, 24], "uv_size": [0.25, 2.25]}
							}
						},
						{
							"origin": [-0.71875, -2.35797, 4.375],
							"size": [0.625, 2.36424, 0.3125],
							"pivot": [0.125, -1.05085, 3.3125],
							"rotation": [0, 0, 90],
							"uv": {
								"south": {"uv": [17, 16], "uv_size": [0.75, 2.25]},
								"up": {"uv": [28, 12], "uv_size": [0.75, 0.25]},
								"down": {"uv": [13, 28.25], "uv_size": [0.75, -0.25]}
							}
						},
						{
							"origin": [-0.21875, -2.35797, 4.6875],
							"size": [0.125, 2.36424, 4.1875],
							"pivot": [0.125, -1.05085, 7.375],
							"rotation": [0, 0, 90],
							"uv": {
								"east": {"uv": [4, 4], "uv_size": [4.25, 2.25]},
								"up": {"uv": [1, 21], "uv_size": [0.25, 4.25]},
								"down": {"uv": [9, 25.25], "uv_size": [0.25, -4.25]}
							}
						},
						{
							"origin": [-0.40625, -2.17047, 4.6875],
							"size": [0.1875, 1.98924, 4.1875],
							"pivot": [0.125, -1.05085, 7.375],
							"rotation": [0, 0, 90],
							"uv": {
								"up": {"uv": [10, 21], "uv_size": [0.25, 4.25]},
								"down": {"uv": [11, 25.25], "uv_size": [0.25, -4.25]}
							}
						},
						{
							"origin": [-0.21875, -1.85797, 4.6875],
							"size": [0.375, 2.36424, 2.5],
							"pivot": [0.125, -0.55085, 7.375],
							"rotation": [0, 0, 90],
							"uv": {
								"west": {"uv": [9, 6], "uv_size": [2.5, 2.25]},
								"up": {"uv": [13, 19], "uv_size": [0.5, 2.5]},
								"down": {"uv": [14, 21.5], "uv_size": [0.5, -2.5]}
							}
						},
						{
							"origin": [-0.42188, -0.76985, 7.4766],
							"size": [0.57813, 2.36424, 0.1875],
							"inflate": -0.001,
							"pivot": [0, 0.41227, 6.4141],
							"rotation": [0, 45, 90],
							"uv": {
								"south": {"uv": [16, 20], "uv_size": [0.5, 2.25]},
								"up": {"uv": [6, 29], "uv_size": [0.5, 0.25]},
								"down": {"uv": [29, 6.25], "uv_size": [0.5, -0.25]}
							}
						},
						{
							"origin": [-0.23438, -0.76985, 7.3516],
							"size": [0.26563, 2.36424, 0.125],
							"inflate": -0.001,
							"pivot": [0, 0.41227, 6.4141],
							"rotation": [0, 45, 90],
							"uv": {
								"up": {"uv": [13, 30], "uv_size": [0.25, 0.25]},
								"down": {"uv": [30, 13.25], "uv_size": [0.25, -0.25]}
							}
						},
						{
							"origin": [-0.21875, -1.85797, 7.1875],
							"size": [0.375, 2.30174, 1.1875],
							"pivot": [0.125, -0.55085, 7.375],
							"rotation": [0, 0, 90],
							"uv": {
								"west": {"uv": [15, 12], "uv_size": [1.25, 2.25]},
								"up": {"uv": [16, 23], "uv_size": [0.5, 1.25]},
								"down": {"uv": [23, 17.25], "uv_size": [0.5, -1.25]}
							}
						},
						{
							"origin": [-0.21875, -1.85797, 8.375],
							"size": [0.5, 2.36424, 0.5],
							"pivot": [0.125, -0.55085, 9.0625],
							"rotation": [0, 0, 90],
							"uv": {
								"north": {"uv": [17, 20], "uv_size": [0.5, 2.25]},
								"south": {"uv": [20, 17], "uv_size": [0.5, 2.25]},
								"up": {"uv": [27, 21], "uv_size": [0.5, 0.5]},
								"down": {"uv": [22, 27.5], "uv_size": [0.5, -0.5]}
							}
						},
						{
							"origin": [0.09375, -1.73297, 4.6875],
							"size": [0.1875, 2.11424, 1.125],
							"pivot": [0.125, -0.55085, 7.375],
							"rotation": [0, 0, 90],
							"uv": {
								"north": {"uv": [6, 24], "uv_size": [0.25, 2]},
								"east": {"uv": [15, 15], "uv_size": [1.25, 2]},
								"south": {"uv": [12, 24], "uv_size": [0.25, 2]},
								"west": {"uv": [1, 16], "uv_size": [1.25, 2]},
								"up": {"uv": [27, 2], "uv_size": [0.25, 1.25]},
								"down": {"uv": [3, 28.25], "uv_size": [0.25, -1.25]}
							}
						},
						{
							"origin": [0.09375, -1.73297, 6.125],
							"size": [0.1875, 2.11424, 0.75],
							"pivot": [0.125, -0.55085, 8.8125],
							"rotation": [0, 0, 90],
							"uv": {
								"north": {"uv": [13, 24], "uv_size": [0.25, 2]},
								"east": {"uv": [18, 17], "uv_size": [0.75, 2]},
								"south": {"uv": [15, 24], "uv_size": [0.25, 2]},
								"west": {"uv": [0, 19], "uv_size": [0.75, 2]},
								"up": {"uv": [28, 13], "uv_size": [0.25, 0.75]},
								"down": {"uv": [14, 28.75], "uv_size": [0.25, -0.75]}
							}
						},
						{
							"origin": [0.09375, -1.73297, 7.1875],
							"size": [0.1875, 2.11424, 0.75],
							"pivot": [0.125, -0.55085, 9.875],
							"rotation": [0, 0, 90],
							"uv": {
								"north": {"uv": [24, 16], "uv_size": [0.25, 2]},
								"east": {"uv": [19, 0], "uv_size": [0.75, 2]},
								"south": {"uv": [19, 24], "uv_size": [0.25, 2]},
								"west": {"uv": [19, 2], "uv_size": [0.75, 2]},
								"up": {"uv": [15, 28], "uv_size": [0.25, 0.75]},
								"down": {"uv": [28, 15.75], "uv_size": [0.25, -0.75]}
							}
						},
						{
							"origin": [0.09375, -1.73297, 8.25],
							"size": [0.1875, 2.11424, 0.625],
							"pivot": [0.125, -0.55085, 10.6875],
							"rotation": [0, 0, 90],
							"uv": {
								"north": {"uv": [20, 24], "uv_size": [0.25, 2]},
								"east": {"uv": [11, 19], "uv_size": [0.75, 2]},
								"south": {"uv": [21, 24], "uv_size": [0.25, 2]},
								"west": {"uv": [12, 19], "uv_size": [0.75, 2]},
								"up": {"uv": [16, 28], "uv_size": [0.25, 0.75]},
								"down": {"uv": [17, 28.75], "uv_size": [0.25, -0.75]}
							}
						},
						{
							"origin": [-0.625, -0.20226, 3.49502],
							"size": [0.9375, 2.36424, 0.1875],
							"inflate": -0.001,
							"pivot": [0, 0.97986, 5.74502],
							"rotation": [0, -45, 90],
							"uv": {
								"north": {"uv": [5, 17], "uv_size": [1, 2.25]},
								"up": {"uv": [27, 22], "uv_size": [1, 0.25]},
								"down": {"uv": [23, 27.25], "uv_size": [1, -0.25]}
							}
						},
						{
							"origin": [-0.4375, -0.20226, 3.68252],
							"size": [0.625, 2.36424, 0.1875],
							"inflate": -0.001,
							"pivot": [0, 0.97986, 5.74502],
							"rotation": [0, -45, 90],
							"uv": {
								"up": {"uv": [28, 17], "uv_size": [0.75, 0.25]},
								"down": {"uv": [28, 18.25], "uv_size": [0.75, -0.25]}
							}
						},
						{
							"origin": [-0.25, -0.20226, 3.87002],
							"size": [0.25, 2.36424, 0.125],
							"inflate": -0.001,
							"pivot": [0, 0.97986, 5.74502],
							"rotation": [0, -45, 90],
							"uv": {
								"up": {"uv": [14, 30], "uv_size": [0.25, 0.25]},
								"down": {"uv": [30, 14.25], "uv_size": [0.25, -0.25]}
							}
						},
						{
							"origin": [-0.39529, -2.5196, 8.3125],
							"size": [2.00296, 1.75, 0.45057],
							"pivot": [0, -1.6446, 8.1875],
							"rotation": [0, 7.5, 90],
							"uv": {
								"north": {"uv": [10, 4], "uv_size": [2, 1.75]},
								"east": {"uv": [15, 22], "uv_size": [0.5, 1.75]},
								"south": {"uv": [13, 10], "uv_size": [2, 1.75]},
								"west": {"uv": [22, 15], "uv_size": [0.5, 1.75]},
								"up": {"uv": [21, 3], "uv_size": [2, 0.5]},
								"down": {"uv": [21, 4.5], "uv_size": [2, -0.5]}
							}
						},
						{
							"origin": [-0.22455, -2.52111, 8.35576],
							"size": [1.875, 0.375, 0.45057],
							"inflate": -0.001,
							"pivot": [0.02545, -1.339, 8.58104],
							"rotation": [-1.30962, 7.38542, 79.91547],
							"uv": {
								"north": {"uv": [21, 5], "uv_size": [2, 0.5]},
								"south": {"uv": [21, 7], "uv_size": [2, 0.5]},
								"down": {"uv": [21, 8.5], "uv_size": [2, -0.5]}
							}
						},
						{
							"origin": [-1.65045, -2.52111, 8.35576],
							"size": [1.875, 0.375, 0.45057],
							"inflate": -0.001,
							"pivot": [-0.02545, -1.339, 8.58104],
							"rotation": [-1.30962, -7.38542, -79.91547],
							"uv": {
								"north": {"uv": [21, 10], "uv_size": [2, 0.5]},
								"south": {"uv": [21, 11], "uv_size": [2, 0.5]},
								"down": {"uv": [21, 17.5], "uv_size": [2, -0.5]}
							}
						},
						{
							"origin": [-0.25, -2.23267, 8.39373],
							"size": [0.5, 2.36424, 0.45057],
							"pivot": [0, -1.05056, 8.61901],
							"rotation": [0, 7.5, 90],
							"uv": {
								"north": {"uv": [18, 20], "uv_size": [0.5, 2.25]},
								"east": {"uv": [19, 20], "uv_size": [0.5, 2.25]},
								"south": {"uv": [20, 20], "uv_size": [0.5, 2.25]},
								"west": {"uv": [0, 21], "uv_size": [0.5, 2.25]},
								"up": {"uv": [27, 23], "uv_size": [0.5, 0.5]},
								"down": {"uv": [24, 27.5], "uv_size": [0.5, -0.5]}
							}
						},
						{
							"origin": [-0.94764, -5.03092, 7.54705],
							"size": [2.5, 1.36424, 0.45057],
							"pivot": [-0.09375, -4.44255, 7.77233],
							"rotation": [0, 25, 90],
							"uv": {
								"north": {"uv": [15, 7], "uv_size": [2.5, 1.25]},
								"south": {"uv": [15, 10], "uv_size": [2.5, 1.25]},
								"up": {"uv": [19, 16], "uv_size": [2.5, 0.5]},
								"down": {"uv": [17, 19.5], "uv_size": [2.5, -0.5]}
							}
						},
						{
							"origin": [-1.31726, -4.66668, 7.4533],
							"size": [2.1875, 0.625, 0.09375],
							"pivot": [-0.08837, -4.44255, 7.77233],
							"rotation": [0, 25, 90],
							"uv": {
								"north": {"uv": [18, 7], "uv_size": [2.25, 0.75]},
								"up": {"uv": [24, 4], "uv_size": [2.25, 0.25]},
								"down": {"uv": [24, 6.25], "uv_size": [2.25, -0.25]}
							}
						},
						{
							"origin": [-1.31726, -4.66668, 7.17205],
							"size": [2.1875, 0.625, 0.09375],
							"pivot": [-0.08837, -4.44255, 7.77233],
							"rotation": [0, 25, 90],
							"uv": {
								"north": {"uv": [18, 8], "uv_size": [2.25, 0.75]},
								"south": {"uv": [18, 10], "uv_size": [2.25, 0.75]},
								"up": {"uv": [24, 7], "uv_size": [2.25, 0.25]},
								"down": {"uv": [24, 8.25], "uv_size": [2.25, -0.25]}
							}
						},
						{
							"origin": [-1.31726, -4.66668, 7.2658],
							"size": [0.4375, 0.625, 0.1875],
							"pivot": [-0.08837, -4.44255, 7.77233],
							"rotation": [0, 25, 90],
							"uv": {
								"west": {"uv": [19, 28], "uv_size": [0.25, 0.75]},
								"up": {"uv": [7, 29], "uv_size": [0.5, 0.25]},
								"down": {"uv": [29, 7.25], "uv_size": [0.5, -0.25]}
							}
						},
						{
							"origin": [0.68274, -4.66668, 7.2658],
							"size": [0.1875, 0.625, 0.1875],
							"pivot": [-0.08837, -4.44255, 7.77233],
							"rotation": [0, 25, 90],
							"uv": {
								"east": {"uv": [28, 19], "uv_size": [0.25, 0.75]},
								"up": {"uv": [15, 30], "uv_size": [0.25, 0.25]},
								"down": {"uv": [30, 15.25], "uv_size": [0.25, -0.25]}
							}
						},
						{
							"origin": [-1.09375, -6.45468, 6.87069],
							"size": [0.9375, 0.625, 0.375],
							"inflate": -0.001,
							"pivot": [0, -6.14218, 7.05819],
							"rotation": [0, -2.5, 90],
							"uv": {
								"north": {"uv": [23, 0], "uv_size": [1, 0.75]},
								"up": {"uv": [22, 24], "uv_size": [1, 0.5]},
								"down": {"uv": [23, 24.5], "uv_size": [1, -0.5]}
							}
						},
						{
							"origin": [-1.21444, -4.27904, 7.42179],
							"size": [1.5625, 0.25, 0.45057],
							"inflate": -0.001,
							"pivot": [0.03556, -4.71116, 7.64707],
							"rotation": [3.48303, 24.77164, 98.26511],
							"uv": {
								"north": {"uv": [25, 21], "uv_size": [1.5, 0.25]},
								"south": {"uv": [22, 25], "uv_size": [1.5, 0.25]},
								"up": {"uv": [5, 23], "uv_size": [1.5, 0.5]}
							}
						},
						{
							"origin": [-0.34806, -4.27904, 7.42179],
							"size": [1.5625, 0.25, 0.45057],
							"inflate": -0.001,
							"pivot": [-0.03556, -4.71116, 7.64707],
							"rotation": [3.48303, -24.77164, -98.26511],
							"uv": {
								"north": {"uv": [25, 22], "uv_size": [1.5, 0.25]},
								"south": {"uv": [25, 23], "uv_size": [1.5, 0.25]},
								"up": {"uv": [23, 5], "uv_size": [1.5, 0.5]}
							}
						},
						{
							"origin": [1.55236, -4.78092, 7.54705],
							"size": [0.25, 0.86424, 0.45057],
							"pivot": [-0.09375, -4.44255, 7.77233],
							"rotation": [0, 25, 90],
							"uv": {
								"north": {"uv": [20, 28], "uv_size": [0.25, 0.75]},
								"south": {"uv": [28, 20], "uv_size": [0.25, 0.75]},
								"west": {"uv": [24, 25], "uv_size": [0.5, 0.75]}
							}
						},
						{
							"origin": [0.52428, -6.2493, 6.90928],
							"size": [0.25, 0.35355, 0.45057],
							"inflate": -0.001,
							"pivot": [0.64928, -5.81718, 7.16581],
							"rotation": [-18.2489, 17.38772, 42.18626],
							"uv": {
								"north": {"uv": [16, 30], "uv_size": [0.25, 0.25]},
								"south": {"uv": [30, 16], "uv_size": [0.25, 0.25]},
								"west": {"uv": [8, 29], "uv_size": [0.5, 0.25]}
							}
						},
						{
							"origin": [-0.77428, -6.2493, 6.90928],
							"size": [0.25, 0.35355, 0.45057],
							"inflate": -0.001,
							"pivot": [-0.64928, -5.81718, 7.16581],
							"rotation": [-18.2489, -17.38772, -42.18626],
							"uv": {
								"north": {"uv": [17, 30], "uv_size": [0.25, 0.25]},
								"east": {"uv": [29, 8], "uv_size": [0.5, 0.25]},
								"south": {"uv": [30, 17], "uv_size": [0.25, 0.25]}
							}
						},
						{
							"origin": [-1.44482, -5.2238, 7.54705],
							"size": [0.49717, 1.75, 0.45146],
							"inflate": -0.001,
							"pivot": [-0.09375, -4.44255, 7.77233],
							"rotation": [0, 25, 90],
							"uv": {
								"north": {"uv": [21, 22], "uv_size": [0.5, 1.75]},
								"south": {"uv": [22, 22], "uv_size": [0.5, 1.75]},
								"up": {"uv": [27, 24], "uv_size": [0.5, 0.5]},
								"down": {"uv": [25, 27.5], "uv_size": [0.5, -0.5]}
							}
						},
						{
							"origin": [-0.45401, -4.28583, 8.06128],
							"size": [0.31083, 1.75, 0.1875],
							"pivot": [-0.03125, -3.44208, 8.23885],
							"rotation": [0, -10, 90],
							"uv": {
								"north": {"uv": [25, 2], "uv_size": [0.25, 1.75]},
								"up": {"uv": [18, 30], "uv_size": [0.25, 0.25]},
								"down": {"uv": [30, 18.25], "uv_size": [0.25, -0.25]}
							}
						},
						{
							"origin": [0.93213, -1.08038, 4.375],
							"size": [0.875, 0.375, 2.25],
							"inflate": -0.001,
							"pivot": [1.02588, -0.83038, 3.3125],
							"rotation": [0, 0, 127.5],
							"uv": {
								"north": {"uv": [25, 24], "uv_size": [0.75, 0.5]},
								"south": {"uv": [25, 25], "uv_size": [0.75, 0.5]},
								"up": {"uv": [1, 18], "uv_size": [0.75, 2.25]}
							}
						},
						{
							"origin": [-0.375, 0.625, 0],
							"size": [0.75, 0.3125, 8.875],
							"uv": {
								"north": {"uv": [21, 28], "uv_size": [0.75, 0.25]},
								"south": {"uv": [28, 21], "uv_size": [0.75, 0.25]},
								"up": {"uv": [8, 7], "uv_size": [0.75, 9]}
							}
						},
						{
							"origin": [0.24491, 0.62343, 0],
							"size": [0.44194, 0.3125, 8.875],
							"inflate": -0.001,
							"pivot": [0.31185, 0.77968, 0.75],
							"rotation": [0, 0, 45],
							"uv": {
								"north": {"uv": [9, 29], "uv_size": [0.5, 0.25]},
								"south": {"uv": [29, 9], "uv_size": [0.5, 0.25]},
								"up": {"uv": [11, 10], "uv_size": [0.5, 9]}
							}
						},
						{
							"origin": [-0.68685, 0.62343, 0],
							"size": [0.44194, 0.3125, 8.875],
							"inflate": -0.001,
							"pivot": [-0.31185, 0.77968, 0.75],
							"rotation": [0, 0, -45],
							"uv": {
								"north": {"uv": [10, 29], "uv_size": [0.5, 0.25]},
								"south": {"uv": [29, 10], "uv_size": [0.5, 0.25]},
								"up": {"uv": [12, 10], "uv_size": [0.5, 9]}
							}
						}
					]
				},
				{
					"name": "bone36",
					"parent": "stock",
					"pivot": [1.46789, -0.38299, 4.7032],
					"cubes": [
						{
							"origin": [-1.40425, 0.61486, 1.875],
							"size": [0.5625, 0.125, 3.8125],
							"pivot": [-0.65425, 0.67736, 3.40625],
							"rotation": [0, 0, -52.5],
							"uv": {
								"east": {"uv": [22, 12], "uv_size": [3.75, 0.25]},
								"up": {"uv": [9, 17], "uv_size": [0.5, 3.75]}
							}
						},
						{
							"origin": [-0.84175, 0.61486, 0.5625],
							"size": [0.625, 0.125, 5.6875],
							"pivot": [-0.65425, 0.67736, 3.40625],
							"rotation": [0, 0, -52.5],
							"uv": {
								"north": {"uv": [22, 28], "uv_size": [0.75, 0.25]},
								"south": {"uv": [28, 22], "uv_size": [0.75, 0.25]},
								"up": {"uv": [12, 1], "uv_size": [0.75, 5.75]}
							}
						},
						{
							"origin": [-0.774, 0.81615, 0.70968],
							"size": [0.5625, 0.125, 1.42796],
							"inflate": -0.001,
							"pivot": [-0.49979, 0.87865, 0.23018],
							"rotation": [0, -23.25, -52.5],
							"uv": {
								"east": {"uv": [26, 0], "uv_size": [1.5, 0.25]},
								"up": {"uv": [7, 23], "uv_size": [0.5, 1.5]}
							}
						},
						{
							"origin": [-1.74914, -0.44549, 5.81396],
							"size": [0.5625, 0.125, 0.7955],
							"inflate": -0.001,
							"pivot": [-1.46789, -0.38299, 4.7032],
							"rotation": [0, 45, -52.5],
							"uv": {
								"east": {"uv": [23, 28], "uv_size": [0.75, 0.25]},
								"up": {"uv": [1, 26], "uv_size": [0.5, 0.75]}
							}
						},
						{
							"origin": [-0.4375, 0.9375, 0.5625],
							"size": [0.875, 0.125, 5.6875],
							"inflate": -0.001,
							"uv": {
								"north": {"uv": [27, 25], "uv_size": [1, 0.25]},
								"south": {"uv": [26, 27], "uv_size": [1, 0.25]},
								"up": {"uv": [9, 0], "uv_size": [1, 5.75]}
							}
						},
						{
							"origin": [0.21675, 0.61486, 0.5625],
							"size": [0.625, 0.125, 5.6875],
							"pivot": [0.65425, 0.67736, 3.40625],
							"rotation": [0, 0, 52.5],
							"uv": {
								"north": {"uv": [28, 23], "uv_size": [0.75, 0.25]},
								"south": {"uv": [24, 28], "uv_size": [0.75, 0.25]},
								"up": {"uv": [0, 13], "uv_size": [0.75, 5.75]}
							}
						},
						{
							"origin": [0.2115, 0.81615, 0.70968],
							"size": [0.5625, 0.125, 1.42796],
							"inflate": -0.001,
							"pivot": [0.49979, 0.87865, 0.23018],
							"rotation": [0, 23.25, 52.5],
							"uv": {
								"west": {"uv": [26, 1], "uv_size": [1.5, 0.25]},
								"up": {"uv": [23, 7], "uv_size": [0.5, 1.5]}
							}
						},
						{
							"origin": [0.84175, 0.61486, 1.875],
							"size": [0.5625, 0.125, 3.8125],
							"pivot": [0.65425, 0.67736, 3.40625],
							"rotation": [0, 0, 52.5],
							"uv": {
								"west": {"uv": [22, 13], "uv_size": [3.75, 0.25]},
								"up": {"uv": [10, 17], "uv_size": [0.5, 3.75]}
							}
						},
						{
							"origin": [1.18664, -0.44549, 5.81396],
							"size": [0.5625, 0.125, 0.7955],
							"inflate": -0.001,
							"pivot": [1.46789, -0.38299, 4.7032],
							"rotation": [0, -45, 52.5],
							"uv": {
								"west": {"uv": [28, 24], "uv_size": [0.75, 0.25]},
								"up": {"uv": [26, 2], "uv_size": [0.5, 0.75]}
							}
						}
					]
				},
				{
					"name": "bone37",
					"parent": "stock",
					"pivot": [0, -9.3125, -3.0625],
					"cubes": [
						{
							"origin": [0.30741, 0.68593, 8.875],
							"size": [0.44194, 0.3125, 0.4375],
							"inflate": -0.001,
							"pivot": [0.37435, 0.84218, 1.1875],
							"rotation": [0, 0, 45],
							"uv": {
								"north": {"uv": [11, 29], "uv_size": [0.5, 0.25]},
								"south": {"uv": [29, 11], "uv_size": [0.5, 0.25]},
								"up": {"uv": [27, 26], "uv_size": [0.5, 0.5]}
							}
						},
						{
							"origin": [-0.4375, 0.6875, 8.875],
							"size": [0.875, 0.3125, 0.4375],
							"uv": {
								"north": {"uv": [27, 27], "uv_size": [1, 0.25]},
								"south": {"uv": [0, 28], "uv_size": [1, 0.25]},
								"up": {"uv": [24, 24], "uv_size": [1, 0.5]}
							}
						},
						{
							"origin": [-0.74935, 0.68593, 8.875],
							"size": [0.44194, 0.3125, 0.4375],
							"inflate": -0.001,
							"pivot": [-0.37435, 0.84218, 1.1875],
							"rotation": [0, 0, -45],
							"uv": {
								"north": {"uv": [12, 29], "uv_size": [0.5, 0.25]},
								"south": {"uv": [29, 12], "uv_size": [0.5, 0.25]},
								"up": {"uv": [28, 0], "uv_size": [0.5, 0.5]}
							}
						},
						{
							"origin": [-0.42579, 0.06999, 8.875],
							"size": [0.8125, 0.5, 0.4375],
							"inflate": -0.001,
							"pivot": [-0.30079, -0.52376, 3.75],
							"rotation": [0, 0, -52.5],
							"uv": {
								"north": {"uv": [3, 26], "uv_size": [0.75, 0.5]},
								"south": {"uv": [26, 3], "uv_size": [0.75, 0.5]},
								"up": {"uv": [4, 26], "uv_size": [0.75, 0.5]},
								"down": {"uv": [26, 5.5], "uv_size": [0.75, -0.5]}
							}
						},
						{
							"origin": [-0.75, 0.03125, 8.875],
							"size": [1.5, 0.65625, 0.4375],
							"uv": {
								"north": {"uv": [20, 12], "uv_size": [1.5, 0.75]},
								"east": {"uv": [6, 26], "uv_size": [0.5, 0.75]},
								"south": {"uv": [21, 0], "uv_size": [1.5, 0.75]},
								"west": {"uv": [7, 26], "uv_size": [0.5, 0.75]},
								"up": {"uv": [23, 10], "uv_size": [1.5, 0.5]},
								"down": {"uv": [23, 11.5], "uv_size": [1.5, -0.5]}
							}
						},
						{
							"origin": [-0.38671, 0.06999, 8.875],
							"size": [0.8125, 0.5, 0.4375],
							"inflate": -0.001,
							"pivot": [0.30079, -0.52376, 3.75],
							"rotation": [0, 0, 52.5],
							"uv": {
								"north": {"uv": [8, 26], "uv_size": [0.75, 0.5]},
								"south": {"uv": [9, 26], "uv_size": [0.75, 0.5]},
								"up": {"uv": [10, 26], "uv_size": [0.75, 0.5]},
								"down": {"uv": [26, 10.5], "uv_size": [0.75, -0.5]}
							}
						},
						{
							"origin": [-0.71875, -2.42047, 8.875],
							"size": [0.625, 2.48924, 0.4375],
							"pivot": [0.125, -1.05085, 3.75],
							"rotation": [0, 0, 90],
							"uv": {
								"north": {"uv": [17, 13], "uv_size": [0.75, 2.5]},
								"east": {"uv": [20, 0], "uv_size": [0.5, 2.5]},
								"south": {"uv": [15, 17], "uv_size": [0.75, 2.5]},
								"west": {"uv": [3, 20], "uv_size": [0.5, 2.5]},
								"up": {"uv": [11, 26], "uv_size": [0.75, 0.5]},
								"down": {"uv": [26, 11.5], "uv_size": [0.75, -0.5]}
							}
						},
						{
							"origin": [0.58837, -2.72759, 8.875],
							"size": [0.25, 2.48924, 0.4375],
							"pivot": [1.05712, -0.42585, 3.75],
							"rotation": [0, 0, 90],
							"uv": {
								"north": {"uv": [17, 23], "uv_size": [0.25, 2.5]},
								"south": {"uv": [18, 23], "uv_size": [0.25, 2.5]},
								"up": {"uv": [13, 29], "uv_size": [0.25, 0.5]},
								"down": {"uv": [29, 13.5], "uv_size": [0.25, -0.5]}
							}
						},
						{
							"origin": [-0.25, -2.29517, 8.8443],
							"size": [0.5, 2.48924, 0.4375],
							"pivot": [0, -1.05056, 9.05651],
							"rotation": [0, 7.5, 90],
							"uv": {
								"north": {"uv": [20, 3], "uv_size": [0.5, 2.5]},
								"east": {"uv": [5, 20], "uv_size": [0.5, 2.5]},
								"south": {"uv": [6, 20], "uv_size": [0.5, 2.5]},
								"west": {"uv": [7, 20], "uv_size": [0.5, 2.5]},
								"up": {"uv": [1, 28], "uv_size": [0.5, 0.5]},
								"down": {"uv": [28, 1.5], "uv_size": [0.5, -0.5]}
							}
						},
						{
							"origin": [-1.58795, -2.52111, 8.80632],
							"size": [1.875, 0.375, 0.4375],
							"pivot": [0.03705, -1.339, 9.01854],
							"rotation": [-1.30962, -7.38542, -79.91547],
							"uv": {
								"north": {"uv": [21, 18], "uv_size": [2, 0.5]},
								"south": {"uv": [21, 19], "uv_size": [2, 0.5]},
								"down": {"uv": [21, 20.5], "uv_size": [2, -0.5]}
							}
						},
						{
							"origin": [-0.39529, -2.5821, 8.76307],
							"size": [2.12796, 1.875, 0.4375],
							"pivot": [0, -1.6446, 8.625],
							"rotation": [0, 7.5, 90],
							"uv": {
								"north": {"uv": [13, 3], "uv_size": [2.25, 1.75]},
								"east": {"uv": [3, 23], "uv_size": [0.5, 1.75]},
								"south": {"uv": [13, 5], "uv_size": [2.25, 1.75]},
								"west": {"uv": [23, 3], "uv_size": [0.5, 1.75]},
								"up": {"uv": [21, 1], "uv_size": [2.25, 0.5]},
								"down": {"uv": [21, 2.5], "uv_size": [2.25, -0.5]}
							}
						},
						{
							"origin": [-0.28705, -2.52111, 8.80632],
							"size": [1.875, 0.375, 0.4375],
							"pivot": [-0.03705, -1.339, 9.01854],
							"rotation": [-1.30962, 7.38542, 79.91547],
							"uv": {
								"north": {"uv": [21, 21], "uv_size": [2, 0.5]},
								"south": {"uv": [22, 6], "uv_size": [2, 0.5]},
								"down": {"uv": [22, 9.5], "uv_size": [2, -0.5]}
							}
						},
						{
							"origin": [-1.44482, -5.41023, 7.98219],
							"size": [0.49717, 1.875, 0.4375],
							"pivot": [-0.09375, -4.56648, 8.19351],
							"rotation": [0, 25, 90],
							"uv": {
								"north": {"uv": [12, 21], "uv_size": [0.5, 2]},
								"south": {"uv": [2, 22], "uv_size": [0.5, 2]},
								"up": {"uv": [2, 28], "uv_size": [0.5, 0.5]},
								"down": {"uv": [28, 2.5], "uv_size": [0.5, -0.5]}
							}
						},
						{
							"origin": [-0.94764, -5.21735, 7.9813],
							"size": [2.625, 1.48924, 0.4375],
							"pivot": [-0.09375, -4.56648, 8.19351],
							"rotation": [0, 25, 90],
							"uv": {
								"north": {"uv": [12, 7], "uv_size": [2.75, 1.5]},
								"south": {"uv": [13, 1], "uv_size": [2.75, 1.5]},
								"up": {"uv": [19, 14], "uv_size": [2.75, 0.5]},
								"down": {"uv": [19, 15.5], "uv_size": [2.75, -0.5]}
							}
						},
						{
							"origin": [-1.15194, -4.40297, 7.85604],
							"size": [1.5625, 0.25, 0.4375],
							"inflate": -0.001,
							"pivot": [0.09806, -4.83509, 8.06826],
							"rotation": [3.48303, 24.77164, 98.26511],
							"uv": {
								"north": {"uv": [12, 26], "uv_size": [1.5, 0.25]},
								"south": {"uv": [26, 12], "uv_size": [1.5, 0.25]},
								"up": {"uv": [12, 23], "uv_size": [1.5, 0.5]}
							}
						},
						{
							"origin": [-0.41056, -4.40297, 7.85604],
							"size": [1.5625, 0.25, 0.4375],
							"inflate": -0.001,
							"pivot": [-0.09806, -4.83509, 8.06826],
							"rotation": [3.48303, -24.77164, -98.26511],
							"uv": {
								"north": {"uv": [26, 13], "uv_size": [1.5, 0.25]},
								"south": {"uv": [14, 26], "uv_size": [1.5, 0.25]},
								"up": {"uv": [23, 15], "uv_size": [1.5, 0.5]}
							}
						},
						{
							"origin": [0.58678, -6.48651, 7.2907],
							"size": [0.25, 0.35355, 0.4375],
							"inflate": -0.001,
							"pivot": [0.71178, -6.0544, 7.53417],
							"rotation": [-18.2489, 17.38772, 42.18626],
							"uv": {
								"north": {"uv": [19, 30], "uv_size": [0.25, 0.25]},
								"south": {"uv": [30, 19], "uv_size": [0.25, 0.25]},
								"west": {"uv": [14, 29], "uv_size": [0.5, 0.25]}
							}
						},
						{
							"origin": [1.55236, -5.08063, 7.92847],
							"size": [0.25, 0.98924, 0.4375],
							"pivot": [-0.09375, -4.67977, 8.14069],
							"rotation": [0, 25, 90],
							"uv": {
								"north": {"uv": [28, 3], "uv_size": [0.25, 1]},
								"south": {"uv": [4, 28], "uv_size": [0.25, 1]},
								"west": {"uv": [25, 1], "uv_size": [0.5, 1]}
							}
						},
						{
							"origin": [-0.83678, -6.48651, 7.2907],
							"size": [0.25, 0.35355, 0.4375],
							"inflate": -0.001,
							"pivot": [-0.71178, -6.0544, 7.53417],
							"rotation": [-18.2489, -17.38772, -42.18626],
							"uv": {
								"north": {"uv": [20, 30], "uv_size": [0.25, 0.25]},
								"east": {"uv": [29, 14], "uv_size": [0.5, 0.25]},
								"south": {"uv": [30, 20], "uv_size": [0.25, 0.25]}
							}
						}
					]
				},
				{
					"name": "bone38",
					"parent": "stock",
					"pivot": [0, -9.3125, -3.5],
					"cubes": [
						{
							"origin": [-0.5, -2.5, 0.625],
							"size": [1, 0.125, 2.25],
							"uv": {
								"north": {"uv": [5, 28], "uv_size": [1, 0.25]},
								"east": {"uv": [24, 9], "uv_size": [2.25, 0.25]},
								"south": {"uv": [28, 5], "uv_size": [1, 0.25]},
								"west": {"uv": [24, 14], "uv_size": [2.25, 0.25]},
								"up": {"uv": [6, 17], "uv_size": [1, 2.25]},
								"down": {"uv": [7, 19.25], "uv_size": [1, -2.25]}
							}
						},
						{
							"origin": [-0.5, -2.5, 3.25],
							"size": [1, 0.125, 1.3125],
							"uv": {
								"north": {"uv": [6, 28], "uv_size": [1, 0.25]},
								"east": {"uv": [4, 27], "uv_size": [1.25, 0.25]},
								"south": {"uv": [28, 6], "uv_size": [1, 0.25]},
								"west": {"uv": [27, 4], "uv_size": [1.25, 0.25]},
								"up": {"uv": [19, 17], "uv_size": [1, 1.25]},
								"down": {"uv": [15, 21.25], "uv_size": [1, -1.25]}
							}
						},
						{
							"origin": [-0.375, -2.375, 3.1875],
							"size": [0.0625, 0.1875, 1.375],
							"uv": {
								"east": {"uv": [26, 15], "uv_size": [1.5, 0.25]},
								"south": {"uv": [21, 30], "uv_size": [0.25, 0.25]},
								"west": {"uv": [16, 26], "uv_size": [1.5, 0.25]},
								"down": {"uv": [26, 17.5], "uv_size": [0.25, -1.5]}
							}
						},
						{
							"origin": [-0.375, -1.91632, 2.78466],
							"size": [0.0625, 0.1875, 0.6705],
							"inflate": -0.001,
							"pivot": [-0.34375, -1.82257, 2.76766],
							"rotation": [-45, 0, 0],
							"uv": {
								"north": {"uv": [30, 21], "uv_size": [0.25, 0.25]},
								"east": {"uv": [25, 28], "uv_size": [0.75, 0.25]},
								"west": {"uv": [28, 25], "uv_size": [0.75, 0.25]},
								"up": {"uv": [26, 28], "uv_size": [0.25, 0.75]},
								"down": {"uv": [28, 26.75], "uv_size": [0.25, -0.75]}
							}
						},
						{
							"origin": [-0.375, -2.8274, 4.08016],
							"size": [0.0625, 0.61872, 0.3125],
							"inflate": -0.001,
							"pivot": [-0.34375, -2.30243, 3.70516],
							"rotation": [45, 0, 0],
							"uv": {
								"east": {"uv": [15, 29], "uv_size": [0.25, 0.5]},
								"south": {"uv": [29, 15], "uv_size": [0.25, 0.5]},
								"west": {"uv": [16, 29], "uv_size": [0.25, 0.5]}
							}
						},
						{
							"origin": [-0.375, -2.1875, 3],
							"size": [0.0625, 0.4375, 1.125],
							"uv": {
								"east": {"uv": [23, 18], "uv_size": [1.25, 0.5]},
								"west": {"uv": [19, 23], "uv_size": [1.25, 0.5]},
								"up": {"uv": [27, 5], "uv_size": [0.25, 1.25]}
							}
						},
						{
							"origin": [0.69508, -1.875, 2.78975],
							"size": [0.0625, 0.28033, 0.125],
							"inflate": -0.001,
							"pivot": [0.72633, -1.8125, 2.22725],
							"rotation": [45, 0, 0],
							"uv": {
								"east": {"uv": [22, 30], "uv_size": [0.25, 0.25]},
								"west": {"uv": [30, 22], "uv_size": [0.25, 0.25]}
							}
						},
						{
							"origin": [0.69508, -2, 2.60225],
							"size": [0.0625, 0.53033, 0.1875],
							"inflate": -0.001,
							"pivot": [0.72633, -1.8125, 2.22725],
							"rotation": [45, 0, 0],
							"uv": {
								"north": {"uv": [29, 16], "uv_size": [0.25, 0.5]},
								"east": {"uv": [17, 29], "uv_size": [0.25, 0.5]},
								"west": {"uv": [29, 17], "uv_size": [0.25, 0.5]}
							}
						},
						{
							"origin": [0.69508, -1.75758, 3.59467],
							"size": [0.0625, 0.26517, 0.1875],
							"inflate": -0.001,
							"pivot": [0.72633, -1.57008, 3.21967],
							"rotation": [45, 0, 0],
							"uv": {
								"east": {"uv": [23, 30], "uv_size": [0.25, 0.25]},
								"south": {"uv": [30, 23], "uv_size": [0.25, 0.25]},
								"west": {"uv": [24, 30], "uv_size": [0.25, 0.25]}
							}
						},
						{
							"origin": [0.69508, -1.30492, 2.25],
							"size": [0.0625, 0.1875, 1.3125],
							"uv": {
								"north": {"uv": [30, 24], "uv_size": [0.25, 0.25]},
								"east": {"uv": [6, 27], "uv_size": [1.25, 0.25]},
								"west": {"uv": [27, 7], "uv_size": [1.25, 0.25]},
								"up": {"uv": [8, 27], "uv_size": [0.25, 1.25]}
							}
						},
						{
							"origin": [0.69508, -1.67992, 2.625],
							"size": [0.0625, 0.375, 1.125],
							"uv": {
								"east": {"uv": [23, 19], "uv_size": [1.25, 0.5]},
								"south": {"uv": [18, 29], "uv_size": [0.25, 0.5]},
								"west": {"uv": [23, 20], "uv_size": [1.25, 0.5]}
							}
						},
						{
							"origin": [0.5625, -2, 2.625],
							"size": [0.0625, 0.25, 1.125],
							"pivot": [0.59375, -1.78125, 3.5625],
							"rotation": [0, 0, 90],
							"uv": {
								"north": {"uv": [25, 30], "uv_size": [0.25, 0.25]},
								"east": {"uv": [27, 8], "uv_size": [1.25, 0.25]},
								"south": {"uv": [30, 25], "uv_size": [0.25, 0.25]},
								"west": {"uv": [9, 27], "uv_size": [1.25, 0.25]}
							}
						},
						{
							"origin": [0.68214, -1.83617, 2.625],
							"size": [0.0625, 0.1875, 1.125],
							"inflate": 0.001,
							"pivot": [0.71339, -1.67992, 3.375],
							"rotation": [0, 0, 45],
							"uv": {
								"north": {"uv": [26, 30], "uv_size": [0.25, 0.25]},
								"east": {"uv": [27, 9], "uv_size": [1.25, 0.25]},
								"south": {"uv": [30, 26], "uv_size": [0.25, 0.25]},
								"west": {"uv": [27, 10], "uv_size": [1.25, 0.25]}
							}
						},
						{
							"origin": [0.3125, -1.9375, 2.625],
							"size": [0.0625, 0.1875, 0.375],
							"inflate": 0.001,
							"uv": {
								"north": {"uv": [27, 30], "uv_size": [0.25, 0.25]},
								"east": {"uv": [29, 18], "uv_size": [0.5, 0.25]},
								"west": {"uv": [19, 29], "uv_size": [0.5, 0.25]},
								"up": {"uv": [29, 19], "uv_size": [0.25, 0.5]},
								"down": {"uv": [20, 29.5], "uv_size": [0.25, -0.5]}
							}
						},
						{
							"origin": [0.3125, -1.91632, 2.78466],
							"size": [0.0625, 0.1875, 0.6705],
							"inflate": -0.001,
							"pivot": [0.34375, -1.82257, 2.76766],
							"rotation": [-45, 0, 0],
							"uv": {
								"north": {"uv": [30, 27], "uv_size": [0.25, 0.25]},
								"east": {"uv": [27, 28], "uv_size": [0.75, 0.25]},
								"west": {"uv": [28, 27], "uv_size": [0.75, 0.25]},
								"up": {"uv": [28, 28], "uv_size": [0.25, 0.75]},
								"down": {"uv": [0, 29.75], "uv_size": [0.25, -0.75]}
							}
						},
						{
							"origin": [0.3125, -2.375, 3.1875],
							"size": [0.0625, 0.1875, 1.375],
							"uv": {
								"east": {"uv": [18, 26], "uv_size": [1.5, 0.25]},
								"south": {"uv": [28, 30], "uv_size": [0.25, 0.25]},
								"west": {"uv": [26, 18], "uv_size": [1.5, 0.25]},
								"down": {"uv": [26, 20.5], "uv_size": [0.25, -1.5]}
							}
						},
						{
							"origin": [0.3125, -2.8274, 4.08016],
							"size": [0.0625, 0.61872, 0.3125],
							"inflate": -0.001,
							"pivot": [0.34375, -2.30243, 3.70516],
							"rotation": [45, 0, 0],
							"uv": {
								"east": {"uv": [29, 20], "uv_size": [0.25, 0.5]},
								"south": {"uv": [21, 29], "uv_size": [0.25, 0.5]},
								"west": {"uv": [29, 21], "uv_size": [0.25, 0.5]}
							}
						},
						{
							"origin": [0.3125, -2.1875, 3],
							"size": [0.0625, 0.4375, 1.125],
							"uv": {
								"east": {"uv": [23, 21], "uv_size": [1.25, 0.5]},
								"west": {"uv": [23, 22], "uv_size": [1.25, 0.5]},
								"up": {"uv": [11, 27], "uv_size": [0.25, 1.25]}
							}
						},
						{
							"origin": [-0.375, -1.9375, 2.625],
							"size": [0.0625, 0.1875, 0.375],
							"inflate": 0.001,
							"uv": {
								"north": {"uv": [30, 28], "uv_size": [0.25, 0.25]},
								"east": {"uv": [22, 29], "uv_size": [0.5, 0.25]},
								"west": {"uv": [29, 22], "uv_size": [0.5, 0.25]},
								"up": {"uv": [23, 29], "uv_size": [0.25, 0.5]},
								"down": {"uv": [29, 23.5], "uv_size": [0.25, -0.5]}
							}
						},
						{
							"origin": [-0.375, -1.8125, 2.625],
							"size": [0.0625, 0.0625, 0.375],
							"uv": {
								"north": {"uv": [29, 30], "uv_size": [0.25, 0.25]},
								"east": {"uv": [24, 29], "uv_size": [0.5, 0.25]},
								"west": {"uv": [29, 24], "uv_size": [0.5, 0.25]},
								"up": {"uv": [25, 29], "uv_size": [0.25, 0.5]}
							}
						},
						{
							"origin": [-0.625, -2, 2.625],
							"size": [0.0625, 0.25, 1.125],
							"pivot": [-0.59375, -1.78125, 3.5625],
							"rotation": [0, 0, -90],
							"uv": {
								"north": {"uv": [30, 29], "uv_size": [0.25, 0.25]},
								"east": {"uv": [27, 11], "uv_size": [1.25, 0.25]},
								"south": {"uv": [30, 30], "uv_size": [0.25, 0.25]},
								"west": {"uv": [12, 27], "uv_size": [1.25, 0.25]}
							}
						},
						{
							"origin": [-0.74464, -1.83617, 2.625],
							"size": [0.0625, 0.1875, 1.125],
							"inflate": 0.001,
							"pivot": [-0.71339, -1.67992, 3.375],
							"rotation": [0, 0, -45],
							"uv": {
								"north": {"uv": [0, 31], "uv_size": [0.25, 0.25]},
								"east": {"uv": [14, 27], "uv_size": [1.25, 0.25]},
								"south": {"uv": [31, 0], "uv_size": [0.25, 0.25]},
								"west": {"uv": [27, 14], "uv_size": [1.25, 0.25]}
							}
						},
						{
							"origin": [-0.75758, -1.67992, 2.625],
							"size": [0.0625, 0.375, 1.125],
							"uv": {
								"east": {"uv": [23, 23], "uv_size": [1.25, 0.5]},
								"south": {"uv": [29, 25], "uv_size": [0.25, 0.5]},
								"west": {"uv": [24, 0], "uv_size": [1.25, 0.5]}
							}
						},
						{
							"origin": [-0.75758, -1.75758, 3.59467],
							"size": [0.0625, 0.26517, 0.1875],
							"inflate": -0.001,
							"pivot": [-0.72633, -1.57008, 3.21967],
							"rotation": [45, 0, 0],
							"uv": {
								"east": {"uv": [1, 31], "uv_size": [0.25, 0.25]},
								"south": {"uv": [31, 1], "uv_size": [0.25, 0.25]},
								"west": {"uv": [2, 31], "uv_size": [0.25, 0.25]}
							}
						},
						{
							"origin": [-0.75758, -2, 2.60225],
							"size": [0.0625, 0.53033, 0.1875],
							"inflate": -0.001,
							"pivot": [-0.72633, -1.8125, 2.22725],
							"rotation": [45, 0, 0],
							"uv": {
								"north": {"uv": [26, 29], "uv_size": [0.25, 0.5]},
								"east": {"uv": [29, 26], "uv_size": [0.25, 0.5]},
								"west": {"uv": [27, 29], "uv_size": [0.25, 0.5]}
							}
						},
						{
							"origin": [-0.75758, -1.875, 2.78975],
							"size": [0.0625, 0.28033, 0.125],
							"inflate": -0.001,
							"pivot": [-0.72633, -1.8125, 2.22725],
							"rotation": [45, 0, 0],
							"uv": {
								"east": {"uv": [31, 2], "uv_size": [0.25, 0.25]},
								"west": {"uv": [3, 31], "uv_size": [0.25, 0.25]}
							}
						},
						{
							"origin": [-0.75758, -1.30492, 2.25],
							"size": [0.0625, 0.1875, 1.3125],
							"uv": {
								"north": {"uv": [31, 3], "uv_size": [0.25, 0.25]},
								"east": {"uv": [16, 27], "uv_size": [1.25, 0.25]},
								"west": {"uv": [27, 16], "uv_size": [1.25, 0.25]},
								"up": {"uv": [18, 27], "uv_size": [0.25, 1.25]}
							}
						},
						{
							"origin": [-0.25, -2.375, 0.625],
							"size": [0.125, 0.6875, 3.125],
							"inflate": -0.001,
							"uv": {
								"north": {"uv": [29, 0], "uv_size": [0.25, 0.75]},
								"east": {"uv": [4, 16], "uv_size": [3.25, 0.75]},
								"south": {"uv": [1, 29], "uv_size": [0.25, 0.75]},
								"west": {"uv": [16, 5], "uv_size": [3.25, 0.75]}
							}
						},
						{
							"origin": [-0.5625, -2.375, 1.125],
							"size": [0.3125, 0.8125, 0.4375],
							"uv": {
								"east": {"uv": [20, 26], "uv_size": [0.5, 0.75]},
								"up": {"uv": [29, 27], "uv_size": [0.25, 0.5]},
								"down": {"uv": [28, 29.5], "uv_size": [0.25, -0.5]}
							}
						},
						{
							"origin": [-0.375, -2.375, 2.125],
							"size": [0.125, 0.6875, 0.375],
							"uv": {
								"east": {"uv": [21, 26], "uv_size": [0.5, 0.75]},
								"up": {"uv": [29, 28], "uv_size": [0.25, 0.5]},
								"down": {"uv": [29, 29.5], "uv_size": [0.25, -0.5]}
							}
						},
						{
							"origin": [-0.26072, -2.375, 2.40089],
							"size": [0.125, 0.6875, 0.375],
							"inflate": -0.001,
							"pivot": [-0.19822, -2.03125, 2.58839],
							"rotation": [0, 45, 0],
							"uv": {
								"east": {"uv": [22, 26], "uv_size": [0.5, 0.75]},
								"up": {"uv": [0, 30], "uv_size": [0.25, 0.5]},
								"down": {"uv": [30, 0.5], "uv_size": [0.25, -0.5]}
							}
						},
						{
							"origin": [-0.26072, -2.375, 1.84911],
							"size": [0.125, 0.6875, 0.375],
							"inflate": -0.001,
							"pivot": [-0.19822, -2.03125, 2.03661],
							"rotation": [0, -45, 0],
							"uv": {
								"east": {"uv": [23, 26], "uv_size": [0.5, 0.75]},
								"up": {"uv": [1, 30], "uv_size": [0.25, 0.5]},
								"down": {"uv": [30, 1.5], "uv_size": [0.25, -0.5]}
							}
						},
						{
							"origin": [0.13572, -2.375, 2.40089],
							"size": [0.125, 0.6875, 0.375],
							"inflate": -0.001,
							"pivot": [0.19822, -2.03125, 2.58839],
							"rotation": [0, -45, 0],
							"uv": {
								"west": {"uv": [24, 26], "uv_size": [0.5, 0.75]},
								"up": {"uv": [2, 30], "uv_size": [0.25, 0.5]},
								"down": {"uv": [30, 2.5], "uv_size": [0.25, -0.5]}
							}
						},
						{
							"origin": [0.25, -2.375, 2.125],
							"size": [0.125, 0.6875, 0.375],
							"uv": {
								"west": {"uv": [26, 24], "uv_size": [0.5, 0.75]},
								"up": {"uv": [3, 30], "uv_size": [0.25, 0.5]},
								"down": {"uv": [30, 3.5], "uv_size": [0.25, -0.5]}
							}
						},
						{
							"origin": [0.13572, -2.375, 1.84911],
							"size": [0.125, 0.6875, 0.375],
							"inflate": -0.001,
							"pivot": [0.19822, -2.03125, 2.03661],
							"rotation": [0, 45, 0],
							"uv": {
								"west": {"uv": [25, 26], "uv_size": [0.5, 0.75]},
								"up": {"uv": [4, 30], "uv_size": [0.25, 0.5]},
								"down": {"uv": [30, 4.5], "uv_size": [0.25, -0.5]}
							}
						},
						{
							"origin": [-0.45358, -2.375, 1.38794],
							"size": [0.3125, 0.8125, 0.4375],
							"inflate": -0.001,
							"pivot": [-0.29733, -1.96875, 1.60669],
							"rotation": [0, 45, 0],
							"uv": {
								"east": {"uv": [26, 25], "uv_size": [0.5, 0.75]},
								"up": {"uv": [5, 30], "uv_size": [0.25, 0.5]},
								"down": {"uv": [30, 5.5], "uv_size": [0.25, -0.5]}
							}
						},
						{
							"origin": [-0.45358, -2.375, 0.86206],
							"size": [0.3125, 0.8125, 0.4375],
							"inflate": -0.001,
							"pivot": [-0.29733, -1.96875, 1.08081],
							"rotation": [0, -45, 0],
							"uv": {
								"east": {"uv": [26, 26], "uv_size": [0.5, 0.75]},
								"up": {"uv": [6, 30], "uv_size": [0.25, 0.5]},
								"down": {"uv": [30, 6.5], "uv_size": [0.25, -0.5]}
							}
						},
						{
							"origin": [0.14108, -2.375, 1.38794],
							"size": [0.3125, 0.8125, 0.4375],
							"inflate": -0.001,
							"pivot": [0.29733, -1.96875, 1.60669],
							"rotation": [0, -45, 0],
							"uv": {
								"west": {"uv": [0, 27], "uv_size": [0.5, 0.75]},
								"up": {"uv": [7, 30], "uv_size": [0.25, 0.5]},
								"down": {"uv": [30, 7.5], "uv_size": [0.25, -0.5]}
							}
						},
						{
							"origin": [0.25, -2.375, 1.125],
							"size": [0.3125, 0.8125, 0.4375],
							"uv": {
								"west": {"uv": [1, 27], "uv_size": [0.5, 0.75]},
								"up": {"uv": [8, 30], "uv_size": [0.25, 0.5]},
								"down": {"uv": [30, 8.5], "uv_size": [0.25, -0.5]}
							}
						},
						{
							"origin": [0.14108, -2.375, 0.86206],
							"size": [0.3125, 0.8125, 0.4375],
							"inflate": -0.001,
							"pivot": [0.29733, -1.96875, 1.08081],
							"rotation": [0, 45, 0],
							"uv": {
								"west": {"uv": [2, 27], "uv_size": [0.5, 0.75]},
								"up": {"uv": [9, 30], "uv_size": [0.25, 0.5]},
								"down": {"uv": [30, 9.5], "uv_size": [0.25, -0.5]}
							}
						},
						{
							"origin": [0.125, -2.375, 0.625],
							"size": [0.125, 0.6875, 3.125],
							"uv": {
								"north": {"uv": [29, 1], "uv_size": [0.25, 0.75]},
								"east": {"uv": [16, 6], "uv_size": [3.25, 0.75]},
								"south": {"uv": [2, 29], "uv_size": [0.25, 0.75]},
								"west": {"uv": [16, 9], "uv_size": [3.25, 0.75]}
							}
						},
						{
							"origin": [-0.125, -2.375, 0.75],
							"size": [0.25, 0.75, 2.6875],
							"uv": {
								"north": {"uv": [29, 2], "uv_size": [0.25, 0.75]},
								"east": {"uv": [17, 4], "uv_size": [2.75, 0.75]},
								"west": {"uv": [17, 12], "uv_size": [2.75, 0.75]},
								"down": {"uv": [14, 25.75], "uv_size": [0.25, -2.75]}
							}
						},
						{
							"origin": [-0.125, -2.0625, 3.4375],
							"size": [0.25, 0.4375, 0.3125],
							"uv": {
								"east": {"uv": [10, 30], "uv_size": [0.25, 0.5]},
								"south": {"uv": [30, 10], "uv_size": [0.25, 0.5]},
								"west": {"uv": [11, 30], "uv_size": [0.25, 0.5]}
							}
						},
						{
							"origin": [-0.125, -2.32858, 3.32544],
							"size": [0.25, 0.44194, 0.3125],
							"pivot": [0, -2.10983, 3.48169],
							"rotation": [-45, 0, 0],
							"uv": {
								"east": {"uv": [30, 11], "uv_size": [0.25, 0.5]},
								"south": {"uv": [12, 30], "uv_size": [0.25, 0.5]},
								"west": {"uv": [30, 12], "uv_size": [0.25, 0.5]}
							}
						}
					]
				}
			]
		}
	]
}