{
  "model": "bluearchive:gun/ayane_geo",
  "texture": "bluearchive:gun/uv/ayane",
  "slot": "bluearchive:gun/slot/ayane",
  "hud": "bluearchive:gun/hud/ayane",
  "third_person_animation": "default",
  "sounds": {
    "shoot": "bluearchive:item/ayane",
    "shoot_3p": "bluearchive:item/ayane",
    "dry_fire": "tacz:dry_fire",
    "silence": "bluearchive:item/kayako_sli",
    "silence_3p": "bluearchive:item/kayako_sli",
    "reload_tactical": "bluearchive:item/ayane_reload",
    "reload_empty": "bluearchive:item/ayane_reloadempty",
    "inspect": "bluearchive:item/ayane_inspect",
    "inspect_empty": "bluearchive:item/ayane_inspect"
  },
  "shell": {
    "initial_velocity": [
      5,
      2,
      1
    ],
    "random_velocity": [
      1,
      1,
      0.25
    ],
    "acceleration": [
      0.0,
      -10,
      0.0
    ],
    "angular_velocity": [
      360,
      -1200,
      90
    ],
    "living_time": 1.0
  },
  "muzzle_flash": {
    "texture": "tacz:flash/common_muzzle_flash",
    "scale": 1
  },
  "animation": "bluearchive:ayane",
  "use_default_animation": "pistol"
}