{
  "model": "bluearchive:gun/miku_geo",
  "texture": "bluearchive:gun/uv/miku",
  "slot": "bluearchive:gun/slot/miku",
  "hud": "bluearchive:gun/hud/miku",
  "third_person_animation": "default",
  "sounds": {
    "shoot": "bluearchive:item/miku",
    "shoot_3p": "bluearchive:item/miku",
    "dry_fire": "tacz:dry_fire",
    "reload_tactical":"bluearchive:item/miku_reload",
    "reload_empty":"bluearchive:item/miku_reload",
    "inspect": "bluearchive:item/miku_inspect",
    "inspect_empty": "bluearchive:item/miku_inspectempty",
    "draw": "bluearchive:item/miku_draw",
    "put_away": "bluearchive:item/miku_putaway"
    
},
  "muzzle_flash": {
  "texture": "bluearchive:flash/bluearchive_launcher_muzzle_flash",
  "scale": 3
},
"animation": "bluearchive:miku",
"use_default_animation": "rifle"
}