{
  "model": "bluearchive:gun/miyuu_geo",
  "texture": "bluearchive:gun/uv/miyuu",
  "slot": "bluearchive:gun/slot/miyuu",
  "hud": "bluearchive:gun/hud/miyuu",
  "third_person_animation": "default",
  "sounds": {
    "shoot": "bluearchive:item/miyuu",
    "shoot_3p": "bluearchive:item/miyuu",
    "silence": "bluearchive:item/miyako_sli",
    "silence_3p": "bluearchive:item/miyako_sli",
    "dry_fire": "tacz:dry_fire",
    "reload_tactical":"bluearchive:item/miyuu_reload",
    "reload_empty":"bluearchive:item/miyuu_reloadempty",
    "inspect": "bluearchive:item/miyuu_inspect",
    "bolt":"bluearchive:item/miyuu_bolt",
    "inspect_empty": "bluearchive:item/miyuu_inspectempty",
    "draw": "bluearchive:item/yukino_draw"
    
},
"shell": {
  "initial_velocity": [5, 2, 1],
  "random_velocity": [1, 1, 0.25],
  "acceleration": [0.0, -10, 0.0],
  "angular_velocity": [360, -1200, 90],
  "living_time": 1.0
},
  "muzzle_flash": {
  "texture": "tacz:flash/common_muzzle_flash",
  "scale": 1
},
"animation": "bluearchive:miyuu",
"use_default_animation": "rifle"
}