{
	"format_version": "1.12.0",
	"minecraft:geometry": [
		{
			"description": {
				"identifier": "geometry.unknown",
				"texture_width": 128,
				"texture_height": 128,
				"visible_bounds_width": 4,
				"visible_bounds_height": 2.5,
				"visible_bounds_offset": [0, 0.75, 0]
			},
			"bones": [
				{
					"name": "ai_awp",
					"pivot": [0, 0, -3],
					"cubes": [
						{
							"origin": [-0.9, 5.25, -14],
							"size": [1.8, 2.25, 22],
							"uv": {
								"north": {"uv": [32, 38], "uv_size": [2, 2.5]},
								"east": {"uv": [0, 0], "uv_size": [22, 2.5]},
								"south": {"uv": [39, 18], "uv_size": [2, 2.5]},
								"west": {"uv": [0, 4], "uv_size": [22, 2.5]},
								"up": {"uv": [0, 8], "uv_size": [2, 22]},
								"down": {"uv": [3, 30], "uv_size": [2, -22]}
							}
						},
						{
							"origin": [-0.5, 4.35, -15.15],
							"size": [1, 1.8, 1.15],
							"uv": {
								"north": {"uv": [39, 46], "uv_size": [1, 2]},
								"east": {"uv": [41, 46], "uv_size": [1, 2]},
								"south": {"uv": [43, 46], "uv_size": [1, 2]},
								"west": {"uv": [45, 46], "uv_size": [1, 2]},
								"up": {"uv": [6, 50], "uv_size": [1, 1]},
								"down": {"uv": [50, 9], "uv_size": [1, -1]}
							}
						},
						{
							"origin": [-0.5, 4.225, -21.9],
							"size": [0.5, 0.5, 7.9],
							"pivot": [0, 5.125, 0],
							"rotation": [0, 0, 45],
							"uv": {
								"north": {"uv": [44, 52], "uv_size": [0.5, 0.5]},
								"east": {"uv": [41, 22], "uv_size": [8, 0.5]},
								"south": {"uv": [52, 44], "uv_size": [0.5, 0.5]},
								"west": {"uv": [41, 24], "uv_size": [8, 0.5]},
								"up": {"uv": [29, 41], "uv_size": [0.5, 8]},
								"down": {"uv": [37, 49], "uv_size": [0.5, -8]}
							}
						},
						{
							"origin": [0, 4.225, -21.9],
							"size": [0.5, 0.5, 7.9],
							"pivot": [0, 5.125, 0],
							"rotation": [0, 0, -45],
							"uv": {
								"north": {"uv": [46, 52], "uv_size": [0.5, 0.5]},
								"east": {"uv": [39, 41], "uv_size": [8, 0.5]},
								"south": {"uv": [52, 46], "uv_size": [0.5, 0.5]},
								"west": {"uv": [42, 0], "uv_size": [8, 0.5]},
								"up": {"uv": [0, 42], "uv_size": [0.5, 8]},
								"down": {"uv": [2, 50], "uv_size": [0.5, -8]}
							}
						},
						{
							"origin": [-0.25, 3.975, -22],
							"size": [1, 1, 0.5],
							"pivot": [0, 5.125, 0],
							"rotation": [0, 0, -45],
							"uv": {
								"north": {"uv": [10, 50], "uv_size": [1, 1]},
								"east": {"uv": [51, 37], "uv_size": [0.5, 1]},
								"south": {"uv": [12, 50], "uv_size": [1, 1]},
								"west": {"uv": [52, 2], "uv_size": [0.5, 1]},
								"up": {"uv": [6, 52], "uv_size": [1, 0.5]},
								"down": {"uv": [52, 7.5], "uv_size": [1, -0.5]}
							}
						},
						{
							"origin": [-0.75, 3.975, -22],
							"size": [1, 1, 0.5],
							"pivot": [0, 5.125, 0],
							"rotation": [0, 0, 45],
							"uv": {
								"north": {"uv": [14, 50], "uv_size": [1, 1]},
								"east": {"uv": [10, 52], "uv_size": [0.5, 1]},
								"south": {"uv": [19, 50], "uv_size": [1, 1]},
								"west": {"uv": [12, 52], "uv_size": [0.5, 1]},
								"up": {"uv": [14, 52], "uv_size": [1, 0.5]},
								"down": {"uv": [16, 52.5], "uv_size": [1, -0.5]}
							}
						},
						{
							"origin": [-0.25, 3.975, -16.25],
							"size": [1, 1, 0.5],
							"pivot": [0, 5.125, 5.75],
							"rotation": [0, 0, -45],
							"uv": {
								"north": {"uv": [21, 50], "uv_size": [1, 1]},
								"east": {"uv": [18, 52], "uv_size": [0.5, 1]},
								"south": {"uv": [50, 21], "uv_size": [1, 1]},
								"west": {"uv": [20, 52], "uv_size": [0.5, 1]},
								"up": {"uv": [52, 21], "uv_size": [1, 0.5]},
								"down": {"uv": [22, 52.5], "uv_size": [1, -0.5]}
							}
						},
						{
							"origin": [-0.75, 3.975, -16.25],
							"size": [1, 1, 0.5],
							"pivot": [0, 5.125, 5.75],
							"rotation": [0, 0, 45],
							"uv": {
								"north": {"uv": [23, 50], "uv_size": [1, 1]},
								"east": {"uv": [52, 23], "uv_size": [0.5, 1]},
								"south": {"uv": [50, 23], "uv_size": [1, 1]},
								"west": {"uv": [24, 52], "uv_size": [0.5, 1]},
								"up": {"uv": [52, 25], "uv_size": [1, 0.5]},
								"down": {"uv": [26, 52.5], "uv_size": [1, -0.5]}
							}
						},
						{
							"origin": [-0.5, 3.1, 5],
							"size": [1, 2.175, 3.85],
							"uv": {
								"north": {"uv": [4, 47], "uv_size": [1, 2]},
								"east": {"uv": [35, 12], "uv_size": [4, 2]},
								"south": {"uv": [10, 47], "uv_size": [1, 2]},
								"west": {"uv": [35, 15], "uv_size": [4, 2]},
								"up": {"uv": [4, 42], "uv_size": [1, 4]},
								"down": {"uv": [10, 46], "uv_size": [1, -4]}
							}
						},
						{
							"origin": [-0.0125, 3.6, 6],
							"size": [0.025, 1.65, 2.75],
							"uv": {
								"north": {"uv": [51, 41], "uv_size": [0.5, 1.5]},
								"east": {"uv": [40, 33], "uv_size": [3, 1.5]},
								"south": {"uv": [51, 50], "uv_size": [0.5, 1.5]},
								"west": {"uv": [40, 36], "uv_size": [3, 1.5]},
								"up": {"uv": [8, 49], "uv_size": [0.5, 3]},
								"down": {"uv": [49, 14], "uv_size": [0.5, -3]}
							}
						},
						{
							"origin": [-0.725, 6.75, -2.75],
							"size": [1.45, 1.75, 9.25],
							"uv": {
								"north": {"uv": [34, 44], "uv_size": [1.5, 2]},
								"east": {"uv": [18, 12], "uv_size": [9.5, 2]},
								"south": {"uv": [45, 2], "uv_size": [1.5, 2]},
								"west": {"uv": [18, 15], "uv_size": [9.5, 2]},
								"up": {"uv": [24, 18], "uv_size": [1.5, 9.5]},
								"down": {"uv": [8, 34.5], "uv_size": [1.5, -9.5]}
							}
						},
						{
							"origin": [-0.45, 8.4, -5.25],
							"size": [0.9, 0.5, 11.675],
							"uv": {
								"north": {"uv": [28, 52], "uv_size": [1, 0.5]},
								"east": {"uv": [38, 6], "uv_size": [11.5, 0.5]},
								"south": {"uv": [30, 52], "uv_size": [1, 0.5]},
								"west": {"uv": [38, 27], "uv_size": [11.5, 0.5]},
								"up": {"uv": [14, 25], "uv_size": [1, 11.5]},
								"down": {"uv": [27, 36.5], "uv_size": [1, -11.5]}
							}
						},
						{
							"origin": [-0.5, 8.5, 4.5],
							"size": [1, 1, 2],
							"uv": {
								"north": {"uv": [50, 25], "uv_size": [1, 1]},
								"east": {"uv": [45, 20], "uv_size": [2, 1]},
								"south": {"uv": [28, 50], "uv_size": [1, 1]},
								"west": {"uv": [46, 15], "uv_size": [2, 1]},
								"up": {"uv": [15, 47], "uv_size": [1, 2]},
								"down": {"uv": [34, 49], "uv_size": [1, -2]}
							}
						},
						{
							"origin": [-0.45, 7.9, -32.1],
							"size": [0.9, 1.5, 0.85],
							"uv": {
								"north": {"uv": [17, 49], "uv_size": [1, 1.5]},
								"east": {"uv": [26, 49], "uv_size": [1, 1.5]},
								"south": {"uv": [39, 49], "uv_size": [1, 1.5]},
								"west": {"uv": [41, 49], "uv_size": [1, 1.5]},
								"up": {"uv": [30, 50], "uv_size": [1, 1]},
								"down": {"uv": [32, 51], "uv_size": [1, -1]}
							}
						},
						{
							"origin": [-0.22145, 6.975, -33.1],
							"size": [0.9, 1, 30.35],
							"pivot": [0.35355, 7.85, -12.375],
							"rotation": [0, 0, 45],
							"uv": {
								"north": {"uv": [34, 50], "uv_size": [1, 1]},
								"east": {"uv": [16, 8], "uv_size": [30.5, 1]},
								"south": {"uv": [36, 50], "uv_size": [1, 1]},
								"west": {"uv": [16, 10], "uv_size": [30.5, 1]},
								"up": {"uv": [16, 12], "uv_size": [1, 30.5]},
								"down": {"uv": [6, 48.5], "uv_size": [1, -30.5]}
							}
						},
						{
							"origin": [-0.22145, 6.975, 0.25],
							"size": [0.9, 1, 7.775],
							"pivot": [0.35355, 7.85, -12.375],
							"rotation": [0, 0, 45],
							"uv": {
								"north": {"uv": [50, 45], "uv_size": [1, 1]},
								"east": {"uv": [29, 6], "uv_size": [8, 1]},
								"south": {"uv": [47, 50], "uv_size": [1, 1]},
								"west": {"uv": [18, 35], "uv_size": [8, 1]},
								"up": {"uv": [11, 33], "uv_size": [1, 8]},
								"down": {"uv": [8, 44], "uv_size": [1, -8]}
							}
						},
						{
							"origin": [-1.47145, 5.975, 5.5],
							"size": [1.9, 2, 0.5],
							"pivot": [-0.52145, 6.975, 5.75],
							"rotation": [30, 0, 0],
							"uv": {
								"north": {"uv": [42, 2], "uv_size": [2, 2]},
								"east": {"uv": [50, 47], "uv_size": [0.5, 2]},
								"south": {"uv": [12, 42], "uv_size": [2, 2]},
								"west": {"uv": [49, 50], "uv_size": [0.5, 2]},
								"up": {"uv": [0, 51], "uv_size": [2, 0.5]},
								"down": {"uv": [51, 0.5], "uv_size": [2, -0.5]}
							}
						},
						{
							"origin": [-0.9, 4.2, 0.05],
							"size": [1.8, 1.075, 5.2],
							"uv": {
								"north": {"uv": [46, 39], "uv_size": [2, 1]},
								"east": {"uv": [0, 40], "uv_size": [5, 1]},
								"south": {"uv": [47, 46], "uv_size": [2, 1]},
								"west": {"uv": [40, 12], "uv_size": [5, 1]},
								"up": {"uv": [29, 0], "uv_size": [2, 5]},
								"down": {"uv": [29, 17], "uv_size": [2, -5]}
							}
						},
						{
							"origin": [-0.6, 3.325, 0.15],
							"size": [1.2, 2.2, 4.3],
							"uv": {
								"north": {"uv": [48, 2], "uv_size": [1, 2]},
								"east": {"uv": [30, 18], "uv_size": [4.5, 2]},
								"south": {"uv": [48, 8], "uv_size": [1, 2]},
								"west": {"uv": [30, 21], "uv_size": [4.5, 2]},
								"up": {"uv": [27, 38], "uv_size": [1, 4.5]},
								"down": {"uv": [35, 42.5], "uv_size": [1, -4.5]}
							}
						},
						{
							"origin": [-0.6, 2.9, 3.4],
							"size": [1.2, 0.425, 1.05],
							"uv": {
								"north": {"uv": [32, 52], "uv_size": [1, 0.5]},
								"east": {"uv": [34, 52], "uv_size": [1, 0.5]},
								"south": {"uv": [36, 52], "uv_size": [1, 0.5]},
								"west": {"uv": [38, 52], "uv_size": [1, 0.5]},
								"up": {"uv": [51, 5], "uv_size": [1, 1]},
								"down": {"uv": [51, 11], "uv_size": [1, -1]}
							}
						},
						{
							"origin": [-0.5875, 2.9, 0.125],
							"size": [1.175, 2.375, 3.275],
							"pivot": [0.5875, 2.9, 3.4],
							"rotation": [-7.5, 0, 0],
							"uv": {
								"north": {"uv": [8, 45], "uv_size": [1, 2.5]},
								"east": {"uv": [32, 30], "uv_size": [3.5, 2.5]},
								"south": {"uv": [20, 46], "uv_size": [1, 2.5]},
								"west": {"uv": [32, 34], "uv_size": [3.5, 2.5]},
								"up": {"uv": [18, 44], "uv_size": [1, 3.5]},
								"down": {"uv": [27, 47.5], "uv_size": [1, -3.5]}
							}
						},
						{
							"origin": [-0.875, 4.2, -4.45],
							"size": [1.75, 1.075, 4.5],
							"pivot": [0.975, 4.2, 0.05],
							"rotation": [-15.25, 0, 0],
							"uv": {
								"north": {"uv": [12, 48], "uv_size": [2, 1]},
								"east": {"uv": [40, 39], "uv_size": [4.5, 1]},
								"south": {"uv": [48, 17], "uv_size": [2, 1]},
								"west": {"uv": [21, 41], "uv_size": [4.5, 1]},
								"up": {"uv": [0, 31], "uv_size": [2, 4.5]},
								"down": {"uv": [3, 35.5], "uv_size": [2, -4.5]}
							}
						},
						{
							"origin": [-0.9125, 3, 13.5],
							"size": [1.825, 4, 8.5],
							"uv": {
								"north": {"uv": [35, 24], "uv_size": [2, 4]},
								"east": {"uv": [6, 8], "uv_size": [8.5, 4]},
								"south": {"uv": [36, 18], "uv_size": [2, 4]},
								"west": {"uv": [6, 13], "uv_size": [8.5, 4]},
								"up": {"uv": [18, 18], "uv_size": [2, 8.5]},
								"down": {"uv": [21, 26.5], "uv_size": [2, -8.5]}
							}
						},
						{
							"origin": [-0.9, 5.5, 8],
							"size": [1.8, 1.5, 5.5],
							"uv": {
								"north": {"uv": [12, 45], "uv_size": [2, 1.5]},
								"east": {"uv": [35, 0], "uv_size": [5.5, 1.5]},
								"south": {"uv": [45, 17], "uv_size": [2, 1.5]},
								"west": {"uv": [35, 3], "uv_size": [5.5, 1.5]},
								"up": {"uv": [18, 28], "uv_size": [2, 5.5]},
								"down": {"uv": [21, 33.5], "uv_size": [2, -5.5]}
							}
						},
						{
							"origin": [-0.8875, 2.3, 7.55],
							"size": [1.775, 4.45, 2],
							"pivot": [-0.0125, 6.25, 10.75],
							"rotation": [22.5, 0, 0],
							"uv": {
								"north": {"uv": [29, 31], "uv_size": [2, 4.5]},
								"east": {"uv": [32, 0], "uv_size": [2, 4.5]},
								"south": {"uv": [32, 12], "uv_size": [2, 4.5]},
								"west": {"uv": [32, 24], "uv_size": [2, 4.5]},
								"up": {"uv": [42, 18], "uv_size": [2, 2]},
								"down": {"uv": [31, 44], "uv_size": [2, -2]}
							}
						},
						{
							"origin": [-0.9, 0.7, 9.2],
							"size": [1.8, 0.59529, 2.1],
							"uv": {
								"north": {"uv": [51, 12], "uv_size": [2, 0.5]},
								"east": {"uv": [51, 17], "uv_size": [2, 0.5]},
								"south": {"uv": [51, 19], "uv_size": [2, 0.5]},
								"west": {"uv": [51, 27], "uv_size": [2, 0.5]},
								"up": {"uv": [43, 14], "uv_size": [2, 2]},
								"down": {"uv": [21, 45], "uv_size": [2, -2]}
							}
						},
						{
							"origin": [-0.9, 2.95, 9.7],
							"size": [1.8, 0.55, 1.1],
							"pivot": [0, 2.35, 10.25],
							"rotation": [-35, 0, 0],
							"uv": {
								"north": {"uv": [51, 29], "uv_size": [2, 0.5]},
								"east": {"uv": [40, 52], "uv_size": [1, 0.5]},
								"south": {"uv": [51, 31], "uv_size": [2, 0.5]},
								"west": {"uv": [42, 52], "uv_size": [1, 0.5]},
								"up": {"uv": [48, 19], "uv_size": [2, 1]},
								"down": {"uv": [48, 30], "uv_size": [2, -1]}
							}
						},
						{
							"origin": [-0.875, 5.05, 8.6],
							"size": [1.75, 1.35, 1.1],
							"pivot": [-0.025, 4.45, 9.15],
							"rotation": [-35, 0, 0],
							"uv": {
								"north": {"uv": [45, 29], "uv_size": [2, 1.5]},
								"east": {"uv": [43, 49], "uv_size": [1, 1.5]},
								"south": {"uv": [31, 45], "uv_size": [2, 1.5]},
								"west": {"uv": [45, 49], "uv_size": [1, 1.5]},
								"up": {"uv": [31, 48], "uv_size": [2, 1]},
								"down": {"uv": [48, 32], "uv_size": [2, -1]}
							}
						},
						{
							"origin": [-0.875, 5.05, 11.6],
							"size": [1.75, 0.85, 1.85],
							"pivot": [-0.025, 4.45, 12.65],
							"rotation": [-35, 0, 0],
							"uv": {
								"north": {"uv": [48, 33], "uv_size": [2, 1]},
								"east": {"uv": [48, 35], "uv_size": [2, 1]},
								"south": {"uv": [48, 37], "uv_size": [2, 1]},
								"west": {"uv": [48, 41], "uv_size": [2, 1]},
								"up": {"uv": [24, 43], "uv_size": [2, 2]},
								"down": {"uv": [39, 45], "uv_size": [2, -2]}
							}
						},
						{
							"origin": [-0.9, 1.52467, 13.34765],
							"size": [1.8, 2.95, 1.9],
							"pivot": [0, 2.97467, 14.32265],
							"rotation": [-45, 0, 0],
							"uv": {
								"north": {"uv": [24, 37], "uv_size": [2, 3]},
								"east": {"uv": [29, 37], "uv_size": [2, 3]},
								"south": {"uv": [37, 33], "uv_size": [2, 3]},
								"west": {"uv": [37, 37], "uv_size": [2, 3]},
								"up": {"uv": [42, 43], "uv_size": [2, 2]},
								"down": {"uv": [15, 46], "uv_size": [2, -2]}
							}
						},
						{
							"origin": [-0.9125, 1.29529, 9.2],
							"size": [1.825, 1.70471, 4.75142],
							"uv": {
								"north": {"uv": [45, 43], "uv_size": [2, 1.5]},
								"east": {"uv": [0, 37], "uv_size": [5, 1.5]},
								"south": {"uv": [46, 12], "uv_size": [2, 1.5]},
								"west": {"uv": [18, 37], "uv_size": [5, 1.5]},
								"up": {"uv": [24, 29], "uv_size": [2, 5]},
								"down": {"uv": [29, 30], "uv_size": [2, -5]}
							}
						},
						{
							"origin": [-0.875, 0.7, 11.3],
							"size": [1.75, 0.70471, 2.70142],
							"pivot": [0.875, 0.7, 11.3],
							"rotation": [22.5, 0, 0],
							"uv": {
								"north": {"uv": [51, 33], "uv_size": [2, 0.5]},
								"east": {"uv": [49, 15], "uv_size": [2.5, 0.5]},
								"south": {"uv": [51, 35], "uv_size": [2, 0.5]},
								"west": {"uv": [49, 39], "uv_size": [2.5, 0.5]},
								"up": {"uv": [40, 14], "uv_size": [2, 2.5]},
								"down": {"uv": [18, 42.5], "uv_size": [2, -2.5]}
							}
						},
						{
							"origin": [-0.525, 1.65, 19],
							"size": [1.05, 1.4, 2.5],
							"uv": {
								"north": {"uv": [50, 2], "uv_size": [1, 1.5]},
								"east": {"uv": [44, 33], "uv_size": [2.5, 1.5]},
								"south": {"uv": [4, 50], "uv_size": [1, 1.5]},
								"west": {"uv": [44, 36], "uv_size": [2.5, 1.5]},
								"up": {"uv": [22, 46], "uv_size": [1, 2.5]},
								"down": {"uv": [24, 48.5], "uv_size": [1, -2.5]}
							}
						},
						{
							"origin": [-1, 1.5, 21.25],
							"size": [2, 5.75, 2.75],
							"uv": {
								"north": {"uv": [26, 0], "uv_size": [2, 6]},
								"east": {"uv": [8, 18], "uv_size": [3, 6]},
								"south": {"uv": [27, 18], "uv_size": [2, 6]},
								"west": {"uv": [12, 18], "uv_size": [3, 6]},
								"up": {"uv": [13, 38], "uv_size": [2, 3]},
								"down": {"uv": [38, 26], "uv_size": [2, -3]}
							}
						},
						{
							"origin": [-0.875, 6.75, 14.5],
							"size": [1.75, 0.85, 6.75],
							"uv": {
								"north": {"uv": [48, 43], "uv_size": [2, 1]},
								"east": {"uv": [37, 29], "uv_size": [7, 1]},
								"south": {"uv": [47, 48], "uv_size": [2, 1]},
								"west": {"uv": [37, 31], "uv_size": [7, 1]},
								"up": {"uv": [23, 0], "uv_size": [2, 7]},
								"down": {"uv": [11, 32], "uv_size": [2, -7]}
							}
						},
						{
							"origin": [-0.96094, 6.17188, -12.4375],
							"size": [1.92188, 0.42187, 32.375],
							"inflate": 0.003,
							"uv": {
								"east": {"uv": [0, 7], "uv_size": [32.5, 0.5]},
								"west": {"uv": [15, 9], "uv_size": [32.5, 0.5]}
							}
						},
						{
							"origin": [-0.96094, 5.60938, 6],
							"size": [1.92188, 1.73437, 1.9375],
							"inflate": 0.004,
							"uv": {
								"west": {"uv": [1.5, 56], "uv_size": [20, 20.5]}
							}
						},
						{
							"origin": [-0.96094, 5.35938, -10.75],
							"size": [1.92188, 0.73437, 0.8125],
							"inflate": 0.004,
							"uv": {
								"east": {"uv": [0, 7], "uv_size": [32.5, 0.5]},
								"west": {"uv": [30, 107.5], "uv_size": [5.5, 5]}
							}
						},
						{
							"origin": [-0.96094, 5.48438, -5.75],
							"size": [1.92188, 0.48437, 3.0625],
							"inflate": 0.004,
							"uv": {
								"east": {"uv": [4.5, 90], "uv_size": [39, 3.5]},
								"west": {"uv": [4.5, 89.5], "uv_size": [39, 4]}
							}
						},
						{
							"origin": [-0.96094, 5.35938, 3.25],
							"size": [1.92188, 0.73437, 0.8125],
							"inflate": 0.004,
							"uv": {
								"east": {"uv": [0, 7], "uv_size": [32.5, 0.5]},
								"west": {"uv": [30, 101.5], "uv_size": [5.5, 5.5]}
							}
						},
						{
							"origin": [-0.96094, 4.35938, 15.25],
							"size": [1.92188, 0.73437, 0.8125],
							"inflate": 0.004,
							"uv": {
								"east": {"uv": [0, 7], "uv_size": [32.5, 0.5]},
								"west": {"uv": [36, 101.5], "uv_size": [6, 5.5]}
							}
						},
						{
							"origin": [-0.96094, 6.48438, -3.8125],
							"size": [1.92188, 3.92187, 5.75],
							"inflate": 0.004,
							"pivot": [0, 2.625, -7.5625],
							"rotation": [-17.5, 0, 0],
							"uv": {
								"west": {"uv": [91.5, 90.5], "uv_size": [28.5, 24]}
							}
						},
						{
							"origin": [-0.96094, 3.29688, 16.8125],
							"size": [1.92188, 3.67187, -0.4375],
							"inflate": 0.003,
							"uv": {
								"east": {"uv": [2, 8], "uv_size": [0.5, 3.5]},
								"west": {"uv": [5, 8], "uv_size": [0.5, 3.5]}
							}
						}
					]
				},
				{
					"name": "positioning2",
					"parent": "ai_awp",
					"pivot": [0, 0, 0]
				},
				{
					"name": "scope_pos",
					"parent": "positioning2",
					"pivot": [0, 8.975, 2.275]
				},
				{
					"name": "positioning",
					"pivot": [-3.025, -8.95, -11.225]
				},
				{
					"name": "muzzle_flash",
					"parent": "positioning",
					"pivot": [-0.025, 7.6, -33.475]
				},
				{
					"name": "ground",
					"parent": "positioning",
					"pivot": [0, 0, 0]
				},
				{
					"name": "fixed",
					"parent": "positioning",
					"pivot": [1.575, 6.65, -3.925],
					"rotation": [0, 90, 0]
				},
				{
					"name": "thirdperson_hand",
					"parent": "positioning",
					"pivot": [0.125, 5.05, 7.175]
				}
			]
		}
	]
}