{
	"format_version": "1.12.0",
	"minecraft:geometry": [
		{
			"description": {
				"identifier": "geometry.scar_h - 副本",
				"texture_width": 64,
				"texture_height": 64,
				"visible_bounds_width": 5,
				"visible_bounds_height": 4,
				"visible_bounds_offset": [0, 1, 0]
			},
			"bones": [
				{
					"name": "root",
					"pivot": [0, 8, 5]
				},
				{
					"name": "mag_and_lh",
					"parent": "root",
					"pivot": [0, 5, 3]
				},
				{
					"name": "mag_and_bullet",
					"parent": "mag_and_lh",
					"pivot": [0, 5, 3]
				},
				{
					"name": "bullet",
					"parent": "mag_and_bullet",
					"pivot": [0, 8.70668, 2.75],
					"rotation": [90, 0, 0]
				},
				{
					"name": "magazine",
					"parent": "mag_and_bullet",
					"pivot": [0, 5, 3]
				},
				{
					"name": "bullet_in_mag",
					"parent": "magazine",
					"pivot": [0, 8.70668, 2.75],
					"rotation": [90, 0, 0]
				},
				{
					"name": "mag_extended_3ex",
					"parent": "magazine",
					"pivot": [0, 5, 3]
				},
				{
					"name": "bone11b_illuminated",
					"parent": "mag_extended_3ex",
					"pivot": [-13.5, -1, 3.625]
				},
				{
					"name": "lefthand",
					"parent": "mag_and_lh",
					"pivot": [-6, 19, 0]
				},
				{
					"name": "lefthand_pos",
					"parent": "lefthand",
					"pivot": [0, 8, 0]
				},
				{
					"name": "gun_and_rh",
					"parent": "root",
					"pivot": [0, 8, 5]
				},
				{
					"name": "scar_h",
					"parent": "gun_and_rh",
					"pivot": [0, 8, 5]
				},
				{
					"name": "constraint",
					"parent": "scar_h",
					"pivot": [0, 12.875, -11]
				},
				{
					"name": "additional_magazine",
					"parent": "scar_h",
					"pivot": [0, 5, 3]
				},
				{
					"name": "att1achment_adapter",
					"parent": "scar_h",
					"pivot": [0, 8.24911, 11.37197]
				},
				{
					"name": "ar_stock_adapter",
					"parent": "att1achment_adapter",
					"pivot": [0, 15.24911, 11.37197]
				},
				{
					"name": "octagon7",
					"parent": "ar_stock_adapter",
					"pivot": [0, 4, 0]
				},
				{
					"name": "muzzle_default",
					"parent": "scar_h",
					"pivot": [0, 12, -17.75]
				},
				{
					"name": "octagon14",
					"parent": "muzzle_default",
					"pivot": [0, 12, 3]
				},
				{
					"name": "default_gun",
					"parent": "scar_h",
					"pivot": [0, 8, 0]
				},
				{
					"name": "body",
					"parent": "default_gun",
					"pivot": [0, 8, 0]
				},
				{
					"name": "metal",
					"parent": "body",
					"pivot": [-0.50379, 9.84175, -5.24219]
				},
				{
					"name": "group2",
					"parent": "metal",
					"pivot": [0.5, 0, -8]
				},
				{
					"name": "plastic",
					"parent": "body",
					"pivot": [0, 5.1992, 2.71676]
				},
				{
					"name": "upper",
					"parent": "plastic",
					"pivot": [-0.50693, 17.43371, 2.5]
				},
				{
					"name": "bone3",
					"parent": "upper",
					"pivot": [-0.50693, 17.68371, 2.5]
				},
				{
					"name": "bone6",
					"parent": "upper",
					"pivot": [0.625, 9.5625, -4.5]
				},
				{
					"name": "bone7_illuminated",
					"parent": "bone6",
					"pivot": [-0.625, -9.9375, 0.25]
				},
				{
					"name": "bone10",
					"parent": "upper",
					"pivot": [0.24898, 8.58165, -18.95312],
					"rotation": [0, 0, 90]
				},
				{
					"name": "bone11_illuminated",
					"parent": "bone10",
					"pivot": [0.24898, 8.58165, -18.95312]
				},
				{
					"name": "Gunrails",
					"parent": "upper",
					"pivot": [0.28033, 9.97889, -22.59375]
				},
				{
					"name": "Gunrails2",
					"parent": "upper",
					"pivot": [-0.28033, 9.97889, -22.59375]
				},
				{
					"name": "Gun_rails3",
					"parent": "upper",
					"pivot": [0.09283, 10.61951, -9.46875]
				},
				{
					"name": "Gun_rails2",
					"parent": "upper",
					"pivot": [0.09283, 8.86951, -8.34375]
				},
				{
					"name": "group3",
					"parent": "upper",
					"pivot": [0.17336, 9.375, -1.8681]
				},
				{
					"name": "group4",
					"parent": "upper",
					"pivot": [0, 8.77968, 4.11853],
					"rotation": [90, 0, 0]
				},
				{
					"name": "bone172_illuminated",
					"parent": "upper",
					"pivot": [-0.50693, 17.43371, 2.5]
				},
				{
					"name": "bone17",
					"parent": "upper",
					"pivot": [-0.22619, -0.75, -3.92187]
				},
				{
					"name": "display_illuminated",
					"parent": "upper",
					"pivot": [0.1875, 0.64063, -2.04687]
				},
				{
					"name": "ammo_count_text_show_pos",
					"parent": "display_illuminated",
					"pivot": [4.95313, 11.37943, -3.00018]
				},
				{
					"name": "ammo_count_text_show_pos4",
					"parent": "display_illuminated",
					"pivot": [4.76563, 9.34817, -3.00018]
				},
				{
					"name": "ammo_count_text_show_pos2",
					"parent": "display_illuminated",
					"pivot": [4.78125, 8.75442, -3.00018]
				},
				{
					"name": "ammo_count_text_show_pos3",
					"parent": "display_illuminated",
					"pivot": [4.75, 10.62942, -3.00018]
				},
				{
					"name": "lower",
					"parent": "plastic",
					"pivot": [0.5, 8.9375, -8]
				},
				{
					"name": "holdrelease",
					"parent": "lower",
					"pivot": [0.58657, 7.89084, 4.625]
				},
				{
					"name": "bone2",
					"parent": "lower",
					"pivot": [6.5, 8.9375, -8]
				},
				{
					"name": "barrel2",
					"parent": "default_gun",
					"pivot": [0, 8, 0]
				},
				{
					"name": "gaslock",
					"parent": "barrel2",
					"pivot": [-0.2961, 17.2336, -14.28125]
				},
				{
					"name": "gas_tube",
					"parent": "barrel2",
					"pivot": [0, 8, 0]
				},
				{
					"name": "grip",
					"parent": "default_gun",
					"pivot": [8, 0, -8.1875]
				},
				{
					"name": "bone7",
					"parent": "grip",
					"pivot": [8, 0, -8.1875]
				},
				{
					"name": "trigger",
					"parent": "default_gun",
					"pivot": [0, 2.3867, 9.90909]
				},
				{
					"name": "buttons",
					"parent": "default_gun",
					"pivot": [6, 8, 0]
				},
				{
					"name": "switch",
					"parent": "buttons",
					"pivot": [6, 8.4375, -0.1875]
				},
				{
					"name": "magrelease",
					"parent": "buttons",
					"pivot": [6.71875, 6.2953, -2.06629]
				},
				{
					"name": "octagon4",
					"parent": "magrelease",
					"pivot": [6, 8, 0]
				},
				{
					"name": "screws",
					"parent": "default_gun",
					"pivot": [0, 8, -5.66919]
				},
				{
					"name": "group6",
					"parent": "screws",
					"pivot": [0, 10.8125, -7.375]
				},
				{
					"name": "barrel",
					"parent": "default_gun",
					"pivot": [0, 8, 0]
				},
				{
					"name": "stock_default1",
					"parent": "scar_h",
					"pivot": [0, 0, 0]
				},
				{
					"name": "stock_extended_part",
					"parent": "stock_default1",
					"pivot": [0, 8.50937, 15.57812]
				},
				{
					"name": "bone19",
					"parent": "stock_extended_part",
					"pivot": [0, 0, -1.375]
				},
				{
					"name": "bone18",
					"parent": "stock_extended_part",
					"pivot": [0, 0, -1.375]
				},
				{
					"name": "bone8",
					"parent": "stock_extended_part",
					"pivot": [0, 0, -1.375]
				},
				{
					"name": "bone9",
					"parent": "stock_extended_part",
					"pivot": [0, 0, -1.375]
				},
				{
					"name": "group5",
					"parent": "stock_extended_part",
					"pivot": [0, 6.16403, 19.66044]
				},
				{
					"name": "bone",
					"parent": "group5",
					"pivot": [0, 6.16403, 20.66044]
				},
				{
					"name": "stock",
					"parent": "stock_default1",
					"pivot": [0, 8, 0]
				},
				{
					"name": "octagon3",
					"parent": "stock",
					"pivot": [0, 8, 0]
				},
				{
					"name": "hinge",
					"parent": "stock_default1",
					"pivot": [-0.875, 16.00937, 5.59375]
				},
				{
					"name": "bone5",
					"parent": "hinge",
					"pivot": [0.4375, 8.9375, 12.1875]
				},
				{
					"name": "sight_base",
					"parent": "scar_h",
					"pivot": [-1.125, 6.3125, -4.0625]
				},
				{
					"name": "bolt",
					"parent": "scar_h",
					"pivot": [0.72321, 14.4202, -0.28152]
				},
				{
					"name": "bone11",
					"parent": "bolt",
					"pivot": [0.72321, 14.4202, 0.59348]
				},
				{
					"name": "bone14",
					"parent": "bone11",
					"pivot": [0.72321, 14.4202, -0.28152]
				},
				{
					"name": "bone15",
					"parent": "bone11",
					"pivot": [-1.07367, 9.63895, 1.59348],
					"rotation": [0, -90, 0]
				},
				{
					"name": "bone17_illuminated",
					"parent": "bone15",
					"pivot": [-1.07367, 9.63895, 1.59348]
				},
				{
					"name": "bone13",
					"parent": "bolt",
					"pivot": [0, 13.43168, -1.3]
				},
				{
					"name": "bone129_illuminated",
					"parent": "bone13",
					"pivot": [0.39509, 14.4202, -4.8909]
				},
				{
					"name": "bone181_illuminated",
					"parent": "bone13",
					"pivot": [0, 13.43168, -1.3]
				},
				{
					"name": "bullet_in_barrel",
					"parent": "bolt",
					"pivot": [0, 9.61918, -1.3],
					"rotation": [90, 0, 0]
				},
				{
					"name": "bone18_illuminated",
					"parent": "bullet_in_barrel",
					"pivot": [0, 9.61918, -1.3]
				},
				{
					"name": "octagon10",
					"parent": "bolt",
					"pivot": [0, 12, 0]
				},
				{
					"name": "positioning2",
					"parent": "scar_h",
					"pivot": [0, 0, 0]
				},
				{
					"name": "laser_pos",
					"parent": "positioning2",
					"pivot": [1.2995, 9, -11.9],
					"rotation": [0, 0, 90]
				},
				{
					"name": "muzzle_flash",
					"parent": "positioning2",
					"pivot": [0, 9.77812, -23.39062]
				},
				{
					"name": "grip_pos",
					"parent": "positioning2",
					"pivot": [0, 6.57188, -6.01562]
				},
				{
					"name": "scope_pos",
					"parent": "positioning2",
					"pivot": [0, 11.35, 6]
				},
				{
					"name": "shell",
					"parent": "positioning2",
					"pivot": [-0.15, 9.6375, 3.25]
				},
				{
					"name": "righthand",
					"parent": "gun_and_rh",
					"pivot": [6, 19, 0]
				},
				{
					"name": "righthand_pos",
					"parent": "righthand",
					"pivot": [0, 8, 0]
				},
				{
					"name": "camera",
					"pivot": [2.36875, 13.09375, 16.1875]
				},
				{
					"name": "view",
					"pivot": [0, 0, 0]
				},
				{
					"name": "idle_view",
					"parent": "view",
					"pivot": [2.36875, 13.09375, 16.1875]
				},
				{
					"name": "iron_view",
					"parent": "view",
					"pivot": [0, 12.95, 12.03126]
				},
				{
					"name": "refit_view",
					"parent": "view",
					"pivot": [23, 9, 0.5],
					"rotation": [0, 90, 0]
				},
				{
					"name": "refit_muzzle_view",
					"parent": "view",
					"pivot": [11, 9, -15],
					"rotation": [0, 90, 0]
				},
				{
					"name": "refit_grip_view",
					"parent": "view",
					"pivot": [5.8, 5.4, -3],
					"rotation": [0, 90, 0]
				},
				{
					"name": "refit_laser_view",
					"parent": "view",
					"pivot": [7, 9, -11],
					"rotation": [0, 72.5, 0]
				},
				{
					"name": "refit_extended_mag_view",
					"parent": "view",
					"pivot": [10, 4, 3],
					"rotation": [0, 90, 0]
				},
				{
					"name": "refit_stock_view",
					"parent": "view",
					"pivot": [10, 9, 15.6],
					"rotation": [0, 90, 0]
				},
				{
					"name": "refit_scope_view",
					"parent": "view",
					"pivot": [8, 13.1, 12.3],
					"rotation": [0, 50, 0]
				},
				{
					"name": "positioning",
					"pivot": [0, 0, -8]
				},
				{
					"name": "thirdperson_hand",
					"parent": "positioning",
					"pivot": [0, 7.625, 7.075]
				},
				{
					"name": "ground",
					"parent": "positioning",
					"pivot": [0, -1.9, 4.65]
				},
				{
					"name": "fixed",
					"parent": "positioning",
					"pivot": [1.6, 10.2, -1.525],
					"rotation": [0, 90, 0]
				},
				{
					"name": "lod",
					"pivot": [0, 4, 0],
					"cubes": [
						{
							"origin": [-0.75, 9.9375, -23.3125],
							"size": [1.5, 1, 15.70313],
							"uv": {
								"north": {"uv": [14, 45], "uv_size": [1.5, 1]},
								"east": {"uv": [21, 13], "uv_size": [15.75, 1]},
								"south": {"uv": [45, 14], "uv_size": [1.5, 1]},
								"west": {"uv": [23, 0], "uv_size": [15.75, 1]},
								"up": {"uv": [16, 14], "uv_size": [1.5, 15.75]},
								"down": {"uv": [12, 32.75], "uv_size": [1.5, -15.75]}
							}
						},
						{
							"origin": [0.34375, 8.875, -8.71875],
							"size": [0.625, 1.25, 0.43751],
							"uv": {
								"north": {"uv": [20, 46], "uv_size": [0.75, 1.25]},
								"east": {"uv": [9, 47], "uv_size": [0.5, 1.25]},
								"south": {"uv": [21, 46], "uv_size": [0.75, 1.25]},
								"west": {"uv": [47, 28], "uv_size": [0.5, 1.25]},
								"up": {"uv": [49, 34], "uv_size": [0.75, 0.5]},
								"down": {"uv": [35, 49.5], "uv_size": [0.75, -0.5]}
							}
						},
						{
							"origin": [0.83619, 8.66403, -8.28125],
							"size": [0.125, 0.625, 0.56251],
							"pivot": [0.83619, 8.78903, -8.25],
							"rotation": [0, 0, 20],
							"uv": {
								"north": {"uv": [16, 51], "uv_size": [0.25, 0.75]},
								"east": {"uv": [49, 33], "uv_size": [0.5, 0.75]},
								"south": {"uv": [51, 16], "uv_size": [0.25, 0.75]},
								"west": {"uv": [34, 49], "uv_size": [0.5, 0.75]},
								"up": {"uv": [47, 51], "uv_size": [0.25, 0.5]},
								"down": {"uv": [51, 47.5], "uv_size": [0.25, -0.5]}
							}
						},
						{
							"origin": [0.83619, 8.66403, -9.28125],
							"size": [0.125, 0.625, 0.56251],
							"pivot": [0.83619, 8.78903, -9.1875],
							"rotation": [0, 0, 20],
							"uv": {
								"north": {"uv": [15, 51], "uv_size": [0.25, 0.75]},
								"east": {"uv": [49, 32], "uv_size": [0.5, 0.75]},
								"south": {"uv": [51, 15], "uv_size": [0.25, 0.75]},
								"west": {"uv": [33, 49], "uv_size": [0.5, 0.75]},
								"up": {"uv": [45, 51], "uv_size": [0.25, 0.5]},
								"down": {"uv": [46, 51.5], "uv_size": [0.25, -0.5]}
							}
						},
						{
							"origin": [0.40625, 9.875, -9.28125],
							"size": [0.625, 0.75, 0.56251],
							"uv": {
								"north": {"uv": [24, 48], "uv_size": [0.75, 0.75]},
								"south": {"uv": [25, 48], "uv_size": [0.75, 0.75]},
								"west": {"uv": [49, 31], "uv_size": [0.5, 0.75]},
								"up": {"uv": [32, 49], "uv_size": [0.75, 0.5]}
							}
						},
						{
							"origin": [0.40625, 9.875, -8.28125],
							"size": [0.625, 0.75, 0.56251],
							"uv": {
								"north": {"uv": [48, 20], "uv_size": [0.75, 0.75]},
								"south": {"uv": [21, 48], "uv_size": [0.75, 0.75]},
								"west": {"uv": [49, 30], "uv_size": [0.5, 0.75]},
								"up": {"uv": [31, 49], "uv_size": [0.75, 0.5]}
							}
						},
						{
							"origin": [0.34375, 8.875, -6.71875],
							"size": [0.625, 1.25, 0.43751],
							"uv": {
								"north": {"uv": [24, 46], "uv_size": [0.75, 1.25]},
								"east": {"uv": [32, 47], "uv_size": [0.5, 1.25]},
								"south": {"uv": [25, 46], "uv_size": [0.75, 1.25]},
								"west": {"uv": [33, 47], "uv_size": [0.5, 1.25]},
								"up": {"uv": [40, 49], "uv_size": [0.75, 0.5]},
								"down": {"uv": [41, 49.5], "uv_size": [0.75, -0.5]}
							}
						},
						{
							"origin": [0.83619, 8.66403, -6.28125],
							"size": [0.125, 0.625, 0.56251],
							"pivot": [0.83619, 8.78903, -6.25],
							"rotation": [0, 0, 20],
							"uv": {
								"north": {"uv": [18, 51], "uv_size": [0.25, 0.75]},
								"east": {"uv": [49, 38], "uv_size": [0.5, 0.75]},
								"south": {"uv": [51, 18], "uv_size": [0.25, 0.75]},
								"west": {"uv": [39, 49], "uv_size": [0.5, 0.75]},
								"up": {"uv": [50, 51], "uv_size": [0.25, 0.5]},
								"down": {"uv": [51, 50.5], "uv_size": [0.25, -0.5]}
							}
						},
						{
							"origin": [0.83619, 8.66403, -7.28125],
							"size": [0.125, 0.625, 0.56251],
							"pivot": [0.83619, 8.78903, -7.1875],
							"rotation": [0, 0, 20],
							"uv": {
								"north": {"uv": [17, 51], "uv_size": [0.25, 0.75]},
								"east": {"uv": [49, 37], "uv_size": [0.5, 0.75]},
								"south": {"uv": [51, 17], "uv_size": [0.25, 0.75]},
								"west": {"uv": [38, 49], "uv_size": [0.5, 0.75]},
								"up": {"uv": [51, 48], "uv_size": [0.25, 0.5]},
								"down": {"uv": [51, 49.5], "uv_size": [0.25, -0.5]}
							}
						},
						{
							"origin": [0.40625, 9.875, -7.28125],
							"size": [0.625, 0.75, 0.56251],
							"uv": {
								"north": {"uv": [48, 29], "uv_size": [0.75, 0.75]},
								"south": {"uv": [30, 48], "uv_size": [0.75, 0.75]},
								"west": {"uv": [49, 36], "uv_size": [0.5, 0.75]},
								"up": {"uv": [37, 49], "uv_size": [0.75, 0.5]}
							}
						},
						{
							"origin": [0.40625, 9.875, -6.28125],
							"size": [0.625, 0.75, 0.56251],
							"uv": {
								"north": {"uv": [48, 25], "uv_size": [0.75, 0.75]},
								"south": {"uv": [48, 28], "uv_size": [0.75, 0.75]},
								"west": {"uv": [49, 35], "uv_size": [0.5, 0.75]},
								"up": {"uv": [36, 49], "uv_size": [0.75, 0.5]}
							}
						},
						{
							"origin": [0.34375, 8.875, -4.71875],
							"size": [0.625, 1.25, 0.43751],
							"uv": {
								"north": {"uv": [46, 28], "uv_size": [0.75, 1.25]},
								"east": {"uv": [34, 47], "uv_size": [0.5, 1.25]},
								"south": {"uv": [30, 46], "uv_size": [0.75, 1.25]},
								"west": {"uv": [47, 35], "uv_size": [0.5, 1.25]},
								"up": {"uv": [49, 45], "uv_size": [0.75, 0.5]},
								"down": {"uv": [46, 49.5], "uv_size": [0.75, -0.5]}
							}
						},
						{
							"origin": [0.83619, 8.66403, -4.28125],
							"size": [0.125, 0.625, 0.56251],
							"pivot": [0.83619, 8.78903, -4.25],
							"rotation": [0, 0, 20],
							"uv": {
								"north": {"uv": [20, 51], "uv_size": [0.25, 0.75]},
								"east": {"uv": [49, 44], "uv_size": [0.5, 0.75]},
								"south": {"uv": [51, 20], "uv_size": [0.25, 0.75]},
								"west": {"uv": [45, 49], "uv_size": [0.5, 0.75]},
								"up": {"uv": [52, 1], "uv_size": [0.25, 0.5]},
								"down": {"uv": [52, 2.5], "uv_size": [0.25, -0.5]}
							}
						},
						{
							"origin": [0.83619, 8.66403, -5.28125],
							"size": [0.125, 0.625, 0.56251],
							"pivot": [0.83619, 8.78903, -5.1875],
							"rotation": [0, 0, 20],
							"uv": {
								"north": {"uv": [19, 51], "uv_size": [0.25, 0.75]},
								"east": {"uv": [49, 43], "uv_size": [0.5, 0.75]},
								"south": {"uv": [51, 19], "uv_size": [0.25, 0.75]},
								"west": {"uv": [44, 49], "uv_size": [0.5, 0.75]},
								"up": {"uv": [51, 51], "uv_size": [0.25, 0.5]},
								"down": {"uv": [52, 0.5], "uv_size": [0.25, -0.5]}
							}
						},
						{
							"origin": [0.40625, 9.875, -5.28125],
							"size": [0.625, 0.75, 0.56251],
							"uv": {
								"north": {"uv": [48, 32], "uv_size": [0.75, 0.75]},
								"south": {"uv": [35, 48], "uv_size": [0.75, 0.75]},
								"west": {"uv": [49, 42], "uv_size": [0.5, 0.75]},
								"up": {"uv": [43, 49], "uv_size": [0.75, 0.5]}
							}
						},
						{
							"origin": [0.40625, 9.875, -4.28125],
							"size": [0.625, 0.75, 0.56251],
							"uv": {
								"north": {"uv": [48, 30], "uv_size": [0.75, 0.75]},
								"south": {"uv": [31, 48], "uv_size": [0.75, 0.75]},
								"west": {"uv": [49, 41], "uv_size": [0.5, 0.75]},
								"up": {"uv": [42, 49], "uv_size": [0.75, 0.5]}
							}
						},
						{
							"origin": [0.34375, 8.875, -2.71875],
							"size": [0.625, 1.25, 0.43751],
							"uv": {
								"north": {"uv": [31, 46], "uv_size": [0.75, 1.25]},
								"east": {"uv": [37, 47], "uv_size": [0.5, 1.25]},
								"south": {"uv": [35, 46], "uv_size": [0.75, 1.25]},
								"west": {"uv": [47, 37], "uv_size": [0.5, 1.25]},
								"up": {"uv": [1, 50], "uv_size": [0.75, 0.5]},
								"down": {"uv": [50, 1.5], "uv_size": [0.75, -0.5]}
							}
						},
						{
							"origin": [0.83619, 8.66403, -2.28125],
							"size": [0.125, 0.625, 0.56251],
							"pivot": [0.83619, 8.78903, -2.25],
							"rotation": [0, 0, 20],
							"uv": {
								"north": {"uv": [22, 51], "uv_size": [0.25, 0.75]},
								"east": {"uv": [0, 50], "uv_size": [0.5, 0.75]},
								"south": {"uv": [51, 22], "uv_size": [0.25, 0.75]},
								"west": {"uv": [50, 0], "uv_size": [0.5, 0.75]},
								"up": {"uv": [5, 52], "uv_size": [0.25, 0.5]},
								"down": {"uv": [6, 52.5], "uv_size": [0.25, -0.5]}
							}
						},
						{
							"origin": [0.83619, 8.66403, -3.28125],
							"size": [0.125, 0.625, 0.56251],
							"pivot": [0.83619, 8.78903, -3.1875],
							"rotation": [0, 0, 20],
							"uv": {
								"north": {"uv": [21, 51], "uv_size": [0.25, 0.75]},
								"east": {"uv": [49, 48], "uv_size": [0.5, 0.75]},
								"south": {"uv": [51, 21], "uv_size": [0.25, 0.75]},
								"west": {"uv": [49, 49], "uv_size": [0.5, 0.75]},
								"up": {"uv": [52, 3], "uv_size": [0.25, 0.5]},
								"down": {"uv": [52, 4.5], "uv_size": [0.25, -0.5]}
							}
						},
						{
							"origin": [0.40625, 9.875, -3.28125],
							"size": [0.625, 0.75, 0.56251],
							"uv": {
								"north": {"uv": [48, 36], "uv_size": [0.75, 0.75]},
								"south": {"uv": [48, 37], "uv_size": [0.75, 0.75]},
								"west": {"uv": [49, 47], "uv_size": [0.5, 0.75]},
								"up": {"uv": [48, 49], "uv_size": [0.75, 0.5]}
							}
						},
						{
							"origin": [0.40625, 9.875, -2.28125],
							"size": [0.625, 0.75, 0.56251],
							"uv": {
								"north": {"uv": [48, 35], "uv_size": [0.75, 0.75]},
								"south": {"uv": [36, 48], "uv_size": [0.75, 0.75]},
								"west": {"uv": [49, 46], "uv_size": [0.5, 0.75]},
								"up": {"uv": [47, 49], "uv_size": [0.75, 0.5]}
							}
						},
						{
							"origin": [-0.96875, 8.875, -2.71875],
							"size": [0.625, 1.25, 0.43751],
							"uv": {
								"north": {"uv": [43, 46], "uv_size": [0.75, 1.25]},
								"east": {"uv": [1, 48], "uv_size": [0.5, 1.25]},
								"south": {"uv": [44, 46], "uv_size": [0.75, 1.25]},
								"west": {"uv": [2, 48], "uv_size": [0.5, 1.25]},
								"up": {"uv": [50, 30], "uv_size": [0.75, 0.5]},
								"down": {"uv": [31, 50.5], "uv_size": [0.75, -0.5]}
							}
						},
						{
							"origin": [-0.96119, 8.66403, -2.28125],
							"size": [0.125, 0.625, 0.56251],
							"pivot": [-0.83619, 8.78903, -2.25],
							"rotation": [0, 0, -20],
							"uv": {
								"north": {"uv": [31, 51], "uv_size": [0.25, 0.75]},
								"east": {"uv": [50, 28], "uv_size": [0.5, 0.75]},
								"south": {"uv": [51, 31], "uv_size": [0.25, 0.75]},
								"west": {"uv": [50, 29], "uv_size": [0.5, 0.75]},
								"up": {"uv": [14, 52], "uv_size": [0.25, 0.5]},
								"down": {"uv": [52, 14.5], "uv_size": [0.25, -0.5]}
							}
						},
						{
							"origin": [-0.96119, 8.66403, -3.28125],
							"size": [0.125, 0.625, 0.56251],
							"pivot": [-0.83619, 8.78903, -3.1875],
							"rotation": [0, 0, -20],
							"uv": {
								"north": {"uv": [30, 51], "uv_size": [0.25, 0.75]},
								"east": {"uv": [25, 50], "uv_size": [0.5, 0.75]},
								"south": {"uv": [51, 30], "uv_size": [0.25, 0.75]},
								"west": {"uv": [50, 25], "uv_size": [0.5, 0.75]},
								"up": {"uv": [13, 52], "uv_size": [0.25, 0.5]},
								"down": {"uv": [52, 13.5], "uv_size": [0.25, -0.5]}
							}
						},
						{
							"origin": [-1.03125, 9.875, -3.28125],
							"size": [0.625, 0.75, 0.56251],
							"uv": {
								"north": {"uv": [49, 1], "uv_size": [0.75, 0.75]},
								"east": {"uv": [24, 50], "uv_size": [0.5, 0.75]},
								"south": {"uv": [49, 2], "uv_size": [0.75, 0.75]},
								"up": {"uv": [50, 24], "uv_size": [0.75, 0.5]}
							}
						},
						{
							"origin": [-1.03125, 9.875, -2.28125],
							"size": [0.625, 0.75, 0.56251],
							"uv": {
								"north": {"uv": [48, 48], "uv_size": [0.75, 0.75]},
								"east": {"uv": [20, 50], "uv_size": [0.5, 0.75]},
								"south": {"uv": [49, 0], "uv_size": [0.75, 0.75]},
								"up": {"uv": [50, 20], "uv_size": [0.75, 0.5]}
							}
						},
						{
							"origin": [-0.96119, 8.66403, -4.28125],
							"size": [0.125, 0.625, 0.56251],
							"pivot": [-0.83619, 8.78903, -4.25],
							"rotation": [0, 0, -20],
							"uv": {
								"north": {"uv": [29, 51], "uv_size": [0.25, 0.75]},
								"east": {"uv": [19, 50], "uv_size": [0.5, 0.75]},
								"south": {"uv": [51, 29], "uv_size": [0.25, 0.75]},
								"west": {"uv": [50, 19], "uv_size": [0.5, 0.75]},
								"up": {"uv": [12, 52], "uv_size": [0.25, 0.5]},
								"down": {"uv": [52, 12.5], "uv_size": [0.25, -0.5]}
							}
						},
						{
							"origin": [-0.96119, 8.66403, -5.28125],
							"size": [0.125, 0.625, 0.56251],
							"pivot": [-0.83619, 8.78903, -5.1875],
							"rotation": [0, 0, -20],
							"uv": {
								"north": {"uv": [28, 51], "uv_size": [0.25, 0.75]},
								"east": {"uv": [18, 50], "uv_size": [0.5, 0.75]},
								"south": {"uv": [51, 28], "uv_size": [0.25, 0.75]},
								"west": {"uv": [50, 18], "uv_size": [0.5, 0.75]},
								"up": {"uv": [11, 52], "uv_size": [0.25, 0.5]},
								"down": {"uv": [52, 11.5], "uv_size": [0.25, -0.5]}
							}
						},
						{
							"origin": [-0.96875, 8.875, -4.71875],
							"size": [0.625, 1.25, 0.43751],
							"uv": {
								"north": {"uv": [40, 46], "uv_size": [0.75, 1.25]},
								"east": {"uv": [47, 47], "uv_size": [0.5, 1.25]},
								"south": {"uv": [41, 46], "uv_size": [0.75, 1.25]},
								"west": {"uv": [0, 48], "uv_size": [0.5, 1.25]},
								"up": {"uv": [17, 50], "uv_size": [0.75, 0.5]},
								"down": {"uv": [50, 17.5], "uv_size": [0.75, -0.5]}
							}
						},
						{
							"origin": [-1.03125, 9.875, -4.28125],
							"size": [0.625, 0.75, 0.56251],
							"uv": {
								"north": {"uv": [48, 44], "uv_size": [0.75, 0.75]},
								"east": {"uv": [16, 50], "uv_size": [0.5, 0.75]},
								"south": {"uv": [48, 47], "uv_size": [0.75, 0.75]},
								"up": {"uv": [50, 16], "uv_size": [0.75, 0.5]}
							}
						},
						{
							"origin": [-1.03125, 9.875, -5.28125],
							"size": [0.625, 0.75, 0.56251],
							"uv": {
								"north": {"uv": [48, 43], "uv_size": [0.75, 0.75]},
								"east": {"uv": [15, 50], "uv_size": [0.5, 0.75]},
								"south": {"uv": [44, 48], "uv_size": [0.75, 0.75]},
								"up": {"uv": [50, 15], "uv_size": [0.75, 0.5]}
							}
						},
						{
							"origin": [-1.03125, 9.875, -6.28125],
							"size": [0.625, 0.75, 0.56251],
							"uv": {
								"north": {"uv": [48, 42], "uv_size": [0.75, 0.75]},
								"east": {"uv": [14, 50], "uv_size": [0.5, 0.75]},
								"south": {"uv": [43, 48], "uv_size": [0.75, 0.75]},
								"up": {"uv": [50, 14], "uv_size": [0.75, 0.5]}
							}
						},
						{
							"origin": [-0.96875, 8.875, -6.71875],
							"size": [0.625, 1.25, 0.43751],
							"uv": {
								"north": {"uv": [38, 46], "uv_size": [0.75, 1.25]},
								"east": {"uv": [45, 47], "uv_size": [0.5, 1.25]},
								"south": {"uv": [39, 46], "uv_size": [0.75, 1.25]},
								"west": {"uv": [46, 47], "uv_size": [0.5, 1.25]},
								"up": {"uv": [13, 50], "uv_size": [0.75, 0.5]},
								"down": {"uv": [50, 13.5], "uv_size": [0.75, -0.5]}
							}
						},
						{
							"origin": [-1.03125, 9.875, -7.28125],
							"size": [0.625, 0.75, 0.56251],
							"uv": {
								"north": {"uv": [41, 48], "uv_size": [0.75, 0.75]},
								"east": {"uv": [12, 50], "uv_size": [0.5, 0.75]},
								"south": {"uv": [48, 41], "uv_size": [0.75, 0.75]},
								"up": {"uv": [50, 12], "uv_size": [0.75, 0.5]}
							}
						},
						{
							"origin": [-0.96119, 8.66403, -7.28125],
							"size": [0.125, 0.625, 0.56251],
							"pivot": [-0.83619, 8.78903, -7.1875],
							"rotation": [0, 0, -20],
							"uv": {
								"north": {"uv": [26, 51], "uv_size": [0.25, 0.75]},
								"east": {"uv": [11, 50], "uv_size": [0.5, 0.75]},
								"south": {"uv": [27, 51], "uv_size": [0.25, 0.75]},
								"west": {"uv": [50, 11], "uv_size": [0.5, 0.75]},
								"up": {"uv": [10, 52], "uv_size": [0.25, 0.5]},
								"down": {"uv": [52, 10.5], "uv_size": [0.25, -0.5]}
							}
						},
						{
							"origin": [-0.96119, 8.66403, -6.28125],
							"size": [0.125, 0.625, 0.56251],
							"pivot": [-0.83619, 8.78903, -6.25],
							"rotation": [0, 0, -20],
							"uv": {
								"north": {"uv": [25, 51], "uv_size": [0.25, 0.75]},
								"east": {"uv": [10, 50], "uv_size": [0.5, 0.75]},
								"south": {"uv": [51, 25], "uv_size": [0.25, 0.75]},
								"west": {"uv": [50, 10], "uv_size": [0.5, 0.75]},
								"up": {"uv": [9, 52], "uv_size": [0.25, 0.5]},
								"down": {"uv": [52, 9.5], "uv_size": [0.25, -0.5]}
							}
						},
						{
							"origin": [-0.96119, 8.66403, -8.28125],
							"size": [0.125, 0.625, 0.56251],
							"pivot": [-0.83619, 8.78903, -8.25],
							"rotation": [0, 0, -20],
							"uv": {
								"north": {"uv": [24, 51], "uv_size": [0.25, 0.75]},
								"east": {"uv": [9, 50], "uv_size": [0.5, 0.75]},
								"south": {"uv": [51, 24], "uv_size": [0.25, 0.75]},
								"west": {"uv": [50, 9], "uv_size": [0.5, 0.75]},
								"up": {"uv": [8, 52], "uv_size": [0.25, 0.5]},
								"down": {"uv": [52, 8.5], "uv_size": [0.25, -0.5]}
							}
						},
						{
							"origin": [-0.96875, 8.875, -8.71875],
							"size": [0.625, 1.25, 0.43751],
							"uv": {
								"north": {"uv": [36, 46], "uv_size": [0.75, 1.25]},
								"east": {"uv": [47, 41], "uv_size": [0.5, 1.25]},
								"south": {"uv": [46, 36], "uv_size": [0.75, 1.25]},
								"west": {"uv": [47, 43], "uv_size": [0.5, 1.25]},
								"up": {"uv": [7, 50], "uv_size": [0.75, 0.5]},
								"down": {"uv": [8, 50.5], "uv_size": [0.75, -0.5]}
							}
						},
						{
							"origin": [-0.96119, 8.66403, -9.28125],
							"size": [0.125, 0.625, 0.56251],
							"pivot": [-0.83619, 8.78903, -9.1875],
							"rotation": [0, 0, -20],
							"uv": {
								"north": {"uv": [23, 51], "uv_size": [0.25, 0.75]},
								"east": {"uv": [5, 50], "uv_size": [0.5, 0.75]},
								"south": {"uv": [51, 23], "uv_size": [0.25, 0.75]},
								"west": {"uv": [6, 50], "uv_size": [0.5, 0.75]},
								"up": {"uv": [7, 52], "uv_size": [0.25, 0.5]},
								"down": {"uv": [52, 7.5], "uv_size": [0.25, -0.5]}
							}
						},
						{
							"origin": [-1.03125, 9.875, -9.28125],
							"size": [0.625, 0.75, 0.56251],
							"uv": {
								"north": {"uv": [39, 48], "uv_size": [0.75, 0.75]},
								"east": {"uv": [3, 50], "uv_size": [0.5, 0.75]},
								"south": {"uv": [40, 48], "uv_size": [0.75, 0.75]},
								"up": {"uv": [4, 50], "uv_size": [0.75, 0.5]}
							}
						},
						{
							"origin": [-1.03125, 9.875, -8.28125],
							"size": [0.625, 0.75, 0.56251],
							"uv": {
								"north": {"uv": [38, 48], "uv_size": [0.75, 0.75]},
								"east": {"uv": [2, 50], "uv_size": [0.5, 0.75]},
								"south": {"uv": [48, 38], "uv_size": [0.75, 0.75]},
								"up": {"uv": [50, 2], "uv_size": [0.75, 0.5]}
							}
						},
						{
							"origin": [-1, 10.1875, -23.0625],
							"size": [2, 1, 12.45313],
							"uv": {
								"north": {"uv": [43, 33], "uv_size": [2, 1]},
								"east": {"uv": [23, 3], "uv_size": [12.5, 1]},
								"south": {"uv": [43, 37], "uv_size": [2, 1]},
								"west": {"uv": [28, 21], "uv_size": [12.5, 1]},
								"up": {"uv": [12, 4], "uv_size": [2, 12.5]},
								"down": {"uv": [14, 16.5], "uv_size": [2, -12.5]}
							}
						},
						{
							"origin": [-1, 9.4375, -23.0625],
							"size": [0.1875, 0.75, 1.45313],
							"uv": {
								"north": {"uv": [11, 51], "uv_size": [0.25, 0.75]},
								"east": {"uv": [40, 45], "uv_size": [1.5, 0.75]},
								"south": {"uv": [51, 11], "uv_size": [0.25, 0.75]},
								"west": {"uv": [45, 41], "uv_size": [1.5, 0.75]},
								"up": {"uv": [21, 49], "uv_size": [0.25, 1.5]},
								"down": {"uv": [49, 25.5], "uv_size": [0.25, -1.5]}
							}
						},
						{
							"origin": [0.8125, 9.4375, -23.0625],
							"size": [0.1875, 0.75, 1.45313],
							"uv": {
								"north": {"uv": [12, 51], "uv_size": [0.25, 0.75]},
								"east": {"uv": [45, 42], "uv_size": [1.5, 0.75]},
								"south": {"uv": [51, 12], "uv_size": [0.25, 0.75]},
								"west": {"uv": [45, 43], "uv_size": [1.5, 0.75]},
								"up": {"uv": [49, 28], "uv_size": [0.25, 1.5]},
								"down": {"uv": [30, 50.5], "uv_size": [0.25, -1.5]}
							}
						},
						{
							"origin": [0.8125, 9.4375, -19.8125],
							"size": [0.1875, 0.75, 3.95313],
							"uv": {
								"north": {"uv": [14, 51], "uv_size": [0.25, 0.75]},
								"east": {"uv": [41, 35], "uv_size": [4, 0.75]},
								"south": {"uv": [51, 14], "uv_size": [0.25, 0.75]},
								"west": {"uv": [41, 36], "uv_size": [4, 0.75]},
								"up": {"uv": [14, 46], "uv_size": [0.25, 4]},
								"down": {"uv": [15, 50], "uv_size": [0.25, -4]}
							}
						},
						{
							"origin": [-1, 9.4375, -19.8125],
							"size": [0.1875, 0.75, 3.95313],
							"uv": {
								"north": {"uv": [13, 51], "uv_size": [0.25, 0.75]},
								"east": {"uv": [41, 18], "uv_size": [4, 0.75]},
								"south": {"uv": [51, 13], "uv_size": [0.25, 0.75]},
								"west": {"uv": [41, 19], "uv_size": [4, 0.75]},
								"up": {"uv": [42, 45], "uv_size": [0.25, 4]},
								"down": {"uv": [8, 50], "uv_size": [0.25, -4]}
							}
						},
						{
							"origin": [-0.75, 8.625, -23.3125],
							"size": [1.5, 1, 15.70313],
							"uv": {
								"north": {"uv": [45, 15], "uv_size": [1.5, 1]},
								"east": {"uv": [23, 1], "uv_size": [15.75, 1]},
								"south": {"uv": [45, 16], "uv_size": [1.5, 1]},
								"west": {"uv": [23, 2], "uv_size": [15.75, 1]},
								"up": {"uv": [14, 17], "uv_size": [1.5, 15.75]},
								"down": {"uv": [18, 29.75], "uv_size": [1.5, -15.75]}
							}
						},
						{
							"origin": [-0.75, 8.625, -7.3125],
							"size": [1.5, 1, 18.95313],
							"uv": {
								"north": {"uv": [45, 19], "uv_size": [1.5, 1]},
								"east": {"uv": [21, 9], "uv_size": [19, 1]},
								"south": {"uv": [20, 45], "uv_size": [1.5, 1]},
								"west": {"uv": [21, 10], "uv_size": [19, 1]},
								"up": {"uv": [4, 4], "uv_size": [1.5, 19]},
								"down": {"uv": [6, 23], "uv_size": [1.5, -19]}
							}
						},
						{
							"origin": [0.275, 9.28453, 1.3875],
							"size": [0.61875, 0.82156, 0.55],
							"uv": {
								"north": {"uv": [50, 34], "uv_size": [0.5, 0.75]},
								"east": {"uv": [50, 35], "uv_size": [0.5, 0.75]},
								"south": {"uv": [36, 50], "uv_size": [0.5, 0.75]},
								"west": {"uv": [50, 36], "uv_size": [0.5, 0.75]}
							}
						},
						{
							"origin": [0.39063, 9.44333, 2.48438],
							"size": [0.4375, 0.5821, 2.6875],
							"uv": {
								"west": {"uv": [45, 30], "uv_size": [2.75, 0.5]}
							}
						},
						{
							"origin": [-0.8125, 9.34958, 1.9375],
							"size": [1.625, 0.7696, 5.625],
							"uv": {
								"north": {"uv": [35, 45], "uv_size": [1.75, 0.75]},
								"east": {"uv": [40, 7], "uv_size": [5.75, 0.75]},
								"south": {"uv": [45, 35], "uv_size": [1.75, 0.75]},
								"west": {"uv": [40, 8], "uv_size": [5.75, 0.75]}
							}
						},
						{
							"origin": [-0.75, 7.625, -0.3125],
							"size": [1.5, 1, 11.20313],
							"uv": {
								"north": {"uv": [45, 21], "uv_size": [1.5, 1]},
								"east": {"uv": [29, 18], "uv_size": [11.25, 1]},
								"south": {"uv": [45, 22], "uv_size": [1.5, 1]},
								"west": {"uv": [29, 19], "uv_size": [11.25, 1]},
								"up": {"uv": [1, 23], "uv_size": [1.5, 11.25]},
								"down": {"uv": [3, 34.25], "uv_size": [1.5, -11.25]}
							}
						},
						{
							"origin": [-0.75, 7, -0.3125],
							"size": [1.5, 0.625, 9.82813],
							"uv": {
								"north": {"uv": [45, 44], "uv_size": [1.5, 0.75]},
								"east": {"uv": [33, 30], "uv_size": [9.75, 0.75]},
								"south": {"uv": [45, 45], "uv_size": [1.5, 0.75]},
								"west": {"uv": [33, 31], "uv_size": [9.75, 0.75]},
								"up": {"uv": [5, 23], "uv_size": [1.5, 9.75]},
								"down": {"uv": [23, 30.75], "uv_size": [1.5, -9.75]}
							}
						},
						{
							"origin": [-0.625, 4.31081, 9.39946],
							"size": [1.25, 2.5625, 1.5625],
							"inflate": 0.001,
							"pivot": [0.1875, 3.06081, 10.52446],
							"rotation": [22.5, 0, 0],
							"uv": {
								"north": {"uv": [41, 21], "uv_size": [1.25, 2.5]},
								"east": {"uv": [2, 40], "uv_size": [1.5, 2.5]},
								"south": {"uv": [26, 41], "uv_size": [1.25, 2.5]},
								"west": {"uv": [8, 40], "uv_size": [1.5, 2.5]},
								"down": {"uv": [43, 41.5], "uv_size": [1.25, -1.5]}
							}
						},
						{
							"origin": [-0.625, 2.81081, 9.39946],
							"size": [1.25, 1.5, 1.8125],
							"inflate": 0.001,
							"pivot": [0.1875, 3.06081, 10.52446],
							"rotation": [22.5, 0, 0],
							"uv": {
								"north": {"uv": [41, 43], "uv_size": [1.25, 1.5]},
								"east": {"uv": [42, 26], "uv_size": [1.75, 1.5]},
								"south": {"uv": [43, 42], "uv_size": [1.25, 1.5]},
								"west": {"uv": [43, 0], "uv_size": [1.75, 1.5]},
								"down": {"uv": [33, 44.75], "uv_size": [1.25, -1.75]}
							}
						},
						{
							"origin": [-0.625, 2.37331, 9.52446],
							"size": [1.25, 1.0625, 3.9375],
							"uv": {
								"north": {"uv": [38, 45], "uv_size": [1.25, 1]},
								"east": {"uv": [40, 9], "uv_size": [4, 1]},
								"south": {"uv": [45, 38], "uv_size": [1.25, 1]},
								"west": {"uv": [40, 10], "uv_size": [4, 1]},
								"up": {"uv": [5, 39], "uv_size": [1.25, 4]},
								"down": {"uv": [12, 43], "uv_size": [1.25, -4]}
							}
						},
						{
							"origin": [-0.625, 2.85769, 12.33696],
							"size": [1.25, 1.21875, 3.78125],
							"pivot": [0.1875, 3.45144, 12.85259],
							"rotation": [60, 0, 0],
							"uv": {
								"north": {"uv": [44, 28], "uv_size": [1.25, 1.25]},
								"east": {"uv": [38, 26], "uv_size": [3.75, 1.25]},
								"south": {"uv": [43, 44], "uv_size": [1.25, 1.25]},
								"west": {"uv": [39, 0], "uv_size": [3.75, 1.25]},
								"up": {"uv": [14, 39], "uv_size": [1.25, 3.75]},
								"down": {"uv": [31, 42.75], "uv_size": [1.25, -3.75]}
							}
						},
						{
							"origin": [-0.625, 7.06081, 13.99321],
							"size": [1.25, 1.32813, 0.59375],
							"pivot": [0.1875, 7.06081, 13.89946],
							"rotation": [45, 0, 0],
							"uv": {
								"north": {"uv": [45, 0], "uv_size": [1.25, 1.25]},
								"east": {"uv": [3, 48], "uv_size": [0.5, 1.25]},
								"south": {"uv": [12, 45], "uv_size": [1.25, 1.25]},
								"west": {"uv": [4, 48], "uv_size": [0.5, 1.25]},
								"up": {"uv": [47, 31], "uv_size": [1.25, 0.5]}
							}
						},
						{
							"origin": [-0.625, 5.93581, 13.91508],
							"size": [1.25, 2.25, 5.29688],
							"uv": {
								"north": {"uv": [5, 43], "uv_size": [1.25, 2.25]},
								"east": {"uv": [28, 22], "uv_size": [5.25, 2.25]},
								"south": {"uv": [7, 43], "uv_size": [1.25, 2.25]},
								"west": {"uv": [28, 25], "uv_size": [5.25, 2.25]},
								"down": {"uv": [24, 39.25], "uv_size": [1.25, -5.25]}
							}
						},
						{
							"origin": [-0.6875, 8.07187, 10.79687],
							"size": [1.375, 2.1875, 8.4375],
							"uv": {
								"north": {"uv": [20, 40], "uv_size": [1.5, 2.25]},
								"east": {"uv": [20, 18], "uv_size": [8.5, 2.25]},
								"south": {"uv": [24, 40], "uv_size": [1.5, 2.25]},
								"west": {"uv": [21, 4], "uv_size": [8.5, 2.25]},
								"up": {"uv": [26, 21], "uv_size": [1.5, 8.5]},
								"down": {"uv": [8, 35.5], "uv_size": [1.5, -8.5]}
							}
						},
						{
							"origin": [-0.8125, 4.13437, 21.23437],
							"size": [1.625, 6.0625, 0.6875],
							"uv": {
								"north": {"uv": [16, 30], "uv_size": [1.75, 6]},
								"east": {"uv": [39, 35], "uv_size": [0.75, 6]},
								"south": {"uv": [18, 30], "uv_size": [1.75, 6]},
								"west": {"uv": [1, 40], "uv_size": [0.75, 6]},
								"up": {"uv": [45, 31], "uv_size": [1.75, 0.75]},
								"down": {"uv": [45, 33.75], "uv_size": [1.75, -0.75]}
							}
						},
						{
							"origin": [-0.3125, 9.07187, 18.98437],
							"size": [0.625, 0.5, 1.6875],
							"uv": {
								"north": {"uv": [50, 32], "uv_size": [0.75, 0.5]},
								"east": {"uv": [47, 1], "uv_size": [1.75, 0.5]},
								"south": {"uv": [33, 50], "uv_size": [0.75, 0.5]},
								"west": {"uv": [2, 47], "uv_size": [1.75, 0.5]},
								"up": {"uv": [33, 45], "uv_size": [0.75, 1.75]},
								"down": {"uv": [34, 46.75], "uv_size": [0.75, -1.75]}
							}
						},
						{
							"origin": [-0.6875, 4.38437, 20.23437],
							"size": [1.375, 5.51563, 1],
							"uv": {
								"north": {"uv": [12, 33], "uv_size": [1.5, 5.5]},
								"east": {"uv": [35, 34], "uv_size": [1, 5.5]},
								"south": {"uv": [14, 33], "uv_size": [1.5, 5.5]},
								"west": {"uv": [7, 36], "uv_size": [1, 5.5]},
								"up": {"uv": [45, 24], "uv_size": [1.5, 1]},
								"down": {"uv": [30, 46], "uv_size": [1.5, -1]}
							}
						},
						{
							"origin": [-0.6875, 4.38437, 16.81249],
							"size": [1.375, 1.5625, 3.42188],
							"uv": {
								"north": {"uv": [20, 43], "uv_size": [1.5, 1.5]},
								"east": {"uv": [34, 26], "uv_size": [3.5, 1.5]},
								"south": {"uv": [43, 21], "uv_size": [1.5, 1.5]},
								"west": {"uv": [16, 36], "uv_size": [3.5, 1.5]},
								"up": {"uv": [8, 36], "uv_size": [1.5, 3.5]},
								"down": {"uv": [36, 37.5], "uv_size": [1.5, -3.5]}
							}
						},
						{
							"origin": [-0.3125, 6.82187, 18.98437],
							"size": [0.625, 0.5, 1.6875],
							"uv": {
								"north": {"uv": [50, 31], "uv_size": [0.75, 0.5]},
								"east": {"uv": [0, 47], "uv_size": [1.75, 0.5]},
								"south": {"uv": [32, 50], "uv_size": [0.75, 0.5]},
								"west": {"uv": [47, 0], "uv_size": [1.75, 0.5]},
								"up": {"uv": [4, 45], "uv_size": [0.75, 1.75]},
								"down": {"uv": [32, 46.75], "uv_size": [0.75, -1.75]}
							}
						},
						{
							"origin": [-0.4375, 6.18187, 5.10382],
							"size": [0.875, 0.1875, 0.62056],
							"pivot": [0, 6.33812, 4.69535],
							"rotation": [-45, 0, 0],
							"uv": {
								"east": {"uv": [15, 52], "uv_size": [0.5, 0.25]},
								"west": {"uv": [52, 15], "uv_size": [0.5, 0.25]},
								"up": {"uv": [20, 49], "uv_size": [1, 0.5]},
								"down": {"uv": [49, 20.5], "uv_size": [1, -0.5]}
							}
						},
						{
							"origin": [-0.4375, 5.5, 5.3125],
							"size": [0.875, 0.1875, 2.125],
							"uv": {
								"east": {"uv": [49, 3], "uv_size": [2.25, 0.25]},
								"west": {"uv": [49, 4], "uv_size": [2.25, 0.25]},
								"up": {"uv": [24, 31], "uv_size": [1, 2.25]},
								"down": {"uv": [23, 43.25], "uv_size": [1, -2.25]}
							}
						},
						{
							"origin": [-0.625, 5.5, 7.4375],
							"size": [1.25, 1.5, 2.125],
							"uv": {
								"north": {"uv": [38, 43], "uv_size": [1.25, 1.5]},
								"east": {"uv": [40, 24], "uv_size": [2.25, 1.5]},
								"south": {"uv": [43, 38], "uv_size": [1.25, 1.5]},
								"west": {"uv": [40, 32], "uv_size": [2.25, 1.5]},
								"down": {"uv": [2, 45.25], "uv_size": [1.25, -2.25]}
							}
						},
						{
							"origin": [-0.75, 6, -0.3125],
							"size": [1.5, 1.0625, 5.39063],
							"uv": {
								"north": {"uv": [45, 23], "uv_size": [1.5, 1]},
								"east": {"uv": [34, 24], "uv_size": [5.5, 1]},
								"south": {"uv": [24, 45], "uv_size": [1.5, 1]},
								"west": {"uv": [34, 25], "uv_size": [5.5, 1]},
								"up": {"uv": [31, 28], "uv_size": [1.5, 5.5]},
								"down": {"uv": [5, 38.5], "uv_size": [1.5, -5.5]}
							}
						},
						{
							"origin": [-0.5625, 2.0625, -0.125],
							"size": [1.125, 5, 4.89063],
							"uv": {
								"north": {"uv": [31, 34], "uv_size": [1.25, 5]},
								"east": {"uv": [16, 4], "uv_size": [5, 5]},
								"south": {"uv": [33, 34], "uv_size": [1.25, 5]},
								"west": {"uv": [16, 9], "uv_size": [5, 5]},
								"up": {"uv": [1, 35], "uv_size": [1.25, 5]},
								"down": {"uv": [3, 40], "uv_size": [1.25, -5]}
							}
						},
						{
							"origin": [-0.75, 9.9375, -7.3125],
							"size": [1.5, 1, 18.95313],
							"uv": {
								"north": {"uv": [45, 17], "uv_size": [1.5, 1]},
								"east": {"uv": [21, 7], "uv_size": [19, 1]},
								"south": {"uv": [45, 18], "uv_size": [1.5, 1]},
								"west": {"uv": [21, 8], "uv_size": [19, 1]},
								"up": {"uv": [0, 4], "uv_size": [1.5, 19]},
								"down": {"uv": [2, 23], "uv_size": [1.5, -19]}
							}
						},
						{
							"origin": [-0.5, 10.85312, -9.68751],
							"size": [1, 0.375, 18.67189],
							"uv": {
								"north": {"uv": [18, 49], "uv_size": [1, 0.5]},
								"east": {"uv": [29, 20], "uv_size": [18.75, 0.5]},
								"south": {"uv": [49, 18], "uv_size": [1, 0.5]},
								"west": {"uv": [30, 4], "uv_size": [18.75, 0.5]},
								"up": {"uv": [20, 21], "uv_size": [1, 18.75]},
								"down": {"uv": [21, 39.75], "uv_size": [1, -18.75]}
							}
						},
						{
							"origin": [-0.5, 6.85312, -9.68751],
							"size": [1, 0.375, 9.17189],
							"uv": {
								"north": {"uv": [19, 49], "uv_size": [1, 0.5]},
								"east": {"uv": [39, 2], "uv_size": [9.25, 0.5]},
								"south": {"uv": [49, 19], "uv_size": [1, 0.5]},
								"west": {"uv": [39, 34], "uv_size": [9.25, 0.5]},
								"up": {"uv": [30, 28], "uv_size": [1, 9.25]},
								"down": {"uv": [23, 40.25], "uv_size": [1, -9.25]}
							}
						},
						{
							"origin": [-0.625, 8.8125, -10.5625],
							"size": [1.25, 1.875, 22.20313],
							"uv": {
								"north": {"uv": [43, 14], "uv_size": [1.25, 2]},
								"east": {"uv": [0, 0], "uv_size": [22.25, 2]},
								"south": {"uv": [43, 16], "uv_size": [1.25, 2]},
								"west": {"uv": [0, 2], "uv_size": [22.25, 2]},
								"up": {"uv": [8, 4], "uv_size": [1.25, 22.25]},
								"down": {"uv": [10, 26.25], "uv_size": [1.25, -22.25]}
							}
						},
						{
							"origin": [-0.5, 8.375, -23.0625],
							"size": [1, 0.1875, 12.70313],
							"uv": {
								"north": {"uv": [51, 7], "uv_size": [1, 0.25]},
								"east": {"uv": [41, 5], "uv_size": [12.75, 0.25]},
								"south": {"uv": [8, 51], "uv_size": [1, 0.25]},
								"west": {"uv": [41, 6], "uv_size": [12.75, 0.25]},
								"up": {"uv": [7, 23], "uv_size": [1, 12.75]},
								"down": {"uv": [25, 33.75], "uv_size": [1, -12.75]}
							}
						},
						{
							"origin": [-0.5, 7.875, -22.625],
							"size": [1, 0.5625, 1.32813],
							"uv": {
								"north": {"uv": [49, 11], "uv_size": [1, 0.5]},
								"east": {"uv": [47, 23], "uv_size": [1.25, 0.5]},
								"south": {"uv": [12, 49], "uv_size": [1, 0.5]},
								"west": {"uv": [47, 24], "uv_size": [1.25, 0.5]},
								"up": {"uv": [45, 36], "uv_size": [1, 1.25]},
								"down": {"uv": [37, 46.25], "uv_size": [1, -1.25]}
							}
						},
						{
							"origin": [-0.75, 6.98438, -22.84375],
							"size": [0.375, 0.9375, 22.53125],
							"uv": {
								"north": {"uv": [17, 49], "uv_size": [0.5, 1]},
								"east": {"uv": [20, 16], "uv_size": [22.5, 1]},
								"south": {"uv": [49, 17], "uv_size": [0.5, 1]},
								"west": {"uv": [20, 17], "uv_size": [22.5, 1]},
								"up": {"uv": [28, 28], "uv_size": [0.5, 22.5]},
								"down": {"uv": [29, 50.5], "uv_size": [0.5, -22.5]}
							}
						},
						{
							"origin": [0.375, 6.98438, -22.84375],
							"size": [0.375, 0.9375, 22.53125],
							"uv": {
								"north": {"uv": [16, 49], "uv_size": [0.5, 1]},
								"east": {"uv": [20, 14], "uv_size": [22.5, 1]},
								"south": {"uv": [49, 16], "uv_size": [0.5, 1]},
								"west": {"uv": [20, 15], "uv_size": [22.5, 1]},
								"up": {"uv": [10, 27], "uv_size": [0.5, 22.5]},
								"down": {"uv": [11, 49.5], "uv_size": [0.5, -22.5]}
							}
						},
						{
							"origin": [0.375, 7.73438, -10.59375],
							"size": [0.375, 0.6875, 10.28125],
							"uv": {
								"north": {"uv": [38, 50], "uv_size": [0.5, 0.75]},
								"east": {"uv": [33, 28], "uv_size": [10.25, 0.75]},
								"south": {"uv": [50, 38], "uv_size": [0.5, 0.75]},
								"west": {"uv": [33, 29], "uv_size": [10.25, 0.75]},
								"up": {"uv": [18, 38], "uv_size": [0.5, 10.25]},
								"down": {"uv": [19, 48.25], "uv_size": [0.5, -10.25]}
							}
						},
						{
							"origin": [0.15089, 7.66162, -10.09375],
							"size": [0.625, 0.25, 5.03125],
							"uv": {
								"west": {"uv": [45, 40], "uv_size": [5, 0.25]}
							}
						},
						{
							"origin": [-0.77589, 7.66162, -10.09375],
							"size": [0.625, 0.25, 5.03125],
							"uv": {
								"east": {"uv": [45, 39], "uv_size": [5, 0.25]}
							}
						},
						{
							"origin": [-0.75, 7.73438, -10.59375],
							"size": [0.375, 0.6875, 10.28125],
							"uv": {
								"north": {"uv": [37, 50], "uv_size": [0.5, 0.75]},
								"east": {"uv": [30, 5], "uv_size": [10.25, 0.75]},
								"south": {"uv": [50, 37], "uv_size": [0.5, 0.75]},
								"west": {"uv": [30, 6], "uv_size": [10.25, 0.75]},
								"up": {"uv": [16, 38], "uv_size": [0.5, 10.25]},
								"down": {"uv": [17, 48.25], "uv_size": [0.5, -10.25]}
							}
						},
						{
							"origin": [-0.02099, 7.27099, -20.65624],
							"size": [0.78126, 0.32813, 7.28125],
							"uv": {
								"west": {"uv": [44, 26], "uv_size": [7.25, 0.25]}
							}
						},
						{
							"origin": [-0.76027, 7.27099, -20.65624],
							"size": [0.78126, 0.32813, 7.28125],
							"uv": {
								"east": {"uv": [44, 27], "uv_size": [7.25, 0.25]}
							}
						},
						{
							"origin": [-0.76562, 7.34375, -22.4375],
							"size": [1.53125, 0.20313, 0.625],
							"uv": {
								"north": {"uv": [50, 33], "uv_size": [1.5, 0.25]},
								"east": {"uv": [32, 51], "uv_size": [0.75, 0.25]},
								"south": {"uv": [34, 50], "uv_size": [1.5, 0.25]},
								"west": {"uv": [51, 32], "uv_size": [0.75, 0.25]},
								"up": {"uv": [0, 46], "uv_size": [1.5, 0.75]},
								"down": {"uv": [2, 46.75], "uv_size": [1.5, -0.75]}
							}
						},
						{
							"origin": [-0.40625, 7.03125, -22.8125],
							"size": [0.8125, 0.82813, 22.625],
							"uv": {
								"north": {"uv": [20, 48], "uv_size": [0.75, 0.75]},
								"east": {"uv": [21, 11], "uv_size": [22.75, 0.75]},
								"west": {"uv": [21, 12], "uv_size": [22.75, 0.75]},
								"up": {"uv": [22, 21], "uv_size": [0.75, 22.75]},
								"down": {"uv": [0, 45.75], "uv_size": [0.75, -22.75]}
							}
						},
						{
							"origin": [-0.5, 7.875, -15.9375],
							"size": [1, 0.5625, 0.32813],
							"uv": {
								"north": {"uv": [13, 49], "uv_size": [1, 0.5]},
								"east": {"uv": [51, 43], "uv_size": [0.25, 0.5]},
								"south": {"uv": [49, 13], "uv_size": [1, 0.5]},
								"west": {"uv": [44, 51], "uv_size": [0.25, 0.5]},
								"up": {"uv": [51, 8], "uv_size": [1, 0.25]},
								"down": {"uv": [9, 51.25], "uv_size": [1, -0.25]}
							}
						},
						{
							"origin": [-0.5, 7.875, -10.625],
							"size": [1, 0.5625, 10.32813],
							"uv": {
								"north": {"uv": [49, 14], "uv_size": [1, 0.5]},
								"east": {"uv": [36, 3], "uv_size": [10.25, 0.5]},
								"south": {"uv": [49, 15], "uv_size": [1, 0.5]},
								"west": {"uv": [37, 13], "uv_size": [10.25, 0.5]},
								"up": {"uv": [26, 30], "uv_size": [1, 10.25]},
								"down": {"uv": [27, 40.25], "uv_size": [1, -10.25]}
							}
						},
						{
							"origin": [-1.18203, 8.62579, -16.31251],
							"size": [0.72891, 0.75, 6.75001],
							"uv": {
								"north": {"uv": [7, 42], "uv_size": [0.75, 0.75]},
								"south": {"uv": [12, 48], "uv_size": [0.75, 0.75]},
								"up": {"uv": [30, 38], "uv_size": [0.75, 6.75]},
								"down": {"uv": [38, 40.75], "uv_size": [0.75, -6.75]}
							}
						},
						{
							"origin": [-1.24453, 8.50079, -16.31251],
							"size": [0.22891, 1, 6.75001],
							"uv": {
								"north": {"uv": [51, 2], "uv_size": [0.25, 1]},
								"east": {"uv": [33, 32], "uv_size": [6.75, 1]},
								"south": {"uv": [5, 51], "uv_size": [0.25, 1]},
								"west": {"uv": [33, 33], "uv_size": [6.75, 1]},
								"up": {"uv": [22, 44], "uv_size": [0.25, 6.75]},
								"down": {"uv": [23, 50.75], "uv_size": [0.25, -6.75]}
							}
						},
						{
							"origin": [1.01562, 8.50079, -16.31251],
							"size": [0.22891, 1, 6.75001],
							"uv": {
								"north": {"uv": [6, 51], "uv_size": [0.25, 1]},
								"east": {"uv": [34, 22], "uv_size": [6.75, 1]},
								"south": {"uv": [7, 51], "uv_size": [0.25, 1]},
								"west": {"uv": [34, 23], "uv_size": [6.75, 1]},
								"up": {"uv": [26, 44], "uv_size": [0.25, 6.75]},
								"down": {"uv": [27, 50.75], "uv_size": [0.25, -6.75]}
							}
						},
						{
							"origin": [0.45312, 8.62579, -16.31251],
							"size": [0.72891, 0.75, 6.75001],
							"uv": {
								"north": {"uv": [13, 48], "uv_size": [0.75, 0.75]},
								"south": {"uv": [48, 13], "uv_size": [0.75, 0.75]},
								"up": {"uv": [36, 38], "uv_size": [0.75, 6.75]},
								"down": {"uv": [37, 44.75], "uv_size": [0.75, -6.75]}
							}
						},
						{
							"origin": [-0.73974, 7.28662, 0.10938],
							"size": [1.5625, 0.53125, 2.34375],
							"uv": {
								"west": {"uv": [5, 46], "uv_size": [2.25, 0.5]}
							}
						},
						{
							"origin": [-0.76562, 7.9375, 0.07813],
							"size": [1.53125, 0.4375, 1.75],
							"uv": {
								"north": {"uv": [47, 16], "uv_size": [1.5, 0.5]},
								"east": {"uv": [47, 3], "uv_size": [1.75, 0.5]},
								"south": {"uv": [47, 17], "uv_size": [1.5, 0.5]},
								"west": {"uv": [4, 47], "uv_size": [1.75, 0.5]},
								"up": {"uv": [12, 43], "uv_size": [1.5, 1.75]},
								"down": {"uv": [14, 44.75], "uv_size": [1.5, -1.75]}
							}
						},
						{
							"origin": [-0.76562, 7.9375, 2.01563],
							"size": [1.53125, 0.4375, 0.42188],
							"uv": {
								"north": {"uv": [47, 18], "uv_size": [1.5, 0.5]},
								"east": {"uv": [10, 51], "uv_size": [0.5, 0.5]},
								"south": {"uv": [47, 19], "uv_size": [1.5, 0.5]},
								"west": {"uv": [51, 10], "uv_size": [0.5, 0.5]},
								"up": {"uv": [47, 21], "uv_size": [1.5, 0.5]},
								"down": {"uv": [47, 22.5], "uv_size": [1.5, -0.5]}
							}
						},
						{
							"origin": [-0.82276, 7.28662, 0.10938],
							"size": [1.5625, 0.53125, 2.34375],
							"uv": {
								"east": {"uv": [46, 11], "uv_size": [2.25, 0.5]}
							}
						}
					]
				},
				{
					"name": "sight",
					"parent": "lod",
					"pivot": [0, 19.40625, 10.0625],
					"cubes": [
						{
							"origin": [-0.375, 11.97589, 3.63974],
							"size": [0.75, 0.23438, 0.25981],
							"pivot": [0, 12.10089, 3.73839],
							"rotation": [45, 0, 0],
							"uv": {
								"north": {"uv": [33, 51], "uv_size": [0.75, 0.25]},
								"east": {"uv": [52, 23], "uv_size": [0.25, 0.25]},
								"west": {"uv": [24, 52], "uv_size": [0.25, 0.25]},
								"up": {"uv": [34, 51], "uv_size": [0.75, 0.25]}
							}
						},
						{
							"origin": [-0.375, 12.10625, 0.025],
							"size": [0.75, 0.1875, 0.75],
							"uv": {
								"east": {"uv": [51, 34], "uv_size": [0.75, 0.25]},
								"south": {"uv": [35, 51], "uv_size": [0.75, 0.25]},
								"west": {"uv": [51, 35], "uv_size": [0.75, 0.25]},
								"up": {"uv": [9, 49], "uv_size": [0.75, 0.75]}
							}
						},
						{
							"origin": [-0.29687, 12.10625, 0.025],
							"size": [0.59375, 0.10938, 3.8125],
							"uv": {
								"east": {"uv": [46, 12], "uv_size": [3.75, 0.25]},
								"west": {"uv": [45, 46], "uv_size": [3.75, 0.25]},
								"up": {"uv": [9, 43], "uv_size": [0.5, 3.75]}
							}
						},
						{
							"origin": [-0.375, 12.09063, -0.2875],
							"size": [0.75, 0.20313, 0.3125],
							"uv": {
								"east": {"uv": [52, 24], "uv_size": [0.25, 0.25]},
								"west": {"uv": [25, 52], "uv_size": [0.25, 0.25]}
							}
						},
						{
							"origin": [-0.32813, 12.21563, 3.9],
							"size": [0.2356, 0.125, 0.5625],
							"pivot": [-0.42908, 13.02813, 4.025],
							"rotation": [0, 0, 45],
							"uv": {
								"north": {"uv": [52, 25], "uv_size": [0.25, 0.25]},
								"south": {"uv": [26, 52], "uv_size": [0.25, 0.25]},
								"west": {"uv": [16, 52], "uv_size": [0.5, 0.25]},
								"up": {"uv": [52, 16], "uv_size": [0.25, 0.5]},
								"down": {"uv": [17, 52.5], "uv_size": [0.25, -0.5]}
							}
						},
						{
							"origin": [1.11658, 12.69158, 3.9],
							"size": [0.125, 0.2356, 0.5625],
							"pivot": [0.42908, 13.02813, 4.025],
							"rotation": [0, 0, 45],
							"uv": {
								"north": {"uv": [52, 26], "uv_size": [0.25, 0.25]},
								"east": {"uv": [52, 17], "uv_size": [0.5, 0.25]},
								"south": {"uv": [27, 52], "uv_size": [0.25, 0.25]},
								"west": {"uv": [18, 52], "uv_size": [0.5, 0.25]}
							}
						},
						{
							"origin": [-0.375, 12.10625, 3.775],
							"size": [0.75, 0.1875, 0.75],
							"uv": {
								"north": {"uv": [36, 51], "uv_size": [0.75, 0.25]},
								"east": {"uv": [51, 36], "uv_size": [0.75, 0.25]},
								"south": {"uv": [37, 51], "uv_size": [0.75, 0.25]},
								"west": {"uv": [51, 37], "uv_size": [0.75, 0.25]},
								"up": {"uv": [49, 9], "uv_size": [0.75, 0.75]}
							}
						},
						{
							"origin": [-0.76562, 12.21563, 3.9],
							"size": [1.53125, 0.125, 0.5625],
							"uv": {
								"north": {"uv": [39, 50], "uv_size": [1.5, 0.25]},
								"south": {"uv": [50, 39], "uv_size": [1.5, 0.25]},
								"up": {"uv": [6, 47], "uv_size": [1.5, 0.5]},
								"down": {"uv": [12, 47.5], "uv_size": [1.5, -0.5]}
							}
						},
						{
							"origin": [-0.32813, 13.68944, 3.9],
							"size": [0.2356, 0.125, 0.5625],
							"pivot": [-0.42908, 13.00194, 4.025],
							"rotation": [0, 0, -45],
							"uv": {
								"north": {"uv": [52, 27], "uv_size": [0.25, 0.25]},
								"south": {"uv": [28, 52], "uv_size": [0.25, 0.25]},
								"west": {"uv": [52, 18], "uv_size": [0.5, 0.25]},
								"up": {"uv": [19, 52], "uv_size": [0.25, 0.5]},
								"down": {"uv": [52, 19.5], "uv_size": [0.25, -0.5]}
							}
						},
						{
							"origin": [-0.76562, 13.68944, 3.9],
							"size": [1.53125, 0.125, 0.5625],
							"uv": {
								"north": {"uv": [50, 40], "uv_size": [1.5, 0.25]},
								"south": {"uv": [41, 50], "uv_size": [1.5, 0.25]},
								"up": {"uv": [47, 14], "uv_size": [1.5, 0.5]},
								"down": {"uv": [47, 15.5], "uv_size": [1.5, -0.5]}
							}
						},
						{
							"origin": [-0.93222, 12.38222, 3.9],
							"size": [0.14063, 1.26563, 0.5625],
							"uv": {
								"north": {"uv": [1, 51], "uv_size": [0.25, 1.25]},
								"east": {"uv": [5, 48], "uv_size": [0.5, 1.25]},
								"south": {"uv": [2, 51], "uv_size": [0.25, 1.25]},
								"west": {"uv": [6, 48], "uv_size": [0.5, 1.25]}
							}
						},
						{
							"origin": [0.79159, 12.38222, 3.9],
							"size": [0.14063, 1.26563, 0.5625],
							"uv": {
								"north": {"uv": [3, 51], "uv_size": [0.25, 1.25]},
								"east": {"uv": [7, 48], "uv_size": [0.5, 1.25]},
								"south": {"uv": [4, 51], "uv_size": [0.25, 1.25]},
								"west": {"uv": [48, 9], "uv_size": [0.5, 1.25]}
							}
						},
						{
							"origin": [1.11658, 13.10289, 3.9],
							"size": [0.125, 0.2356, 0.5625],
							"pivot": [0.42908, 13.00194, 4.025],
							"rotation": [0, 0, -45],
							"uv": {
								"north": {"uv": [52, 28], "uv_size": [0.25, 0.25]},
								"east": {"uv": [20, 52], "uv_size": [0.5, 0.25]},
								"south": {"uv": [29, 52], "uv_size": [0.25, 0.25]},
								"west": {"uv": [52, 20], "uv_size": [0.5, 0.25]}
							}
						},
						{
							"origin": [-0.51563, 12.21563, -0.7875],
							"size": [0.2356, 0.125, 1.4375],
							"pivot": [-0.61658, 13.02813, 0.2125],
							"rotation": [0, 0, 45],
							"uv": {
								"north": {"uv": [52, 29], "uv_size": [0.25, 0.25]},
								"south": {"uv": [30, 52], "uv_size": [0.25, 0.25]},
								"west": {"uv": [50, 41], "uv_size": [1.5, 0.25]},
								"up": {"uv": [50, 42], "uv_size": [0.25, 1.5]},
								"down": {"uv": [43, 51.5], "uv_size": [0.25, -1.5]}
							}
						},
						{
							"origin": [1.30408, 12.69158, -0.7875],
							"size": [0.125, 0.2356, 1.4375],
							"pivot": [0.61658, 13.02813, 0.2125],
							"rotation": [0, 0, 45],
							"uv": {
								"north": {"uv": [52, 30], "uv_size": [0.25, 0.25]},
								"east": {"uv": [44, 50], "uv_size": [1.5, 0.25]},
								"south": {"uv": [31, 52], "uv_size": [0.25, 0.25]},
								"west": {"uv": [50, 44], "uv_size": [1.5, 0.25]}
							}
						},
						{
							"origin": [-0.95312, 12.21563, -0.7875],
							"size": [1.90625, 0.125, 1.4375],
							"uv": {
								"north": {"uv": [49, 21], "uv_size": [2, 0.25]},
								"south": {"uv": [49, 22], "uv_size": [2, 0.25]},
								"up": {"uv": [41, 37], "uv_size": [2, 1.5]},
								"down": {"uv": [38, 42.5], "uv_size": [2, -1.5]}
							}
						},
						{
							"origin": [1.30408, 13.22789, -0.7875],
							"size": [0.125, 0.2356, 1.4375],
							"pivot": [0.61658, 13.12694, 0.2125],
							"rotation": [0, 0, -45],
							"uv": {
								"north": {"uv": [52, 31], "uv_size": [0.25, 0.25]},
								"east": {"uv": [50, 45], "uv_size": [1.5, 0.25]},
								"south": {"uv": [32, 52], "uv_size": [0.25, 0.25]},
								"west": {"uv": [46, 50], "uv_size": [1.5, 0.25]}
							}
						},
						{
							"origin": [-0.95312, 13.81444, -0.7875],
							"size": [1.90625, 0.125, 1.4375],
							"uv": {
								"north": {"uv": [49, 23], "uv_size": [2, 0.25]},
								"south": {"uv": [24, 49], "uv_size": [2, 0.25]},
								"up": {"uv": [41, 39], "uv_size": [2, 1.5]},
								"down": {"uv": [41, 42.5], "uv_size": [2, -1.5]}
							}
						},
						{
							"origin": [-0.51563, 13.81444, -0.7875],
							"size": [0.2356, 0.125, 1.4375],
							"pivot": [-0.61658, 13.12694, 0.2125],
							"rotation": [0, 0, -45],
							"uv": {
								"north": {"uv": [52, 32], "uv_size": [0.25, 0.25]},
								"south": {"uv": [33, 52], "uv_size": [0.25, 0.25]},
								"west": {"uv": [50, 46], "uv_size": [1.5, 0.25]},
								"up": {"uv": [50, 47], "uv_size": [0.25, 1.5]},
								"down": {"uv": [48, 51.5], "uv_size": [0.25, -1.5]}
							}
						},
						{
							"origin": [-1.11972, 12.38222, -0.7875],
							"size": [0.14063, 1.39063, 1.4375],
							"uv": {
								"north": {"uv": [49, 50], "uv_size": [0.25, 1.5]},
								"east": {"uv": [43, 23], "uv_size": [1.5, 1.5]},
								"south": {"uv": [50, 49], "uv_size": [0.25, 1.5]},
								"west": {"uv": [24, 43], "uv_size": [1.5, 1.5]}
							}
						},
						{
							"origin": [0.97909, 12.38222, -0.7875],
							"size": [0.14063, 1.39063, 1.4375],
							"uv": {
								"north": {"uv": [0, 51], "uv_size": [0.25, 1.5]},
								"east": {"uv": [43, 30], "uv_size": [1.5, 1.5]},
								"south": {"uv": [51, 0], "uv_size": [0.25, 1.5]},
								"west": {"uv": [31, 43], "uv_size": [1.5, 1.5]}
							}
						},
						{
							"origin": [-0.375, 11.91875, 0.025],
							"size": [0.75, 0.1875, 4.375],
							"uv": {
								"north": {"uv": [38, 51], "uv_size": [0.75, 0.25]},
								"east": {"uv": [46, 7], "uv_size": [4.5, 0.25]},
								"west": {"uv": [46, 8], "uv_size": [4.5, 0.25]},
								"up": {"uv": [4, 40], "uv_size": [0.75, 4.5]},
								"down": {"uv": [35, 44.5], "uv_size": [0.75, -4.5]}
							}
						},
						{
							"origin": [-0.375, 11.48125, 0.775],
							"size": [0.75, 0.4375, 4.5],
							"uv": {
								"east": {"uv": [43, 25], "uv_size": [4.5, 0.5]},
								"west": {"uv": [43, 32], "uv_size": [4.5, 0.5]},
								"up": {"uv": [40, 35], "uv_size": [0.75, 4.5]},
								"down": {"uv": [40, 44.5], "uv_size": [0.75, -4.5]}
							}
						},
						{
							"origin": [-0.375, 12.61256, -0.50903],
							"size": [0.75, 0.09375, 0.73438],
							"pivot": [0, 12.70631, -1.57153],
							"rotation": [-22.5, 0, 0],
							"uv": {
								"north": {"uv": [51, 38], "uv_size": [0.75, 0.25]},
								"east": {"uv": [39, 51], "uv_size": [0.75, 0.25]},
								"west": {"uv": [40, 51], "uv_size": [0.75, 0.25]},
								"down": {"uv": [49, 10.75], "uv_size": [0.75, -0.75]}
							}
						},
						{
							"origin": [-0.375, 12.70631, -0.32153],
							"size": [0.75, 0.04688, 0.54688],
							"pivot": [0, 12.70631, -1.57153],
							"rotation": [-22.5, 0, 0],
							"uv": {
								"east": {"uv": [21, 52], "uv_size": [0.5, 0.25]},
								"west": {"uv": [52, 21], "uv_size": [0.5, 0.25]}
							}
						},
						{
							"origin": [-0.625, 11.16875, 1.275],
							"size": [1.25, 0.375, 3.75],
							"uv": {
								"north": {"uv": [47, 33], "uv_size": [1.25, 0.5]},
								"east": {"uv": [44, 9], "uv_size": [3.75, 0.5]},
								"south": {"uv": [47, 45], "uv_size": [1.25, 0.5]},
								"west": {"uv": [44, 10], "uv_size": [3.75, 0.5]},
								"up": {"uv": [33, 39], "uv_size": [1.25, 3.75]}
							}
						}
					]
				},
				{
					"name": "bone19_illuminated",
					"parent": "sight",
					"pivot": [0, 19.40625, 10.03125],
					"cubes": [
						{
							"origin": [-0.40625, 12.23125, -0.14687],
							"size": [0.8125, 0.125, 0.28125],
							"uv": {
								"north": {"uv": [41, 51], "uv_size": [0.75, 0.25]},
								"south": {"uv": [42, 51], "uv_size": [0.75, 0.25]},
								"up": {"uv": [51, 42], "uv_size": [0.75, 0.25]}
							}
						},
						{
							"origin": [-0.23437, 12.23125, 4.04063],
							"size": [0.46875, 0.125, 0.28125],
							"uv": {
								"north": {"uv": [22, 52], "uv_size": [0.5, 0.25]},
								"south": {"uv": [52, 22], "uv_size": [0.5, 0.25]},
								"up": {"uv": [23, 52], "uv_size": [0.5, 0.25]}
							}
						},
						{
							"origin": [-0.6875, 12.39256, 4.10313],
							"size": [1.375, 1.1875, 0.09375],
							"uv": {
								"south": {"uv": [44, 11], "uv_size": [1.5, 1.25]}
							}
						},
						{
							"origin": [-0.25, 12.76756, -0.02187],
							"size": [0.5, 0.48438, 0.09375],
							"uv": {
								"south": {"uv": [51, 9], "uv_size": [0.5, 0.5]}
							}
						}
					]
				}
			]
		}
	]
}