{
	"format_version": "1.12.0",
	"minecraft:geometry": [
		{
			"description": {
				"identifier": "geometry.unknown",
				"texture_width": 128,
				"texture_height": 128,
				"visible_bounds_width": 4,
				"visible_bounds_height": 2.5,
				"visible_bounds_offset": [0, 0.75, 0]
			},
			"bones": [
				{
					"name": "positioning",
					"pivot": [0, 0, 0]
				},
				{
					"name": "thirdperson_hand",
					"parent": "positioning",
					"pivot": [0.95, 6.025, 1.1]
				},
				{
					"name": "fixed",
					"parent": "positioning",
					"pivot": [0.95, 8.55, 1.825],
					"rotation": [0, 90, 0]
				},
				{
					"name": "ground",
					"parent": "positioning",
					"pivot": [0, -2.875, 1]
				},
				{
					"name": "positioning2",
					"parent": "positioning",
					"pivot": [0, 8.375, -10.25]
				},
				{
					"name": "muzzle_flash",
					"parent": "positioning2",
					"pivot": [0, 7.975, -9.14687]
				},
				{
					"name": "shell",
					"parent": "positioning2",
					"pivot": [-0.75, 7.9, 4.675]
				},
				{
					"name": "muzzle_pos",
					"parent": "positioning2",
					"pivot": [0, 7.975, -8.07812]
				},
				{
					"name": "scope_pos",
					"parent": "positioning2",
					"pivot": [0, 10.35, 4.45]
				},
				{
					"name": "bone",
					"pivot": [0, 8.25, -7.25],
					"cubes": [
						{
							"origin": [-0.5, 8, -10],
							"size": [1, 1, 3.5],
							"pivot": [0, 8.5, -8.25],
							"rotation": [0, 0, -45],
							"uv": {
								"north": {"uv": [18, 6], "uv_size": [1, 1]},
								"east": {"uv": [8, 24], "uv_size": [3.5, 1]},
								"south": {"uv": [18, 7], "uv_size": [1, 1]},
								"west": {"uv": [16, 24], "uv_size": [3.5, 1]},
								"up": {"uv": [20, 24], "uv_size": [1, 3.5]},
								"down": {"uv": [8, 28.5], "uv_size": [1, -3.5]}
							}
						},
						{
							"origin": [-1, 7.25, -5.25],
							"size": [2, 3.25, 15.75],
							"inflate": 0.001,
							"uv": {
								"north": {"uv": [19, 20], "uv_size": [2, 3.5]},
								"east": {"uv": [16, 4], "uv_size": [-16, 3.5]},
								"south": {"uv": [21, 5], "uv_size": [2, 3.5]},
								"west": {"uv": [0, 4], "uv_size": [16, 3.5]},
								"up": {"uv": [0, 8], "uv_size": [2, 16]},
								"down": {"uv": [2, 24], "uv_size": [2, -16]}
							}
						},
						{
							"origin": [-1, 6.875, 2.375],
							"size": [2, 3.625, 7.75],
							"inflate": 0.002,
							"uv": {
								"west": {"uv": [41.5, 3.5], "uv_size": [47, 20]}
							}
						},
						{
							"origin": [-0.625, 10.5, -5.25],
							"size": [1.25, 0.5, 15.75],
							"uv": {
								"north": {"uv": [26, 5], "uv_size": [1.5, 0.5]},
								"east": {"uv": [19, 11], "uv_size": [16, 0.5]},
								"south": {"uv": [26, 6], "uv_size": [1.5, 0.5]},
								"west": {"uv": [19, 12], "uv_size": [16, 0.5]},
								"up": {"uv": [4, 8], "uv_size": [1.5, 16]},
								"down": {"uv": [6, 24], "uv_size": [1.5, -16]}
							}
						},
						{
							"origin": [-0.625, 2.25, -5.75],
							"size": [1.25, 5, 1.75],
							"uv": {
								"north": {"uv": [19, 15], "uv_size": [1.5, 5]},
								"east": {"uv": [10, 16], "uv_size": [2, 5]},
								"south": {"uv": [17, 19], "uv_size": [1.5, 5]},
								"west": {"uv": [17, 8], "uv_size": [2, 5]},
								"up": {"uv": [25, 2], "uv_size": [1.5, 2]},
								"down": {"uv": [9, 27], "uv_size": [1.5, -2]}
							}
						},
						{
							"origin": [-0.75, 8.25, 10.5],
							"size": [1.5, 0.75, 7.5],
							"uv": {
								"north": {"uv": [25, 24], "uv_size": [1.5, 1]},
								"east": {"uv": [20, 0], "uv_size": [7.5, 1]},
								"south": {"uv": [25, 25], "uv_size": [1.5, 1]},
								"west": {"uv": [20, 1], "uv_size": [7.5, 1]},
								"up": {"uv": [16, 0], "uv_size": [1.5, 7.5]},
								"down": {"uv": [8, 23.5], "uv_size": [1.5, -7.5]}
							}
						},
						{
							"origin": [-1, 3.75, 18],
							"size": [2, 5.75, 1.5],
							"uv": {
								"north": {"uv": [15, 8], "uv_size": [2, 6]},
								"east": {"uv": [17, 13], "uv_size": [1.5, 6]},
								"south": {"uv": [15, 14], "uv_size": [2, 6]},
								"west": {"uv": [18, 0], "uv_size": [1.5, 6]},
								"up": {"uv": [25, 9], "uv_size": [2, 1.5]},
								"down": {"uv": [25, 16.5], "uv_size": [2, -1.5]}
							}
						},
						{
							"origin": [-1, 6.5, 2.75],
							"size": [2, 0.75, 7.75],
							"uv": {
								"north": {"uv": [25, 4], "uv_size": [2, 1]},
								"east": {"uv": [19, 13], "uv_size": [8, 1]},
								"south": {"uv": [21, 25], "uv_size": [2, 1]},
								"west": {"uv": [19, 14], "uv_size": [8, 1]},
								"up": {"uv": [8, 8], "uv_size": [2, 8]},
								"down": {"uv": [10, 16], "uv_size": [2, -8]}
							}
						},
						{
							"origin": [-1, 2, 2.75],
							"size": [2, 4.5, 3],
							"uv": {
								"north": {"uv": [12, 18], "uv_size": [2, 4.5]},
								"east": {"uv": [12, 8], "uv_size": [3, 4.5]},
								"south": {"uv": [19, 6], "uv_size": [2, 4.5]},
								"west": {"uv": [12, 13], "uv_size": [3, 4.5]},
								"up": {"uv": [10, 21], "uv_size": [2, 3]},
								"down": {"uv": [21, 20], "uv_size": [2, -3]}
							}
						},
						{
							"origin": [-0.75, 0, 3],
							"size": [1.5, 2, 2.5],
							"inflate": 0.001,
							"uv": {
								"north": {"uv": [16, 25], "uv_size": [1.5, 2]},
								"east": {"uv": [23, 5], "uv_size": [2.5, 2]},
								"south": {"uv": [25, 17], "uv_size": [1.5, 2]},
								"west": {"uv": [23, 7], "uv_size": [2.5, 2]},
								"up": {"uv": [0, 24], "uv_size": [1.5, 2.5]},
								"down": {"uv": [2, 26.5], "uv_size": [1.5, -2.5]}
							}
						},
						{
							"origin": [-0.75, -3, 3],
							"size": [1.5, 3, 2.5],
							"pivot": [0.25, 0, 5.5],
							"rotation": [-25, 0, 0],
							"uv": {
								"north": {"uv": [12, 23], "uv_size": [1.5, 3]},
								"east": {"uv": [20, 2], "uv_size": [2.5, 3]},
								"south": {"uv": [14, 23], "uv_size": [1.5, 3]},
								"west": {"uv": [14, 20], "uv_size": [2.5, 3]},
								"up": {"uv": [4, 24], "uv_size": [1.5, 2.5]},
								"down": {"uv": [6, 26.5], "uv_size": [1.5, -2.5]}
							}
						},
						{
							"origin": [0, 5.25, -0.75],
							"size": [0, 2, 3.5],
							"uv": {
								"north": {"uv": [0, 0], "uv_size": [0, 2]},
								"east": {"uv": [21, 9], "uv_size": [3.5, 2]},
								"south": {"uv": [0, 0], "uv_size": [0, 2]},
								"west": {"uv": [21, 15], "uv_size": [3.5, 2]},
								"up": {"uv": [0, 0], "uv_size": [0, 3.5]},
								"down": {"uv": [0, 3.5], "uv_size": [0, -3.5]}
							}
						},
						{
							"origin": [-1, 7.25, -7.25],
							"size": [2, 1, 2],
							"inflate": 0.001,
							"uv": {
								"north": {"uv": [25, 21], "uv_size": [2, 1]},
								"east": {"uv": [25, 22], "uv_size": [2, 1]},
								"south": {"uv": [23, 25], "uv_size": [2, 1]},
								"west": {"uv": [25, 23], "uv_size": [2, 1]},
								"up": {"uv": [21, 23], "uv_size": [2, 2]},
								"down": {"uv": [23, 25], "uv_size": [2, -2]}
							}
						},
						{
							"origin": [-1, 8.25, -7.25],
							"size": [2, 3, 1.5],
							"inflate": -0.001,
							"pivot": [0, 8.25, -7.25],
							"rotation": [-41, 0, 0],
							"uv": {
								"north": {"uv": [21, 20], "uv_size": [2, 3]},
								"east": {"uv": [24.5, 20], "uv_size": [-1.5, 3]},
								"south": {"uv": [23, 2], "uv_size": [2, 3]},
								"west": {"uv": [23, 20], "uv_size": [1.5, 3]},
								"up": {"uv": [18, 25], "uv_size": [2, 1.5]},
								"down": {"uv": [25, 20.5], "uv_size": [2, -1.5]}
							}
						}
					]
				}
			]
		}
	]
}