{
	"format_version": "1.12.0",
	"minecraft:geometry": [
		{
			"description": {
				"identifier": "geometry.mk14",
				"texture_width": 64,
				"texture_height": 64,
				"visible_bounds_width": 5,
				"visible_bounds_height": 2.5,
				"visible_bounds_offset": [0, 0.75, 0]
			},
			"bones": [
				{
					"name": "camera",
					"pivot": [2.5875, 9.925, 14.46875]
				},
				{
					"name": "root",
					"pivot": [0, 6, 7]
				},
				{
					"name": "mag_and_lefthand",
					"parent": "root",
					"pivot": [0, 2, 4.25]
				},
				{
					"name": "magazine_bullet",
					"parent": "mag_and_lefthand",
					"pivot": [0, 2, 4.25],
					"rotation": [-5, 0, 0]
				},
				{
					"name": "bullet",
					"parent": "magazine_bullet",
					"pivot": [0, 6.46646, 3.65138],
					"rotation": [90, 0, 0]
				},
				{
					"name": "magazine",
					"parent": "magazine_bullet",
					"pivot": [0, 2, 4.25]
				},
				{
					"name": "bullet_in_mag",
					"parent": "magazine",
					"pivot": [0, 6.46646, 3.65138],
					"rotation": [90, 0, 0]
				},
				{
					"name": "mag_standard",
					"parent": "magazine",
					"pivot": [0, 6, 3.9]
				},
				{
					"name": "mag_extended_1",
					"parent": "magazine",
					"pivot": [-0.00037, 1.7039, 3.9475]
				},
				{
					"name": "mag_extended_2",
					"parent": "magazine",
					"pivot": [-0.00037, 1.7039, 3.9475]
				},
				{
					"name": "mag_extended_3",
					"parent": "magazine",
					"pivot": [-0.00037, 1.7039, 3.9475]
				},
				{
					"name": "mag_extended_s",
					"parent": "magazine",
					"pivot": [-0.00037, 1.7039, 3.9475]
				},
				{
					"name": "bone16",
					"parent": "mag_extended_s",
					"pivot": [0, 10.5, 7.875],
					"rotation": [-7.5, 0, 0]
				},
				{
					"name": "b14_illuminated",
					"parent": "bone16",
					"pivot": [0, -2.75, 2.3125]
				},
				{
					"name": "lefthand",
					"parent": "mag_and_lefthand",
					"pivot": [-6, 19, 4]
				},
				{
					"name": "lefthand_pos",
					"parent": "lefthand",
					"pivot": [0, 8, 4]
				},
				{
					"name": "gun_and_righthand",
					"parent": "root",
					"pivot": [0, 3, 12]
				},
				{
					"name": "lod",
					"parent": "gun_and_righthand",
					"pivot": [0, 3, 12],
					"cubes": [
						{
							"origin": [-1, 6.75, -13.5],
							"size": [2, 1.25, 15.75],
							"uv": {
								"north": {"uv": [40, 22], "uv_size": [2, 1.25]},
								"east": {"uv": [35.75, 8], "uv_size": [-15.75, 1.25]},
								"south": {"uv": [23, 40], "uv_size": [2, 1.25]},
								"west": {"uv": [20, 8], "uv_size": [15.75, 1.25]},
								"up": {"uv": [4, 12], "uv_size": [2, 15.75]},
								"down": {"uv": [6, 27.75], "uv_size": [2, -15.75]}
							}
						},
						{
							"origin": [-1, 5, 11.5],
							"size": [2, 3, 1.5],
							"uv": {
								"north": {"uv": [14, 31], "uv_size": [2, 3]},
								"east": {"uv": [37.5, 9], "uv_size": [-1.5, 3]},
								"south": {"uv": [16, 31], "uv_size": [2, 3]},
								"west": {"uv": [36, 9], "uv_size": [1.5, 3]},
								"up": {"uv": [34, 38], "uv_size": [2, 1.5]},
								"down": {"uv": [36, 39.5], "uv_size": [2, -1.5]}
							}
						},
						{
							"origin": [-1, 6.4375, 13.25],
							"size": [2, 1.5625, 1],
							"uv": {
								"north": {"uv": [39, 3], "uv_size": [2, 1.5]},
								"east": {"uv": [43, 3], "uv_size": [1, 1.5]},
								"south": {"uv": [39, 5], "uv_size": [2, 1.5]},
								"west": {"uv": [43, 5], "uv_size": [1, 1.5]},
								"up": {"uv": [41, 21], "uv_size": [2, 1]},
								"down": {"uv": [41, 35], "uv_size": [2, -1]}
							}
						},
						{
							"origin": [-1, 6.4375, 14.25],
							"size": [2, 0.625, 9.5],
							"uv": {
								"north": {"uv": [42, 41], "uv_size": [2, 0.75]},
								"east": {"uv": [26, 24], "uv_size": [9.5, 0.75]},
								"south": {"uv": [6, 43], "uv_size": [2, 0.75]},
								"west": {"uv": [26, 25], "uv_size": [9.5, 0.75]},
								"up": {"uv": [20, 10], "uv_size": [2, 9.5]},
								"down": {"uv": [20, 29.5], "uv_size": [2, -9.5]}
							}
						},
						{
							"origin": [-1, 6.4375, 23.75],
							"size": [2, 1.5625, 1.5],
							"uv": {
								"north": {"uv": [8, 39], "uv_size": [2, 1.5]},
								"east": {"uv": [2, 41], "uv_size": [1.5, 1.5]},
								"south": {"uv": [12, 39], "uv_size": [2, 1.5]},
								"west": {"uv": [41, 3], "uv_size": [1.5, 1.5]},
								"up": {"uv": [39, 16], "uv_size": [2, 1.5]},
								"down": {"uv": [39, 19.5], "uv_size": [2, -1.5]}
							}
						},
						{
							"origin": [-0.9375, 7, 15.125],
							"size": [1.875, 1.125, 6.5],
							"uv": {
								"north": {"uv": [36, 40], "uv_size": [2, 1.25]},
								"east": {"uv": [26, 22], "uv_size": [6.5, 1.25]},
								"south": {"uv": [40, 36], "uv_size": [2, 1.25]},
								"west": {"uv": [24, 26], "uv_size": [6.5, 1.25]},
								"up": {"uv": [24, 19], "uv_size": [2, 6.5]},
								"down": {"uv": [12, 31.5], "uv_size": [2, -6.5]}
							}
						},
						{
							"origin": [-1, 4.98438, 13.25],
							"size": [2, 1.26563, 12],
							"uv": {
								"north": {"uv": [32, 40], "uv_size": [2, 1.25]},
								"east": {"uv": [36, 10], "uv_size": [-12, 1.25]},
								"south": {"uv": [34, 40], "uv_size": [2, 1.25]},
								"west": {"uv": [24, 10], "uv_size": [12, 1.25]},
								"up": {"uv": [16, 12], "uv_size": [2, 12]},
								"down": {"uv": [18, 18], "uv_size": [2, -12]}
							}
						},
						{
							"origin": [-0.625, 2.4375, 11.59375],
							"size": [1.25, 1.3125, 0.25],
							"uv": {
								"north": {"uv": [42, 26], "uv_size": [1.25, 1.25]},
								"east": {"uv": [4, 45], "uv_size": [0.25, 1.25]},
								"west": {"uv": [5, 45], "uv_size": [0.25, 1.25]},
								"down": {"uv": [45, 5.25], "uv_size": [1.25, -0.25]}
							}
						},
						{
							"origin": [-0.625, 3.68861, 11.69776],
							"size": [1.25, 0.35512, 0.2096],
							"pivot": [0, 3.84486, 11.71986],
							"rotation": [-45, 0, 0],
							"uv": {
								"north": {"uv": [45, 3], "uv_size": [1.25, 0.25]},
								"east": {"uv": [45, 20], "uv_size": [0.25, 0.25]},
								"west": {"uv": [21, 45], "uv_size": [0.25, 0.25]}
							}
						},
						{
							"origin": [-0.625, 2.4375, 11.84375],
							"size": [1.251, 1.6748, 1.68011],
							"uv": {
								"east": {"uv": [38, 22], "uv_size": [1.75, 1.75]},
								"south": {"uv": [41, 5], "uv_size": [1.25, 1.75]},
								"west": {"uv": [23, 38], "uv_size": [1.75, 1.75]},
								"up": {"uv": [12, 41], "uv_size": [1.25, 1.75]},
								"down": {"uv": [16, 42.75], "uv_size": [1.25, -1.75]}
							}
						},
						{
							"origin": [-0.625, 0.37331, 13.39946],
							"size": [1.25, 3.75, 1.625],
							"inflate": 0.002,
							"pivot": [0.1875, 0.06081, 14.52446],
							"rotation": [22.5, 0, 0],
							"uv": {
								"north": {"uv": [34, 32], "uv_size": [1.25, 4]},
								"east": {"uv": [33.5, 16], "uv_size": [-1.5, 4]},
								"south": {"uv": [0, 35], "uv_size": [1.25, 4]},
								"west": {"uv": [32, 16], "uv_size": [1.5, 4]}
							}
						},
						{
							"origin": [-0.625, 0.18581, 14.64946],
							"size": [1.25, 4, 0.5],
							"inflate": 0.001,
							"pivot": [0.1875, 0.06081, 14.52446],
							"rotation": [22.5, 0, 0],
							"uv": {
								"north": {"uv": [2, 35], "uv_size": [1.25, 4]},
								"east": {"uv": [27, 41], "uv_size": [0.5, 4]},
								"south": {"uv": [8, 35], "uv_size": [1.25, 4]},
								"west": {"uv": [38, 41], "uv_size": [0.5, 4]}
							}
						},
						{
							"origin": [-1, 5, 9.6875],
							"size": [2, 2.125, 1.0625],
							"uv": {
								"north": {"uv": [12, 36], "uv_size": [2, 2.25]},
								"east": {"uv": [40, 38], "uv_size": [1, 2.25]},
								"south": {"uv": [26, 36], "uv_size": [2, 2.25]},
								"west": {"uv": [0, 41], "uv_size": [1, 2.25]},
								"up": {"uv": [41, 17], "uv_size": [2, 1]},
								"down": {"uv": [41, 19], "uv_size": [2, -1]}
							}
						},
						{
							"origin": [-1.1875, 6.5, 3.625],
							"size": [0.5, 1.4375, 2.5],
							"uv": {
								"north": {"uv": [11, 44], "uv_size": [0.5, 1.5]},
								"east": {"uv": [37, 26], "uv_size": [2.5, 1.5]},
								"south": {"uv": [12, 44], "uv_size": [0.5, 1.5]},
								"west": {"uv": [37, 36], "uv_size": [2.5, 1.5]},
								"up": {"uv": [39, 43], "uv_size": [0.5, 2.5]},
								"down": {"uv": [40, 45.5], "uv_size": [0.5, -2.5]}
							}
						},
						{
							"origin": [-2.5625, 6.9375, 3.625],
							"size": [1.5, 0.75, 0.3125],
							"uv": {
								"north": {"uv": [4, 44], "uv_size": [1.5, 0.75]},
								"east": {"uv": [16, 45], "uv_size": [0.25, 0.75]},
								"south": {"uv": [44, 4], "uv_size": [1.5, 0.75]},
								"west": {"uv": [45, 16], "uv_size": [0.25, 0.75]},
								"up": {"uv": [45, 1], "uv_size": [1.5, 0.25]},
								"down": {"uv": [2, 45.25], "uv_size": [1.5, -0.25]}
							}
						},
						{
							"origin": [-1.0625, 6.8125, 5.0625],
							"size": [0.5, 0.8125, 2.4375],
							"uv": {
								"north": {"uv": [44, 43], "uv_size": [0.5, 0.75]},
								"east": {"uv": [39, 41], "uv_size": [2.5, 0.75]},
								"south": {"uv": [44, 44], "uv_size": [0.5, 0.75]},
								"west": {"uv": [41, 39], "uv_size": [2.5, 0.75]},
								"up": {"uv": [41, 43], "uv_size": [0.5, 2.5]},
								"down": {"uv": [42, 45.5], "uv_size": [0.5, -2.5]}
							}
						},
						{
							"origin": [-1, 5, 10.75],
							"size": [2, 0.6875, 0.75],
							"uv": {
								"north": {"uv": [42, 36], "uv_size": [2, 0.75]},
								"east": {"uv": [44, 16], "uv_size": [0.75, 0.75]},
								"south": {"uv": [42, 37], "uv_size": [2, 0.75]},
								"west": {"uv": [17, 44], "uv_size": [0.75, 0.75]},
								"up": {"uv": [39, 42], "uv_size": [2, 0.75]},
								"down": {"uv": [41, 42.75], "uv_size": [2, -0.75]}
							}
						},
						{
							"origin": [-1, 5.75, -15.25],
							"size": [2, 2.25, 1.5],
							"uv": {
								"north": {"uv": [36, 0], "uv_size": [2, 2.25]},
								"east": {"uv": [4, 37], "uv_size": [1.5, 2.25]},
								"south": {"uv": [36, 3], "uv_size": [2, 2.25]},
								"west": {"uv": [38, 0], "uv_size": [1.5, 2.25]},
								"up": {"uv": [32, 38], "uv_size": [2, 1.5]},
								"down": {"uv": [38, 33.5], "uv_size": [2, -1.5]}
							}
						},
						{
							"origin": [-0.5, 6.71875, -15.4375],
							"size": [1, 0.9375, 1.5],
							"uv": {
								"north": {"uv": [39, 29], "uv_size": [1, 1]},
								"east": {"uv": [41, 40], "uv_size": [1.5, 1]},
								"south": {"uv": [44, 5], "uv_size": [1, 1]},
								"west": {"uv": [42, 2], "uv_size": [1.5, 1]},
								"up": {"uv": [42, 29], "uv_size": [1, 1.5]},
								"down": {"uv": [42, 32.5], "uv_size": [1, -1.5]}
							}
						},
						{
							"origin": [-0.8125, 4.875, -15.1875],
							"size": [1.625, 3.0625, 18],
							"uv": {
								"north": {"uv": [28, 33], "uv_size": [1.75, 3]},
								"east": {"uv": [0, 6], "uv_size": [18, 3]},
								"south": {"uv": [4, 34], "uv_size": [1.75, 3]},
								"west": {"uv": [0, 9], "uv_size": [18, 3]},
								"up": {"uv": [8, 12], "uv_size": [1.75, 18]},
								"down": {"uv": [10, 30], "uv_size": [1.75, -18]}
							}
						},
						{
							"origin": [-0.8125, 5.125, 2.75],
							"size": [1.625, 2.75, 23.0625],
							"uv": {
								"north": {"uv": [10, 35], "uv_size": [1.75, 2.75]},
								"east": {"uv": [0, 0], "uv_size": [23, 2.75]},
								"south": {"uv": [20, 35], "uv_size": [1.75, 2.75]},
								"west": {"uv": [0, 3], "uv_size": [23, 2.75]},
								"up": {"uv": [0, 12], "uv_size": [1.75, 23]},
								"down": {"uv": [2, 35], "uv_size": [1.75, -23]}
							}
						},
						{
							"origin": [-0.84375, -0.61563, 13.35937],
							"size": [1.48438, 1.3125, 4.25],
							"inflate": 0.001,
							"uv": {
								"north": {"uv": [18, 42], "uv_size": [1.5, 1.25]},
								"east": {"uv": [34, 28], "uv_size": [4.25, 1.25]},
								"south": {"uv": [42, 19], "uv_size": [1.5, 1.25]},
								"west": {"uv": [34, 28], "uv_size": [4.25, 1.25]},
								"up": {"uv": [10, 30], "uv_size": [1.5, 4.25]},
								"down": {"uv": [20, 34.25], "uv_size": [1.5, -4.25]}
							}
						},
						{
							"origin": [-0.84375, -13.61563, 22.35937],
							"size": [1.48438, 1.3125, 3.8125],
							"pivot": [0, -13.5, 3.6875],
							"rotation": [45, 0, 0],
							"uv": {
								"north": {"uv": [42, 0], "uv_size": [1.5, 1.25]},
								"east": {"uv": [33, 22], "uv_size": [4.25, 1.25]},
								"south": {"uv": [4, 42], "uv_size": [1.5, 1.25]},
								"west": {"uv": [34, 16], "uv_size": [4.25, 1.25]},
								"up": {"uv": [28, 28], "uv_size": [1.5, 4.25]},
								"down": {"uv": [8, 34.25], "uv_size": [1.5, -4.25]}
							}
						},
						{
							"origin": [-0.84375, 2.32187, 17.92187],
							"size": [1.48438, 3.5, 1.75],
							"uv": {
								"north": {"uv": [6, 34], "uv_size": [1.5, 3.5]},
								"east": {"uv": [30, 16], "uv_size": [1.75, 3.5]},
								"south": {"uv": [14, 34], "uv_size": [1.5, 3.5]},
								"west": {"uv": [30, 28], "uv_size": [1.75, 3.5]},
								"up": {"uv": [39, 34], "uv_size": [1.5, 1.75]},
								"down": {"uv": [4, 41.75], "uv_size": [1.5, -1.75]}
							}
						},
						{
							"origin": [-0.84375, 2.32187, 18.04687],
							"size": [1.48438, 1.0625, 5.25],
							"uv": {
								"north": {"uv": [16, 43], "uv_size": [1.5, 1]},
								"east": {"uv": [34, 30], "uv_size": [5.25, 1]},
								"south": {"uv": [43, 17], "uv_size": [1.5, 1]},
								"west": {"uv": [34, 31], "uv_size": [5.25, 1]},
								"up": {"uv": [4, 28], "uv_size": [1.5, 5.25]},
								"down": {"uv": [6, 33.25], "uv_size": [1.5, -5.25]}
							}
						},
						{
							"origin": [-0.84375, 1.32187, 23.29687],
							"size": [1.48438, 3.6875, 1.9375],
							"uv": {
								"north": {"uv": [30, 32], "uv_size": [1.5, 3.75]},
								"east": {"uv": [28, 16], "uv_size": [2, 3.75]},
								"south": {"uv": [32, 32], "uv_size": [1.5, 3.75]},
								"west": {"uv": [22, 28], "uv_size": [2, 3.75]},
								"up": {"uv": [39, 20], "uv_size": [1.5, 2]},
								"down": {"uv": [26, 41], "uv_size": [1.5, -2]}
							}
						},
						{
							"origin": [-0.84375, 4.75937, 12.98437],
							"size": [1.48438, 1.0625, 10.3125],
							"uv": {
								"north": {"uv": [12, 43], "uv_size": [1.5, 1]},
								"east": {"uv": [31, 26], "uv_size": [6, 1]},
								"south": {"uv": [14, 43], "uv_size": [1.5, 1]},
								"west": {"uv": [31, 27], "uv_size": [6, 1]},
								"up": {"uv": [14, 25], "uv_size": [1.5, 6]},
								"down": {"uv": [26, 22], "uv_size": [1.5, -6]}
							}
						},
						{
							"origin": [-1.03125, 1.32187, 25.23437],
							"size": [2.0625, 6.75, 0.8125],
							"uv": {
								"north": {"uv": [24, 12], "uv_size": [2, 6.75]},
								"east": {"uv": [16, 34], "uv_size": [0.75, 6.75]},
								"south": {"uv": [16, 24], "uv_size": [2, 6.75]},
								"west": {"uv": [17, 34], "uv_size": [0.75, 6.75]},
								"up": {"uv": [43, 7], "uv_size": [2, 0.75]},
								"down": {"uv": [10, 43.75], "uv_size": [2, -0.75]}
							}
						},
						{
							"origin": [-0.9375, 7.125, 3],
							"size": [0.125, 0.375, 6.5],
							"uv": {
								"north": {"uv": [45, 19], "uv_size": [0.25, 0.5]},
								"east": {"uv": [38, 10], "uv_size": [6.5, 0.5]},
								"south": {"uv": [20, 45], "uv_size": [0.25, 0.5]},
								"west": {"uv": [38, 11], "uv_size": [6.5, 0.5]},
								"up": {"uv": [36, 42], "uv_size": [0.25, 6.5]},
								"down": {"uv": [37, 48.5], "uv_size": [0.25, -6.5]}
							}
						},
						{
							"origin": [-0.9375, 6.625, 3],
							"size": [0.125, 0.375, 6.5],
							"uv": {
								"north": {"uv": [18, 45], "uv_size": [0.25, 0.5]},
								"east": {"uv": [38, 8], "uv_size": [6.5, 0.5]},
								"south": {"uv": [19, 45], "uv_size": [0.25, 0.5]},
								"west": {"uv": [38, 9], "uv_size": [6.5, 0.5]},
								"up": {"uv": [34, 42], "uv_size": [0.25, 6.5]},
								"down": {"uv": [35, 48.5], "uv_size": [0.25, -6.5]}
							}
						},
						{
							"origin": [-0.79588, 5.55836, 1.63815],
							"size": [1.59275, 0.70312, 2.67188],
							"pivot": [0.35938, 0.48438, 0],
							"rotation": [-12.5, 0, 0],
							"uv": {
								"north": {"uv": [43, 33], "uv_size": [1.5, 0.75]},
								"east": {"uv": [40, 33], "uv_size": [2.75, 0.75]},
								"south": {"uv": [43, 34], "uv_size": [1.5, 0.75]},
								"west": {"uv": [41, 16], "uv_size": [2.75, 0.75]},
								"up": {"uv": [28, 36], "uv_size": [1.5, 2.75]},
								"down": {"uv": [30, 38.75], "uv_size": [1.5, -2.75]}
							}
						},
						{
							"origin": [-0.79588, 4.50522, 5.30607],
							"size": [1.59275, 0.70312, 3.85938],
							"uv": {
								"north": {"uv": [43, 40], "uv_size": [1.5, 0.75]},
								"east": {"uv": [39, 7], "uv_size": [3.75, 0.75]},
								"south": {"uv": [44, 0], "uv_size": [1.5, 0.75]},
								"west": {"uv": [39, 28], "uv_size": [3.75, 0.75]},
								"up": {"uv": [26, 32], "uv_size": [1.5, 3.75]},
								"down": {"uv": [32, 31.75], "uv_size": [1.5, -3.75]}
							}
						},
						{
							"origin": [-0.4375, 3.1654, 8.7697],
							"size": [0.875, 0.39063, 2.625],
							"uv": {
								"north": {"uv": [44, 30], "uv_size": [1, 0.5]},
								"east": {"uv": [43, 18], "uv_size": [2.75, 0.5]},
								"south": {"uv": [44, 31], "uv_size": [1, 0.5]},
								"west": {"uv": [20, 43], "uv_size": [2.75, 0.5]},
								"up": {"uv": [39, 38], "uv_size": [1, 2.75]},
								"down": {"uv": [40, 2.75], "uv_size": [1, -2.75]}
							}
						},
						{
							"origin": [-0.4375, 3.1654, 11.2697],
							"size": [0.875, 2.07813, 1.9375],
							"uv": {
								"north": {"uv": [21, 41], "uv_size": [1, 2]},
								"east": {"uv": [32, 36], "uv_size": [2, 2]},
								"south": {"uv": [22, 41], "uv_size": [1, 2]},
								"west": {"uv": [36, 32], "uv_size": [2, 2]},
								"up": {"uv": [25, 41], "uv_size": [1, 2]},
								"down": {"uv": [26, 43], "uv_size": [1, -2]}
							}
						},
						{
							"origin": [-0.60938, 7.42421, 8.92197],
							"size": [1.21875, 0.89001, 0.31688],
							"pivot": [0, 8.28125, 9.78125],
							"rotation": [-22.5, 0, 0],
							"uv": {
								"north": {"uv": [43, 25], "uv_size": [1.25, 1]},
								"east": {"uv": [7, 45], "uv_size": [0.25, 1]},
								"south": {"uv": [43, 28], "uv_size": [1.25, 1]},
								"west": {"uv": [45, 7], "uv_size": [0.25, 1]},
								"down": {"uv": [45, 2.25], "uv_size": [1.25, -0.25]}
							}
						},
						{
							"origin": [-0.60938, 7.8125, 9],
							"size": [1.21875, 0.82805, 2.4746],
							"uv": {
								"east": {"uv": [41, 35], "uv_size": [2.5, 0.75]},
								"south": {"uv": [6, 44], "uv_size": [1.25, 0.75]},
								"west": {"uv": [41, 38], "uv_size": [2.5, 0.75]},
								"up": {"uv": [21, 38], "uv_size": [1.25, 2.5]}
							}
						},
						{
							"origin": [0.39062, 8.625, 10.5625],
							"size": [0.21875, 0.32805, 0.9121],
							"uv": {
								"north": {"uv": [45, 21], "uv_size": [0.25, 0.25]},
								"east": {"uv": [9, 45], "uv_size": [1, 0.25]},
								"south": {"uv": [22, 45], "uv_size": [0.25, 0.25]},
								"west": {"uv": [45, 9], "uv_size": [1, 0.25]},
								"up": {"uv": [10, 45], "uv_size": [0.25, 1]}
							}
						},
						{
							"origin": [-0.60938, 8.625, 10.5625],
							"size": [0.21875, 0.32805, 0.9121],
							"uv": {
								"north": {"uv": [45, 22], "uv_size": [0.25, 0.25]},
								"east": {"uv": [45, 10], "uv_size": [1, 0.25]},
								"south": {"uv": [23, 45], "uv_size": [0.25, 0.25]},
								"west": {"uv": [45, 11], "uv_size": [1, 0.25]},
								"up": {"uv": [13, 45], "uv_size": [0.25, 1]}
							}
						},
						{
							"origin": [-0.67188, 8.0625, 10.5625],
							"size": [1.34375, 0.45305, 0.4746],
							"uv": {
								"north": {"uv": [13, 44], "uv_size": [1.25, 0.5]},
								"east": {"uv": [8, 45], "uv_size": [0.5, 0.5]},
								"south": {"uv": [44, 14], "uv_size": [1.25, 0.5]},
								"west": {"uv": [45, 8], "uv_size": [0.5, 0.5]},
								"up": {"uv": [15, 44], "uv_size": [1.25, 0.5]},
								"down": {"uv": [44, 15.5], "uv_size": [1.25, -0.5]}
							}
						},
						{
							"origin": [0.3125, 6.3125, 3.75],
							"size": [0.75, 1.6875, 1],
							"uv": {
								"north": {"uv": [43, 21], "uv_size": [0.75, 1.75]},
								"east": {"uv": [42, 22], "uv_size": [1, 1.75]},
								"south": {"uv": [43, 23], "uv_size": [0.75, 1.75]},
								"west": {"uv": [23, 42], "uv_size": [1, 1.75]},
								"up": {"uv": [44, 6], "uv_size": [0.75, 1]},
								"down": {"uv": [8, 45], "uv_size": [0.75, -1]}
							}
						},
						{
							"origin": [0.8125, 6.625, 3],
							"size": [0.125, 0.875, 6.5],
							"uv": {
								"north": {"uv": [6, 45], "uv_size": [0.25, 1]},
								"east": {"uv": [28, 20], "uv_size": [6.5, 1]},
								"south": {"uv": [45, 6], "uv_size": [0.25, 1]},
								"west": {"uv": [28, 21], "uv_size": [6.5, 1]},
								"up": {"uv": [32, 42], "uv_size": [0.25, 6.5]},
								"down": {"uv": [33, 48.5], "uv_size": [0.25, -6.5]}
							}
						},
						{
							"origin": [0.3125, 6.3125, 7.5],
							"size": [0.75, 1.6875, 1],
							"uv": {
								"north": {"uv": [25, 43], "uv_size": [0.75, 1.75]},
								"east": {"uv": [24, 42], "uv_size": [1, 1.75]},
								"south": {"uv": [26, 43], "uv_size": [0.75, 1.75]},
								"west": {"uv": [42, 24], "uv_size": [1, 1.75]},
								"up": {"uv": [9, 44], "uv_size": [0.75, 1]},
								"down": {"uv": [10, 45], "uv_size": [0.75, -1]}
							}
						},
						{
							"origin": [-0.5, 7.6875, -14.5625],
							"size": [1, 0.6875, 23.1875],
							"uv": {
								"north": {"uv": [44, 21], "uv_size": [1, 0.5]},
								"east": {"uv": [26, 12], "uv_size": [23.25, 0.5]},
								"south": {"uv": [22, 44], "uv_size": [1, 0.5]},
								"west": {"uv": [26, 13], "uv_size": [23.25, 0.5]},
								"up": {"uv": [18, 18], "uv_size": [1, 23.25]},
								"down": {"uv": [19, 41.25], "uv_size": [1, -23.25]}
							}
						},
						{
							"origin": [-0.25, 8.3125, -13.375],
							"size": [0.5, 0.625, 0.6875],
							"uv": {
								"north": {"uv": [44, 36], "uv_size": [0.5, 0.75]},
								"east": {"uv": [18, 44], "uv_size": [0.75, 0.75]},
								"south": {"uv": [44, 37], "uv_size": [0.5, 0.75]},
								"west": {"uv": [19, 44], "uv_size": [0.75, 0.75]},
								"up": {"uv": [44, 38], "uv_size": [0.5, 0.75]},
								"down": {"uv": [44, 39.75], "uv_size": [0.5, -0.75]}
							}
						},
						{
							"origin": [-0.25, 10.25473, -12.61723],
							"size": [0.5, 0.625, 0.1875],
							"pivot": [0, 7.94223, 2.25777],
							"rotation": [7.5, 0, 0],
							"uv": {
								"north": {"uv": [44, 41], "uv_size": [0.5, 0.75]},
								"east": {"uv": [14, 45], "uv_size": [0.25, 0.75]},
								"south": {"uv": [44, 42], "uv_size": [0.5, 0.75]},
								"west": {"uv": [15, 45], "uv_size": [0.25, 0.75]},
								"up": {"uv": [17, 45], "uv_size": [0.5, 0.25]},
								"down": {"uv": [45, 17.25], "uv_size": [0.5, -0.25]}
							}
						},
						{
							"origin": [-0.5, 4.5, -15.125],
							"size": [1, 0.375, 17.9375],
							"uv": {
								"north": {"uv": [44, 22], "uv_size": [1, 0.5]},
								"east": {"uv": [26, 14], "uv_size": [18, 0.5]},
								"south": {"uv": [23, 44], "uv_size": [1, 0.5]},
								"west": {"uv": [26, 15], "uv_size": [18, 0.5]},
								"up": {"uv": [22, 10], "uv_size": [1, 18]},
								"down": {"uv": [23, 28], "uv_size": [1, -18]}
							}
						},
						{
							"origin": [-1, 5.25, -13.5],
							"size": [2, 1.25, 12.75],
							"uv": {
								"north": {"uv": [40, 24], "uv_size": [2, 1.25]},
								"east": {"uv": [35.75, 2], "uv_size": [-12.75, 1.25]},
								"south": {"uv": [40, 26], "uv_size": [2, 1.25]},
								"west": {"uv": [23, 2], "uv_size": [12.75, 1.25]},
								"up": {"uv": [12, 12], "uv_size": [2, 12.75]},
								"down": {"uv": [14, 24.75], "uv_size": [2, -12.75]}
							}
						},
						{
							"origin": [-1, 5.25, -0.5],
							"size": [2, 1.25, 3.25],
							"uv": {
								"north": {"uv": [40, 29], "uv_size": [2, 1.25]},
								"east": {"uv": [39.25, 24], "uv_size": [-3.25, 1.25]},
								"south": {"uv": [40, 31], "uv_size": [2, 1.25]},
								"west": {"uv": [36, 24], "uv_size": [3.25, 1.25]},
								"up": {"uv": [24, 28], "uv_size": [2, 3.25]},
								"down": {"uv": [26, 31.25], "uv_size": [2, -3.25]}
							}
						}
					]
				},
				{
					"name": "bone5",
					"parent": "lod",
					"pivot": [0, 1.5, -1.4375],
					"rotation": [-12.5, 0, 0],
					"cubes": [
						{
							"origin": [-0.4375, 2.2279, 7.0197],
							"size": [0.875, 4.95313, 0.5],
							"uv": {
								"north": {"uv": [22, 32], "uv_size": [1, 5.75]},
								"east": {"uv": [28, 39], "uv_size": [0.5, 5.75]},
								"south": {"uv": [23, 32], "uv_size": [1, 5.75]},
								"west": {"uv": [29, 39], "uv_size": [0.5, 5.75]},
								"up": {"uv": [44, 23], "uv_size": [1, 0.5]},
								"down": {"uv": [24, 44.5], "uv_size": [1, -0.5]}
							}
						},
						{
							"origin": [-0.4375, 5.3529, 7.7697],
							"size": [0.875, 2.20313, 0.4375],
							"uv": {
								"north": {"uv": [41, 0], "uv_size": [1, 2.25]},
								"east": {"uv": [43, 42], "uv_size": [0.5, 2.25]},
								"south": {"uv": [1, 41], "uv_size": [1, 2.25]},
								"west": {"uv": [0, 44], "uv_size": [0.5, 2.25]},
								"up": {"uv": [44, 27], "uv_size": [1, 0.5]},
								"down": {"uv": [44, 29.5], "uv_size": [1, -0.5]}
							}
						},
						{
							"origin": [-0.4375, 5.6654, 8.3947],
							"size": [0.875, 2.20313, 0.4375],
							"uv": {
								"north": {"uv": [8, 41], "uv_size": [1, 2.25]},
								"east": {"uv": [1, 44], "uv_size": [0.5, 2.25]},
								"south": {"uv": [9, 41], "uv_size": [1, 2.25]},
								"west": {"uv": [44, 1], "uv_size": [0.5, 2.25]},
								"up": {"uv": [44, 32], "uv_size": [1, 0.5]},
								"down": {"uv": [44, 35.5], "uv_size": [1, -0.5]}
							}
						},
						{
							"origin": [-0.4375, 2.2279, 4.5822],
							"size": [0.875, 4.95313, 0.5],
							"uv": {
								"north": {"uv": [24, 32], "uv_size": [1, 5.75]},
								"east": {"uv": [30, 39], "uv_size": [0.5, 5.75]},
								"south": {"uv": [25, 32], "uv_size": [1, 5.75]},
								"west": {"uv": [31, 39], "uv_size": [0.5, 5.75]},
								"up": {"uv": [44, 24], "uv_size": [1, 0.5]},
								"down": {"uv": [44, 26.5], "uv_size": [1, -0.5]}
							}
						},
						{
							"origin": [-0.5, 1.9154, 4.5197],
							"size": [1, 0.5625, 3.0625],
							"uv": {
								"north": {"uv": [43, 29], "uv_size": [1, 1.25]},
								"east": {"uv": [34, 36], "uv_size": [3, 1.25]},
								"south": {"uv": [43, 31], "uv_size": [1, 1.25]},
								"west": {"uv": [36, 34], "uv_size": [3, 1.25]},
								"up": {"uv": [25, 38], "uv_size": [1, 3]},
								"down": {"uv": [38, 41], "uv_size": [1, -3]}
							}
						},
						{
							"origin": [-0.4375, 1.4154, 4.7072],
							"size": [0.875, 0.5625, 2.6875],
							"uv": {
								"north": {"uv": [23, 0], "uv_size": [1, 1]},
								"east": {"uv": [20, 6], "uv_size": [2.75, 1]},
								"south": {"uv": [23, 1], "uv_size": [1, 1]},
								"west": {"uv": [20, 7], "uv_size": [2.75, 1]},
								"up": {"uv": [23, 4], "uv_size": [1, 2.75]},
								"down": {"uv": [24, 6.75], "uv_size": [1, -2.75]}
							}
						},
						{
							"origin": [-0.375, 2.1029, 6.1447],
							"size": [0.75, 4.5625, 0.75],
							"uv": {
								"north": {"uv": [38, 3], "uv_size": [0.75, 4.5]},
								"east": {"uv": [6, 38], "uv_size": [0.75, 4.5]},
								"south": {"uv": [7, 38], "uv_size": [0.75, 4.5]},
								"west": {"uv": [10, 38], "uv_size": [0.75, 4.5]},
								"up": {"uv": [44, 19], "uv_size": [0.75, 0.75]},
								"down": {"uv": [20, 44.75], "uv_size": [0.75, -0.75]}
							}
						},
						{
							"origin": [-0.375, 2.1029, 5.2072],
							"size": [0.75, 4.5625, 0.75],
							"uv": {
								"north": {"uv": [11, 38], "uv_size": [0.75, 4.5]},
								"east": {"uv": [14, 38], "uv_size": [0.75, 4.5]},
								"south": {"uv": [15, 38], "uv_size": [0.75, 4.5]},
								"west": {"uv": [20, 38], "uv_size": [0.75, 4.5]},
								"up": {"uv": [44, 20], "uv_size": [0.75, 0.75]},
								"down": {"uv": [21, 44.75], "uv_size": [0.75, -0.75]}
							}
						},
						{
							"origin": [-0.4375, 5.9779, 5.0822],
							"size": [0.875, 1.4375, 1.9375],
							"uv": {
								"north": {"uv": [2, 43], "uv_size": [1, 1.5]},
								"east": {"uv": [0, 39], "uv_size": [2, 1.5]},
								"south": {"uv": [3, 43], "uv_size": [1, 1.5]},
								"west": {"uv": [2, 39], "uv_size": [2, 1.5]},
								"up": {"uv": [35, 4], "uv_size": [1, 2]},
								"down": {"uv": [41, 21], "uv_size": [1, -2]}
							}
						},
						{
							"origin": [-0.4375, 2.2279, 5.0822],
							"size": [0.875, 0.75, 1.9375],
							"uv": {
								"north": {"uv": [2, 43], "uv_size": [1, 1.5]},
								"east": {"uv": [0, 39], "uv_size": [2, 1.5]},
								"south": {"uv": [3, 43], "uv_size": [1, 1.5]},
								"west": {"uv": [2, 39], "uv_size": [2, 1.5]},
								"up": {"uv": [35, 4], "uv_size": [1, 2]},
								"down": {"uv": [41, 21], "uv_size": [1, -2]}
							}
						}
					]
				},
				{
					"name": "mk14",
					"parent": "gun_and_righthand",
					"pivot": [0, 3, 12]
				},
				{
					"name": "constraint",
					"parent": "mk14",
					"pivot": [0, 8.575, -17.575]
				},
				{
					"name": "mk14_default",
					"parent": "mk14",
					"pivot": [0, 8, 0]
				},
				{
					"name": "body2",
					"parent": "mk14_default",
					"pivot": [0, 8, 0]
				},
				{
					"name": "mid",
					"parent": "body2",
					"pivot": [5.12697, 8, 0]
				},
				{
					"name": "group52",
					"parent": "mid",
					"pivot": [5.68947, 0, -8]
				},
				{
					"name": "rail8",
					"parent": "mid",
					"pivot": [9.68368, 6.60624, -0.03125]
				},
				{
					"name": "group51",
					"parent": "rail8",
					"pivot": [4.65809, 4.68448, 6.96094]
				},
				{
					"name": "group50",
					"parent": "rail8",
					"pivot": [5.24979, 6.68654, 5.44531]
				},
				{
					"name": "group43",
					"parent": "group50",
					"pivot": [5.24979, 6.68654, 5.44531]
				},
				{
					"name": "group42",
					"parent": "group50",
					"pivot": [5.24979, 6.68654, 5.44531]
				},
				{
					"name": "group41",
					"parent": "rail8",
					"pivot": [5.24979, 6.68654, 5.44531]
				},
				{
					"name": "group40",
					"parent": "group41",
					"pivot": [5.24979, 6.68654, 5.44531]
				},
				{
					"name": "group39",
					"parent": "group41",
					"pivot": [5.24979, 6.68654, 5.44531]
				},
				{
					"name": "group38",
					"parent": "rail8",
					"pivot": [5.24979, 6.68654, 5.44531]
				},
				{
					"name": "group12",
					"parent": "group38",
					"pivot": [5.24979, 6.68654, 5.44531]
				},
				{
					"name": "group13",
					"parent": "group38",
					"pivot": [5.24979, 6.68654, 5.44531]
				},
				{
					"name": "group14",
					"parent": "rail8",
					"pivot": [5.24979, 6.68654, 5.44531]
				},
				{
					"name": "group15",
					"parent": "group14",
					"pivot": [5.24979, 6.68654, 5.44531]
				},
				{
					"name": "group16",
					"parent": "group14",
					"pivot": [5.24979, 6.68654, 5.44531]
				},
				{
					"name": "group17",
					"parent": "rail8",
					"pivot": [5.24979, 6.68654, 5.44531]
				},
				{
					"name": "group18",
					"parent": "group17",
					"pivot": [5.24979, 6.68654, 5.44531]
				},
				{
					"name": "group19",
					"parent": "group17",
					"pivot": [5.24979, 6.68654, 5.44531]
				},
				{
					"name": "group20",
					"parent": "rail8",
					"pivot": [5.24979, 6.68654, 5.44531]
				},
				{
					"name": "group21",
					"parent": "group20",
					"pivot": [5.24979, 6.68654, 5.44531]
				},
				{
					"name": "group22",
					"parent": "group20",
					"pivot": [5.24979, 6.68654, 5.44531]
				},
				{
					"name": "group23",
					"parent": "rail8",
					"pivot": [5.24979, 6.68654, 5.44531]
				},
				{
					"name": "group24",
					"parent": "group23",
					"pivot": [5.24979, 6.68654, 5.44531]
				},
				{
					"name": "group25",
					"parent": "group23",
					"pivot": [5.24979, 6.68654, 5.44531]
				},
				{
					"name": "group26",
					"parent": "rail8",
					"pivot": [5.24979, 6.68654, 5.44531]
				},
				{
					"name": "group27",
					"parent": "group26",
					"pivot": [5.24979, 6.68654, 5.44531]
				},
				{
					"name": "group28",
					"parent": "group26",
					"pivot": [5.24979, 6.68654, 5.44531]
				},
				{
					"name": "group29",
					"parent": "rail8",
					"pivot": [5.24979, 6.68654, 5.44531]
				},
				{
					"name": "group30",
					"parent": "group29",
					"pivot": [5.24979, 6.68654, 5.44531]
				},
				{
					"name": "rail7",
					"parent": "mid",
					"pivot": [9.68368, 6.60624, -0.03125]
				},
				{
					"name": "group31",
					"parent": "rail7",
					"pivot": [4.65809, 4.68448, 6.96094]
				},
				{
					"name": "group32",
					"parent": "rail7",
					"pivot": [5.24979, 6.68654, 5.44531]
				},
				{
					"name": "group33",
					"parent": "group32",
					"pivot": [5.24979, 6.68654, 5.44531]
				},
				{
					"name": "group34",
					"parent": "group32",
					"pivot": [5.24979, 6.68654, 5.44531]
				},
				{
					"name": "group35",
					"parent": "rail7",
					"pivot": [5.24979, 6.68654, 5.44531]
				},
				{
					"name": "group36",
					"parent": "group35",
					"pivot": [5.24979, 6.68654, 5.44531]
				},
				{
					"name": "group37",
					"parent": "group35",
					"pivot": [5.24979, 6.68654, 5.44531]
				},
				{
					"name": "grip2",
					"parent": "mk14_default",
					"pivot": [0, 2.44942, 12.87849]
				},
				{
					"name": "moveableparts",
					"parent": "mk14_default",
					"pivot": [0, 8, 0]
				},
				{
					"name": "magrelease",
					"parent": "moveableparts",
					"pivot": [0, 5, 6.35]
				},
				{
					"name": "trigger2",
					"parent": "moveableparts",
					"pivot": [0, 3.59503, 9.30722]
				},
				{
					"name": "boltrelease",
					"parent": "moveableparts",
					"pivot": [0.75648, 6.90415, 6.43981]
				},
				{
					"name": "selector",
					"parent": "moveableparts",
					"pivot": [0.34375, 4.07793, 8.62731]
				},
				{
					"name": "safety",
					"parent": "moveableparts",
					"pivot": [0.34375, 3.95293, 8.18981]
				},
				{
					"name": "muzzle_default",
					"parent": "mk14_default",
					"pivot": [0, 18.0625, -15.3125]
				},
				{
					"name": "barrel2",
					"parent": "mk14_default",
					"pivot": [-7, 8, 0]
				},
				{
					"name": "octagon19",
					"parent": "barrel2",
					"pivot": [-7, 8, 0]
				},
				{
					"name": "octagon21",
					"parent": "barrel2",
					"pivot": [-7, 8, 0]
				},
				{
					"name": "octagon22",
					"parent": "barrel2",
					"pivot": [-7, 8, 0]
				},
				{
					"name": "receiver2",
					"parent": "mk14_default",
					"pivot": [4.55671, 6.60624, -0.03125]
				},
				{
					"name": "receiver",
					"parent": "receiver2",
					"pivot": [8, 0, -8]
				},
				{
					"name": "lower",
					"parent": "receiver2",
					"pivot": [0.09375, 4.42951, 8.07007]
				},
				{
					"name": "group45",
					"parent": "lower",
					"pivot": [0.09375, 4.42951, 8.07007]
				},
				{
					"name": "group46",
					"parent": "lower",
					"pivot": [0.09375, 4.42951, 8.07007]
				},
				{
					"name": "rear_sight2",
					"parent": "receiver2",
					"pivot": [-7, 8, 0]
				},
				{
					"name": "bone3",
					"parent": "rear_sight2",
					"pivot": [0, 8.25, 8.375]
				},
				{
					"name": "octagon3",
					"parent": "rear_sight2",
					"pivot": [0, 8.625, 7.9375]
				},
				{
					"name": "bipod",
					"parent": "mk14_default",
					"pivot": [0, 8, 0]
				},
				{
					"name": "group47",
					"parent": "bipod",
					"pivot": [0.5, 7.65625, -13.5]
				},
				{
					"name": "l2",
					"parent": "bipod",
					"pivot": [0.82856, 7.73313, -14.4375]
				},
				{
					"name": "octagon26",
					"parent": "l2",
					"pivot": [0, 8, 0]
				},
				{
					"name": "r2",
					"parent": "bipod",
					"pivot": [0.82856, 7.73313, -14.4375]
				},
				{
					"name": "octagon27",
					"parent": "r2",
					"pivot": [0, 8, 0]
				},
				{
					"name": "octagon28",
					"parent": "bipod",
					"pivot": [0, 8, 0]
				},
				{
					"name": "default_gun",
					"parent": "mk14_default",
					"pivot": [0, 8, 4]
				},
				{
					"name": "gunbody",
					"parent": "default_gun",
					"pivot": [0, 8, 9]
				},
				{
					"name": "bone4",
					"parent": "gunbody",
					"pivot": [0, 12.1875, -19]
				},
				{
					"name": "bone10",
					"parent": "bone4",
					"pivot": [0.55178, 13.09333, 3.76563]
				},
				{
					"name": "bone11",
					"parent": "bone4",
					"pivot": [0.55178, 19.09333, 3.76563]
				},
				{
					"name": "bone14",
					"parent": "bone4",
					"pivot": [-0.60019, 14.8515, 7.96875]
				},
				{
					"name": "bone9",
					"parent": "bone14",
					"pivot": [-0.25, 10.875, 2.75]
				},
				{
					"name": "bo11e_illuminated",
					"parent": "bone14",
					"pivot": [0.1643, -0.79956, -6.875]
				},
				{
					"name": "bone8",
					"parent": "bone4",
					"pivot": [7.8125, 10.5625, 4.4375],
					"rotation": [-12.5, 0, 0]
				},
				{
					"name": "bo1ne_illuminated",
					"parent": "bone4",
					"pivot": [0, 8.76758, -12.94608]
				},
				{
					"name": "body",
					"parent": "default_gun",
					"pivot": [0, 8, 4]
				},
				{
					"name": "metal",
					"parent": "body",
					"pivot": [-0.50379, 9.84175, -1.24219]
				},
				{
					"name": "group2",
					"parent": "metal",
					"pivot": [0.5, 0, -4]
				},
				{
					"name": "plastic",
					"parent": "body",
					"pivot": [0, 5.1992, 6.71676]
				},
				{
					"name": "upper",
					"parent": "plastic",
					"pivot": [-0.50693, 17.43371, 6.5]
				},
				{
					"name": "mount2",
					"parent": "upper",
					"pivot": [0, 3, 4]
				},
				{
					"name": "bone2",
					"parent": "upper",
					"pivot": [-0.50693, 28.54309, 6.29688]
				},
				{
					"name": "bone13",
					"parent": "bone2",
					"pivot": [6.32865, 4.78257, 20.79688]
				},
				{
					"name": "Gun_rails3",
					"parent": "upper",
					"pivot": [0.09283, 11.36951, -5.46875]
				},
				{
					"name": "Gun_rails4",
					"parent": "upper",
					"pivot": [0.09283, 11.36951, -16.71875]
				},
				{
					"name": "Gun_rails2",
					"parent": "upper",
					"pivot": [0.09283, 1.86951, -4.34375]
				},
				{
					"name": "group3",
					"parent": "upper",
					"pivot": [0.17336, 9.375, 2.1319]
				},
				{
					"name": "group4",
					"parent": "upper",
					"pivot": [0, -3.22032, 8.11853],
					"rotation": [90, 0, 0]
				},
				{
					"name": "bone172_illuminated",
					"parent": "upper",
					"pivot": [-0.50693, 17.43371, 6.5]
				},
				{
					"name": "bone17",
					"parent": "upper",
					"pivot": [-0.22619, -0.75, 2.07813]
				},
				{
					"name": "display_illuminated",
					"parent": "upper",
					"pivot": [0.1875, 0.64063, 1.95313]
				},
				{
					"name": "user_show_pos",
					"parent": "display_illuminated",
					"pivot": [4.95313, 12.44193, 3.24982]
				},
				{
					"name": "user_text_pos",
					"parent": "display_illuminated",
					"pivot": [4.95313, 11.94193, 3.24982]
				},
				{
					"name": "ammo_show_pos",
					"parent": "display_illuminated",
					"pivot": [-0.01562, 13.4888, 13.49982],
					"rotation": [50, 0, 0]
				},
				{
					"name": "ammotext_show_pos",
					"parent": "display_illuminated",
					"pivot": [-0.01562, 13.1138, 13.93732],
					"rotation": [50, 0, 0]
				},
				{
					"name": "ammo_count_text_show_pos3",
					"parent": "display_illuminated",
					"pivot": [4.75, 10.62942, 0.99982]
				},
				{
					"name": "bon2e9_illuminated",
					"parent": "plastic",
					"pivot": [-0.50693, 17.43371, 6.5]
				},
				{
					"name": "lower2",
					"parent": "plastic",
					"pivot": [0.5, 8.9375, -4]
				},
				{
					"name": "grip",
					"parent": "default_gun",
					"pivot": [8, 0, -4.1875]
				},
				{
					"name": "bone7",
					"parent": "grip",
					"pivot": [8, 0, -4.1875]
				},
				{
					"name": "bo_illuminated",
					"parent": "bone7",
					"pivot": [0, 1.875, 13.375]
				},
				{
					"name": "trigger",
					"parent": "default_gun",
					"pivot": [0, 2.3867, 13.90909]
				},
				{
					"name": "buttons",
					"parent": "default_gun",
					"pivot": [6, 8, 4]
				},
				{
					"name": "switch",
					"parent": "buttons",
					"pivot": [6, 8.4375, 3.8125]
				},
				{
					"name": "magrelease2",
					"parent": "buttons",
					"pivot": [6.71875, 7.0453, 2.87121]
				},
				{
					"name": "screws",
					"parent": "default_gun",
					"pivot": [0, 8, -1.66919]
				},
				{
					"name": "group6",
					"parent": "screws",
					"pivot": [0, 10.8125, -3.375]
				},
				{
					"name": "stock_default",
					"parent": "mk14",
					"pivot": [0.1875, 0.45144, 16.85259]
				},
				{
					"name": "bone12",
					"parent": "stock_default",
					"pivot": [0.67678, 15.39157, 16.5]
				},
				{
					"name": "bone",
					"parent": "stock_default",
					"pivot": [0.1875, 0.45144, 16.85259]
				},
				{
					"name": "octagon4",
					"parent": "stock_default",
					"pivot": [6, 15.75, 1.9375]
				},
				{
					"name": "stock_extended_part",
					"parent": "stock_default",
					"pivot": [0, 8.50937, 19.57812]
				},
				{
					"name": "group5",
					"parent": "stock_extended_part",
					"pivot": [0, 6.16403, 23.66044]
				},
				{
					"name": "bon11e",
					"parent": "group5",
					"pivot": [0, 6.16403, 24.66044]
				},
				{
					"name": "attachment_adapter",
					"parent": "mk14",
					"pivot": [0, 8, 0]
				},
				{
					"name": "oem_stock_tactical",
					"parent": "attachment_adapter",
					"pivot": [0.1875, 0.45144, 16.85259]
				},
				{
					"name": "bone18",
					"parent": "oem_stock_tactical",
					"pivot": [0.67678, 15.39157, 16.5]
				},
				{
					"name": "bone19",
					"parent": "oem_stock_tactical",
					"pivot": [0.1875, 0.45144, 16.85259]
				},
				{
					"name": "octagon2",
					"parent": "oem_stock_tactical",
					"pivot": [6, 15.75, 1.9375]
				},
				{
					"name": "stock_extended_part2",
					"parent": "oem_stock_tactical",
					"pivot": [0, 8.50937, 19.57812]
				},
				{
					"name": "group7",
					"parent": "stock_extended_part2",
					"pivot": [0, 6.16403, 23.66044]
				},
				{
					"name": "bon11e2",
					"parent": "group7",
					"pivot": [0, 6.16403, 24.66044]
				},
				{
					"name": "ar_stock_adapter",
					"parent": "attachment_adapter",
					"pivot": [-0.01863, 7.28059, 2.89666]
				},
				{
					"name": "mount",
					"parent": "mk14",
					"pivot": [4.42354, 6.60624, -0.03125]
				},
				{
					"name": "additional_magazine",
					"parent": "mk14",
					"pivot": [0, 1.9, 4.25],
					"rotation": [-5, 0, 0]
				},
				{
					"name": "bolt2",
					"parent": "mk14",
					"pivot": [0, 8, 0]
				},
				{
					"name": "bullet_in_barrel",
					"parent": "bolt2",
					"pivot": [0, 7.24146, 0.32638],
					"rotation": [90, 0, 0]
				},
				{
					"name": "charger",
					"parent": "mk14",
					"pivot": [-0.00205, 7.29327, 2.84375]
				},
				{
					"name": "positioning2",
					"parent": "mk14",
					"pivot": [0, 7.30625, -22.35]
				},
				{
					"name": "muzzle_flash",
					"parent": "positioning2",
					"pivot": [0, 7.18125, -15.6]
				},
				{
					"name": "scope_pos",
					"parent": "positioning2",
					"pivot": [0, 8.45313, 8]
				},
				{
					"name": "laser_pos",
					"parent": "positioning2",
					"pivot": [0, 8.30625, -9.25]
				},
				{
					"name": "grip_pos",
					"parent": "positioning2",
					"pivot": [0, 4.54688, -1.5]
				},
				{
					"name": "muzzle_pos",
					"parent": "positioning2",
					"pivot": [0, 7.18125, -15.50625]
				},
				{
					"name": "shell",
					"parent": "positioning2",
					"pivot": [-0.125, 7.55625, 4.975]
				},
				{
					"name": "righthand",
					"parent": "gun_and_righthand",
					"pivot": [6, 19, 4]
				},
				{
					"name": "righthand_pos",
					"parent": "righthand",
					"pivot": [0, 8, 4]
				},
				{
					"name": "positioning",
					"pivot": [0, 0, 2]
				},
				{
					"name": "thirdperson_hand",
					"parent": "positioning",
					"pivot": [0, 4.55, 10.6]
				},
				{
					"name": "ground",
					"parent": "positioning",
					"pivot": [0, -5, 0]
				},
				{
					"name": "fixed",
					"parent": "positioning",
					"pivot": [1.3, 6.975, 2.125],
					"rotation": [0, 90, 0]
				},
				{
					"name": "view",
					"pivot": [0, 0, 0]
				},
				{
					"name": "iron_view",
					"parent": "view",
					"pivot": [0, 8.88125, 15.1375]
				},
				{
					"name": "idle_view",
					"parent": "view",
					"pivot": [3.5875, 9.925, 17.46875]
				},
				{
					"name": "refit_view",
					"parent": "view",
					"pivot": [23, 6.2, 3],
					"rotation": [0, 90, 0]
				},
				{
					"name": "refit_grip_view",
					"parent": "view",
					"pivot": [10.325, 4.3, -2.775],
					"rotation": [0, 90, 0]
				},
				{
					"name": "refit_stock_view",
					"parent": "view",
					"pivot": [10.325, 4.3, 18.225],
					"rotation": [0, 90, 0]
				},
				{
					"name": "refit_muzzle_view",
					"parent": "view",
					"pivot": [11, 7.3, -21.15],
					"rotation": [0, 90, 0]
				},
				{
					"name": "refit_scope_view",
					"parent": "view",
					"pivot": [6.85, 10, 11.225],
					"rotation": [0, 50, 0]
				},
				{
					"name": "refit_laser_view",
					"parent": "view",
					"pivot": [7, 9.5, -13.55],
					"rotation": [0, 125, 0]
				},
				{
					"name": "refit_extended_mag_view",
					"parent": "view",
					"pivot": [10, 2.05, 4.1],
					"rotation": [0, 90, 0]
				}
			]
		}
	]
}