{
  "slot": "nmw1:attachment/slot/sight_cchs_ziptie",
  "model": "nmw1:attachment/sight_cchs_ziptie_geo",
  "texture": "nmw1:attachment/uv/sight_cchs_ziptie",
  "lod": {
    "model": "nmw1:attachment/lod/sight_cchs_ziptie",
    "texture": "nmw1:attachment/lod/sight_cchs_ziptie"
  },
  "zoom": [
    1.25
  ],
  "scope": false,
  "sight": true,
  "fov": 45.0,
  "sounds": {
    "install": "tacz:attachments/scope_general_c",
    "uninstall": "tacz:attachments/scope_general_c"
  }
}