{
	"format_version": "1.12.0",
	"minecraft:geometry": [
		{
			"description": {
				"identifier": "geometry.unknown",
				"texture_width": 256,
				"texture_height": 256,
				"visible_bounds_width": 2,
				"visible_bounds_height": 3.5,
				"visible_bounds_offset": [0, 1.25, 0]
			},
			"bones": [
				{
					"name": "hecheng",
					"pivot": [0, 0, 0]
				},
				{
					"name": "zhu",
					"parent": "hecheng",
					"pivot": [8, -2.5, -8]
				},
				{
					"name": "deng_illuminated",
					"parent": "zhu",
					"pivot": [0, 5.5, 0],
					"cubes": [
						{
							"origin": [-0.84552, 3.5625, -6.28125],
							"size": [1.69103, 0.21875, 12.5625],
							"uv": {
								"north": {"uv": [79, 8], "uv_size": [1.5, 0.5]},
								"east": {"uv": [79, 6], "uv_size": [12.5, 0.5]},
								"south": {"uv": [79, 9], "uv_size": [1.5, 0.5]},
								"west": {"uv": [79, 7], "uv_size": [12.5, 0.5]},
								"up": {"uv": [6, 79], "uv_size": [1.5, 12.5]},
								"down": {"uv": [8, 91.5], "uv_size": [1.5, -12.5]}
							}
						},
						{
							"origin": [-3, 9.67188, -0.59674],
							"size": [6, 1, 1.19348],
							"pivot": [0, 10.17188, 0],
							"rotation": [0, -22.5, 0],
							"uv": {
								"north": {"uv": [7, 71], "uv_size": [6, 1]},
								"east": {"uv": [6, 78], "uv_size": [1, 1]},
								"south": {"uv": [71, 7], "uv_size": [6, 1]},
								"west": {"uv": [7, 78], "uv_size": [1, 1]},
								"up": {"uv": [71, 8], "uv_size": [6, 1]},
								"down": {"uv": [71, 10], "uv_size": [6, -1]}
							}
						},
						{
							"origin": [-3, 9.67188, -0.59674],
							"size": [6, 1, 1.19348],
							"uv": {
								"north": {"uv": [71, 3], "uv_size": [6, 1]},
								"east": {"uv": [3, 78], "uv_size": [1, 1]},
								"south": {"uv": [71, 4], "uv_size": [6, 1]},
								"west": {"uv": [5, 78], "uv_size": [1, 1]},
								"up": {"uv": [71, 5], "uv_size": [6, 1]},
								"down": {"uv": [71, 7], "uv_size": [6, -1]}
							}
						},
						{
							"origin": [-3, 9.67188, -0.59674],
							"size": [6, 1, 1.19348],
							"pivot": [0, 10.17188, 0],
							"rotation": [0, 22.5, 0],
							"uv": {
								"north": {"uv": [71, 0], "uv_size": [6, 1]},
								"east": {"uv": [78, 1], "uv_size": [1, 1]},
								"south": {"uv": [1, 71], "uv_size": [6, 1]},
								"west": {"uv": [2, 78], "uv_size": [1, 1]},
								"up": {"uv": [71, 1], "uv_size": [6, 1]},
								"down": {"uv": [71, 3], "uv_size": [6, -1]}
							}
						},
						{
							"origin": [-0.59674, 9.67188, -3],
							"size": [1.19348, 1, 6],
							"pivot": [0, 10.17188, 0],
							"rotation": [0, -45, 0],
							"uv": {
								"north": {"uv": [78, 0], "uv_size": [1, 1]},
								"east": {"uv": [64, 70], "uv_size": [6, 1]},
								"south": {"uv": [1, 78], "uv_size": [1, 1]},
								"west": {"uv": [70, 66], "uv_size": [6, 1]},
								"up": {"uv": [70, 67], "uv_size": [1, 6]},
								"down": {"uv": [0, 77], "uv_size": [1, -6]}
							}
						},
						{
							"origin": [-0.59674, 9.67188, -3],
							"size": [1.19348, 1, 6],
							"pivot": [0, 10.17188, 0],
							"rotation": [0, -22.5, 0],
							"uv": {
								"north": {"uv": [77, 76], "uv_size": [1, 1]},
								"east": {"uv": [51, 70], "uv_size": [6, 1]},
								"south": {"uv": [77, 77], "uv_size": [1, 1]},
								"west": {"uv": [57, 70], "uv_size": [6, 1]},
								"up": {"uv": [26, 70], "uv_size": [1, 6]},
								"down": {"uv": [63, 76], "uv_size": [1, -6]}
							}
						},
						{
							"origin": [-0.59674, 9.67188, -3],
							"size": [1.19348, 1, 6],
							"uv": {
								"north": {"uv": [77, 74], "uv_size": [1, 1]},
								"east": {"uv": [70, 35], "uv_size": [6, 1]},
								"south": {"uv": [77, 75], "uv_size": [1, 1]},
								"west": {"uv": [45, 70], "uv_size": [6, 1]},
								"up": {"uv": [24, 70], "uv_size": [1, 6]},
								"down": {"uv": [25, 76], "uv_size": [1, -6]}
							}
						},
						{
							"origin": [-0.59674, 9.67188, -3],
							"size": [1.19348, 1, 6],
							"pivot": [0, 10.17188, 0],
							"rotation": [0, 22.5, 0],
							"uv": {
								"north": {"uv": [77, 73], "uv_size": [1, 1]},
								"east": {"uv": [16, 70], "uv_size": [6, 1]},
								"south": {"uv": [74, 77], "uv_size": [1, 1]},
								"west": {"uv": [70, 34], "uv_size": [6, 1]},
								"up": {"uv": [22, 70], "uv_size": [1, 6]},
								"down": {"uv": [23, 76], "uv_size": [1, -6]}
							}
						},
						{
							"origin": [-0.59674, 9.67188, -3],
							"size": [1.19348, 1, 6],
							"pivot": [0, 10.17188, 0],
							"rotation": [0, 45, 0],
							"uv": {
								"north": {"uv": [77, 72], "uv_size": [1, 1]},
								"east": {"uv": [61, 69], "uv_size": [6, 1]},
								"south": {"uv": [73, 77], "uv_size": [1, 1]},
								"west": {"uv": [8, 70], "uv_size": [6, 1]},
								"up": {"uv": [14, 70], "uv_size": [1, 6]},
								"down": {"uv": [15, 76], "uv_size": [1, -6]}
							}
						}
					]
				},
				{
					"name": "mainbody",
					"parent": "zhu",
					"pivot": [8, -7.09375, -8],
					"cubes": [
						{
							"origin": [-1.19347, 0.40625, -6],
							"size": [2.38694, 3.42188, 12],
							"uv": {
								"north": {"uv": [67, 66], "uv_size": [2.5, 3.5]},
								"east": {"uv": [44, 22], "uv_size": [12, 3.5]},
								"south": {"uv": [68, 0], "uv_size": [2.5, 3.5]},
								"west": {"uv": [44, 26], "uv_size": [12, 3.5]},
								"up": {"uv": [24, 52], "uv_size": [2.5, 12]},
								"down": {"uv": [27, 64], "uv_size": [2.5, -12]}
							}
						},
						{
							"origin": [-1.19347, 0.40625, -6],
							"size": [2.38694, 3.42188, 12],
							"pivot": [0, 0.90625, 0],
							"rotation": [0, 45, 0],
							"uv": {
								"north": {"uv": [27, 67], "uv_size": [2.5, 3.5]},
								"east": {"uv": [44, 6], "uv_size": [12, 3.5]},
								"south": {"uv": [30, 67], "uv_size": [2.5, 3.5]},
								"west": {"uv": [44, 10], "uv_size": [12, 3.5]},
								"up": {"uv": [12, 50], "uv_size": [2.5, 12]},
								"down": {"uv": [15, 62], "uv_size": [2.5, -12]}
							}
						},
						{
							"origin": [-1.19347, 0.40625, -6],
							"size": [2.38694, 3.42188, 12],
							"pivot": [0, 0.90625, 0],
							"rotation": [0, 22.5, 0],
							"uv": {
								"north": {"uv": [33, 67], "uv_size": [2.5, 3.5]},
								"east": {"uv": [44, 14], "uv_size": [12, 3.5]},
								"south": {"uv": [36, 67], "uv_size": [2.5, 3.5]},
								"west": {"uv": [44, 18], "uv_size": [12, 3.5]},
								"up": {"uv": [18, 50], "uv_size": [2.5, 12]},
								"down": {"uv": [21, 62], "uv_size": [2.5, -12]}
							}
						},
						{
							"origin": [-1.19347, 0.40625, -6],
							"size": [2.38694, 3.42188, 12],
							"pivot": [0, 0.90625, 0],
							"rotation": [0, -22.5, 0],
							"uv": {
								"north": {"uv": [68, 4], "uv_size": [2.5, 3.5]},
								"east": {"uv": [30, 44], "uv_size": [12, 3.5]},
								"south": {"uv": [68, 8], "uv_size": [2.5, 3.5]},
								"west": {"uv": [44, 30], "uv_size": [12, 3.5]},
								"up": {"uv": [30, 52], "uv_size": [2.5, 12]},
								"down": {"uv": [33, 64], "uv_size": [2.5, -12]}
							}
						},
						{
							"origin": [-1.19347, 0.40625, -6],
							"size": [2.38694, 3.42188, 12],
							"pivot": [0, 0.90625, 0],
							"rotation": [0, -45, 0],
							"uv": {
								"north": {"uv": [68, 12], "uv_size": [2.5, 3.5]},
								"east": {"uv": [44, 34], "uv_size": [12, 3.5]},
								"south": {"uv": [69, 26], "uv_size": [2.5, 3.5]},
								"west": {"uv": [44, 38], "uv_size": [12, 3.5]},
								"up": {"uv": [36, 52], "uv_size": [2.5, 12]},
								"down": {"uv": [39, 64], "uv_size": [2.5, -12]}
							}
						},
						{
							"origin": [-6, 0.40625, -1.19347],
							"size": [12, 3.42188, 2.38694],
							"pivot": [0, 0.90625, 0],
							"rotation": [0, 22.5, 0],
							"uv": {
								"north": {"uv": [42, 44], "uv_size": [12, 3.5]},
								"east": {"uv": [69, 30], "uv_size": [2.5, 3.5]},
								"south": {"uv": [0, 46], "uv_size": [12, 3.5]},
								"west": {"uv": [69, 36], "uv_size": [2.5, 3.5]},
								"up": {"uv": [42, 52], "uv_size": [12, 2.5]},
								"down": {"uv": [54, 44.5], "uv_size": [12, -2.5]}
							}
						},
						{
							"origin": [-6, 0.40625, -1.19347],
							"size": [12, 3.42188, 2.38694],
							"uv": {
								"north": {"uv": [12, 46], "uv_size": [12, 3.5]},
								"east": {"uv": [39, 69], "uv_size": [2.5, 3.5]},
								"south": {"uv": [24, 48], "uv_size": [12, 3.5]},
								"west": {"uv": [69, 40], "uv_size": [2.5, 3.5]},
								"up": {"uv": [54, 45], "uv_size": [12, 2.5]},
								"down": {"uv": [54, 54.5], "uv_size": [12, -2.5]}
							}
						},
						{
							"origin": [-6, 0.40625, -1.19347],
							"size": [12, 3.42188, 2.38694],
							"pivot": [0, 0.90625, 0],
							"rotation": [0, -22.5, 0],
							"uv": {
								"north": {"uv": [36, 48], "uv_size": [12, 3.5]},
								"east": {"uv": [42, 69], "uv_size": [2.5, 3.5]},
								"south": {"uv": [48, 48], "uv_size": [12, 3.5]},
								"west": {"uv": [69, 44], "uv_size": [2.5, 3.5]},
								"up": {"uv": [42, 55], "uv_size": [12, 2.5]},
								"down": {"uv": [54, 57.5], "uv_size": [12, -2.5]}
							}
						},
						{
							"origin": [-1.39239, 2.25736, -4.44973],
							"size": [2.78478, 3, 1],
							"pivot": [-0.00001, 7.70711, 0.00002],
							"rotation": [-45, 0, 0],
							"uv": {
								"north": {"uv": [34, 64], "uv_size": [3, 3]},
								"east": {"uv": [13, 71], "uv_size": [1, 3]},
								"south": {"uv": [37, 64], "uv_size": [3, 3]},
								"west": {"uv": [47, 71], "uv_size": [1, 3]},
								"up": {"uv": [48, 71], "uv_size": [3, 1]},
								"down": {"uv": [51, 72], "uv_size": [3, -1]}
							}
						},
						{
							"origin": [-1.39238, 2.25735, -4.44974],
							"size": [2.78477, 3, 1],
							"pivot": [-0.00001, 7.70711, 0.00002],
							"rotation": [-45, 22.5, 0],
							"uv": {
								"north": {"uv": [66, 36], "uv_size": [3, 3]},
								"east": {"uv": [62, 71], "uv_size": [1, 3]},
								"south": {"uv": [66, 39], "uv_size": [3, 3]},
								"west": {"uv": [64, 71], "uv_size": [1, 3]},
								"up": {"uv": [65, 71], "uv_size": [3, 1]},
								"down": {"uv": [71, 68], "uv_size": [3, -1]}
							}
						},
						{
							"origin": [-1.39238, 2.25735, -4.44973],
							"size": [2.78477, 3, 1],
							"pivot": [-0.00001, 7.70711, 0.00002],
							"rotation": [-45, 45, 0],
							"uv": {
								"north": {"uv": [40, 66], "uv_size": [3, 3]},
								"east": {"uv": [68, 71], "uv_size": [1, 3]},
								"south": {"uv": [66, 42], "uv_size": [3, 3]},
								"west": {"uv": [71, 68], "uv_size": [1, 3]},
								"up": {"uv": [71, 71], "uv_size": [3, 1]},
								"down": {"uv": [1, 73], "uv_size": [3, -1]}
							}
						},
						{
							"origin": [-1.39239, 2.25736, -4.44973],
							"size": [2.78477, 3, 1],
							"pivot": [-0.00001, 7.70711, 0.00002],
							"rotation": [-45, 67.5, 0],
							"uv": {
								"north": {"uv": [43, 66], "uv_size": [3, 3]},
								"east": {"uv": [69, 71], "uv_size": [1, 3]},
								"south": {"uv": [66, 45], "uv_size": [3, 3]},
								"west": {"uv": [4, 72], "uv_size": [1, 3]},
								"up": {"uv": [5, 72], "uv_size": [3, 1]},
								"down": {"uv": [8, 73], "uv_size": [3, -1]}
							}
						},
						{
							"origin": [-1.39237, 2.25736, -4.44973],
							"size": [2.78477, 3, 1],
							"pivot": [-0.00001, 7.70711, 0.00002],
							"rotation": [0, 90, 45],
							"uv": {
								"north": {"uv": [46, 66], "uv_size": [3, 3]},
								"east": {"uv": [11, 72], "uv_size": [1, 3]},
								"south": {"uv": [66, 48], "uv_size": [3, 3]},
								"west": {"uv": [12, 72], "uv_size": [1, 3]},
								"up": {"uv": [72, 26], "uv_size": [3, 1]},
								"down": {"uv": [72, 28], "uv_size": [3, -1]}
							}
						},
						{
							"origin": [-1.3924, 2.25735, -4.44974],
							"size": [2.78477, 3, 1],
							"pivot": [-0.00001, 7.70711, 0.00002],
							"rotation": [-45, -22.5, 0],
							"uv": {
								"north": {"uv": [66, 26], "uv_size": [3, 3]},
								"east": {"uv": [54, 71], "uv_size": [1, 3]},
								"south": {"uv": [66, 29], "uv_size": [3, 3]},
								"west": {"uv": [55, 71], "uv_size": [1, 3]},
								"up": {"uv": [56, 71], "uv_size": [3, 1]},
								"down": {"uv": [59, 72], "uv_size": [3, -1]}
							}
						},
						{
							"origin": [-1.3924, 2.25735, -4.44974],
							"size": [2.78477, 3, 1],
							"pivot": [-0.00001, 7.70711, 0.00002],
							"rotation": [-45, -45, 0],
							"uv": {
								"north": {"uv": [49, 66], "uv_size": [3, 3]},
								"east": {"uv": [72, 28], "uv_size": [1, 3]},
								"south": {"uv": [66, 51], "uv_size": [3, 3]},
								"west": {"uv": [72, 31], "uv_size": [1, 3]},
								"up": {"uv": [72, 36], "uv_size": [3, 1]},
								"down": {"uv": [72, 38], "uv_size": [3, -1]}
							}
						},
						{
							"origin": [-1.3924, 2.25736, -4.44973],
							"size": [2.78477, 3, 1],
							"pivot": [-0.00001, 7.70711, 0.00002],
							"rotation": [-45, -67.5, 0],
							"uv": {
								"north": {"uv": [52, 66], "uv_size": [3, 3]},
								"east": {"uv": [72, 38], "uv_size": [1, 3]},
								"south": {"uv": [66, 54], "uv_size": [3, 3]},
								"west": {"uv": [72, 41], "uv_size": [1, 3]},
								"up": {"uv": [72, 44], "uv_size": [3, 1]},
								"down": {"uv": [72, 46], "uv_size": [3, -1]}
							}
						},
						{
							"origin": [-1.3924, 2.25736, -4.44973],
							"size": [2.78477, 3, 1],
							"pivot": [-0.00001, 7.70711, 0.00002],
							"rotation": [135, -22.5, 180],
							"uv": {
								"north": {"uv": [15, 67], "uv_size": [3, 3]},
								"east": {"uv": [73, 28], "uv_size": [1, 3]},
								"south": {"uv": [18, 67], "uv_size": [3, 3]},
								"west": {"uv": [73, 31], "uv_size": [1, 3]},
								"up": {"uv": [73, 15], "uv_size": [3, 1]},
								"down": {"uv": [37, 74], "uv_size": [3, -1]}
							}
						},
						{
							"origin": [-1.3924, 2.25736, -4.44973],
							"size": [2.78478, 3, 1],
							"pivot": [-0.00001, 7.70711, 0.00002],
							"rotation": [135, 0, 180],
							"uv": {
								"north": {"uv": [9, 67], "uv_size": [3, 3]},
								"east": {"uv": [3, 73], "uv_size": [1, 3]},
								"south": {"uv": [12, 67], "uv_size": [3, 3]},
								"west": {"uv": [73, 10], "uv_size": [1, 3]},
								"up": {"uv": [73, 13], "uv_size": [3, 1]},
								"down": {"uv": [73, 15], "uv_size": [3, -1]}
							}
						},
						{
							"origin": [-1.39239, 2.25736, -4.44972],
							"size": [2.78477, 3, 1],
							"pivot": [-0.00001, 7.70711, 0.00002],
							"rotation": [135, 22.5, -180],
							"uv": {
								"north": {"uv": [3, 67], "uv_size": [3, 3]},
								"east": {"uv": [1, 73], "uv_size": [1, 3]},
								"south": {"uv": [6, 67], "uv_size": [3, 3]},
								"west": {"uv": [2, 73], "uv_size": [1, 3]},
								"up": {"uv": [5, 73], "uv_size": [3, 1]},
								"down": {"uv": [8, 74], "uv_size": [3, -1]}
							}
						},
						{
							"origin": [-1.3924, 2.25736, -4.44972],
							"size": [2.78478, 3, 1],
							"pivot": [-0.00001, 7.70711, 0.00002],
							"rotation": [135, 45, 180],
							"uv": {
								"north": {"uv": [64, 66], "uv_size": [3, 3]},
								"east": {"uv": [71, 72], "uv_size": [1, 3]},
								"south": {"uv": [0, 67], "uv_size": [3, 3]},
								"west": {"uv": [72, 72], "uv_size": [1, 3]},
								"up": {"uv": [72, 69], "uv_size": [3, 1]},
								"down": {"uv": [72, 71], "uv_size": [3, -1]}
							}
						},
						{
							"origin": [-1.3924, 2.25737, -4.44972],
							"size": [2.78477, 3, 1],
							"pivot": [-0.00001, 7.70711, 0.00002],
							"rotation": [135, 67.5, 180],
							"uv": {
								"north": {"uv": [21, 67], "uv_size": [3, 3]},
								"east": {"uv": [73, 38], "uv_size": [1, 3]},
								"south": {"uv": [24, 67], "uv_size": [3, 3]},
								"west": {"uv": [40, 73], "uv_size": [1, 3]},
								"up": {"uv": [41, 73], "uv_size": [3, 1]},
								"down": {"uv": [73, 42], "uv_size": [3, -1]}
							}
						},
						{
							"origin": [-1.3924, 2.25736, -4.44973],
							"size": [2.78477, 3, 1],
							"pivot": [-0.00001, 7.70711, 0.00002],
							"rotation": [135, -45, -180],
							"uv": {
								"north": {"uv": [61, 66], "uv_size": [3, 3]},
								"east": {"uv": [52, 72], "uv_size": [1, 3]},
								"south": {"uv": [66, 63], "uv_size": [3, 3]},
								"west": {"uv": [53, 72], "uv_size": [1, 3]},
								"up": {"uv": [65, 72], "uv_size": [3, 1]},
								"down": {"uv": [72, 69], "uv_size": [3, -1]}
							}
						},
						{
							"origin": [-1.3924, 2.25736, -4.44973],
							"size": [2.78478, 3, 1],
							"pivot": [-0.00001, 7.70711, 0.00002],
							"rotation": [135, -67.5, -180],
							"uv": {
								"north": {"uv": [58, 66], "uv_size": [3, 3]},
								"east": {"uv": [50, 72], "uv_size": [1, 3]},
								"south": {"uv": [66, 60], "uv_size": [3, 3]},
								"west": {"uv": [51, 72], "uv_size": [1, 3]},
								"up": {"uv": [56, 72], "uv_size": [3, 1]},
								"down": {"uv": [59, 73], "uv_size": [3, -1]}
							}
						},
						{
							"origin": [-1.3924, 2.25736, -4.44973],
							"size": [2.78477, 3, 1],
							"pivot": [-0.00001, 7.70711, 0.00002],
							"rotation": [0, -90, -45],
							"uv": {
								"north": {"uv": [55, 66], "uv_size": [3, 3]},
								"east": {"uv": [48, 72], "uv_size": [1, 3]},
								"south": {"uv": [66, 57], "uv_size": [3, 3]},
								"west": {"uv": [49, 72], "uv_size": [1, 3]},
								"up": {"uv": [72, 46], "uv_size": [3, 1]},
								"down": {"uv": [72, 48], "uv_size": [3, -1]}
							}
						},
						{
							"origin": [-1.39239, 3.75, -7],
							"size": [2.78478, 3.25, 14],
							"pivot": [0, 5.5, 0],
							"rotation": [0, 45, 0],
							"uv": {
								"north": {"uv": [60, 22], "uv_size": [3, 3.5]},
								"east": {"uv": [16, 0], "uv_size": [14, 3.5]},
								"south": {"uv": [60, 26], "uv_size": [3, 3.5]},
								"west": {"uv": [16, 4], "uv_size": [14, 3.5]},
								"up": {"uv": [0, 32], "uv_size": [3, 14]},
								"down": {"uv": [3, 46], "uv_size": [3, -14]}
							}
						},
						{
							"origin": [-0.39239, 3.39063, -7.20312],
							"size": [0.78478, 2, 2.17187],
							"pivot": [0, 5.5, 0],
							"rotation": [0, 45, 0],
							"uv": {
								"north": {"uv": [46, 73], "uv_size": [1, 2.5]},
								"east": {"uv": [16, 71], "uv_size": [2, 2.5]},
								"south": {"uv": [67, 73], "uv_size": [1, 2.5]},
								"west": {"uv": [18, 71], "uv_size": [2, 2.5]},
								"up": {"uv": [39, 67], "uv_size": [1, 2]},
								"down": {"uv": [68, 34], "uv_size": [1, -2]}
							}
						},
						{
							"origin": [-6.53039, 3.39063, -1.03644],
							"size": [0.78477, 2, 2.17187],
							"pivot": [-6.2005, 4.82031, 0.0495],
							"rotation": [0, 90, 0],
							"uv": {
								"north": {"uv": [70, 73], "uv_size": [1, 2.5]},
								"east": {"uv": [20, 71], "uv_size": [2, 2.5]},
								"south": {"uv": [13, 74], "uv_size": [1, 2.5]},
								"west": {"uv": [27, 71], "uv_size": [2, 2.5]},
								"up": {"uv": [43, 74], "uv_size": [1, 2]},
								"down": {"uv": [47, 76], "uv_size": [1, -2]}
							}
						},
						{
							"origin": [-1.39239, 3.75, -7],
							"size": [2.78478, 3.25, 14],
							"pivot": [0, 5.5, 0],
							"rotation": [0, 22.5, 0],
							"uv": {
								"north": {"uv": [60, 30], "uv_size": [3, 3.5]},
								"east": {"uv": [16, 8], "uv_size": [14, 3.5]},
								"south": {"uv": [60, 48], "uv_size": [3, 3.5]},
								"west": {"uv": [16, 12], "uv_size": [14, 3.5]},
								"up": {"uv": [6, 32], "uv_size": [3, 14]},
								"down": {"uv": [9, 46], "uv_size": [3, -14]}
							}
						},
						{
							"origin": [-1.39239, 3.75, -7],
							"size": [2.78478, 3.25, 14],
							"uv": {
								"north": {"uv": [60, 58], "uv_size": [3, 3.5]},
								"east": {"uv": [16, 16], "uv_size": [14, 3.5]},
								"south": {"uv": [12, 62], "uv_size": [3, 3.5]},
								"west": {"uv": [16, 20], "uv_size": [14, 3.5]},
								"up": {"uv": [12, 32], "uv_size": [3, 14]},
								"down": {"uv": [15, 46], "uv_size": [3, -14]}
							}
						},
						{
							"origin": [-1.39239, 3.75, -7],
							"size": [2.78478, 3.25, 14],
							"pivot": [0, 5.5, 0],
							"rotation": [0, -22.5, 0],
							"uv": {
								"north": {"uv": [15, 62], "uv_size": [3, 3.5]},
								"east": {"uv": [16, 24], "uv_size": [14, 3.5]},
								"south": {"uv": [18, 62], "uv_size": [3, 3.5]},
								"west": {"uv": [16, 28], "uv_size": [14, 3.5]},
								"up": {"uv": [18, 32], "uv_size": [3, 14]},
								"down": {"uv": [21, 46], "uv_size": [3, -14]}
							}
						},
						{
							"origin": [-1.39239, 3.75, -7],
							"size": [2.78478, 3.25, 14],
							"pivot": [0, 5.5, 0],
							"rotation": [0, -45, 0],
							"uv": {
								"north": {"uv": [21, 62], "uv_size": [3, 3.5]},
								"east": {"uv": [30, 0], "uv_size": [14, 3.5]},
								"south": {"uv": [60, 62], "uv_size": [3, 3.5]},
								"west": {"uv": [30, 4], "uv_size": [14, 3.5]},
								"up": {"uv": [24, 32], "uv_size": [3, 14]},
								"down": {"uv": [27, 46], "uv_size": [3, -14]}
							}
						},
						{
							"origin": [-7, 3.75, -1.39239],
							"size": [14, 3.25, 2.78478],
							"pivot": [0, 5.5, 0],
							"rotation": [0, 22.5, 0],
							"uv": {
								"north": {"uv": [30, 8], "uv_size": [14, 3.5]},
								"east": {"uv": [63, 22], "uv_size": [3, 3.5]},
								"south": {"uv": [30, 12], "uv_size": [14, 3.5]},
								"west": {"uv": [63, 26], "uv_size": [3, 3.5]},
								"up": {"uv": [30, 32], "uv_size": [14, 3]},
								"down": {"uv": [30, 38], "uv_size": [14, -3]}
							}
						},
						{
							"origin": [-7, 3.75, -1.39239],
							"size": [14, 3.25, 2.78478],
							"uv": {
								"north": {"uv": [30, 16], "uv_size": [14, 3.5]},
								"east": {"uv": [63, 30], "uv_size": [3, 3.5]},
								"south": {"uv": [30, 20], "uv_size": [14, 3.5]},
								"west": {"uv": [63, 48], "uv_size": [3, 3.5]},
								"up": {"uv": [30, 38], "uv_size": [14, 3]},
								"down": {"uv": [30, 44], "uv_size": [14, -3]}
							}
						},
						{
							"origin": [-7, 3.75, -1.39239],
							"size": [14, 3.25, 2.78478],
							"pivot": [0, 5.5, 0],
							"rotation": [0, -22.5, 0],
							"uv": {
								"north": {"uv": [30, 24], "uv_size": [14, 3.5]},
								"east": {"uv": [63, 58], "uv_size": [3, 3.5]},
								"south": {"uv": [30, 28], "uv_size": [14, 3.5]},
								"west": {"uv": [63, 62], "uv_size": [3, 3.5]},
								"up": {"uv": [44, 0], "uv_size": [14, 3]},
								"down": {"uv": [44, 6], "uv_size": [14, -3]}
							}
						},
						{
							"origin": [-7.14063, 6.32813, -0.82988],
							"size": [0.32813, 0.42187, 1.65977],
							"pivot": [0, 5.5, 0],
							"rotation": [0, -22.5, 0],
							"uv": {
								"north": {"uv": [78, 61], "uv_size": [0.5, 0.5]},
								"east": {"uv": [78, 35], "uv_size": [1.5, 0.5]},
								"south": {"uv": [62, 78], "uv_size": [0.5, 0.5]},
								"west": {"uv": [36, 78], "uv_size": [1.5, 0.5]},
								"up": {"uv": [78, 36], "uv_size": [0.5, 1.5]},
								"down": {"uv": [38, 79.5], "uv_size": [0.5, -1.5]}
							}
						},
						{
							"origin": [2.80622, 3.39063, -4.15431],
							"size": [0.78478, 2, 2.17188],
							"pivot": [5.35486, 5.67969, -2.27863],
							"rotation": [0, -45, 0],
							"uv": {
								"north": {"uv": [74, 28], "uv_size": [1, 2.5]},
								"east": {"uv": [33, 71], "uv_size": [2, 2.5]},
								"south": {"uv": [29, 74], "uv_size": [1, 2.5]},
								"west": {"uv": [35, 71], "uv_size": [2, 2.5]},
								"up": {"uv": [73, 74], "uv_size": [1, 2]},
								"down": {"uv": [74, 76], "uv_size": [1, -2]}
							}
						},
						{
							"origin": [4.0313, 6.32813, -3.20386],
							"size": [0.32813, 0.42187, 1.65977],
							"pivot": [5.35486, 5.67969, -2.27863],
							"rotation": [-180, -22.5, 180],
							"uv": {
								"north": {"uv": [78, 62], "uv_size": [0.5, 0.5]},
								"east": {"uv": [78, 38], "uv_size": [1.5, 0.5]},
								"south": {"uv": [63, 78], "uv_size": [0.5, 0.5]},
								"west": {"uv": [39, 78], "uv_size": [1.5, 0.5]},
								"up": {"uv": [78, 39], "uv_size": [0.5, 1.5]},
								"down": {"uv": [41, 79.5], "uv_size": [0.5, -1.5]}
							}
						},
						{
							"origin": [7.27666, 3.39063, -4.17522],
							"size": [0.78478, 2, 2.17188],
							"pivot": [5.35486, 5.67969, -2.30988],
							"rotation": [0, -90, 0],
							"uv": {
								"north": {"uv": [27, 74], "uv_size": [1, 2.5]},
								"east": {"uv": [29, 71], "uv_size": [2, 2.5]},
								"south": {"uv": [28, 74], "uv_size": [1, 2.5]},
								"west": {"uv": [31, 71], "uv_size": [2, 2.5]},
								"up": {"uv": [62, 74], "uv_size": [1, 2]},
								"down": {"uv": [64, 76], "uv_size": [1, -2]}
							}
						},
						{
							"origin": [-0.79565, 7.1872, -2.82843],
							"size": [1.5913, 1, 1],
							"pivot": [0, 10.01563, -0.00001],
							"rotation": [-45, 0, 0],
							"uv": {
								"north": {"uv": [75, 68], "uv_size": [1.5, 1]},
								"east": {"uv": [39, 75], "uv_size": [1, 1]},
								"south": {"uv": [75, 69], "uv_size": [1.5, 1]},
								"west": {"uv": [55, 77], "uv_size": [1, 1]},
								"up": {"uv": [75, 70], "uv_size": [1.5, 1]},
								"down": {"uv": [71, 76], "uv_size": [1.5, -1]}
							}
						},
						{
							"origin": [-0.79565, 7.18721, -2.82842],
							"size": [1.5913, 1, 1],
							"pivot": [0, 10.01563, -0.00001],
							"rotation": [-45, 22.5, 0],
							"uv": {
								"north": {"uv": [75, 72], "uv_size": [1.5, 1]},
								"east": {"uv": [56, 77], "uv_size": [1, 1]},
								"south": {"uv": [75, 73], "uv_size": [1.5, 1]},
								"west": {"uv": [77, 56], "uv_size": [1, 1]},
								"up": {"uv": [75, 74], "uv_size": [1.5, 1]},
								"down": {"uv": [75, 76], "uv_size": [1.5, -1]}
							}
						},
						{
							"origin": [-0.79566, 7.18721, -2.82843],
							"size": [1.5913, 1, 1],
							"pivot": [0, 10.01563, -0.00001],
							"rotation": [-45, 45, 0],
							"uv": {
								"north": {"uv": [1, 76], "uv_size": [1.5, 1]},
								"east": {"uv": [57, 77], "uv_size": [1, 1]},
								"south": {"uv": [5, 76], "uv_size": [1.5, 1]},
								"west": {"uv": [77, 57], "uv_size": [1, 1]},
								"up": {"uv": [7, 76], "uv_size": [1.5, 1]},
								"down": {"uv": [9, 77], "uv_size": [1.5, -1]}
							}
						},
						{
							"origin": [-0.79565, 7.1872, -2.82843],
							"size": [1.5913, 1, 1],
							"pivot": [0, 10.01563, -0.00001],
							"rotation": [-45, 67.5, 0],
							"uv": {
								"north": {"uv": [76, 10], "uv_size": [1.5, 1]},
								"east": {"uv": [58, 77], "uv_size": [1, 1]},
								"south": {"uv": [76, 11], "uv_size": [1.5, 1]},
								"west": {"uv": [77, 58], "uv_size": [1, 1]},
								"up": {"uv": [76, 13], "uv_size": [1.5, 1]},
								"down": {"uv": [14, 77], "uv_size": [1.5, -1]}
							}
						},
						{
							"origin": [-0.79565, 7.1872, -2.82843],
							"size": [1.5913, 1, 1],
							"pivot": [0, 10.01563, -0.00001],
							"rotation": [0, 90, 45],
							"uv": {
								"north": {"uv": [76, 14], "uv_size": [1.5, 1]},
								"east": {"uv": [59, 77], "uv_size": [1, 1]},
								"south": {"uv": [76, 15], "uv_size": [1.5, 1]},
								"west": {"uv": [77, 59], "uv_size": [1, 1]},
								"up": {"uv": [76, 16], "uv_size": [1.5, 1]},
								"down": {"uv": [76, 18], "uv_size": [1.5, -1]}
							}
						},
						{
							"origin": [-0.79565, 7.1872, -2.82843],
							"size": [1.5913, 1, 1],
							"pivot": [0, 10.01563, -0.00001],
							"rotation": [-45, -22.5, 0],
							"uv": {
								"north": {"uv": [76, 18], "uv_size": [1.5, 1]},
								"east": {"uv": [60, 77], "uv_size": [1, 1]},
								"south": {"uv": [76, 19], "uv_size": [1.5, 1]},
								"west": {"uv": [77, 60], "uv_size": [1, 1]},
								"up": {"uv": [76, 20], "uv_size": [1.5, 1]},
								"down": {"uv": [76, 22], "uv_size": [1.5, -1]}
							}
						},
						{
							"origin": [-0.79565, 7.1872, -2.82843],
							"size": [1.5913, 1, 1],
							"pivot": [0, 10.01563, -0.00001],
							"rotation": [-45, -45, 0],
							"uv": {
								"north": {"uv": [22, 76], "uv_size": [1.5, 1]},
								"east": {"uv": [61, 77], "uv_size": [1, 1]},
								"south": {"uv": [76, 22], "uv_size": [1.5, 1]},
								"west": {"uv": [77, 61], "uv_size": [1, 1]},
								"up": {"uv": [76, 23], "uv_size": [1.5, 1]},
								"down": {"uv": [24, 77], "uv_size": [1.5, -1]}
							}
						},
						{
							"origin": [-0.79565, 7.1872, -2.82843],
							"size": [1.5913, 1, 1],
							"pivot": [0, 10.01563, -0.00001],
							"rotation": [-45, -67.5, 0],
							"uv": {
								"north": {"uv": [76, 24], "uv_size": [1.5, 1]},
								"east": {"uv": [62, 77], "uv_size": [1, 1]},
								"south": {"uv": [76, 25], "uv_size": [1.5, 1]},
								"west": {"uv": [77, 62], "uv_size": [1, 1]},
								"up": {"uv": [76, 26], "uv_size": [1.5, 1]},
								"down": {"uv": [76, 28], "uv_size": [1.5, -1]}
							}
						},
						{
							"origin": [-0.79567, 7.1872, -2.82843],
							"size": [1.5913, 1, 1],
							"pivot": [0, 10.01563, -0.00001],
							"rotation": [135, -22.5, 180],
							"uv": {
								"north": {"uv": [76, 28], "uv_size": [1.5, 1]},
								"east": {"uv": [63, 77], "uv_size": [1, 1]},
								"south": {"uv": [76, 29], "uv_size": [1.5, 1]},
								"west": {"uv": [77, 63], "uv_size": [1, 1]},
								"up": {"uv": [76, 31], "uv_size": [1.5, 1]},
								"down": {"uv": [76, 33], "uv_size": [1.5, -1]}
							}
						},
						{
							"origin": [-0.79565, 7.1872, -2.82843],
							"size": [1.5913, 1, 1],
							"pivot": [0, 10.01563, -0.00001],
							"rotation": [135, 0, 180],
							"uv": {
								"north": {"uv": [76, 33], "uv_size": [1.5, 1]},
								"east": {"uv": [64, 77], "uv_size": [1, 1]},
								"south": {"uv": [76, 34], "uv_size": [1.5, 1]},
								"west": {"uv": [77, 64], "uv_size": [1, 1]},
								"up": {"uv": [76, 35], "uv_size": [1.5, 1]},
								"down": {"uv": [76, 37], "uv_size": [1.5, -1]}
							}
						},
						{
							"origin": [-0.79566, 7.1872, -2.82843],
							"size": [1.5913, 1, 1],
							"pivot": [0, 10.01563, -0.00001],
							"rotation": [135, 22.5, -180],
							"uv": {
								"north": {"uv": [76, 37], "uv_size": [1.5, 1]},
								"east": {"uv": [65, 77], "uv_size": [1, 1]},
								"south": {"uv": [76, 38], "uv_size": [1.5, 1]},
								"west": {"uv": [77, 65], "uv_size": [1, 1]},
								"up": {"uv": [39, 76], "uv_size": [1.5, 1]},
								"down": {"uv": [76, 40], "uv_size": [1.5, -1]}
							}
						},
						{
							"origin": [-0.79564, 7.1872, -2.82843],
							"size": [1.5913, 1, 1],
							"pivot": [0, 10.01563, -0.00001],
							"rotation": [135, 45, 180],
							"uv": {
								"north": {"uv": [76, 40], "uv_size": [1.5, 1]},
								"east": {"uv": [66, 77], "uv_size": [1, 1]},
								"south": {"uv": [41, 76], "uv_size": [1.5, 1]},
								"west": {"uv": [67, 77], "uv_size": [1, 1]},
								"up": {"uv": [76, 41], "uv_size": [1.5, 1]},
								"down": {"uv": [43, 77], "uv_size": [1.5, -1]}
							}
						},
						{
							"origin": [-0.79565, 7.1872, -2.82843],
							"size": [1.5913, 1, 1],
							"pivot": [0, 10.01563, -0.00001],
							"rotation": [135, 67.5, 180],
							"uv": {
								"north": {"uv": [45, 76], "uv_size": [1.5, 1]},
								"east": {"uv": [68, 77], "uv_size": [1, 1]},
								"south": {"uv": [47, 76], "uv_size": [1.5, 1]},
								"west": {"uv": [77, 68], "uv_size": [1, 1]},
								"up": {"uv": [49, 76], "uv_size": [1.5, 1]},
								"down": {"uv": [51, 77], "uv_size": [1.5, -1]}
							}
						},
						{
							"origin": [-0.79565, 7.1872, -2.82843],
							"size": [1.5913, 1, 1],
							"pivot": [0, 10.01563, -0.00001],
							"rotation": [135, -45, -180],
							"uv": {
								"north": {"uv": [53, 76], "uv_size": [1.5, 1]},
								"east": {"uv": [69, 77], "uv_size": [1, 1]},
								"south": {"uv": [55, 76], "uv_size": [1.5, 1]},
								"west": {"uv": [77, 69], "uv_size": [1, 1]},
								"up": {"uv": [57, 76], "uv_size": [1.5, 1]},
								"down": {"uv": [59, 77], "uv_size": [1.5, -1]}
							}
						},
						{
							"origin": [-0.79564, 7.18719, -2.82844],
							"size": [1.5913, 1, 1],
							"pivot": [0, 10.01563, -0.00001],
							"rotation": [135, -67.5, -180],
							"uv": {
								"north": {"uv": [61, 76], "uv_size": [1.5, 1]},
								"east": {"uv": [70, 77], "uv_size": [1, 1]},
								"south": {"uv": [63, 76], "uv_size": [1.5, 1]},
								"west": {"uv": [77, 70], "uv_size": [1, 1]},
								"up": {"uv": [65, 76], "uv_size": [1.5, 1]},
								"down": {"uv": [76, 67], "uv_size": [1.5, -1]}
							}
						},
						{
							"origin": [-0.79565, 7.1872, -2.82843],
							"size": [1.5913, 1, 1],
							"pivot": [0, 10.01563, -0.00001],
							"rotation": [0, -90, -45],
							"uv": {
								"north": {"uv": [67, 76], "uv_size": [1.5, 1]},
								"east": {"uv": [71, 77], "uv_size": [1, 1]},
								"south": {"uv": [76, 67], "uv_size": [1.5, 1]},
								"west": {"uv": [72, 77], "uv_size": [1, 1]},
								"up": {"uv": [69, 76], "uv_size": [1.5, 1]},
								"down": {"uv": [71, 77], "uv_size": [1.5, -1]}
							}
						},
						{
							"origin": [-0.99456, 8.01563, -5.07812],
							"size": [1.98912, 1, 10],
							"pivot": [0, 0.51563, -0.07812],
							"rotation": [0, 45, 0],
							"uv": {
								"north": {"uv": [32, 66], "uv_size": [2, 1]},
								"east": {"uv": [60, 34], "uv_size": [10, 1]},
								"south": {"uv": [30, 74], "uv_size": [2, 1]},
								"west": {"uv": [60, 35], "uv_size": [10, 1]},
								"up": {"uv": [56, 6], "uv_size": [2, 10]},
								"down": {"uv": [56, 26], "uv_size": [2, -10]}
							}
						},
						{
							"origin": [-0.99456, 8.01563, -5.07812],
							"size": [1.98912, 1, 10],
							"pivot": [0, 0.51563, -0.07812],
							"rotation": [0, 22.5, 0],
							"uv": {
								"north": {"uv": [74, 31], "uv_size": [2, 1]},
								"east": {"uv": [24, 64], "uv_size": [10, 1]},
								"south": {"uv": [32, 74], "uv_size": [2, 1]},
								"west": {"uv": [24, 65], "uv_size": [10, 1]},
								"up": {"uv": [56, 26], "uv_size": [2, 10]},
								"down": {"uv": [0, 67], "uv_size": [2, -10]}
							}
						},
						{
							"origin": [-0.99456, 8.01563, -5.07812],
							"size": [1.98912, 1, 10],
							"uv": {
								"north": {"uv": [74, 32], "uv_size": [2, 1]},
								"east": {"uv": [12, 66], "uv_size": [10, 1]},
								"south": {"uv": [74, 33], "uv_size": [2, 1]},
								"west": {"uv": [66, 16], "uv_size": [10, 1]},
								"up": {"uv": [2, 57], "uv_size": [2, 10]},
								"down": {"uv": [4, 67], "uv_size": [2, -10]}
							}
						},
						{
							"origin": [-0.99456, 8.01563, -5.07812],
							"size": [1.98912, 1, 10],
							"pivot": [0, 0.51563, -0.07812],
							"rotation": [0, -22.5, 0],
							"uv": {
								"north": {"uv": [34, 74], "uv_size": [2, 1]},
								"east": {"uv": [66, 17], "uv_size": [10, 1]},
								"south": {"uv": [36, 74], "uv_size": [2, 1]},
								"west": {"uv": [66, 18], "uv_size": [10, 1]},
								"up": {"uv": [6, 57], "uv_size": [2, 10]},
								"down": {"uv": [8, 67], "uv_size": [2, -10]}
							}
						},
						{
							"origin": [-0.99456, 8.01563, -5.07812],
							"size": [1.98912, 1, 10],
							"pivot": [0, 0.51563, -0.07812],
							"rotation": [0, -45, 0],
							"uv": {
								"north": {"uv": [38, 74], "uv_size": [2, 1]},
								"east": {"uv": [66, 19], "uv_size": [10, 1]},
								"south": {"uv": [74, 38], "uv_size": [2, 1]},
								"west": {"uv": [66, 20], "uv_size": [10, 1]},
								"up": {"uv": [10, 57], "uv_size": [2, 10]},
								"down": {"uv": [58, 10], "uv_size": [2, -10]}
							}
						},
						{
							"origin": [-5, 8.01563, -1.07269],
							"size": [10, 1, 1.98913],
							"pivot": [0, 0.51563, -0.07812],
							"rotation": [0, 22.5, 0],
							"uv": {
								"north": {"uv": [66, 21], "uv_size": [10, 1]},
								"east": {"uv": [74, 39], "uv_size": [2, 1]},
								"south": {"uv": [22, 66], "uv_size": [10, 1]},
								"west": {"uv": [74, 40], "uv_size": [2, 1]},
								"up": {"uv": [44, 42], "uv_size": [10, 2]},
								"down": {"uv": [56, 38], "uv_size": [10, -2]}
							}
						},
						{
							"origin": [-5, 8.01563, -1.07269],
							"size": [10, 1, 1.98913],
							"uv": {
								"north": {"uv": [66, 22], "uv_size": [10, 1]},
								"east": {"uv": [41, 74], "uv_size": [2, 1]},
								"south": {"uv": [66, 23], "uv_size": [10, 1]},
								"west": {"uv": [54, 74], "uv_size": [2, 1]},
								"up": {"uv": [56, 38], "uv_size": [10, 2]},
								"down": {"uv": [56, 42], "uv_size": [10, -2]}
							}
						},
						{
							"origin": [-5, 8.01563, -1.07269],
							"size": [10, 1, 1.98913],
							"pivot": [0, 0.51563, -0.07812],
							"rotation": [0, -22.5, 0],
							"uv": {
								"north": {"uv": [66, 24], "uv_size": [10, 1]},
								"east": {"uv": [74, 67], "uv_size": [2, 1]},
								"south": {"uv": [66, 25], "uv_size": [10, 1]},
								"west": {"uv": [68, 74], "uv_size": [2, 1]},
								"up": {"uv": [58, 10], "uv_size": [10, 2]},
								"down": {"uv": [58, 14], "uv_size": [10, -2]}
							}
						},
						{
							"origin": [-0.79565, 9.01563, -4],
							"size": [1.5913, 1, 8],
							"pivot": [0, 9.51563, 0],
							"rotation": [0, 45, 0],
							"uv": {
								"north": {"uv": [41, 75], "uv_size": [1.5, 1]},
								"east": {"uv": [69, 51], "uv_size": [8, 1]},
								"south": {"uv": [75, 42], "uv_size": [1.5, 1]},
								"west": {"uv": [69, 52], "uv_size": [8, 1]},
								"up": {"uv": [58, 28], "uv_size": [1.5, 8]},
								"down": {"uv": [42, 66], "uv_size": [1.5, -8]}
							}
						},
						{
							"origin": [-0.79565, 9.01563, -4],
							"size": [1.5913, 1, 8],
							"pivot": [0, 9.51563, 0],
							"rotation": [0, 22.5, 0],
							"uv": {
								"north": {"uv": [75, 43], "uv_size": [1.5, 1]},
								"east": {"uv": [69, 53], "uv_size": [8, 1]},
								"south": {"uv": [75, 44], "uv_size": [1.5, 1]},
								"west": {"uv": [69, 54], "uv_size": [8, 1]},
								"up": {"uv": [44, 58], "uv_size": [1.5, 8]},
								"down": {"uv": [46, 66], "uv_size": [1.5, -8]}
							}
						},
						{
							"origin": [-0.79565, 9.01563, -4],
							"size": [1.5913, 1, 8],
							"uv": {
								"north": {"uv": [75, 45], "uv_size": [1.5, 1]},
								"east": {"uv": [69, 55], "uv_size": [8, 1]},
								"south": {"uv": [75, 46], "uv_size": [1.5, 1]},
								"west": {"uv": [69, 56], "uv_size": [8, 1]},
								"up": {"uv": [48, 58], "uv_size": [1.5, 8]},
								"down": {"uv": [50, 66], "uv_size": [1.5, -8]}
							}
						},
						{
							"origin": [-0.79565, 9.01563, -4],
							"size": [1.5913, 1, 8],
							"pivot": [0, 9.51563, 0],
							"rotation": [0, -22.5, 0],
							"uv": {
								"north": {"uv": [75, 47], "uv_size": [1.5, 1]},
								"east": {"uv": [69, 57], "uv_size": [8, 1]},
								"south": {"uv": [48, 75], "uv_size": [1.5, 1]},
								"west": {"uv": [69, 58], "uv_size": [8, 1]},
								"up": {"uv": [52, 58], "uv_size": [1.5, 8]},
								"down": {"uv": [54, 66], "uv_size": [1.5, -8]}
							}
						},
						{
							"origin": [-0.79565, 9.01563, -4],
							"size": [1.5913, 1, 8],
							"pivot": [0, 9.51563, 0],
							"rotation": [0, -45, 0],
							"uv": {
								"north": {"uv": [50, 75], "uv_size": [1.5, 1]},
								"east": {"uv": [69, 59], "uv_size": [8, 1]},
								"south": {"uv": [52, 75], "uv_size": [1.5, 1]},
								"west": {"uv": [69, 60], "uv_size": [8, 1]},
								"up": {"uv": [56, 58], "uv_size": [1.5, 8]},
								"down": {"uv": [58, 66], "uv_size": [1.5, -8]}
							}
						},
						{
							"origin": [-4, 9.01563, -0.79565],
							"size": [8, 1, 1.5913],
							"pivot": [0, 9.51563, 0],
							"rotation": [0, 22.5, 0],
							"uv": {
								"north": {"uv": [69, 61], "uv_size": [8, 1]},
								"east": {"uv": [54, 75], "uv_size": [1.5, 1]},
								"south": {"uv": [69, 62], "uv_size": [8, 1]},
								"west": {"uv": [56, 75], "uv_size": [1.5, 1]},
								"up": {"uv": [60, 0], "uv_size": [8, 1.5]},
								"down": {"uv": [60, 3.5], "uv_size": [8, -1.5]}
							}
						},
						{
							"origin": [-4, 9.01563, -0.79565],
							"size": [8, 1, 1.5913],
							"uv": {
								"north": {"uv": [69, 63], "uv_size": [8, 1]},
								"east": {"uv": [58, 75], "uv_size": [1.5, 1]},
								"south": {"uv": [69, 64], "uv_size": [8, 1]},
								"west": {"uv": [60, 75], "uv_size": [1.5, 1]},
								"up": {"uv": [60, 4], "uv_size": [8, 1.5]},
								"down": {"uv": [60, 7.5], "uv_size": [8, -1.5]}
							}
						},
						{
							"origin": [-4, 9.01563, -0.79565],
							"size": [8, 1, 1.5913],
							"pivot": [0, 9.51563, 0],
							"rotation": [0, -22.5, 0],
							"uv": {
								"north": {"uv": [69, 65], "uv_size": [8, 1]},
								"east": {"uv": [65, 75], "uv_size": [1.5, 1]},
								"south": {"uv": [0, 70], "uv_size": [8, 1]},
								"west": {"uv": [68, 75], "uv_size": [1.5, 1]},
								"up": {"uv": [60, 8], "uv_size": [8, 1.5]},
								"down": {"uv": [60, 15.5], "uv_size": [8, -1.5]}
							}
						},
						{
							"origin": [-0.99456, 12.51563, -5.07812],
							"size": [1.98912, 0.5, 0.5],
							"pivot": [0, 4.51563, -0.07812],
							"rotation": [0, 45, 0],
							"uv": {
								"north": {"uv": [1, 77], "uv_size": [2, 0.5]},
								"east": {"uv": [78, 63], "uv_size": [0.5, 0.5]},
								"south": {"uv": [77, 2], "uv_size": [2, 0.5]},
								"west": {"uv": [64, 78], "uv_size": [0.5, 0.5]},
								"up": {"uv": [77, 3], "uv_size": [2, 0.5]},
								"down": {"uv": [77, 4.5], "uv_size": [2, -0.5]}
							}
						},
						{
							"origin": [-0.99456, 9.01563, -5.07812],
							"size": [0.73912, 4, 0.5],
							"pivot": [0, 4.51563, -0.07812],
							"rotation": [0, 22.5, 0],
							"uv": {
								"north": {"uv": [4, 75], "uv_size": [0.5, 4]},
								"east": {"uv": [11, 75], "uv_size": [0.5, 4]},
								"south": {"uv": [12, 75], "uv_size": [0.5, 4]},
								"west": {"uv": [16, 75], "uv_size": [0.5, 4]},
								"up": {"uv": [78, 64], "uv_size": [0.5, 0.5]},
								"down": {"uv": [65, 78.5], "uv_size": [0.5, -0.5]}
							}
						},
						{
							"origin": [-0.99456, 9.01563, 4.42188],
							"size": [0.73912, 4, 0.5],
							"pivot": [0, 4.51563, -0.07812],
							"rotation": [0, -22.5, 0],
							"uv": {
								"north": {"uv": [17, 75], "uv_size": [0.5, 4]},
								"east": {"uv": [18, 75], "uv_size": [0.5, 4]},
								"south": {"uv": [19, 75], "uv_size": [0.5, 4]},
								"west": {"uv": [20, 75], "uv_size": [0.5, 4]},
								"up": {"uv": [78, 65], "uv_size": [0.5, 0.5]},
								"down": {"uv": [66, 78.5], "uv_size": [0.5, -0.5]}
							}
						},
						{
							"origin": [-0.99456, 12.51563, 4.42188],
							"size": [1.98912, 0.5, 0.5],
							"pivot": [0, 4.51563, -0.07812],
							"rotation": [0, -45, 0],
							"uv": {
								"north": {"uv": [5, 77], "uv_size": [2, 0.5]},
								"east": {"uv": [78, 66], "uv_size": [0.5, 0.5]},
								"south": {"uv": [77, 5], "uv_size": [2, 0.5]},
								"west": {"uv": [67, 78], "uv_size": [0.5, 0.5]},
								"up": {"uv": [77, 6], "uv_size": [2, 0.5]},
								"down": {"uv": [7, 77.5], "uv_size": [2, -0.5]}
							}
						},
						{
							"origin": [-5, 12.51563, -1.07269],
							"size": [0.5, 0.5, 1.98913],
							"pivot": [0, 4.51563, -0.07812],
							"rotation": [0, 22.5, 0],
							"uv": {
								"north": {"uv": [78, 67], "uv_size": [0.5, 0.5]},
								"east": {"uv": [77, 7], "uv_size": [2, 0.5]},
								"south": {"uv": [68, 78], "uv_size": [0.5, 0.5]},
								"west": {"uv": [77, 8], "uv_size": [2, 0.5]},
								"up": {"uv": [9, 77], "uv_size": [0.5, 2]},
								"down": {"uv": [10, 79], "uv_size": [0.5, -2]}
							}
						},
						{
							"origin": [-5, 12.51563, -1.07269],
							"size": [0.5, 0.5, 1.98913],
							"uv": {
								"north": {"uv": [78, 68], "uv_size": [0.5, 0.5]},
								"east": {"uv": [77, 9], "uv_size": [2, 0.5]},
								"south": {"uv": [69, 78], "uv_size": [0.5, 0.5]},
								"west": {"uv": [13, 77], "uv_size": [2, 0.5]},
								"up": {"uv": [15, 77], "uv_size": [0.5, 2]},
								"down": {"uv": [22, 79], "uv_size": [0.5, -2]}
							}
						},
						{
							"origin": [-5, 12.51563, -1.07269],
							"size": [0.5, 0.5, 1.98913],
							"pivot": [0, 4.51563, -0.07812],
							"rotation": [0, -22.5, 0],
							"uv": {
								"north": {"uv": [78, 69], "uv_size": [0.5, 0.5]},
								"east": {"uv": [23, 77], "uv_size": [2, 0.5]},
								"south": {"uv": [70, 78], "uv_size": [0.5, 0.5]},
								"west": {"uv": [27, 77], "uv_size": [2, 0.5]},
								"up": {"uv": [25, 77], "uv_size": [0.5, 2]},
								"down": {"uv": [29, 79], "uv_size": [0.5, -2]}
							}
						},
						{
							"origin": [-0.99456, 12.51563, -5.07812],
							"size": [1.98912, 0.5, 0.5],
							"pivot": [0, 4.51563, -0.07812],
							"rotation": [0, -45, 0],
							"uv": {
								"north": {"uv": [77, 30], "uv_size": [2, 0.5]},
								"east": {"uv": [78, 70], "uv_size": [0.5, 0.5]},
								"south": {"uv": [36, 77], "uv_size": [2, 0.5]},
								"west": {"uv": [71, 78], "uv_size": [0.5, 0.5]},
								"up": {"uv": [38, 77], "uv_size": [2, 0.5]},
								"down": {"uv": [40, 77.5], "uv_size": [2, -0.5]}
							}
						},
						{
							"origin": [0.25544, 9.01563, -5.07812],
							"size": [0.73912, 4, 0.5],
							"pivot": [0, 4.51563, -0.07812],
							"rotation": [0, -22.5, 0],
							"uv": {
								"north": {"uv": [21, 75], "uv_size": [0.5, 4]},
								"east": {"uv": [75, 26], "uv_size": [0.5, 4]},
								"south": {"uv": [30, 75], "uv_size": [0.5, 4]},
								"west": {"uv": [31, 75], "uv_size": [0.5, 4]},
								"up": {"uv": [78, 71], "uv_size": [0.5, 0.5]},
								"down": {"uv": [72, 78.5], "uv_size": [0.5, -0.5]}
							}
						},
						{
							"origin": [0.25544, 9.01563, 4.42188],
							"size": [0.73912, 4, 0.5],
							"pivot": [0, 4.51563, -0.07812],
							"rotation": [0, 22.5, 0],
							"uv": {
								"north": {"uv": [32, 75], "uv_size": [0.5, 4]},
								"east": {"uv": [33, 75], "uv_size": [0.5, 4]},
								"south": {"uv": [34, 75], "uv_size": [0.5, 4]},
								"west": {"uv": [35, 75], "uv_size": [0.5, 4]},
								"up": {"uv": [78, 72], "uv_size": [0.5, 0.5]},
								"down": {"uv": [73, 78.5], "uv_size": [0.5, -0.5]}
							}
						},
						{
							"origin": [-0.99456, 12.51563, 4.42188],
							"size": [1.98912, 0.5, 0.5],
							"pivot": [0, 4.51563, -0.07812],
							"rotation": [0, 45, 0],
							"uv": {
								"north": {"uv": [42, 77], "uv_size": [2, 0.5]},
								"east": {"uv": [78, 73], "uv_size": [0.5, 0.5]},
								"south": {"uv": [77, 42], "uv_size": [2, 0.5]},
								"west": {"uv": [74, 78], "uv_size": [0.5, 0.5]},
								"up": {"uv": [77, 43], "uv_size": [2, 0.5]},
								"down": {"uv": [44, 77.5], "uv_size": [2, -0.5]}
							}
						},
						{
							"origin": [4.5, 12.51563, -1.07269],
							"size": [0.5, 0.5, 1.98913],
							"pivot": [0, 4.51563, -0.07812],
							"rotation": [0, -22.5, 0],
							"uv": {
								"north": {"uv": [78, 74], "uv_size": [0.5, 0.5]},
								"east": {"uv": [77, 44], "uv_size": [2, 0.5]},
								"south": {"uv": [75, 78], "uv_size": [0.5, 0.5]},
								"west": {"uv": [77, 45], "uv_size": [2, 0.5]},
								"up": {"uv": [46, 77], "uv_size": [0.5, 2]},
								"down": {"uv": [77, 48], "uv_size": [0.5, -2]}
							}
						},
						{
							"origin": [4.48437, 12.51563, -1.07269],
							"size": [0.51563, 0.5, 1.98913],
							"uv": {
								"north": {"uv": [78, 75], "uv_size": [0.5, 0.5]},
								"east": {"uv": [47, 77], "uv_size": [2, 0.5]},
								"south": {"uv": [76, 78], "uv_size": [0.5, 0.5]},
								"west": {"uv": [49, 77], "uv_size": [2, 0.5]},
								"up": {"uv": [51, 77], "uv_size": [0.5, 2]},
								"down": {"uv": [77, 53], "uv_size": [0.5, -2]}
							}
						},
						{
							"origin": [4.5, 12.51563, -1.07269],
							"size": [0.5, 0.5, 1.98913],
							"pivot": [0, 4.51563, -0.07812],
							"rotation": [0, 22.5, 0],
							"uv": {
								"north": {"uv": [78, 76], "uv_size": [0.5, 0.5]},
								"east": {"uv": [52, 77], "uv_size": [2, 0.5]},
								"south": {"uv": [77, 78], "uv_size": [0.5, 0.5]},
								"west": {"uv": [77, 53], "uv_size": [2, 0.5]},
								"up": {"uv": [54, 77], "uv_size": [0.5, 2]},
								"down": {"uv": [77, 56], "uv_size": [0.5, -2]}
							}
						}
					]
				},
				{
					"name": "bei",
					"parent": "hecheng",
					"pivot": [0, 0, 0]
				},
				{
					"name": "fu_illuminated",
					"parent": "bei",
					"pivot": [0, 19, 0],
					"cubes": [
						{
							"origin": [-3, 22, -1.03125],
							"size": [6, 7.5, 2.0625],
							"uv": {
								"north": {"uv": [107, 90], "uv_size": [143.375, 155.25]},
								"east": {"uv": [25, 79], "uv_size": [2, 6.5]},
								"south": {"uv": [106, 91], "uv_size": [142, 158]},
								"west": {"uv": [29, 79], "uv_size": [2, 6.5]},
								"up": {"uv": [79, 16], "uv_size": [6, 2]},
								"down": {"uv": [79, 20], "uv_size": [6, -2]}
							}
						}
					]
				},
				{
					"name": "bei_body",
					"parent": "bei",
					"pivot": [0.60725, 18.53811, 0],
					"cubes": [
						{
							"origin": [-3, 23, -1],
							"size": [6, 6.5, 2],
							"uv": {
								"north": {"uv": [0, 50], "uv_size": [6, 6.5]},
								"east": {"uv": [58, 14], "uv_size": [2, 6.5]},
								"south": {"uv": [6, 50], "uv_size": [6, 6.5]},
								"west": {"uv": [58, 21], "uv_size": [2, 6.5]},
								"up": {"uv": [24, 46], "uv_size": [6, 2]},
								"down": {"uv": [60, 18], "uv_size": [6, -2]}
							}
						},
						{
							"origin": [-2.85786, 29.5, -1],
							"size": [5.71572, 0.30483, 2],
							"uv": {
								"north": {"uv": [74, 12], "uv_size": [5.5, 0.5]},
								"east": {"uv": [78, 25], "uv_size": [2, 0.5]},
								"south": {"uv": [16, 74], "uv_size": [5.5, 0.5]},
								"west": {"uv": [26, 78], "uv_size": [2, 0.5]},
								"up": {"uv": [60, 18], "uv_size": [5.5, 2]},
								"down": {"uv": [60, 22], "uv_size": [5.5, -2]}
							}
						},
						{
							"origin": [-2.74184, 29.33554, -1],
							"size": [0.16371, 0.33634, 2],
							"pivot": [-2.5, 30, 0],
							"rotation": [0, 0, 25],
							"uv": {
								"north": {"uv": [78, 77], "uv_size": [0.5, 0.5]},
								"east": {"uv": [78, 21], "uv_size": [2, 0.5]},
								"south": {"uv": [78, 78], "uv_size": [0.5, 0.5]},
								"west": {"uv": [78, 22], "uv_size": [2, 0.5]},
								"up": {"uv": [23, 78], "uv_size": [0.5, 2]},
								"down": {"uv": [78, 25], "uv_size": [0.5, -2]}
							}
						},
						{
							"origin": [2.57813, 29.33554, -1],
							"size": [0.16371, 0.33634, 2],
							"pivot": [2.5, 30, 0],
							"rotation": [0, 0, -25],
							"uv": {
								"north": {"uv": [78.5, 77], "uv_size": [-0.5, 0.5]},
								"east": {"uv": [80, 22], "uv_size": [-2, 0.5]},
								"south": {"uv": [78.5, 78], "uv_size": [-0.5, 0.5]},
								"west": {"uv": [80, 21], "uv_size": [-2, 0.5]},
								"up": {"uv": [23.5, 78], "uv_size": [-0.5, 2]},
								"down": {"uv": [78.5, 25], "uv_size": [-0.5, -2]}
							}
						},
						{
							"origin": [-3.13135, 19.5999, -1],
							"size": [0.16372, 0.33634, 2],
							"pivot": [-3.20948, 20.26437, 0],
							"rotation": [0, 0, -25],
							"uv": {
								"north": {"uv": [0, 79], "uv_size": [0.5, 0.5]},
								"east": {"uv": [78, 26], "uv_size": [2, 0.5]},
								"south": {"uv": [79, 0], "uv_size": [0.5, 0.5]},
								"west": {"uv": [78, 27], "uv_size": [2, 0.5]},
								"up": {"uv": [24, 78], "uv_size": [0.5, 2]},
								"down": {"uv": [28, 80], "uv_size": [0.5, -2]}
							}
						},
						{
							"origin": [0.53832, 22.05394, -1],
							"size": [1.51562, 0.94606, 2],
							"uv": {
								"north": {"uv": [76, 71], "uv_size": [1.5, 1]},
								"east": {"uv": [74, 71], "uv_size": [2, 1]},
								"south": {"uv": [73, 76], "uv_size": [1.5, 1]},
								"west": {"uv": [75, 30], "uv_size": [2, 1]},
								"up": {"uv": [65, 73], "uv_size": [1.5, 2]},
								"down": {"uv": [73, 74], "uv_size": [1.5, -2]}
							}
						},
						{
							"origin": [-2, 21.31329, -1],
							"size": [1.18381, 1.68671, 2],
							"uv": {
								"north": {"uv": [3, 76], "uv_size": [1, 1.5]},
								"east": {"uv": [9, 74], "uv_size": [2, 1.5]},
								"south": {"uv": [26, 76], "uv_size": [1, 1.5]},
								"west": {"uv": [74, 10], "uv_size": [2, 1.5]},
								"up": {"uv": [37, 75], "uv_size": [1, 2]},
								"down": {"uv": [38, 77], "uv_size": [1, -2]}
							}
						},
						{
							"origin": [-0.48437, 19.11017, -0.5],
							"size": [1.04318, 0.59296, 1],
							"uv": {
								"north": {"uv": [78, 55], "uv_size": [1, 0.5]},
								"east": {"uv": [56, 78], "uv_size": [1, 0.5]},
								"south": {"uv": [78, 56], "uv_size": [1, 0.5]},
								"west": {"uv": [57, 78], "uv_size": [1, 0.5]},
								"up": {"uv": [78, 19], "uv_size": [1, 1]},
								"down": {"uv": [78, 21], "uv_size": [1, -1]}
							}
						},
						{
							"origin": [2.26562, 18.40705, -1.5625],
							"size": [0.38694, 0.95233, 0.5],
							"pivot": [2.45909, 18.88321, -1.3125],
							"rotation": [0, 0, 22.5],
							"uv": {
								"north": {"uv": [78, 57], "uv_size": [0.5, 1]},
								"east": {"uv": [58, 78], "uv_size": [0.5, 1]},
								"south": {"uv": [78, 58], "uv_size": [0.5, 1]},
								"west": {"uv": [59, 78], "uv_size": [0.5, 1]},
								"up": {"uv": [4, 79], "uv_size": [0.5, 0.5]},
								"down": {"uv": [79, 4.5], "uv_size": [0.5, -0.5]}
							}
						},
						{
							"origin": [-2.65256, 19.23517, 1.4375],
							"size": [0.38693, 0.95233, 0.5],
							"pivot": [-2.45909, 19.71133, 1.6875],
							"rotation": [0, 0, -22.5],
							"uv": {
								"north": {"uv": [78, 59], "uv_size": [0.5, 1]},
								"east": {"uv": [60, 78], "uv_size": [0.5, 1]},
								"south": {"uv": [78, 60], "uv_size": [0.5, 1]},
								"west": {"uv": [61, 78], "uv_size": [0.5, 1]},
								"up": {"uv": [5, 79], "uv_size": [0.5, 0.5]},
								"down": {"uv": [79, 5.5], "uv_size": [0.5, -0.5]}
							}
						},
						{
							"origin": [-3, 20, -1],
							"size": [1, 3, 2],
							"uv": {
								"north": {"uv": [44, 73], "uv_size": [1, 3]},
								"east": {"uv": [71, 10], "uv_size": [2, 3]},
								"south": {"uv": [45, 73], "uv_size": [1, 3]},
								"west": {"uv": [71, 13], "uv_size": [2, 3]},
								"up": {"uv": [36, 75], "uv_size": [1, 2]},
								"down": {"uv": [75, 38], "uv_size": [1, -2]}
							}
						},
						{
							"origin": [-2.85786, 19.69517, -1],
							"size": [0.73438, 0.30483, 2],
							"uv": {
								"north": {"uv": [1, 79], "uv_size": [0.5, 0.5]},
								"east": {"uv": [78, 28], "uv_size": [2, 0.5]},
								"south": {"uv": [79, 1], "uv_size": [0.5, 0.5]},
								"west": {"uv": [78, 29], "uv_size": [2, 0.5]},
								"up": {"uv": [78, 31], "uv_size": [0.5, 2]},
								"down": {"uv": [78, 35], "uv_size": [0.5, -2]}
							}
						},
						{
							"origin": [-4.18034, 19.2328, -1],
							"size": [1.85431, 0.56721, 2],
							"pivot": [-3.4979, 21.00314, 0],
							"rotation": [0, 0, -67.5],
							"uv": {
								"north": {"uv": [78, 10], "uv_size": [2, 0.5]},
								"east": {"uv": [78, 11], "uv_size": [2, 0.5]},
								"south": {"uv": [13, 78], "uv_size": [2, 0.5]},
								"west": {"uv": [78, 13], "uv_size": [2, 0.5]},
								"up": {"uv": [40, 64], "uv_size": [2, 2]},
								"down": {"uv": [66, 34], "uv_size": [2, -2]}
							}
						},
						{
							"origin": [0.70039, 21.78617, -1],
							"size": [1.33793, 0.70527, 2],
							"pivot": [1.05394, 23.55394, 0],
							"rotation": [0, 0, -45],
							"uv": {
								"north": {"uv": [78, 41], "uv_size": [1.5, 0.5]},
								"east": {"uv": [78, 14], "uv_size": [2, 0.5]},
								"south": {"uv": [42, 78], "uv_size": [1.5, 0.5]},
								"west": {"uv": [78, 15], "uv_size": [2, 0.5]},
								"up": {"uv": [5, 74], "uv_size": [1.5, 2]},
								"down": {"uv": [7, 76], "uv_size": [1.5, -2]}
							}
						},
						{
							"origin": [-2.04961, 15.3018, -0.5],
							"size": [1.08793, 1.26777, 1],
							"pivot": [-1.94606, 17.06957, -0.5],
							"rotation": [0, 0, -45],
							"uv": {
								"north": {"uv": [75, 76], "uv_size": [1, 1.5]},
								"east": {"uv": [76, 76], "uv_size": [1, 1.5]},
								"south": {"uv": [0, 77], "uv_size": [1, 1.5]},
								"west": {"uv": [77, 0], "uv_size": [1, 1.5]},
								"up": {"uv": [8, 78], "uv_size": [1, 1]},
								"down": {"uv": [78, 17], "uv_size": [1, -1]}
							}
						},
						{
							"origin": [-1.97149, 18.00493, -2.25],
							"size": [0.68168, 1.26776, 0.375],
							"pivot": [-1.86793, 19.77269, -2.25],
							"rotation": [0, 0, -112.5],
							"uv": {
								"north": {"uv": [44, 78], "uv_size": [0.5, 1.5]},
								"east": {"uv": [45, 78], "uv_size": [0.5, 1.5]},
								"south": {"uv": [78, 46], "uv_size": [0.5, 1.5]},
								"west": {"uv": [47, 78], "uv_size": [0.5, 1.5]},
								"up": {"uv": [2, 79], "uv_size": [0.5, 0.5]},
								"down": {"uv": [79, 2.5], "uv_size": [0.5, -0.5]}
							}
						},
						{
							"origin": [0.23164, 18.45805, 1.73438],
							"size": [0.68168, 1.26777, 0.375],
							"pivot": [0.33519, 20.22582, 1.73438],
							"rotation": [0, 0, -112.5],
							"uv": {
								"north": {"uv": [48, 78], "uv_size": [0.5, 1.5]},
								"east": {"uv": [49, 78], "uv_size": [0.5, 1.5]},
								"south": {"uv": [50, 78], "uv_size": [0.5, 1.5]},
								"west": {"uv": [78, 51], "uv_size": [0.5, 1.5]},
								"up": {"uv": [3, 79], "uv_size": [0.5, 0.5]},
								"down": {"uv": [79, 3.5], "uv_size": [0.5, -0.5]}
							}
						},
						{
							"origin": [-1.32443, 21.58284, -1],
							"size": [1.93168, 1.59589, 2],
							"pivot": [-0.39275, 22.72561, 0],
							"rotation": [0, 0, -22.5],
							"uv": {
								"north": {"uv": [73, 42], "uv_size": [2, 1.5]},
								"east": {"uv": [56, 73], "uv_size": [2, 1.5]},
								"south": {"uv": [58, 73], "uv_size": [2, 1.5]},
								"west": {"uv": [60, 73], "uv_size": [2, 1.5]},
								"up": {"uv": [37, 71], "uv_size": [2, 2]},
								"down": {"uv": [45, 73], "uv_size": [2, -2]}
							}
						},
						{
							"origin": [0.48807, 17.16097, -0.6875],
							"size": [1.11918, 0.61152, 1],
							"pivot": [0.60725, 18.53811, 0],
							"rotation": [0, 0, -22.5],
							"uv": {
								"north": {"uv": [52, 78], "uv_size": [1, 0.5]},
								"east": {"uv": [53, 78], "uv_size": [1, 0.5]},
								"south": {"uv": [78, 54], "uv_size": [1, 0.5]},
								"west": {"uv": [55, 78], "uv_size": [1, 0.5]},
								"up": {"uv": [78, 17], "uv_size": [1, 1]},
								"down": {"uv": [78, 19], "uv_size": [1, -1]}
							}
						}
					]
				},
				{
					"name": "di",
					"parent": "hecheng",
					"pivot": [0, 0, 0],
					"cubes": [
						{
							"origin": [-8, 0, -8],
							"size": [16, 0.5, 16],
							"uv": {
								"north": {"uv": [45, 69], "uv_size": [16, 0.5]},
								"east": {"uv": [69, 48], "uv_size": [16, 0.5]},
								"south": {"uv": [69, 49], "uv_size": [16, 0.5]},
								"west": {"uv": [69, 50], "uv_size": [16, 0.5]},
								"up": {"uv": [0, 0], "uv_size": [16, 16]},
								"down": {"uv": [0, 32], "uv_size": [16, -16]}
							}
						}
					]
				}
			]
		}
	]
}