{
	"format_version": "1.8.0",
	"animations": {
		"static_idle": {
			"loop": true,
			"bones": {
				"constraint": {
					"rotation": [0.1, 0.1, 0.1],
					"position": [0.1, 0.1, 0.4]
				},
				"righthand": {
					"rotation": [91.51126, 6.99759, -179.81584],
					"position": [-6.875, -13.825, 6.8],
					"scale": [1, 1.5, 1]
				},
				"lefthand": {
					"rotation": [96.9594, -29.1425, -146.85684],
					"position": [7.9187, -10.62, -6.02],
					"scale": [1, 1.5, 1]
				},
				"bullet_new_mag": {
					"scale": 0
				}
			}
		},
		"static_bolt_caught": {
			"animation_length": 0.6667,
			"bones": {
				"bolt_release": {
					"rotation": [0, 0, 12.5]
				},
				"m4a1_bolt": {
					"position": [0, 0, 4.7]
				},
				"bullets": {
					"scale": 0
				},
				"bullet_in_barrel": {
					"scale": 0
				},
				"bullet_new_mag": {
					"scale": 0
				}
			}
		},
		"static_ammo_display": {
			"loop": true,
			"animation_length": 4,
			"bones": {
				"bullet_1": {
					"scale": {
						"3.5": {
							"pre": [1, 1, 1],
							"post": [0, 0, 0]
						}
					}
				},
				"bullet_2": {
					"scale": {
						"3.25": {
							"pre": [1, 1, 1],
							"post": [0, 0, 0]
						}
					}
				},
				"bullet_3": {
					"scale": {
						"3.0": {
							"pre": [1, 1, 1],
							"post": [0, 0, 0]
						}
					}
				},
				"bullet_4": {
					"scale": {
						"2.75": {
							"pre": [1, 1, 1],
							"post": [0, 0, 0]
						}
					}
				},
				"bullet_5": {
					"scale": {
						"2.5": {
							"pre": [1, 1, 1],
							"post": [0, 0, 0]
						}
					}
				},
				"bullet_6": {
					"scale": {
						"2.25": {
							"pre": [1, 1, 1],
							"post": [0, 0, 0]
						}
					}
				},
				"bullet_7": {
					"scale": {
						"2.0": {
							"pre": [1, 1, 1],
							"post": [0, 0, 0]
						}
					}
				},
				"bullet_8": {
					"scale": {
						"1.75": {
							"pre": [1, 1, 1],
							"post": [0, 0, 0]
						}
					}
				},
				"bullet_9": {
					"scale": {
						"1.5": {
							"pre": [1, 1, 1],
							"post": [0, 0, 0]
						}
					}
				},
				"bullet_10": {
					"scale": {
						"1.25": {
							"pre": [1, 1, 1],
							"post": [0, 0, 0]
						}
					}
				},
				"bullet_11": {
					"scale": {
						"1.0": {
							"pre": [1, 1, 1],
							"post": [0, 0, 0]
						}
					}
				},
				"bullet_12": {
					"scale": {
						"0.75": {
							"pre": [1, 1, 1],
							"post": [0, 0, 0]
						}
					}
				},
				"bullet_13": {
					"scale": {
						"0.5": {
							"pre": [1, 1, 1],
							"post": [0, 0, 0]
						}
					}
				},
				"bullet_14": {
					"scale": {
						"0.25": {
							"pre": [1, 1, 1],
							"post": [0, 0, 0]
						}
					}
				},
				"lefthand": {
					"rotation": [96.9594, -29.1425, -146.85684],
					"position": [7.9187, -10.62, -6.02],
					"scale": [1, 1.5, 1]
				},
				"constraint": {
					"rotation": [0.2, 0.2, 0.4],
					"position": [0.1, 0.1, 0.1]
				},
				"righthand": {
					"rotation": [91.51126, 6.99759, -179.81584],
					"position": [-6.875, -13.825, 6.8],
					"scale": [1, 1.5, 1]
				},
				"bullets": {
					"scale": {
						"3.75": {
							"pre": [1, 1, 1],
							"post": [0, 0, 0]
						}
					}
				},
				"bullet_15": {
					"scale": {
						"0.0": {
							"pre": [1, 1, 1],
							"post": [0, 0, 0]
						}
					}
				}
			}
		},
		"shoot": {
			"animation_length": 0.7,
			"bones": {
				"root": {
					"rotation": {
						"0.0": [0, 0, 0],
						"0.0333": [1.23, 0, 0.73],
						"0.0667": [-1.87, 0, -1.17],
						"0.1": [-1.99, 0, -1.23],
						"0.1333": [-0.91, 0, -0.35],
						"0.1667": [0.18, 0, 0.53],
						"0.2": [0.27, 0, 0.27],
						"0.2333": [0.36, 0, 0.01],
						"0.2667": [0.45, 0, -0.25],
						"0.3": [0.38, -0.07, -0.08],
						"0.3333": [0.3, -0.13, 0.08],
						"0.3667": [0.23, -0.2, 0.25],
						"0.4": [0.18, -0.17, 0.17],
						"0.4333": [0.14, -0.14, 0.09],
						"0.4667": [0.1, -0.11, 0.01],
						"0.5": [0.06, -0.07, -0.07],
						"0.5333": [0.04, -0.06, -0.06],
						"0.5667": [0.03, -0.04, -0.04],
						"0.6": [0.01, -0.02, -0.02],
						"0.6333": [0, 0, 0]
					},
					"position": {
						"0.0": [0, 0, 0],
						"0.0333": [0, -0.02, 1.73],
						"0.0667": [0, -0.05, 1.38],
						"0.1": [0, -0.05, 0.67],
						"0.1333": [0, -0.05, -0.04],
						"0.1667": [0, -0.04, -0.01],
						"0.2": [0, -0.04, 0.03],
						"0.2333": [0, -0.03, 0.06],
						"0.2667": [0, -0.02, 0.1],
						"0.3": [0, -0.02, 0.07],
						"0.3333": [0, -0.01, 0.03],
						"0.3667": [0, 0, 0]
					}
				},
				"m4a1_bolt": {
					"position": {
						"0.0": [0, 0, 0],
						"0.0333": [0, 0, 5],
						"0.0667": [0, 0, 0]
					}
				},
				"bullet_in_barrel": {
					"scale": {
						"0.0": [0, 0, 0],
						"0.1667": [0, 0, 0],
						"0.2": [1, 1, 1]
					}
				},
				"constraint": {
					"rotation": {
						"0.1667": [0.2, 0.2, 0.2],
						"0.2333": [0.1, 0.1, 0.1],
						"0.3333": [0, 0, 0]
					},
					"position": {
						"0.1667": [0.15, 0.05, 0.25],
						"0.2333": [0.1, 0, 0.1],
						"0.3333": [0, 0, 0]
					}
				},
				"camera": {
					"rotation": {
						"0.0": [0, 0, 0],
						"0.0333": [0, 0, 0.6],
						"0.0667": [0, 0, -0.4],
						"0.1": [0, 0, -0.07],
						"0.1333": [0, 0, 0.33],
						"0.1667": [0, 0, 0.08],
						"0.2": [0, 0, -0.22],
						"0.2333": [0, 0, -0.15],
						"0.2667": [0, 0, 0],
						"0.3": [0, 0, 0.02],
						"0.3333": [0, 0, 0.01],
						"0.3667": [0, 0, 0]
					}
				}
			},
			"sound_effects": {
				"0.0": {
					"effect": "weap_iw9_mike4_fire_plr_02"
				}
			}
		},
		"reload_tactical": {
			"animation_length": 2.8,
			"bones": {
				"constraint": {
					"rotation": [0.1, 0.1, 0.1],
					"position": [0.1, 0.1, 0.4]
				},
				"righthand": {
					"rotation": [91.51126, 6.99759, -179.81584],
					"position": [-6.875, -13.825, 6.8],
					"scale": [1, 1.5, 1]
				},
				"lefthand": {
					"rotation": {
						"0.0": [96.9594, -29.1425, -146.85684],
						"0.6667": [158.44628, -16.17962, -186.54393],
						"1.6667": [158.44628, -16.17962, -186.54393],
						"1.7833": [133.42742, -4.6929, -238.51868],
						"2.0": [133.42742, -4.6929, -238.51868],
						"2.1833": [96.9594, -29.1425, -146.85684]
					},
					"position": {
						"0.0": [7.9187, -10.62, -6.02],
						"0.6667": [6.42, -15.62, -0.02],
						"1.6667": [6.42, -15.62, -0.02],
						"1.7833": [8.42, -21.62, 0.98],
						"1.9": [8.42, -21.62, 7.98],
						"2.0": [8.42, -21.62, 7.98],
						"2.1833": [7.9187, -10.62, -6.02]
					},
					"scale": {
						"0.0": [1, 1.5, 1],
						"2.1833": [1, 1.5, 1]
					}
				},
				"root": {
					"rotation": {
						"0.0": [0, 0, 0],
						"0.0833": {
							"pre": [-1.976, -1.093, 4.666],
							"post": [-1.976, -1.093, 4.666],
							"lerp_mode": "catmullrom"
						},
						"0.15": {
							"post": [-4.116, -1.832, 6.283],
							"lerp_mode": "catmullrom"
						},
						"0.2333": {
							"post": [-9.909, -7.674, -15.822],
							"lerp_mode": "catmullrom"
						},
						"0.3": {
							"post": [-10.421, -10.603, -26.388],
							"lerp_mode": "catmullrom"
						},
						"0.3667": {
							"post": [-11.981, -13.954, -36.125],
							"lerp_mode": "catmullrom"
						},
						"0.4333": {
							"post": [-13.03, -11.32, -35.346],
							"lerp_mode": "catmullrom"
						},
						"0.5": {
							"post": [-12.39576, -8.65584, -27.19671],
							"lerp_mode": "catmullrom"
						},
						"0.5833": {
							"post": [-12.21524, -10.39704, -24.65632],
							"lerp_mode": "catmullrom"
						},
						"0.65": {
							"post": [-12.22, -10.4, -24.07],
							"lerp_mode": "catmullrom"
						},
						"0.7167": {
							"post": [-10.649, -8.665, -27.059],
							"lerp_mode": "catmullrom"
						},
						"0.8": {
							"post": [-12.865, -11.987, -36.678],
							"lerp_mode": "catmullrom"
						},
						"0.9": {
							"post": [-17.171, -10.036, -27.688],
							"lerp_mode": "catmullrom"
						},
						"0.9833": {
							"post": [-16.799, -14.136, -37.849],
							"lerp_mode": "catmullrom"
						},
						"1.0667": {
							"post": [-15.152, -17.575, -47.814],
							"lerp_mode": "catmullrom"
						},
						"1.2": {
							"post": [-16.125, -19.382, -47.061],
							"lerp_mode": "catmullrom"
						},
						"1.3333": {
							"post": [-18.309, -16.794, -37.44],
							"lerp_mode": "catmullrom"
						},
						"1.3833": {
							"post": [-16.376, -21.107, -48.865],
							"lerp_mode": "catmullrom"
						},
						"1.4667": {
							"post": [-22.332, -18.595, -39.427],
							"lerp_mode": "catmullrom"
						},
						"1.5167": {
							"post": [-19.856, -19.91, -44.485],
							"lerp_mode": "catmullrom"
						},
						"1.65": {
							"post": [-17.589, -16.733, -39.451],
							"lerp_mode": "catmullrom"
						},
						"1.7833": {
							"post": [-14.462, -18.464, -46.193],
							"lerp_mode": "catmullrom"
						},
						"1.9667": {
							"post": [-15.049, -13.235, -38.941],
							"lerp_mode": "catmullrom"
						},
						"2.0667": {
							"post": [-10.01, -0.63, -14.885],
							"lerp_mode": "catmullrom"
						},
						"2.15": {
							"post": [-3.8, 0.475, -3.8],
							"lerp_mode": "catmullrom"
						},
						"2.25": {
							"post": [2.4, 0, 0.75],
							"lerp_mode": "catmullrom"
						},
						"2.2833": {
							"post": [2.98, 1.13875, 0.29],
							"lerp_mode": "catmullrom"
						},
						"2.3333": {
							"post": [2.455, 0.84375, -1.55],
							"lerp_mode": "catmullrom"
						},
						"2.4167": {
							"post": [-0.28125, -0.5625, 1.7],
							"lerp_mode": "catmullrom"
						},
						"2.4833": {
							"post": [0, 0.5625, -1.4125],
							"lerp_mode": "catmullrom"
						},
						"2.5667": {
							"post": [0, 0, 0.85],
							"lerp_mode": "catmullrom"
						},
						"2.7": {
							"post": [0, 0, 0],
							"lerp_mode": "catmullrom"
						}
					},
					"position": {
						"0.0": [0, 0, 0],
						"0.05": {
							"pre": [-0.136, -0.352, -1.003],
							"post": [-0.136, -0.352, -1.003],
							"lerp_mode": "catmullrom"
						},
						"0.1333": {
							"post": [-0.218, -0.467, -1.937],
							"lerp_mode": "catmullrom"
						},
						"0.2333": {
							"post": [-0.224, 0.345, -2.382],
							"lerp_mode": "catmullrom"
						},
						"0.3167": {
							"post": [-0.192, 0.357, -2.336],
							"lerp_mode": "catmullrom"
						},
						"0.3667": {
							"post": [-0.309, -0.066, -1.479],
							"lerp_mode": "catmullrom"
						},
						"0.4667": {
							"post": [-0.423, -0.183, 0.015],
							"lerp_mode": "catmullrom"
						},
						"0.5667": {
							"post": [-0.42, -0.18, 0.005],
							"lerp_mode": "catmullrom"
						},
						"0.6": {
							"post": [-0.42, -0.18, -0.57],
							"lerp_mode": "catmullrom"
						},
						"0.7167": {
							"post": [-0.342, 0.129, -0.5],
							"lerp_mode": "catmullrom"
						},
						"0.8167": {
							"post": [-0.306, -0.047, -0.431],
							"lerp_mode": "catmullrom"
						},
						"0.8667": {
							"post": [-0.656, 0.489, -0.465],
							"lerp_mode": "catmullrom"
						},
						"0.9333": {
							"post": [-0.348, 0.334, -0.453],
							"lerp_mode": "catmullrom"
						},
						"1.0333": {
							"post": [0.047, 0.36, -0.403],
							"lerp_mode": "catmullrom"
						},
						"1.1167": {
							"post": [-0.088, 0.393, -0.402],
							"lerp_mode": "catmullrom"
						},
						"1.2": {
							"post": [-0.01, 0.436, -0.38],
							"lerp_mode": "catmullrom"
						},
						"1.3": {
							"post": [-0.056, 0.405, -0.404],
							"lerp_mode": "catmullrom"
						},
						"1.3333": {
							"post": [0.015, 0.227, -0.446],
							"lerp_mode": "catmullrom"
						},
						"1.4333": {
							"post": [-0.039, 0.455, -0.136],
							"lerp_mode": "catmullrom"
						},
						"1.5167": {
							"post": [0.09, 0.314, -0.315],
							"lerp_mode": "catmullrom"
						},
						"1.65": {
							"post": [0.104, 0.059, -0.614],
							"lerp_mode": "catmullrom"
						},
						"1.7833": {
							"post": [0.189, -0.09, -0.742],
							"lerp_mode": "catmullrom"
						},
						"1.9": {
							"post": [0.222, -0.541, -0.936],
							"lerp_mode": "catmullrom"
						},
						"2.0667": {
							"post": [-0.475, 0.305, -0.89],
							"lerp_mode": "catmullrom"
						},
						"2.2": {
							"post": [-0.175, -1.35, -2.275],
							"lerp_mode": "catmullrom"
						},
						"2.2833": {
							"post": [-0.12, -1.25, -1.8],
							"lerp_mode": "catmullrom"
						},
						"2.3667": {
							"post": [0, -0.05, 0.525],
							"lerp_mode": "catmullrom"
						},
						"2.4833": {
							"post": [0, 0, -0.125],
							"lerp_mode": "catmullrom"
						},
						"2.5667": {
							"post": [0, 0, 0.05],
							"lerp_mode": "catmullrom"
						},
						"2.7": {
							"post": [0, 0, 0],
							"lerp_mode": "catmullrom"
						}
					}
				},
				"mag_and_bullet": {
					"scale": {
						"0.5667": [0, 0, 0],
						"0.5833": [1, 1, 1]
					}
				},
				"additional_magazine": {
					"rotation": {
						"0.9333": [0, 0, 0],
						"1.1": [-60, 0, 0],
						"1.6667": [-60, 0, 0],
						"1.7333": [-35.70714, 10.51794, -56.87402]
					},
					"position": {
						"0.8": [0, 0, 0],
						"0.85": [-0.0175, -4.315, 0],
						"0.8833": [-0.68, -7.565, -0.37],
						"0.9667": [-1.025, -9.15, -0.27],
						"1.0333": [-1.645, -6.54, 1.565],
						"1.1": [-1.645, -4.01, 1.75],
						"1.35": [-1.645, -4.01, 1.75],
						"1.4": [-1.645, -0.75, 2.065],
						"1.6667": [-1.64, -0.75, 2.07],
						"1.7333": [0.36, -5.25, 1.07],
						"1.8333": [1.86, -5.25, 8.07]
					},
					"scale": {
						"1.8333": [1, 1, 1],
						"1.8667": [0, 0, 0]
					}
				},
				"camera": {
					"rotation": {
						"0.0": {
							"post": [0, 0, 0],
							"lerp_mode": "catmullrom"
						},
						"0.2": {
							"post": [0.215, 0.005, 0.281],
							"lerp_mode": "catmullrom"
						},
						"0.4": {
							"post": [0.259, 0.036, 1.319],
							"lerp_mode": "catmullrom"
						},
						"0.4667": {
							"post": [0.574, 0.175, 0.706],
							"lerp_mode": "catmullrom"
						},
						"0.5333": {
							"post": [0.499, 0.075, 1.438],
							"lerp_mode": "catmullrom"
						},
						"0.5667": {
							"post": [0.479, 0.203, 1.381],
							"lerp_mode": "catmullrom"
						},
						"0.6667": {
							"post": [0.782, 0.135, 1.083],
							"lerp_mode": "catmullrom"
						},
						"0.8": {
							"post": [0.616, -0.029, 1.394],
							"lerp_mode": "catmullrom"
						},
						"0.8333": {
							"post": [0.484, -0.099, 1.461],
							"lerp_mode": "catmullrom"
						},
						"0.9": {
							"post": [0.633, -0.018, 0.535],
							"lerp_mode": "catmullrom"
						},
						"1.0": {
							"post": [1.025, -0.132, 0.816],
							"lerp_mode": "catmullrom"
						},
						"1.0667": {
							"post": [1.236, -0.067, 0.503],
							"lerp_mode": "catmullrom"
						},
						"1.2": {
							"post": [0.851, 0.096, 0.821],
							"lerp_mode": "catmullrom"
						},
						"1.2667": {
							"post": [1.774, 0.731, -0.19],
							"lerp_mode": "catmullrom"
						},
						"1.3": {
							"post": [1.854, 0.49, 0.69],
							"lerp_mode": "catmullrom"
						},
						"1.3333": {
							"post": [2.078, 0.867, 0.346],
							"lerp_mode": "catmullrom"
						},
						"1.3667": {
							"post": [1.641, 0.595, -0.493],
							"lerp_mode": "catmullrom"
						},
						"1.4": {
							"post": [1.815, 0.679, 0.044],
							"lerp_mode": "catmullrom"
						},
						"1.5": {
							"post": [1.462, 0.394, 0.468],
							"lerp_mode": "catmullrom"
						},
						"1.6333": {
							"post": [1.17, 0.142, -0.24],
							"lerp_mode": "catmullrom"
						},
						"1.7667": {
							"post": [1.32, -0.036, 0.267],
							"lerp_mode": "catmullrom"
						},
						"1.9": {
							"post": [1.072, -0.125, 0.452],
							"lerp_mode": "catmullrom"
						},
						"2.0": {
							"post": [0.701, -0.123, -0.466],
							"lerp_mode": "catmullrom"
						},
						"2.2667": {
							"post": [0.243, -0.052, -0.131],
							"lerp_mode": "catmullrom"
						},
						"2.3333": {
							"post": [-0.108, 0.074, 0.407],
							"lerp_mode": "catmullrom"
						},
						"2.3667": {
							"post": [-0.002, 0.1, 0.441],
							"lerp_mode": "catmullrom"
						},
						"2.4": {
							"post": [0.102, 0.041, 0.106],
							"lerp_mode": "catmullrom"
						},
						"2.4333": {
							"post": [0.062, -0.049, -0.189],
							"lerp_mode": "catmullrom"
						},
						"2.5": {
							"post": [-0.051, -0.028, 0.037],
							"lerp_mode": "catmullrom"
						},
						"2.5667": {
							"post": [-0.034, 0, 0.088],
							"lerp_mode": "catmullrom"
						},
						"2.6667": {
							"post": [0, 0, 0],
							"lerp_mode": "catmullrom"
						}
					}
				},
				"mag_and_lefthand": {
					"rotation": {
						"0.0": {
							"post": [0, 0, 0],
							"lerp_mode": "catmullrom"
						},
						"0.1667": {
							"post": [-20.38, -8.07, -46.05],
							"lerp_mode": "catmullrom"
						},
						"0.2833": {
							"post": [2.74, 4.05, -46.9],
							"lerp_mode": "catmullrom"
						},
						"0.4667": [2.74, 4.05, -46.9],
						"0.5833": [70.35481, 6.9157, -9.93709],
						"0.7167": [64.23081, 8.72204, -10.81573],
						"0.85": [64.23081, 8.72204, -10.81573],
						"0.9333": [59.35481, 6.9157, -9.93709],
						"1.1": [0, 0, 0],
						"1.1667": [0, 0, 0],
						"1.2333": [0, 0, 0],
						"1.4": [0, 0, 0]
					},
					"position": {
						"0.0": {
							"post": [0, 0, 0],
							"lerp_mode": "catmullrom"
						},
						"0.1667": {
							"post": [5.94, -6.01, 5.18],
							"lerp_mode": "catmullrom"
						},
						"0.2833": {
							"post": [4.12, -10.71, 9.9],
							"lerp_mode": "catmullrom"
						},
						"0.4667": {
							"post": [4.12, -10.71, 9.9],
							"lerp_mode": "catmullrom"
						},
						"0.65": [1.62, -0.71, -2.1],
						"0.8": [1.62, -0.71, -2.1],
						"0.85": {
							"pre": [0.62, -5.71, -3.58],
							"post": [0.62, -5.71, -3.58],
							"lerp_mode": "catmullrom"
						},
						"0.9333": {
							"post": [0.62, -8.125, -2.23],
							"lerp_mode": "catmullrom"
						},
						"1.0333": {
							"post": [0.62, -5.68, -1.6],
							"lerp_mode": "catmullrom"
						},
						"1.1": {
							"post": [0, -3.63, -0.5],
							"lerp_mode": "catmullrom"
						},
						"1.1667": [0, -3.26, -0.065],
						"1.2333": [0, -3.26, -0.065],
						"1.3333": [0, -3.26, -0.065],
						"1.4": [0, 0, 0]
					}
				},
				"bullet_new_mag": {
					"scale": {
						"0.5667": [0, 0, 0],
						"0.5833": [1, 1, 1]
					}
				}
			},
			"sound_effects": {
				"0.0": {
					"effect": "nmw2:m4/m4_reload_mvt1"
				},
				"0.3667": {
					"effect": "nmw2:m4/m4_reload_shoulder"
				},
				"0.6667": {
					"effect": "nmw2:m4/m4_reload_magout"
				},
				"1.1": {
					"effect": "nmw2:m4/m4_reload_magbump"
				},
				"1.3167": {
					"effect": "nmw2:m4/m4_reload_magin"
				},
				"1.45": {
					"effect": "nmw2:m4/m4_reload_mvt3"
				},
				"2.2667": {
					"effect": "nmw2:m4/m4_reload_shoulder2"
				}
			}
		},
		"reload_empty": {
			"animation_length": 3.1,
			"bones": {
				"constraint": {
					"rotation": [0.1, 0.1, 0.1],
					"position": [0.1, 0.1, 0.4]
				},
				"righthand": {
					"rotation": [91.51126, 6.99759, -179.81584],
					"position": [-6.875, -13.825, 6.8],
					"scale": [1, 1.5, 1]
				},
				"lefthand": {
					"rotation": {
						"0.0": [96.9594, -29.1425, -146.85684],
						"0.1333": [99.62672, -35.60331, -155.67897],
						"0.2333": [104.9596, -30.78693, -179.3565],
						"0.3": [104.96, -30.79, -179.36],
						"0.4333": [151.82211, -35.12268, -238.97769],
						"0.6833": [151.82, -35.12, -238.98],
						"0.7": [143.44628, -16.17962, -186.54393],
						"1.8167": [143.44628, -16.17962, -186.54393],
						"1.9167": [136.86, -31.17, -176.69],
						"2.05": [136.86, -31.17, -176.69],
						"2.0667": [153.19373, -3.8697, -196.25179],
						"2.15": [153.19373, -3.8697, -196.25179],
						"2.3167": [114.34734, -23.19552, -193.10521],
						"2.4333": [96.9594, -29.1425, -146.85684]
					},
					"position": {
						"0.0": [7.9187, -10.62, -6.02],
						"0.1333": [9.28, -13.47, -2.45],
						"0.2333": [6.57, -15.525, 0.61],
						"0.3": [6.57, -15.52, 0.61],
						"0.3667": [6.57, -19.52, 0.61],
						"0.4333": [10.57, -25.52, 2.61],
						"0.6833": [10.57, -25.52, 2.61],
						"0.7": [6.42, -15.62, -0.02],
						"1.8167": [6.42, -15.62, -0.02],
						"1.9167": {
							"pre": [9.94, -12.185, 0.905],
							"post": [9.94, -12.185, 0.905],
							"lerp_mode": "catmullrom"
						},
						"2.05": {
							"post": [11.94, -12.185, 0.905],
							"lerp_mode": "catmullrom"
						},
						"2.0667": {
							"post": [8.96, -9.275, 2.885],
							"lerp_mode": "catmullrom"
						},
						"2.15": {
							"post": [8.96, -9.275, 2.885],
							"lerp_mode": "catmullrom"
						},
						"2.3167": {
							"post": [10.21, -13.35, 0.415],
							"lerp_mode": "catmullrom"
						},
						"2.4333": [7.9187, -10.62, -6.02]
					},
					"scale": {
						"0.0": [1, 1.5, 1],
						"2.4333": [1, 1.5, 1]
					}
				},
				"root": {
					"rotation": {
						"0.0": {
							"post": [0, 0, 0],
							"lerp_mode": "catmullrom"
						},
						"0.0833": {
							"post": [0.992, -0.394, 1.53],
							"lerp_mode": "catmullrom"
						},
						"0.15": {
							"post": [-4.244, -1.815, -5.335],
							"lerp_mode": "catmullrom"
						},
						"0.3": {
							"post": [-17.965, -10.89, -25.231],
							"lerp_mode": "catmullrom"
						},
						"0.3833": {
							"post": [-17.847, -7.414, -13.556],
							"lerp_mode": "catmullrom"
						},
						"0.45": {
							"post": [-15.431, -8.979, -15.3],
							"lerp_mode": "catmullrom"
						},
						"0.5333": {
							"post": [-15.045, -4.282, -9.843],
							"lerp_mode": "catmullrom"
						},
						"0.6333": {
							"post": [-12.888, -4.65, -11.248],
							"lerp_mode": "catmullrom"
						},
						"0.8167": {
							"post": [-13.405, -5.23, -11.985],
							"lerp_mode": "catmullrom"
						},
						"0.9667": {
							"post": [-13.405, -5.23, -21.025],
							"lerp_mode": "catmullrom"
						},
						"1.1": {
							"post": [-16.799, -14.136, -37.849],
							"lerp_mode": "catmullrom"
						},
						"1.2": {
							"post": [-15.152, -17.575, -47.814],
							"lerp_mode": "catmullrom"
						},
						"1.25": {
							"post": [-16.859, -17.122, -44.776],
							"lerp_mode": "catmullrom"
						},
						"1.35": {
							"post": [-16.125, -19.382, -47.061],
							"lerp_mode": "catmullrom"
						},
						"1.5": {
							"post": [-18.309, -16.794, -37.44],
							"lerp_mode": "catmullrom"
						},
						"1.5667": {
							"post": [-16.376, -21.107, -48.865],
							"lerp_mode": "catmullrom"
						},
						"1.65": {
							"post": [-22.332, -18.595, -39.427],
							"lerp_mode": "catmullrom"
						},
						"1.7167": {
							"post": [-19.856, -19.91, -44.485],
							"lerp_mode": "catmullrom"
						},
						"1.8": {
							"post": [-17.589, -16.733, -39.451],
							"lerp_mode": "catmullrom"
						},
						"1.9333": {
							"post": [-11.327, -9.096, -33.256],
							"lerp_mode": "catmullrom"
						},
						"2.0833": {
							"post": [-9.288, -3.942, -5.619],
							"lerp_mode": "catmullrom"
						},
						"2.1167": {
							"post": [-9.236, -0.237, -1.488],
							"lerp_mode": "catmullrom"
						},
						"2.2": {
							"post": [-8.744, -0.52, -7.972],
							"lerp_mode": "catmullrom"
						},
						"2.2833": {
							"post": [-7.429, 1.179, -4.198],
							"lerp_mode": "catmullrom"
						},
						"2.4": {
							"post": [-5.935, -0.122, -5.603],
							"lerp_mode": "catmullrom"
						},
						"2.5167": {
							"post": [2.4, 0, 0.75],
							"lerp_mode": "catmullrom"
						},
						"2.5667": {
							"post": [2.98, 1.13875, 0.29],
							"lerp_mode": "catmullrom"
						},
						"2.6": {
							"post": [2.455, 0.84375, -1.55],
							"lerp_mode": "catmullrom"
						},
						"2.7167": {
							"post": [-0.28125, -0.5625, 1.7],
							"lerp_mode": "catmullrom"
						},
						"2.7833": {
							"post": [0, 0.5625, -1.4125],
							"lerp_mode": "catmullrom"
						},
						"2.8833": {
							"post": [0, 0, 0.85],
							"lerp_mode": "catmullrom"
						},
						"3.0333": {
							"post": [0, 0, 0],
							"lerp_mode": "catmullrom"
						}
					},
					"position": {
						"0.0": {
							"post": [0, 0, 0],
							"lerp_mode": "catmullrom"
						},
						"0.15": {
							"post": [0.139, 0.644, -1.836],
							"lerp_mode": "catmullrom"
						},
						"0.3833": {
							"post": [0.744, -0.003, -0.183],
							"lerp_mode": "catmullrom"
						},
						"0.5333": {
							"post": [0.564, 0.021, -0.425],
							"lerp_mode": "catmullrom"
						},
						"0.6833": {
							"post": [0.73, 0.113, -0.121],
							"lerp_mode": "catmullrom"
						},
						"0.8167": {
							"post": [0.888, -0.002, -0.121],
							"lerp_mode": "catmullrom"
						},
						"0.9667": {
							"post": [0.888, -0.002, -0.121],
							"lerp_mode": "catmullrom"
						},
						"1.15": {
							"post": [0.732, 0.03, -0.403],
							"lerp_mode": "catmullrom"
						},
						"1.25": {
							"post": [0.597, 0.063, -0.402],
							"lerp_mode": "catmullrom"
						},
						"1.35": {
							"post": [0.675, 0.106, -0.38],
							"lerp_mode": "catmullrom"
						},
						"1.45": {
							"post": [0.629, 0.075, -0.404],
							"lerp_mode": "catmullrom"
						},
						"1.5": {
							"post": [0.7, -0.103, -0.446],
							"lerp_mode": "catmullrom"
						},
						"1.6": {
							"post": [0.646, 0.125, -0.136],
							"lerp_mode": "catmullrom"
						},
						"1.7167": {
							"post": [0.775, -0.016, -0.315],
							"lerp_mode": "catmullrom"
						},
						"1.8333": {
							"post": [0.789, -0.271, -0.614],
							"lerp_mode": "catmullrom"
						},
						"1.9333": {
							"post": [1.322, -0.304, -0.593],
							"lerp_mode": "catmullrom"
						},
						"2.05": {
							"post": [1.313, -0.465, -0.598],
							"lerp_mode": "catmullrom"
						},
						"2.0833": {
							"post": [-0.953, -0.455, -0.252],
							"lerp_mode": "catmullrom"
						},
						"2.2": {
							"post": [-1.105, -0.129, -0.859],
							"lerp_mode": "catmullrom"
						},
						"2.2833": {
							"post": [-0.805, -0.382, -0.446],
							"lerp_mode": "catmullrom"
						},
						"2.35": {
							"post": [-0.592, -0.938, -0.706],
							"lerp_mode": "catmullrom"
						},
						"2.45": {
							"post": [-0.175, -1.35, -2.275],
							"lerp_mode": "catmullrom"
						},
						"2.5667": {
							"post": [-0.12, -1.25, -1.8],
							"lerp_mode": "catmullrom"
						},
						"2.65": {
							"post": [0, -0.05, 0.525],
							"lerp_mode": "catmullrom"
						},
						"2.7833": {
							"post": [0, 0, -0.125],
							"lerp_mode": "catmullrom"
						},
						"2.8833": {
							"post": [0, 0, 0.05],
							"lerp_mode": "catmullrom"
						},
						"3.0333": {
							"post": [0, 0, 0],
							"lerp_mode": "catmullrom"
						}
					}
				},
				"mag_and_bullet": {
					"scale": {
						"0.6167": [0, 0, 0],
						"0.6333": [1, 1, 1]
					}
				},
				"additional_magazine": {
					"rotation": {
						"0.3833": [0, 0, 0],
						"0.4667": [0, 0, -62.5]
					},
					"position": {
						"0.3": [0, 0, 0],
						"0.3833": [0, -6.6, 0],
						"0.4167": [2, -11, 0],
						"0.4667": [3, -15, 0]
					},
					"scale": {
						"0.4333": [1, 1, 1],
						"0.4667": [0, 0, 0]
					}
				},
				"bolt_release": {
					"rotation": {
						"2.0667": [0, 0, 22.5],
						"2.0833": [0, 0, 0]
					}
				},
				"camera": {
					"rotation": {
						"0.0": {
							"post": [0, 0, 0],
							"lerp_mode": "catmullrom"
						},
						"0.1667": {
							"post": [0.768, 0.061, 0.27],
							"lerp_mode": "catmullrom"
						},
						"0.3": {
							"post": [0.587, 0.263, 0.557],
							"lerp_mode": "catmullrom"
						},
						"0.4": {
							"post": [1.55, -0.151, -0.152],
							"lerp_mode": "catmullrom"
						},
						"0.5667": {
							"post": [1.76, -0.073, 0.768],
							"lerp_mode": "catmullrom"
						},
						"0.7333": {
							"post": [1.559, -0.155, -0.107],
							"lerp_mode": "catmullrom"
						},
						"0.9667": {
							"post": [1.114, 0.041, -0.51],
							"lerp_mode": "catmullrom"
						},
						"1.1667": {
							"post": [1.207, 0.32, 0.039],
							"lerp_mode": "catmullrom"
						},
						"1.2333": {
							"post": [1.351, 0.376, 0.203],
							"lerp_mode": "catmullrom"
						},
						"1.45": {
							"post": [1.443, 0.388, 0.249],
							"lerp_mode": "catmullrom"
						},
						"1.5167": {
							"post": [1.775, -0.055, -0.377],
							"lerp_mode": "catmullrom"
						},
						"1.55": {
							"post": [1.854, 0.49, 0.69],
							"lerp_mode": "catmullrom"
						},
						"1.5833": {
							"post": [2.062, 0.901, -0.313],
							"lerp_mode": "catmullrom"
						},
						"1.6167": {
							"post": [1.637, 0.421, -0.935],
							"lerp_mode": "catmullrom"
						},
						"1.65": {
							"post": [1.814, 0.162, 0.261],
							"lerp_mode": "catmullrom"
						},
						"1.7167": {
							"post": [1.58, 0.425, -0.326],
							"lerp_mode": "catmullrom"
						},
						"1.7833": {
							"post": [1.363, 0.364, -0.277],
							"lerp_mode": "catmullrom"
						},
						"1.8833": {
							"post": [1.17, 0.143, -0.24],
							"lerp_mode": "catmullrom"
						},
						"2.0333": {
							"post": [1.229, 0.07, -0.204],
							"lerp_mode": "catmullrom"
						},
						"2.1": {
							"post": [0.548, -0.415, -0.728],
							"lerp_mode": "catmullrom"
						},
						"2.1333": {
							"post": [1.389, 0.022, 1.826],
							"lerp_mode": "catmullrom"
						},
						"2.1667": {
							"post": [0.806, 0.431, -1.392],
							"lerp_mode": "catmullrom"
						},
						"2.2": {
							"post": [0.291, 0.246, -0.297],
							"lerp_mode": "catmullrom"
						},
						"2.2333": {
							"post": [0.356, 0.058, 0.943],
							"lerp_mode": "catmullrom"
						},
						"2.3": {
							"post": [0.6, 0.289, -0.379],
							"lerp_mode": "catmullrom"
						},
						"2.3667": {
							"post": [0.61, 0.187, 0.123],
							"lerp_mode": "catmullrom"
						},
						"2.4667": {
							"post": [0.243, 0.024, 0.12],
							"lerp_mode": "catmullrom"
						},
						"2.5667": {
							"post": [-0.106, -0.005, -0.208],
							"lerp_mode": "catmullrom"
						},
						"2.6667": {
							"post": [0.038, 0.035, 0.049],
							"lerp_mode": "catmullrom"
						},
						"2.7667": {
							"post": [-0.044, -0.045, 0.121],
							"lerp_mode": "catmullrom"
						},
						"2.8667": {
							"post": [-0.012, -0.002, 0.009],
							"lerp_mode": "catmullrom"
						},
						"2.9667": {
							"post": [0, 0, 0],
							"lerp_mode": "catmullrom"
						}
					}
				},
				"mag_and_lefthand": {
					"rotation": {
						"0.5": [0, 0, 0],
						"0.6167": {
							"pre": [2.74, 4.05, -46.9],
							"post": [2.74, 4.05, -46.9],
							"lerp_mode": "catmullrom"
						},
						"0.9667": {
							"post": [-19.145, 4.05, -46.9],
							"lerp_mode": "catmullrom"
						},
						"1.0667": {
							"post": [-29.385, 2.25, -26.11],
							"lerp_mode": "catmullrom"
						},
						"1.2333": [0, 0, 0],
						"1.3": [0, 0, 0],
						"1.3833": [0, 0, 0],
						"1.55": [0, 0, 0]
					},
					"position": {
						"0.5": [0, 0, 0],
						"0.6167": {
							"pre": [4.12, -10.71, 9.9],
							"post": [4.12, -10.71, 9.9],
							"lerp_mode": "catmullrom"
						},
						"0.9667": {
							"post": [4.12, -10.71, 9.9],
							"lerp_mode": "catmullrom"
						},
						"1.1": {
							"post": [0.62, -5.68, 0.845],
							"lerp_mode": "catmullrom"
						},
						"1.2333": {
							"post": [0, -3.63, -0.5],
							"lerp_mode": "catmullrom"
						},
						"1.3": [0, -3.26, -0.065],
						"1.3833": [0, -3.26, -0.065],
						"1.5": [0, -3.26, -0.065],
						"1.55": [0, 0, 0]
					}
				},
				"bullet_new_mag": {
					"scale": {
						"0.6167": [0, 0, 0],
						"0.6333": [1, 1, 1]
					}
				},
				"m4a1_bolt": {
					"position": {
						"2.0667": [0, 0, 4.5],
						"2.0833": [0, 0, 0]
					}
				}
			},
			"sound_effects": {
				"0.0": {
					"effect": "nmw2:m4/m4_reload_empty_grab"
				},
				"0.3": {
					"effect": "nmw2:m4/m4_reload_empty_magout"
				},
				"0.4667": {
					"effect": "nmw2:m4/m4_reload_empty_mvt1"
				},
				"1.2333": {
					"effect": "nmw2:m4/m4_reload_empty_maghit"
				},
				"1.4667": {
					"effect": "nmw2:m4/m4_reload_empty_magin"
				},
				"1.9667": {
					"effect": "nmw2:m4/m4_reload_empty_bolt"
				},
				"2.35": {
					"effect": "nmw2:m4/m4_reload_empty_shoulder"
				}
			}
		},
		"inspect": {
			"animation_length": 5.1,
			"bones": {
				"constraint": {
					"rotation": [0.1, 0.1, 0.1],
					"position": [0.1, 0.1, 0.4]
				},
				"righthand": {
					"rotation": {
						"0.0": [91.51126, 6.99759, -179.81584],
						"2.4833": [96.07, 8.95, -179.05],
						"2.8167": [104.08374, -4.30577, -102.96659],
						"2.9833": [104.08374, -4.30577, -102.96659],
						"3.0667": [109.78021, -2.82163, -100.99652],
						"3.7333": [109.78021, -2.82163, -100.99652],
						"3.8167": [98.30641, -14.87561, -130.08503],
						"3.9167": [106.017, -2.70262, -170.96504],
						"4.0": [99.2782, -4.59063, -142.86914],
						"4.15": {
							"pre": [90.72689, -2.10125, -175.05317],
							"post": [90.72689, -2.10125, -175.05317],
							"lerp_mode": "catmullrom"
						},
						"4.2667": {
							"post": [90.76, -17.1, -175.25],
							"lerp_mode": "catmullrom"
						},
						"4.3667": [91.51126, 6.99759, -179.81584]
					},
					"position": {
						"0.0": [-6.875, -13.825, 6.8],
						"2.4833": [-6.875, -13.825, 6.8],
						"2.6167": [-10.875, -13.745, 11.895],
						"2.6833": [-9.41, -12.41, 13.16],
						"2.75": [-7.58, -9.74, 12.74],
						"2.8167": [-6.75, -7.08, 9.315],
						"2.9833": [-6.75, -7.08, 9.315],
						"3.0667": [-6.745, -7.075, 11.3],
						"3.2167": {
							"pre": [-6.745, -7.075, 11.87],
							"post": [-6.745, -7.075, 11.87],
							"lerp_mode": "catmullrom"
						},
						"3.4667": {
							"post": [-6.74, -7.07, 12.08],
							"lerp_mode": "catmullrom"
						},
						"3.6333": {
							"post": [-6.74, -7.07, 12.22],
							"lerp_mode": "catmullrom"
						},
						"3.7333": [-6.745, -7.075, 12.74],
						"3.7833": [-10.725, -13.835, 17.765],
						"3.9": [-10.385, -15.835, 20.57],
						"3.9833": [-9.12, -10.68, 17.59],
						"4.0167": [-9.12, -9.68, 10.16],
						"4.0667": [-9.12, -10.68, 10.16],
						"4.15": {
							"pre": [-10.845, -12.55, 8.83],
							"post": [-10.845, -12.55, 8.83],
							"lerp_mode": "catmullrom"
						},
						"4.2667": {
							"post": [-10.26, -14.185, 8.83],
							"lerp_mode": "catmullrom"
						},
						"4.3667": [-6.875, -13.825, 6.8]
					},
					"scale": [1, 1.5, 1]
				},
				"lefthand": {
					"rotation": {
						"0.1": [96.9594, -29.1425, -146.85684],
						"0.2667": [130.70471, -28.7863, -177.00874],
						"0.4": [143.44628, -16.17962, -186.54393],
						"2.25": [143.45, -16.18, -186.54],
						"2.4167": [117.94639, -43.75866, -181.03449],
						"2.55": [95.45, -43.76, -181.03],
						"4.3333": [95.45, -43.76, -181.03],
						"4.4167": [94.01214, -11.3625, -178.04633],
						"4.5167": [96.9594, -29.1425, -146.85684]
					},
					"position": {
						"0.1": [7.9187, -10.62, -6.02],
						"0.2333": [10.24, -13.68, -2.51],
						"0.4": [6.42, -15.62, -0.02],
						"2.25": [6.42, -15.62, -0.02],
						"2.4167": [7.05, -12.75, 0],
						"4.3333": [7.05, -12.75, 0],
						"4.4167": [11.05, -12.75, -4],
						"4.5167": [7.9187, -10.62, -6.02]
					},
					"scale": {
						"0.0": [1, 1.5, 1],
						"4.5167": [1, 1.5, 1]
					}
				},
				"root": {
					"rotation": {
						"0.0": {
							"post": [0, 0, 0],
							"lerp_mode": "catmullrom"
						},
						"0.1": {
							"post": [-4.393, 0.444, 2.01],
							"lerp_mode": "catmullrom"
						},
						"0.2": {
							"post": [-18.564, -7.266, -17.181],
							"lerp_mode": "catmullrom"
						},
						"0.3333": {
							"post": [-17.505, -29.164, -52.606],
							"lerp_mode": "catmullrom"
						},
						"0.4333": {
							"post": [-14.105, -32.358, -59.806],
							"lerp_mode": "catmullrom"
						},
						"0.5": {
							"post": [-14.569, -31.51, -57.657],
							"lerp_mode": "catmullrom"
						},
						"0.5667": {
							"post": [-16.528, -32.796, -55.789],
							"lerp_mode": "catmullrom"
						},
						"0.6333": {
							"post": [-16.198, -33.378, -56.772],
							"lerp_mode": "catmullrom"
						},
						"0.7": {
							"post": [-19.052, -28.217, -49.615],
							"lerp_mode": "catmullrom"
						},
						"0.7333": {
							"post": [-15.173, -29.222, -53.369],
							"lerp_mode": "catmullrom"
						},
						"0.8": {
							"post": [-19.304, -31.947, -48.363],
							"lerp_mode": "catmullrom"
						},
						"0.9": {
							"post": [-18.987, -33.506, -53.596],
							"lerp_mode": "catmullrom"
						},
						"1.0667": {
							"post": [-19.262, -32.392, -52.465],
							"lerp_mode": "catmullrom"
						},
						"1.2667": {
							"post": [-19.858, -34.25, -53.255],
							"lerp_mode": "catmullrom"
						},
						"1.4333": {
							"post": [-17.34, -36.204, -55.739],
							"lerp_mode": "catmullrom"
						},
						"1.5667": {
							"post": [-14.741, -38.956, -60.473],
							"lerp_mode": "catmullrom"
						},
						"1.7": {
							"post": [-14.102, -39.243, -61.531],
							"lerp_mode": "catmullrom"
						},
						"1.8333": {
							"post": [-14.268, -38.928, -60.817],
							"lerp_mode": "catmullrom"
						},
						"1.9": {
							"post": [-14.864, -38.698, -59.745],
							"lerp_mode": "catmullrom"
						},
						"1.9667": {
							"post": [-13.647, -38.266, -60],
							"lerp_mode": "catmullrom"
						},
						"2.0333": {
							"post": [-7.815, -37.739, -65.043],
							"lerp_mode": "catmullrom"
						},
						"2.1": {
							"post": [-10.909, -33.448, -57.504],
							"lerp_mode": "catmullrom"
						},
						"2.1333": {
							"post": [-11.389, -33.544, -63.282],
							"lerp_mode": "catmullrom"
						},
						"2.2": {
							"post": [-17.285, -33.971, -55.32],
							"lerp_mode": "catmullrom"
						},
						"2.3": {
							"post": [-12.547, -34.265, -60.462],
							"lerp_mode": "catmullrom"
						},
						"2.4": {
							"post": [-23.925, -20.202, -30.983],
							"lerp_mode": "catmullrom"
						},
						"2.5": {
							"post": [-22.783, 4.476, 22.651],
							"lerp_mode": "catmullrom"
						},
						"2.6333": {
							"post": [-15.033, 6.999, 72.047],
							"lerp_mode": "catmullrom"
						},
						"2.7333": {
							"post": [-18.699, 9.08, 75.916],
							"lerp_mode": "catmullrom"
						},
						"2.8333": {
							"post": [-22.379, 8.618, 72.238],
							"lerp_mode": "catmullrom"
						},
						"2.9333": {
							"post": [-23.858, 9.147, 73.515],
							"lerp_mode": "catmullrom"
						},
						"3.0333": {
							"post": [-25.249, 11.616, 75.903],
							"lerp_mode": "catmullrom"
						},
						"3.1333": {
							"post": [-27.699, 13.642, 76.575],
							"lerp_mode": "catmullrom"
						},
						"3.2333": {
							"post": [-28.935, 13.971, 76.233],
							"lerp_mode": "catmullrom"
						},
						"3.3333": {
							"post": [-29.476, 13.768, 75.449],
							"lerp_mode": "catmullrom"
						},
						"3.4333": {
							"post": [-29.677, 13.975, 75.386],
							"lerp_mode": "catmullrom"
						},
						"3.5333": {
							"post": [-29.802, 14.366, 75.991],
							"lerp_mode": "catmullrom"
						},
						"3.6333": {
							"post": [-30.225, 13.263, 75.955],
							"lerp_mode": "catmullrom"
						},
						"3.7333": {
							"post": [-28.833, 11.877, 76.986],
							"lerp_mode": "catmullrom"
						},
						"3.8333": {
							"post": [-20.162, 9.602, 74],
							"lerp_mode": "catmullrom"
						},
						"3.9333": {
							"post": [-15.999, 4.353, 58.341],
							"lerp_mode": "catmullrom"
						},
						"4.0": {
							"post": [-18.351, 1.557, 59.951],
							"lerp_mode": "catmullrom"
						},
						"4.0333": {
							"post": [-17.165, -0.196, 55.071],
							"lerp_mode": "catmullrom"
						},
						"4.1": {
							"post": [-15.278, 2.541, 64.243],
							"lerp_mode": "catmullrom"
						},
						"4.2": {
							"post": [-11.595, -5.031, 41.001],
							"lerp_mode": "catmullrom"
						},
						"4.2667": {
							"post": [-5.761, -7.697, 17.173],
							"lerp_mode": "catmullrom"
						},
						"4.3333": {
							"post": [-2.043, -6.093, 4.998],
							"lerp_mode": "catmullrom"
						},
						"4.4": {
							"post": [-0.236, -3.364, 5.646],
							"lerp_mode": "catmullrom"
						},
						"4.4667": {
							"post": [1.764, -1.044, 5.262],
							"lerp_mode": "catmullrom"
						},
						"4.5333": {
							"post": [1.478, 0.319, 1.219],
							"lerp_mode": "catmullrom"
						},
						"4.6333": {
							"post": [-0.787, -0.496, -1.111],
							"lerp_mode": "catmullrom"
						},
						"4.7333": {
							"post": [-0.283, -0.12, -0.05],
							"lerp_mode": "catmullrom"
						},
						"4.8333": {
							"post": [-0.587, 0.093, -0.11],
							"lerp_mode": "catmullrom"
						},
						"4.9333": {
							"post": [-0.269, 0.003, -0.44],
							"lerp_mode": "catmullrom"
						},
						"5.0333": {
							"post": [-0.031, 0.028, -0.11],
							"lerp_mode": "catmullrom"
						},
						"5.1": {
							"post": [0, 0, 0],
							"lerp_mode": "catmullrom"
						}
					},
					"position": {
						"0.0": {
							"post": [0, 0, 0],
							"lerp_mode": "catmullrom"
						},
						"0.1": {
							"post": [-0.089, -0.017, -1.415],
							"lerp_mode": "catmullrom"
						},
						"0.1667": {
							"post": [0.098, 0.394, -3.722],
							"lerp_mode": "catmullrom"
						},
						"0.2333": {
							"post": [0.287, 0.827, -3.975],
							"lerp_mode": "catmullrom"
						},
						"0.3333": {
							"post": [0.238, 1.212, -2.514],
							"lerp_mode": "catmullrom"
						},
						"0.4333": {
							"post": [0.02, 0.524, -1.58],
							"lerp_mode": "catmullrom"
						},
						"0.5333": {
							"post": [0.121, 0.429, -1.27],
							"lerp_mode": "catmullrom"
						},
						"0.6333": {
							"post": [0.514, 0.308, -1.037],
							"lerp_mode": "catmullrom"
						},
						"0.7": {
							"post": [1.109, 0.28, -0.987],
							"lerp_mode": "catmullrom"
						},
						"0.7667": {
							"post": [0.213, 1.079, -0.841],
							"lerp_mode": "catmullrom"
						},
						"0.8667": {
							"post": [-0.135, 1.463, -0.708],
							"lerp_mode": "catmullrom"
						},
						"0.9667": {
							"post": [-0.338, 1.421, -0.735],
							"lerp_mode": "catmullrom"
						},
						"1.0333": {
							"post": [-0.394, 1.359, -0.726],
							"lerp_mode": "catmullrom"
						},
						"1.3": {
							"post": [-0.179, 1.028, -0.721],
							"lerp_mode": "catmullrom"
						},
						"1.6": {
							"post": [-0.088, 0.94, -0.641],
							"lerp_mode": "catmullrom"
						},
						"1.8": {
							"post": [-0.212, 1.029, -0.654],
							"lerp_mode": "catmullrom"
						},
						"2.0": {
							"post": [0.316, 0.487, -0.649],
							"lerp_mode": "catmullrom"
						},
						"2.0667": {
							"post": [0.349, 0.463, -0.667],
							"lerp_mode": "catmullrom"
						},
						"2.1": {
							"post": [0.996, -0.001, -0.726],
							"lerp_mode": "catmullrom"
						},
						"2.1333": {
							"post": [0.578, 0.881, -0.792],
							"lerp_mode": "catmullrom"
						},
						"2.2333": {
							"post": [0.44, 1.059, -0.699],
							"lerp_mode": "catmullrom"
						},
						"2.3": {
							"post": [0.473, 0.764, -0.673],
							"lerp_mode": "catmullrom"
						},
						"2.4": {
							"post": [0.04, 0.014, -1.124],
							"lerp_mode": "catmullrom"
						},
						"2.5333": {
							"post": [-0.501, -0.133, -2.919],
							"lerp_mode": "catmullrom"
						},
						"2.7": {
							"post": [0.328, 0.641, -0.982],
							"lerp_mode": "catmullrom"
						},
						"2.8333": {
							"post": [0.444, 1.067, -0.714],
							"lerp_mode": "catmullrom"
						},
						"2.9333": {
							"post": [0.51, 1.48, -0.64],
							"lerp_mode": "catmullrom"
						},
						"3.0333": {
							"post": [0.596, 1.864, -0.828],
							"lerp_mode": "catmullrom"
						},
						"3.2": {
							"post": [0.882, 1.986, -0.298],
							"lerp_mode": "catmullrom"
						},
						"3.3667": {
							"post": [1.007, 1.914, -0.241],
							"lerp_mode": "catmullrom"
						},
						"3.5667": {
							"post": [0.842, 1.92, -0.253],
							"lerp_mode": "catmullrom"
						},
						"3.7333": {
							"post": [0.799, 2.037, -0.63],
							"lerp_mode": "catmullrom"
						},
						"3.8": {
							"post": [0.976, 2.494, -0.824],
							"lerp_mode": "catmullrom"
						},
						"3.9333": {
							"post": [0.632, 1.724, -0.746],
							"lerp_mode": "catmullrom"
						},
						"4.0": {
							"post": [0.456, 1.867, -2.546],
							"lerp_mode": "catmullrom"
						},
						"4.1": {
							"post": [0.351, 1.395, -1.861],
							"lerp_mode": "catmullrom"
						},
						"4.1333": {
							"post": [0.331, 1.139, -2.024],
							"lerp_mode": "catmullrom"
						},
						"4.2333": {
							"post": [0.742, 0.309, -1.687],
							"lerp_mode": "catmullrom"
						},
						"4.3": {
							"post": [0.756, -0.207, -1.701],
							"lerp_mode": "catmullrom"
						},
						"4.4333": {
							"post": [0.247, -0.855, -2.678],
							"lerp_mode": "catmullrom"
						},
						"4.5333": {
							"post": [-0.046, -0.323, 0.291],
							"lerp_mode": "catmullrom"
						},
						"4.6667": {
							"post": [-0.006, -0.001, -0.008],
							"lerp_mode": "catmullrom"
						},
						"4.8": {
							"post": [-0.001, 0.046, 0.017],
							"lerp_mode": "catmullrom"
						},
						"4.9667": {
							"post": [-0.014, 0.026, 0.019],
							"lerp_mode": "catmullrom"
						},
						"5.1": {
							"post": [0, 0, 0],
							"lerp_mode": "catmullrom"
						}
					}
				},
				"camera": {
					"rotation": {
						"0.0": {
							"post": [0, 0, 0],
							"lerp_mode": "catmullrom"
						},
						"0.2333": {
							"post": [-0.335, 0.88, 0.337],
							"lerp_mode": "catmullrom"
						},
						"0.3333": {
							"post": [0.086, 1.632, 0.34],
							"lerp_mode": "catmullrom"
						},
						"0.5333": {
							"post": [2.093, 1.903, 0.744],
							"lerp_mode": "catmullrom"
						},
						"0.6667": {
							"post": [3.134, 1.217, 0.088],
							"lerp_mode": "catmullrom"
						},
						"0.7": {
							"post": [4.494, 0.39, -0.8],
							"lerp_mode": "catmullrom"
						},
						"0.7667": {
							"post": [3.482, 1.086, 1.093],
							"lerp_mode": "catmullrom"
						},
						"0.8333": {
							"post": [2.31, 1.391, 0.171],
							"lerp_mode": "catmullrom"
						},
						"0.9": {
							"post": [2.032, 1.059, 0.416],
							"lerp_mode": "catmullrom"
						},
						"0.9667": {
							"post": [2.027, 0.857, 0.42],
							"lerp_mode": "catmullrom"
						},
						"1.2333": {
							"post": [2.05, 1.07, 0.396],
							"lerp_mode": "catmullrom"
						},
						"1.5333": {
							"post": [1.029, 1.039, 0.452],
							"lerp_mode": "catmullrom"
						},
						"1.6667": {
							"post": [0.569, 0.991, 0.505],
							"lerp_mode": "catmullrom"
						},
						"1.7": {
							"post": [0.707, 1.005, 0.299],
							"lerp_mode": "catmullrom"
						},
						"1.7667": {
							"post": [0.43, 0.932, 0.664],
							"lerp_mode": "catmullrom"
						},
						"2.0": {
							"post": [1.185, 0.687, 0.629],
							"lerp_mode": "catmullrom"
						},
						"2.1": {
							"post": [2.652, -0.261, -1.199],
							"lerp_mode": "catmullrom"
						},
						"2.1667": {
							"post": [0.882, 0.838, 0.915],
							"lerp_mode": "catmullrom"
						},
						"2.2333": {
							"post": [0.798, 0.64, 0.427],
							"lerp_mode": "catmullrom"
						},
						"2.3": {
							"post": [0.986, 0.352, 0.756],
							"lerp_mode": "catmullrom"
						},
						"2.6667": {
							"post": [4.123, -0.818, 1.163],
							"lerp_mode": "catmullrom"
						},
						"2.7333": {
							"post": [4.285, -0.875, 0.376],
							"lerp_mode": "catmullrom"
						},
						"2.8": {
							"post": [4.087, -0.954, 0.574],
							"lerp_mode": "catmullrom"
						},
						"2.8333": {
							"post": [4.002, -0.95, 0.373],
							"lerp_mode": "catmullrom"
						},
						"3.0": {
							"post": [3.905, -0.858, -0.971],
							"lerp_mode": "catmullrom"
						},
						"3.1667": {
							"post": [4.042, -0.74, -2.051],
							"lerp_mode": "catmullrom"
						},
						"3.3667": {
							"post": [4.09, -0.761, -2.295],
							"lerp_mode": "catmullrom"
						},
						"3.6333": {
							"post": [3.59, -0.859, -1.875],
							"lerp_mode": "catmullrom"
						},
						"3.9": {
							"post": [2.544, -0.263, -1.283],
							"lerp_mode": "catmullrom"
						},
						"3.9667": {
							"post": [1.347, -0.212, -0.653],
							"lerp_mode": "catmullrom"
						},
						"4.0": {
							"post": [1.719, 0.824, -2.314],
							"lerp_mode": "catmullrom"
						},
						"4.0333": {
							"post": [1.927, -0.052, -0.805],
							"lerp_mode": "catmullrom"
						},
						"4.0667": {
							"post": [1.145, -0.553, -0.131],
							"lerp_mode": "catmullrom"
						},
						"4.1": {
							"post": [0.688, 0.311, -0.61],
							"lerp_mode": "catmullrom"
						},
						"4.1667": {
							"post": [0.777, 0.211, -0.128],
							"lerp_mode": "catmullrom"
						},
						"4.2333": {
							"post": [0.79, -0.181, 0.593],
							"lerp_mode": "catmullrom"
						},
						"4.3": {
							"post": [0.451, -0.297, 0.497],
							"lerp_mode": "catmullrom"
						},
						"4.4": {
							"post": [0.084, -0.377, 0.788],
							"lerp_mode": "catmullrom"
						},
						"4.4667": {
							"post": [-0.036, -0.402, 0.853],
							"lerp_mode": "catmullrom"
						},
						"4.5333": {
							"post": [-0.088, -0.178, -0.395],
							"lerp_mode": "catmullrom"
						},
						"4.6": {
							"post": [-0.108, 0.099, 0.262],
							"lerp_mode": "catmullrom"
						},
						"4.6667": {
							"post": [-0.056, 0.065, 0.306],
							"lerp_mode": "catmullrom"
						},
						"4.8667": {
							"post": [0.031, -0.03, -0.009],
							"lerp_mode": "catmullrom"
						},
						"5.1": {
							"post": [0, 0.007, -0.007],
							"lerp_mode": "catmullrom"
						}
					}
				},
				"mag_and_lefthand": {
					"rotation": {
						"0.65": [0, 0, 0],
						"0.7333": {
							"pre": [0, 0, 0],
							"post": [0, 0, 0],
							"lerp_mode": "catmullrom"
						},
						"0.9": {
							"post": [-3.02853, -9.54292, 21.10959],
							"lerp_mode": "catmullrom"
						},
						"1.2": {
							"post": [-4.4, -10.72, 23.72],
							"lerp_mode": "catmullrom"
						},
						"1.5667": {
							"post": [-3.02853, -9.54292, 21.10959],
							"lerp_mode": "catmullrom"
						},
						"1.7333": {
							"post": [0, 0, 0],
							"lerp_mode": "catmullrom"
						}
					},
					"position": {
						"0.65": {
							"pre": [0, 0, 0],
							"post": [0, 0, 0],
							"lerp_mode": "catmullrom"
						},
						"0.7": {
							"post": [0.045, -1.98, 0.065],
							"lerp_mode": "catmullrom"
						},
						"0.7333": {
							"post": [0.375, -6, 0],
							"lerp_mode": "catmullrom"
						},
						"0.9": {
							"post": [3.315, -6.28, 3],
							"lerp_mode": "catmullrom"
						},
						"1.2333": {
							"post": [3.7, -6.39, 3.24],
							"lerp_mode": "catmullrom"
						},
						"1.6167": {
							"post": [3.315, -6.28, 3],
							"lerp_mode": "catmullrom"
						},
						"1.7333": [0, -4.75, 0],
						"1.8667": [0, -3.23, 0],
						"2.0333": [0, -3.23, 0],
						"2.0667": {
							"pre": [0, 0, 0],
							"post": [0, 0, 0],
							"lerp_mode": "catmullrom"
						}
					}
				},
				"m4a1_pull": {
					"position": {
						"3.0": [0, 0, 0],
						"3.0833": {
							"pre": [0, 0, 2.62],
							"post": [0, 0, 2.62],
							"lerp_mode": "catmullrom"
						},
						"3.4667": {
							"post": [0, 0, 2.62],
							"lerp_mode": "catmullrom"
						},
						"3.6333": {
							"post": [0, 0, 2.62],
							"lerp_mode": "catmullrom"
						},
						"3.7333": {
							"post": [0, 0, 2.62],
							"lerp_mode": "catmullrom"
						},
						"3.75": [0, 0, 0]
					}
				},
				"bullet": {
					"scale": 0
				}
			},
			"sound_effects": {
				"0.0": {
					"effect": "nmw2:m4/m4_inspect_mvt1"
				},
				"0.5833": {
					"effect": "nmw2:m4/m4_inspect_magout"
				},
				"1.3667": {
					"effect": "nmw2:m4/m4_inspect_magbump"
				},
				"1.8167": {
					"effect": "nmw2:m4/m4_inspect_magin"
				},
				"2.8167": {
					"effect": "nmw2:m4/m4_inspect_charge"
				},
				"3.6167": {
					"effect": "nmw2:m4/m4_inspect_return"
				},
				"3.95": {
					"effect": "nmw2:m4/m4_inspect_mvt2"
				},
				"4.3667": {
					"effect": "nmw2:m4/m4_inspect_shoulder"
				}
			}
		},
		"inspect_empty": {
			"animation_length": 7.0333,
			"bones": {
				"constraint": {
					"rotation": [0.1, 0.1, 0.1],
					"position": [0.1, 0.1, 0.4]
				},
				"righthand": {
					"rotation": [91.51126, 6.99759, -179.81584],
					"position": [-6.875, -13.825, 6.8],
					"scale": [1, 1.5, 1]
				},
				"lefthand": {
					"rotation": {
						"0.0": [96.9594, -29.1425, -146.85684],
						"0.5167": [96.3949, -30.74097, -137.03831],
						"0.6833": [130.70471, -28.7863, -177.00874],
						"0.8167": [143.44628, -16.17962, -186.54393],
						"4.5667": [143.45, -16.18, -186.54],
						"4.85": [141.79524, 22.36872, -214.88585],
						"5.0167": [141.79524, 22.36872, -214.88585],
						"5.8": [141.79524, 22.36872, -214.88585],
						"5.95": [141.79524, 22.36872, -214.88585],
						"6.0833": [94.01214, -11.3625, -178.04633],
						"6.1833": [96.9594, -29.1425, -146.85684]
					},
					"position": {
						"0.0": [7.9187, -10.62, -6.02],
						"0.5167": [8.05, -11.75, -5],
						"0.65": [10.24, -13.68, -2.51],
						"0.8167": [6.42, -15.62, -0.02],
						"4.5667": [6.42, -15.62, -0.02],
						"4.7": [9.92, -12.12, 4.48],
						"4.85": [9.42, -8.62, 8.98],
						"5.0167": [9.42, -8.62, 8.98],
						"5.1333": [9.42, -8.62, 12.98],
						"5.7": [9.42, -8.62, 12.98],
						"5.8": [9.42, -8.62, 8.98],
						"5.95": [9.42, -8.62, 8.98],
						"6.0833": [11.05, -12.75, -4],
						"6.1833": [7.9187, -10.62, -6.02]
					},
					"scale": {
						"0.0": [1, 1.5, 1],
						"6.1833": [1, 1.5, 1]
					}
				},
				"root": {
					"rotation": {
						"0.0": {
							"post": [0, 0, 0],
							"lerp_mode": "catmullrom"
						},
						"0.0667": {
							"post": [-2.471, -1.44, 7.999],
							"lerp_mode": "catmullrom"
						},
						"0.1667": {
							"post": [-7.102, 4.338, 53.284],
							"lerp_mode": "catmullrom"
						},
						"0.2667": {
							"post": [-7.766, 5.738, 52.786],
							"lerp_mode": "catmullrom"
						},
						"0.4": {
							"post": [-7.641, 5.033, 54.214],
							"lerp_mode": "catmullrom"
						},
						"0.5667": {
							"post": [-7.984, -0.476, 37.358],
							"lerp_mode": "catmullrom"
						},
						"0.6667": {
							"post": [-17.761, -10.161, -17.279],
							"lerp_mode": "catmullrom"
						},
						"0.7333": {
							"post": [-19.174, -20.766, -39.525],
							"lerp_mode": "catmullrom"
						},
						"0.8333": {
							"post": [-17.092, -31.197, -55.263],
							"lerp_mode": "catmullrom"
						},
						"0.9": {
							"post": [-14.092, -32.332, -59.785],
							"lerp_mode": "catmullrom"
						},
						"0.9667": {
							"post": [-14.592, -31.561, -57.684],
							"lerp_mode": "catmullrom"
						},
						"1.0667": {
							"post": [-16.372, -33.773, -56.865],
							"lerp_mode": "catmullrom"
						},
						"1.1333": {
							"post": [-16.291, -31.985, -55.529],
							"lerp_mode": "catmullrom"
						},
						"1.1667": {
							"post": [-19.032, -28.201, -49.603],
							"lerp_mode": "catmullrom"
						},
						"1.2": {
							"post": [-14.6, -29.472, -54.484],
							"lerp_mode": "catmullrom"
						},
						"1.2667": {
							"post": [-19.287, -31.936, -48.347],
							"lerp_mode": "catmullrom"
						},
						"1.3333": {
							"post": [-18.005, -34.158, -54.801],
							"lerp_mode": "catmullrom"
						},
						"1.4": {
							"post": [-19.927, -32.612, -51.918],
							"lerp_mode": "catmullrom"
						},
						"1.4667": {
							"post": [-20.336, -31.671, -50.576],
							"lerp_mode": "catmullrom"
						},
						"1.5333": {
							"post": [-19.457, -32.276, -52.102],
							"lerp_mode": "catmullrom"
						},
						"1.8667": {
							"post": [-18.096, -35.341, -54.484],
							"lerp_mode": "catmullrom"
						},
						"1.9667": {
							"post": [-24.456, -30.277, -42.483],
							"lerp_mode": "catmullrom"
						},
						"2.0333": {
							"post": [-34.033, -14.28, -16.565],
							"lerp_mode": "catmullrom"
						},
						"2.1": {
							"post": [-33.894, 8.401, 13.708],
							"lerp_mode": "catmullrom"
						},
						"2.1667": {
							"post": [-23.213, 24.267, 43.932],
							"lerp_mode": "catmullrom"
						},
						"2.2333": {
							"post": [-15.864, 28.064, 61.579],
							"lerp_mode": "catmullrom"
						},
						"2.3": {
							"post": [-15.676, 27.171, 62.111],
							"lerp_mode": "catmullrom"
						},
						"2.4": {
							"post": [-14.487, 26.992, 64.431],
							"lerp_mode": "catmullrom"
						},
						"2.5": {
							"post": [-14.305, 26.096, 64.208],
							"lerp_mode": "catmullrom"
						},
						"2.6": {
							"post": [-13.028, 25.548, 66.439],
							"lerp_mode": "catmullrom"
						},
						"2.6667": {
							"post": [-16.368, 24.862, 60.09],
							"lerp_mode": "catmullrom"
						},
						"2.7333": {
							"post": [-16.701, 23.678, 58.778],
							"lerp_mode": "catmullrom"
						},
						"2.8": {
							"post": [-15.518, 24.789, 60.747],
							"lerp_mode": "catmullrom"
						},
						"2.9": {
							"post": [-14.024, 21.335, 61.297],
							"lerp_mode": "catmullrom"
						},
						"3.0": {
							"post": [-13.795, 18.966, 57.099],
							"lerp_mode": "catmullrom"
						},
						"3.1": {
							"post": [-11.852, 19.091, 60.966],
							"lerp_mode": "catmullrom"
						},
						"3.2": {
							"post": [-12.631, 17.311, 58.194],
							"lerp_mode": "catmullrom"
						},
						"3.3": {
							"post": [-10.63, 17.011, 61.014],
							"lerp_mode": "catmullrom"
						},
						"3.4": {
							"post": [-15.672, 6.775, 29.223],
							"lerp_mode": "catmullrom"
						},
						"3.5": {
							"post": [-21.109, -13.277, -23.035],
							"lerp_mode": "catmullrom"
						},
						"3.6": {
							"post": [-12.449, -31.913, -59.8],
							"lerp_mode": "catmullrom"
						},
						"3.7": {
							"post": [-14.874, -37.197, -59.444],
							"lerp_mode": "catmullrom"
						},
						"3.8": {
							"post": [-14.627, -38.788, -60.494],
							"lerp_mode": "catmullrom"
						},
						"3.9333": {
							"post": [-13.022, -37.825, -61.945],
							"lerp_mode": "catmullrom"
						},
						"3.9833": {
							"post": [-13.59, -37.49, -62.305],
							"lerp_mode": "catmullrom"
						},
						"4.0333": {
							"post": [-14.175, -37.323, -59.679],
							"lerp_mode": "catmullrom"
						},
						"4.1": {
							"post": [-12.672, -37.708, -62.051],
							"lerp_mode": "catmullrom"
						},
						"4.2": {
							"post": [-12.434, -36.808, -60.419],
							"lerp_mode": "catmullrom"
						},
						"4.3": {
							"post": [-9.049, -33.97, -62.899],
							"lerp_mode": "catmullrom"
						},
						"4.3667": {
							"post": [-10.445, -32.141, -63.608],
							"lerp_mode": "catmullrom"
						},
						"4.4333": {
							"post": [-16.085, -32.615, -55.77],
							"lerp_mode": "catmullrom"
						},
						"4.5": {
							"post": [-10.801, -34.943, -62.633],
							"lerp_mode": "catmullrom"
						},
						"4.6": {
							"post": [-18.828, -26.984, -46.357],
							"lerp_mode": "catmullrom"
						},
						"4.6667": {
							"post": [-27.74, -12.13, -14.635],
							"lerp_mode": "catmullrom"
						},
						"4.7333": {
							"post": [-27.267, 5.255, 18.726],
							"lerp_mode": "catmullrom"
						},
						"4.8333": {
							"post": [-20.008, 14.676, 46.675],
							"lerp_mode": "catmullrom"
						},
						"4.9333": {
							"post": [-16.4, 15.501, 56.893],
							"lerp_mode": "catmullrom"
						},
						"5.0333": {
							"post": [-15.79, 14.595, 58.159],
							"lerp_mode": "catmullrom"
						},
						"5.0667": {
							"post": [-15.282, 14.874, 59.917],
							"lerp_mode": "catmullrom"
						},
						"5.1333": {
							"post": [-14.219, 15.045, 58.259],
							"lerp_mode": "catmullrom"
						},
						"5.2": {
							"post": [-13.6, 17.157, 62.887],
							"lerp_mode": "catmullrom"
						},
						"5.2667": {
							"post": [-14.958, 16.242, 59.873],
							"lerp_mode": "catmullrom"
						},
						"5.3667": {
							"post": [-14.702, 15.729, 61.598],
							"lerp_mode": "catmullrom"
						},
						"5.4333": {
							"post": [-14.683, 15.278, 61.421],
							"lerp_mode": "catmullrom"
						},
						"5.5": {
							"post": [-14.801, 14.744, 60.731],
							"lerp_mode": "catmullrom"
						},
						"5.6": {
							"post": [-14.324, 14.268, 61.376],
							"lerp_mode": "catmullrom"
						},
						"5.6667": {
							"post": [-14.273, 14.717, 62.185],
							"lerp_mode": "catmullrom"
						},
						"5.7333": {
							"post": [-15.813, 15.045, 58.883],
							"lerp_mode": "catmullrom"
						},
						"5.8": {
							"post": [-15.011, 15.951, 62.905],
							"lerp_mode": "catmullrom"
						},
						"5.8333": {
							"post": [-17.092, 12.84, 54.131],
							"lerp_mode": "catmullrom"
						},
						"5.9333": {
							"post": [-13.036, 12.565, 54.851],
							"lerp_mode": "catmullrom"
						},
						"6.2": {
							"post": [-1.637, -7.48, -1.368],
							"lerp_mode": "catmullrom"
						},
						"6.2667": {
							"post": [2.118, -5.944, -8.268],
							"lerp_mode": "catmullrom"
						},
						"6.3833": {
							"post": [1.924, -2.876, 2.709],
							"lerp_mode": "catmullrom"
						},
						"6.4833": {
							"post": [-0.123, -0.462, 1.412],
							"lerp_mode": "catmullrom"
						},
						"6.55": {
							"post": [-0.279, 0.091, -2.518],
							"lerp_mode": "catmullrom"
						},
						"6.65": {
							"post": [0.774, 0.38, -0.161],
							"lerp_mode": "catmullrom"
						},
						"6.7167": {
							"post": [1.061, 0.384, -0.947],
							"lerp_mode": "catmullrom"
						},
						"6.8167": {
							"post": [0.51, -0.117, -0.757],
							"lerp_mode": "catmullrom"
						},
						"6.8833": {
							"post": [0.134, -0.097, -0.341],
							"lerp_mode": "catmullrom"
						},
						"6.9833": {
							"post": [0, 0, 0],
							"lerp_mode": "catmullrom"
						}
					},
					"position": {
						"0.0": {
							"post": [0, 0, 0],
							"lerp_mode": "catmullrom"
						},
						"0.1333": {
							"post": [-0.036, -0.367, -0.097],
							"lerp_mode": "catmullrom"
						},
						"0.2667": {
							"post": [0.196, -0.247, -0.102],
							"lerp_mode": "catmullrom"
						},
						"0.4667": {
							"post": [0.206, -0.437, 0.133],
							"lerp_mode": "catmullrom"
						},
						"0.6667": {
							"post": [0.224, 0.604, -2.148],
							"lerp_mode": "catmullrom"
						},
						"0.8": {
							"post": [0.184, 1.189, -1.219],
							"lerp_mode": "catmullrom"
						},
						"0.9333": {
							"post": [-0.003, 0.412, -0.618],
							"lerp_mode": "catmullrom"
						},
						"1.1667": {
							"post": [1.113, 0.271, -0.406],
							"lerp_mode": "catmullrom"
						},
						"1.3333": {
							"post": [-0.134, 1.468, -0.219],
							"lerp_mode": "catmullrom"
						},
						"1.9333": {
							"post": [-0.117, 0.819, -0.215],
							"lerp_mode": "catmullrom"
						},
						"2.0333": {
							"post": [-0.238, 0.247, -0.243],
							"lerp_mode": "catmullrom"
						},
						"2.2667": {
							"post": [-0.792, 1.528, 0.898],
							"lerp_mode": "catmullrom"
						},
						"2.3667": {
							"post": [-0.76, 1.79, 1.064],
							"lerp_mode": "catmullrom"
						},
						"2.5": {
							"post": [-0.792, 2.119, 0.774],
							"lerp_mode": "catmullrom"
						},
						"2.6667": {
							"post": [-0.692, 1.772, 1.465],
							"lerp_mode": "catmullrom"
						},
						"2.8": {
							"post": [-0.673, 1.885, 0.428],
							"lerp_mode": "catmullrom"
						},
						"2.9333": {
							"post": [-0.754, 1.584, 1.221],
							"lerp_mode": "catmullrom"
						},
						"2.9667": {
							"post": [-0.774, 1.418, 1.548],
							"lerp_mode": "catmullrom"
						},
						"3.0333": {
							"post": [-0.662, 1.455, 0.362],
							"lerp_mode": "catmullrom"
						},
						"3.2": {
							"post": [-0.666, 1.077, 2.005],
							"lerp_mode": "catmullrom"
						},
						"3.3667": {
							"post": [-0.576, 0.668, 0.222],
							"lerp_mode": "catmullrom"
						},
						"3.5": {
							"post": [0.17, 0.256, -0.384],
							"lerp_mode": "catmullrom"
						},
						"3.7333": {
							"post": [0.454, 0.659, -0.512],
							"lerp_mode": "catmullrom"
						},
						"4.0333": {
							"post": [-0.212, 1.017, -0.642],
							"lerp_mode": "catmullrom"
						},
						"4.3": {
							"post": [0.351, 0.441, -0.665],
							"lerp_mode": "catmullrom"
						},
						"4.3333": {
							"post": [0.996, -0.022, -0.722],
							"lerp_mode": "catmullrom"
						},
						"4.4": {
							"post": [0.438, 1.074, -0.743],
							"lerp_mode": "catmullrom"
						},
						"4.5": {
							"post": [0.5, 0.917, -0.658],
							"lerp_mode": "catmullrom"
						},
						"4.6667": {
							"post": [-0.044, -0.623, -1.821],
							"lerp_mode": "catmullrom"
						},
						"4.7667": {
							"post": [-0.706, -0.461, -4.499],
							"lerp_mode": "catmullrom"
						},
						"4.9": {
							"post": [-0.963, 0.046, -3.064],
							"lerp_mode": "catmullrom"
						},
						"5.0333": {
							"post": [-1.037, 0.232, -1.717],
							"lerp_mode": "catmullrom"
						},
						"5.0667": {
							"post": [-1.085, 0.176, -1.396],
							"lerp_mode": "catmullrom"
						},
						"5.1333": {
							"post": [-1.009, 0.61, -2.101],
							"lerp_mode": "catmullrom"
						},
						"5.2": {
							"post": [-0.991, 0.434, -1.713],
							"lerp_mode": "catmullrom"
						},
						"5.7333": {
							"post": [-0.966, 0.275, -2.08],
							"lerp_mode": "catmullrom"
						},
						"5.8": {
							"post": [-1.051, 0.145, -1.55],
							"lerp_mode": "catmullrom"
						},
						"5.8667": {
							"post": [-0.976, 0.276, -2.335],
							"lerp_mode": "catmullrom"
						},
						"5.9333": {
							"post": [-1.038, 0.33, -1.858],
							"lerp_mode": "catmullrom"
						},
						"6.0": {
							"post": [-0.97, -0.078, -1.958],
							"lerp_mode": "catmullrom"
						},
						"6.1667": {
							"post": [-0.36, -2.355, -2.522],
							"lerp_mode": "catmullrom"
						},
						"6.2": {
							"post": [-0.269, -2.378, -2.848],
							"lerp_mode": "catmullrom"
						},
						"6.3": {
							"post": [-0.109, -1.976, -3.459],
							"lerp_mode": "catmullrom"
						},
						"6.4833": {
							"post": [-0.018, 0.008, 0.065],
							"lerp_mode": "catmullrom"
						},
						"6.6167": {
							"post": [0, 0.019, -0.041],
							"lerp_mode": "catmullrom"
						},
						"6.75": {
							"post": [0.013, -0.056, 0.017],
							"lerp_mode": "catmullrom"
						},
						"6.8833": {
							"post": [0.024, -0.005, 0.024],
							"lerp_mode": "catmullrom"
						},
						"6.9833": {
							"post": [0, 0, 0],
							"lerp_mode": "catmullrom"
						}
					}
				},
				"bolt_release": {
					"rotation": {
						"2.5": [0, 0, 22.5],
						"2.5167": [0, 0, 0],
						"5.0667": [0, 0, 0],
						"5.0833": [0, 0, 22.5]
					}
				},
				"camera": {
					"rotation": {
						"0.0": {
							"post": [0, 0, 0],
							"lerp_mode": "catmullrom"
						},
						"0.4667": {
							"post": [8.676, 1.463, 3.275],
							"lerp_mode": "catmullrom"
						},
						"0.6667": {
							"post": [4.629, 0.618, 0.326],
							"lerp_mode": "catmullrom"
						},
						"0.8": {
							"post": [1.142, 1.592, 0.341],
							"lerp_mode": "catmullrom"
						},
						"1.0667": {
							"post": [2.377, 1.857, 0.444],
							"lerp_mode": "catmullrom"
						},
						"1.1667": {
							"post": [4.494, 0.39, -0.8],
							"lerp_mode": "catmullrom"
						},
						"1.2667": {
							"post": [2.83, 1.35, 0.411],
							"lerp_mode": "catmullrom"
						},
						"1.6": {
							"post": [2.211, 1.027, 0.383],
							"lerp_mode": "catmullrom"
						},
						"1.9": {
							"post": [1.413, 1.096, 0.332],
							"lerp_mode": "catmullrom"
						},
						"2.0333": {
							"post": [0.264, 1.317, -0.35],
							"lerp_mode": "catmullrom"
						},
						"2.4333": {
							"post": [1.634, 1.414, 2.591],
							"lerp_mode": "catmullrom"
						},
						"2.6": {
							"post": [1.785, 1.262, 0.807],
							"lerp_mode": "catmullrom"
						},
						"2.7333": {
							"post": [2.918, 0.902, 1.782],
							"lerp_mode": "catmullrom"
						},
						"2.8333": {
							"post": [2.226, 0.759, 1.232],
							"lerp_mode": "catmullrom"
						},
						"2.8667": {
							"post": [2.741, 0.688, 1.524],
							"lerp_mode": "catmullrom"
						},
						"2.9333": {
							"post": [2.335, 0.633, 2.356],
							"lerp_mode": "catmullrom"
						},
						"3.0": {
							"post": [2.974, 0.655, 1.434],
							"lerp_mode": "catmullrom"
						},
						"3.0667": {
							"post": [2.507, 0.644, 2.277],
							"lerp_mode": "catmullrom"
						},
						"3.1667": {
							"post": [3.128, 0.734, 0.726],
							"lerp_mode": "catmullrom"
						},
						"3.2": {
							"post": [2.738, 0.766, 0.445],
							"lerp_mode": "catmullrom"
						},
						"3.2667": {
							"post": [3.41, 0.813, -0.035],
							"lerp_mode": "catmullrom"
						},
						"3.3333": {
							"post": [3.079, 0.861, -0.445],
							"lerp_mode": "catmullrom"
						},
						"3.5": {
							"post": [4.823, 1.037, -1.51],
							"lerp_mode": "catmullrom"
						},
						"3.7333": {
							"post": [1.419, 1.021, -0.585],
							"lerp_mode": "catmullrom"
						},
						"3.9": {
							"post": [0.568, 0.991, 0.505],
							"lerp_mode": "catmullrom"
						},
						"3.9333": {
							"post": [0.706, 1.005, 0.299],
							"lerp_mode": "catmullrom"
						},
						"4.0": {
							"post": [0.43, 0.932, 0.664],
							"lerp_mode": "catmullrom"
						},
						"4.2333": {
							"post": [1.185, 0.687, 0.63],
							"lerp_mode": "catmullrom"
						},
						"4.3333": {
							"post": [2.652, -0.261, -1.199],
							"lerp_mode": "catmullrom"
						},
						"4.4": {
							"post": [0.882, 0.838, 0.915],
							"lerp_mode": "catmullrom"
						},
						"4.5": {
							"post": [0.845, 0.437, 0.888],
							"lerp_mode": "catmullrom"
						},
						"4.7": {
							"post": [2.971, 0.433, 0.665],
							"lerp_mode": "catmullrom"
						},
						"4.9333": {
							"post": [4.522, 1.444, 0.705],
							"lerp_mode": "catmullrom"
						},
						"5.1": {
							"post": [2.446, 1.444, -0.721],
							"lerp_mode": "catmullrom"
						},
						"5.1667": {
							"post": [4.01, 1.774, 1.042],
							"lerp_mode": "catmullrom"
						},
						"5.2333": {
							"post": [3.394, 1.769, 0.196],
							"lerp_mode": "catmullrom"
						},
						"5.3333": {
							"post": [4.15, 1.698, 0.481],
							"lerp_mode": "catmullrom"
						},
						"5.6": {
							"post": [4.056, 2.451, 0.002],
							"lerp_mode": "catmullrom"
						},
						"5.7": {
							"post": [3.197, 1.974, 1.021],
							"lerp_mode": "catmullrom"
						},
						"5.8": {
							"post": [4.362, 2.296, 0.441],
							"lerp_mode": "catmullrom"
						},
						"5.8667": {
							"post": [3.058, 1.755, 1.309],
							"lerp_mode": "catmullrom"
						},
						"5.9333": {
							"post": [4.027, 2.004, 0.865],
							"lerp_mode": "catmullrom"
						},
						"6.1": {
							"post": [3.107, 1.223, 0.512],
							"lerp_mode": "catmullrom"
						},
						"6.3": {
							"post": [0.355, -0.179, 0.726],
							"lerp_mode": "catmullrom"
						},
						"6.3667": {
							"post": [-0.138, -0.187, 0.465],
							"lerp_mode": "catmullrom"
						},
						"6.4667": {
							"post": [-0.088, -0.087, -0.007],
							"lerp_mode": "catmullrom"
						},
						"6.5667": {
							"post": [0.161, 0.097, 0.259],
							"lerp_mode": "catmullrom"
						},
						"6.6333": {
							"post": [-0.069, 0.056, -0.101],
							"lerp_mode": "catmullrom"
						},
						"6.7": {
							"post": [0.044, 0.042, 0.092],
							"lerp_mode": "catmullrom"
						},
						"6.7667": {
							"post": [0.089, 0.03, 0.164],
							"lerp_mode": "catmullrom"
						},
						"6.8333": {
							"post": [0.063, 0.021, 0.115],
							"lerp_mode": "catmullrom"
						},
						"6.9": {
							"post": [0.038, 0.013, 0.066],
							"lerp_mode": "catmullrom"
						},
						"6.9667": {
							"post": [0.012, 0.004, 0.017],
							"lerp_mode": "catmullrom"
						},
						"7.0333": {
							"post": [0, 0, 0],
							"lerp_mode": "catmullrom"
						}
					}
				},
				"mag_and_lefthand": {
					"rotation": {
						"1.1333": [0, 0, 0],
						"1.2167": {
							"pre": [0, 0, 0],
							"post": [0, 0, 0],
							"lerp_mode": "catmullrom"
						},
						"1.3833": {
							"post": [-3.02853, -9.54292, 15.51959],
							"lerp_mode": "catmullrom"
						},
						"1.6667": [-4.4, -10.72, 18.13],
						"1.9167": {
							"pre": [-4.4, -10.72, -1.495],
							"post": [-4.4, -10.72, -1.495],
							"lerp_mode": "catmullrom"
						},
						"2.0667": {
							"post": [28.04451, -44.15741, -171.53862],
							"lerp_mode": "catmullrom"
						},
						"2.3": {
							"post": [42.47784, -52.80714, -189.88081],
							"lerp_mode": "catmullrom"
						},
						"2.4667": [42.48, -52.81, -189.88],
						"3.3": [42.48, -52.81, -189.88],
						"3.7667": {
							"pre": [10.615, 2.25, -26.11],
							"post": [10.615, 2.25, -26.11],
							"lerp_mode": "catmullrom"
						},
						"3.9333": [0, 0, 0],
						"4.0667": [0, 0, 0],
						"4.1333": [0, 0, 0],
						"4.2167": [0, 0, 0],
						"4.35": [0, 0, 0]
					},
					"position": {
						"1.1333": {
							"pre": [0, 0, 0],
							"post": [0, 0, 0],
							"lerp_mode": "catmullrom"
						},
						"1.1833": {
							"post": [0.045, -1.98, 0.065],
							"lerp_mode": "catmullrom"
						},
						"1.2167": {
							"post": [0.375, -6, 0],
							"lerp_mode": "catmullrom"
						},
						"1.3833": {
							"post": [3.315, -6.28, 3],
							"lerp_mode": "catmullrom"
						},
						"1.7": {
							"post": [3.7, -6.39, 3.24],
							"lerp_mode": "catmullrom"
						},
						"1.95": {
							"post": [3.7, -6.39, 3.24],
							"lerp_mode": "catmullrom"
						},
						"2.15": {
							"post": [5.21, 1.665, 7.37],
							"lerp_mode": "catmullrom"
						},
						"2.3333": [3.71, 2.26, 7.12],
						"2.4667": [3.71, 2.26, 7.12],
						"2.5667": [3.21, 2.26, 12.07],
						"2.6333": [3.21, 2.26, 12.07],
						"2.7": [3.71, 2.26, 7.12],
						"2.8": [3.71, 2.26, 7.12],
						"2.8667": [3.38, 2.26, 11.67],
						"2.9": [3.21, 2.26, 12.07],
						"2.9333": [3.21, 2.26, 12.07],
						"2.9667": [3.21, 2.26, 10.07],
						"3.0333": [3.71, 2.26, 7.12],
						"3.1333": [3.71, 2.26, 7.12],
						"3.2": [3.21, 2.26, 12.07],
						"3.2667": [3.21, 2.26, 12.07],
						"3.35": [2.71, 2.26, 7.12],
						"3.45": [2.71, 2.26, 8.12],
						"3.5667": {
							"pre": [3.81, -4.4, 4.66],
							"post": [3.81, -4.4, 4.66],
							"lerp_mode": "catmullrom"
						},
						"3.7167": {
							"post": [-1.39, -8.69, 0.49],
							"lerp_mode": "catmullrom"
						},
						"3.8333": {
							"post": [0.62, -5.68, 0.845],
							"lerp_mode": "catmullrom"
						},
						"3.9333": {
							"post": [0, -3.04, -0.5],
							"lerp_mode": "catmullrom"
						},
						"4.0667": [0, -3.11, -0.5],
						"4.1333": [0, -2.74, -0.065],
						"4.2167": [0, -2.74, -0.065],
						"4.3": [0, -2.74, -0.065],
						"4.35": [0, 0, 0]
					}
				},
				"m4a1_pull": {
					"position": {
						"2.4667": [0, 0, 0],
						"2.5667": [0, 0, 4.5],
						"2.6333": [0, 0, 4.5],
						"2.7": [0, 0, 0],
						"2.8": [0, 0, 0],
						"2.8667": [0, 0, 4.5],
						"2.9333": [0, 0, 4.5],
						"3.0333": [0, 0, 0],
						"3.1333": [0, 0, 0],
						"3.2": [0, 0, 4.5],
						"3.2667": [0, 0, 4.5],
						"3.35": [0, 0, 0],
						"5.0167": [0, 0, 0],
						"5.1333": [0, 0, 4.5],
						"5.7": [0, 0, 4.5],
						"5.8": [0, 0, 0]
					}
				},
				"bullet": {
					"scale": 0
				},
				"bullet_new_mag": {
					"scale": 0
				},
				"m4a1_bolt": {
					"position": {
						"2.4667": [0, 0, 4.5],
						"2.5667": [0, 0, 0],
						"5.7": [0, 0, 0],
						"5.8": [0, 0, 4.5]
					}
				}
			},
			"sound_effects": {
				"0.0": {
					"effect": "nmw2:m4/m4_inspect_empty_mvt1"
				},
				"0.5667": {
					"effect": "nmw2:m4/m4_inspect_empty_mvt2"
				},
				"1.0833": {
					"effect": "nmw2:m4/m4_inspect_empty_magout"
				},
				"1.8": {
					"effect": "nmw2:m4/m4_inspect_empty_mvt3"
				},
				"2.5167": {
					"effect": "nmw2:m4/m4_inspect_empty_rack"
				},
				"3.4333": {
					"effect": "nmw2:m4/m4_inspect_empty_magbump"
				},
				"4.15": {
					"effect": "nmw2:m4/m4_inspect_empty_magin"
				},
				"4.8833": {
					"effect": "nmw2:m4/m4_inspect_empty_charge"
				},
				"5.5333": {
					"effect": "nmw2:m4/m4_inspect_empty_handle"
				},
				"5.9167": {
					"effect": "nmw2:m4/m4_inspect_empty_mvt4"
				},
				"6.4": {
					"effect": "nmw2:m4/m4_inspect_empty_shoulder"
				}
			}
		},
		"draw": {
			"animation_length": 0.8,
			"bones": {
				"constraint": {
					"rotation": [0.1, 0.1, 0.1],
					"position": [0.1, 0.1, 0.4]
				},
				"righthand": {
					"rotation": [91.51126, 6.99759, -179.81584],
					"position": [-6.875, -13.825, 6.8],
					"scale": [1, 1.5, 1]
				},
				"lefthand": {
					"rotation": {
						"0.0": [102.11196, -62.87718, -144.57704],
						"0.2833": [96.9594, -29.1425, -146.85684]
					},
					"position": {
						"0.0": [11.05, -11.75, -5],
						"0.2833": [7.9187, -10.62, -6.02]
					},
					"scale": {
						"0.0": [1, 1.5, 1],
						"0.2833": [1, 1.5, 1]
					}
				},
				"root": {
					"rotation": {
						"0.0": {
							"post": [40.042, 8.217, -51.126],
							"lerp_mode": "catmullrom"
						},
						"0.1": {
							"post": [24.158, -1.103, -42.085],
							"lerp_mode": "catmullrom"
						},
						"0.2667": {
							"post": [-0.811, -3.334, -7.462],
							"lerp_mode": "catmullrom"
						},
						"0.3667": {
							"post": [-1.67, -0.272, 2.468],
							"lerp_mode": "catmullrom"
						},
						"0.4333": {
							"post": [-0.607, -0.631, -1.146],
							"lerp_mode": "catmullrom"
						},
						"0.5": {
							"post": [0.436, -0.286, 1.497],
							"lerp_mode": "catmullrom"
						},
						"0.5667": {
							"post": [0.641, -0.171, 0.32],
							"lerp_mode": "catmullrom"
						},
						"0.6333": {
							"post": [-0.015, -0.223, -0.451],
							"lerp_mode": "catmullrom"
						},
						"0.7": {
							"post": [-0.16, 0.008, 0.556],
							"lerp_mode": "catmullrom"
						},
						"0.8": {
							"post": [0, 0, 0],
							"lerp_mode": "catmullrom"
						}
					},
					"position": {
						"0.0": {
							"post": [2.779, -3.704, 6.104],
							"lerp_mode": "catmullrom"
						},
						"0.1": {
							"post": [2.513, -2.409, 4.574],
							"lerp_mode": "catmullrom"
						},
						"0.2667": {
							"post": [0.706, -0.248, -2.282],
							"lerp_mode": "catmullrom"
						},
						"0.4": {
							"post": [-0.143, 0.031, 0.443],
							"lerp_mode": "catmullrom"
						},
						"0.4667": {
							"post": [-0.008, -0.27, -0.373],
							"lerp_mode": "catmullrom"
						},
						"0.5333": {
							"post": [-0.072, -0.267, -0.38],
							"lerp_mode": "catmullrom"
						},
						"0.6333": {
							"post": [-0.007, -0.093, -0.078],
							"lerp_mode": "catmullrom"
						},
						"0.7": {
							"post": [0.012, 0, 0.024],
							"lerp_mode": "catmullrom"
						},
						"0.8": {
							"post": [0, 0, 0],
							"lerp_mode": "catmullrom"
						}
					}
				},
				"camera": {
					"rotation": {
						"0.0": {
							"post": [0, 0, 0],
							"lerp_mode": "catmullrom"
						},
						"0.1": {
							"post": [0.615, 0.318, 0.663],
							"lerp_mode": "catmullrom"
						},
						"0.2": {
							"post": [1.452, 0.217, 0.268],
							"lerp_mode": "catmullrom"
						},
						"0.3333": {
							"post": [0.752, -0.703, 0.562],
							"lerp_mode": "catmullrom"
						},
						"0.4": {
							"post": [-0.182, -0.296, -0.44],
							"lerp_mode": "catmullrom"
						},
						"0.4333": {
							"post": [-0.412, -0.07, -0.654],
							"lerp_mode": "catmullrom"
						},
						"0.4667": {
							"post": [-0.007, 0.034, 0.241],
							"lerp_mode": "catmullrom"
						},
						"0.5": {
							"post": [0.405, 0.073, -1.419],
							"lerp_mode": "catmullrom"
						},
						"0.5667": {
							"post": [0.087, -0.039, 0.241],
							"lerp_mode": "catmullrom"
						},
						"0.6333": {
							"post": [-0.027, 0.01, -0.258],
							"lerp_mode": "catmullrom"
						},
						"0.7": {
							"post": [0.063, 0, 0.038],
							"lerp_mode": "catmullrom"
						},
						"0.8": {
							"post": [0, 0, 0],
							"lerp_mode": "catmullrom"
						}
					}
				}
			}
		},
		"put_away": {
			"animation_length": 0.7,
			"bones": {
				"constraint": {
					"rotation": [0.1, 0.1, 0.1],
					"position": [0.1, 0.1, 0.4]
				},
				"righthand": {
					"rotation": [91.51126, 6.99759, -179.81584],
					"position": [-6.875, -13.825, 6.8],
					"scale": [1, 1.5, 1]
				},
				"lefthand": {
					"rotation": {
						"0.0": [96.9594, -29.1425, -146.85684],
						"0.1333": [145.66643, 6.76877, -225.92387],
						"0.2333": [132.07356, 12.3182, -217.47973],
						"0.35": [130.06128, 18.85798, -206.41151]
					},
					"position": {
						"0.0": [7.9187, -10.62, -6.02],
						"0.1333": [8.05, -8.75, -5]
					},
					"scale": [1, 1.5, 1]
				},
				"root": {
					"rotation": {
						"0.0": {
							"post": [0, 0, 0],
							"lerp_mode": "catmullrom"
						},
						"0.1333": {
							"post": [5.783, -3.066, -4.643],
							"lerp_mode": "catmullrom"
						},
						"0.2333": {
							"post": [22.455, -4.79, -30.925],
							"lerp_mode": "catmullrom"
						},
						"0.4": {
							"post": [44.061, 37.616, -77.013],
							"lerp_mode": "catmullrom"
						},
						"0.5667": {
							"post": [65.445, 36.699, -59.012],
							"lerp_mode": "catmullrom"
						},
						"0.7": {
							"post": [72.153, 32.421, -52.853],
							"lerp_mode": "catmullrom"
						}
					},
					"position": {
						"0.0": {
							"post": [0, 0, 0],
							"lerp_mode": "catmullrom"
						},
						"0.1667": {
							"post": [1.084, -0.785, -0.14],
							"lerp_mode": "catmullrom"
						},
						"0.3": {
							"post": [5.074, -2.767, 0.6],
							"lerp_mode": "catmullrom"
						},
						"0.5": {
							"post": [5.208, -11.947, 4.362],
							"lerp_mode": "catmullrom"
						},
						"0.6": {
							"post": [4.741, -13.746, 5.145],
							"lerp_mode": "catmullrom"
						},
						"0.7": {
							"post": [4.286, -14.112, 5.236],
							"lerp_mode": "catmullrom"
						}
					}
				},
				"camera": {
					"rotation": {
						"0.0": {
							"post": [0, 0, 0],
							"lerp_mode": "catmullrom"
						},
						"0.1": {
							"post": [-0.252, 0.07, -0.531],
							"lerp_mode": "catmullrom"
						},
						"0.3667": {
							"post": [1.893, -0.979, 0.942],
							"lerp_mode": "catmullrom"
						},
						"0.5": {
							"post": [0.464, -0.111, -0.025],
							"lerp_mode": "catmullrom"
						},
						"0.6": {
							"post": [-0.167, 0.026, 0.549],
							"lerp_mode": "catmullrom"
						},
						"0.7": {
							"post": [0, 0, 0],
							"lerp_mode": "catmullrom"
						}
					}
				}
			}
		}
	}
}