{
	"format_version": "1.8.0",
	"animations": {
		"static_idle": {
			"loop": true,
			"bones": {
				"lefthand": {
					"rotation": [92.5, 355, 180],
					"position": [16.75, -13, -2],
					"scale": [1, 1.5, 1]
				},
				"righthand": {
					"rotation": [92.5, -355, -180],
					"position": [-10.75, -13, -2],
					"scale": [1, 1.5, 1]
				},
				"constraint": {
					"rotation": [0.2, 0.2, 0.2],
					"position": [0.2, 0.2, 0.2]
				}
			}
		},
		"shoot_left": {
			"animation_length": 1.2083,
			"bones": {
				"jak_wardens_l": {
					"rotation": {
						"0.0": [0, 0, 0],
						"0.0417": [3.73, 0, 5.45],
						"0.0833": [-21.69, 0, -7.64],
						"0.125": [-20.87, 0, -3.32],
						"0.1667": [-18.29, -0.03, -4.16],
						"0.2083": [-15.07, 0, -5.47],
						"0.25": [-12.04, 0.43, -2.42],
						"0.2917": [-8.08, -0.29, -2.57],
						"0.3333": [-3.66, -0.9, -2.57],
						"0.375": [-1.67, -0.69, -1.69],
						"0.4167": [1.96, 0.22, 0.9],
						"0.4583": [2.89, 0.43, 1.61],
						"0.5": [2.74, 0.22, 1.48],
						"0.5417": [1.79, -0.24, 0.83],
						"0.5833": [-0.04, -0.96, -0.42],
						"0.625": [-0.13, -0.92, -0.5],
						"0.6667": [-0.05, -0.78, -0.48],
						"0.7083": [0.14, -0.57, -0.38],
						"0.75": [0.56, -0.13, -0.12],
						"0.7917": [0.68, 0, 0],
						"0.8333": [0.74, 0.09, 0.25],
						"0.875": [0.72, 0.07, 0.53],
						"0.9167": [0.43, 0.04, 0.71],
						"0.9583": [0.18, 0.03, 0.65],
						"1.0": [-0.07, 0.01, 0.55],
						"1.0417": [-0.22, 0, 0.45],
						"1.0833": [-0.16, 0, 0.21],
						"1.125": [-0.07, 0, 0.09],
						"1.1667": [0, 0, 0]
					},
					"position": {
						"0.0": [0, 0, 0],
						"0.0417": [0, -0.16, 5.23],
						"0.0833": [0, -0.82, 4.34],
						"0.125": [0, -0.77, 3.88],
						"0.1667": [0, -0.69, 3.36],
						"0.2083": [0, -0.6, 2.85],
						"0.25": [0, -0.46, 1.82],
						"0.2917": [0, -0.4, 1.3],
						"0.3333": [0, -0.32, 0.85],
						"0.375": [0, -0.29, 0.69],
						"0.4167": [0, -0.21, 0.39],
						"0.4583": [0, -0.17, 0.26],
						"0.5": [0, -0.13, 0.14],
						"0.5417": [0, -0.09, 0.03],
						"0.5833": [0, -0.04, -0.12],
						"0.625": [0, -0.01, -0.16],
						"0.6667": [0, 0, -0.13],
						"0.7083": [0, 0, -0.07],
						"0.75": [0, 0, 0.03],
						"0.7917": [0, 0, 0.03],
						"0.8333": [0, 0, 0.03],
						"0.875": [0, 0, 0.02],
						"0.9167": [0, 0, 0],
						"0.9583": [0, 0, 0],
						"1.0": [0, 0, 0],
						"1.0417": [0, 0, 0],
						"1.0833": [0, 0, 0],
						"1.125": [0, 0, 0],
						"1.1667": [0, 0, 0],
						"1.2083": [0, 0, 0]
					}
				},
				"hammer": {
					"rotation": [22.5, 0, 0]
				},
				"jak_wardens_r": {
					"rotation": {
						"0.0": [0, 0, 0],
						"0.2083": {
							"pre": [1, 0, 0],
							"post": [1, 0, 0],
							"lerp_mode": "catmullrom"
						},
						"0.4583": {
							"post": [1, 0, 0],
							"lerp_mode": "catmullrom"
						},
						"0.6667": [0, 0, 0]
					},
					"position": {
						"0.0": {
							"post": [0, 0, 0],
							"lerp_mode": "catmullrom"
						},
						"0.2083": {
							"post": [0, -0.08, 0.225],
							"lerp_mode": "catmullrom"
						},
						"0.4583": {
							"post": [0, -0.08, 0.225],
							"lerp_mode": "catmullrom"
						},
						"0.7083": {
							"post": [0, 0, 0],
							"lerp_mode": "catmullrom"
						}
					}
				},
				"camera": {
					"rotation": {
						"0.0": [0, 0, 0],
						"0.0417": [0, 0, 2.98],
						"0.0833": [0, 0, -1.77],
						"0.125": [0, 0, -1.11],
						"0.1667": [0, 0, 0.44],
						"0.2083": [0, 0, 1.45],
						"0.25": [0, 0, 0.8],
						"0.2917": [0, 0, 0.18],
						"0.3333": [0, 0, -0.2],
						"0.375": [0, 0, -0.24],
						"0.4167": [0, 0, -0.02],
						"0.4583": [0, 0, 0.13],
						"0.5": [0, 0, 0.2],
						"0.5417": [0, 0, 0.2],
						"0.5833": [0, 0, 0.15],
						"0.625": [0, 0, 0.1],
						"0.6667": [0, 0, 0.06],
						"0.7083": [0, 0, 0.02],
						"0.75": [0, 0, 0]
					}
				},
				"positioning2": {
					"rotation": {
						"0.0": [0, 0, 0],
						"0.0417": [3.73, 0, 5.45],
						"0.0833": [-21.69, 0, -7.64],
						"0.125": [-20.87, 0, -3.32],
						"0.1667": [-18.29, -0.03, -4.16],
						"0.2083": [-15.07, 0, -5.47],
						"0.25": [-12.04, 0.43, -2.42],
						"0.2917": [-8.08, -0.29, -2.57],
						"0.3333": [-3.66, -0.9, -2.57],
						"0.375": [-1.67, -0.69, -1.69],
						"0.4167": [1.96, 0.22, 0.9],
						"0.4583": [2.89, 0.43, 1.61],
						"0.5": [2.74, 0.22, 1.48],
						"0.5417": [1.79, -0.24, 0.83],
						"0.5833": [-0.04, -0.96, -0.42],
						"0.625": [-0.13, -0.92, -0.5],
						"0.6667": [-0.05, -0.78, -0.48],
						"0.7083": [0.14, -0.57, -0.38],
						"0.75": [0.56, -0.13, -0.12],
						"0.7917": [0.68, 0, 0],
						"0.8333": [0.74, 0.09, 0.25],
						"0.875": [0.72, 0.07, 0.53],
						"0.9167": [0.43, 0.04, 0.71],
						"0.9583": [0.18, 0.03, 0.65],
						"1.0": [-0.07, 0.01, 0.55],
						"1.0417": [-0.22, 0, 0.45],
						"1.0833": [-0.16, 0, 0.21],
						"1.125": [-0.07, 0, 0.09],
						"1.1667": [0, 0, 0]
					},
					"position": {
						"0.0": [0, 0, 0],
						"0.0417": [0, -0.16, 5.23],
						"0.0833": [0, -0.82, 4.34],
						"0.125": [0, -0.77, 3.88],
						"0.1667": [0, -0.69, 3.36],
						"0.2083": [0, -0.6, 2.85],
						"0.25": [0, -0.46, 1.82],
						"0.2917": [0, -0.4, 1.3],
						"0.3333": [0, -0.32, 0.85],
						"0.375": [0, -0.29, 0.69],
						"0.4167": [0, -0.21, 0.39],
						"0.4583": [0, -0.17, 0.26],
						"0.5": [0, -0.13, 0.14],
						"0.5417": [0, -0.09, 0.03],
						"0.5833": [0, -0.04, -0.12],
						"0.625": [0, -0.01, -0.16],
						"0.6667": [0, 0, -0.13],
						"0.7083": [0, 0, -0.07],
						"0.75": [0, 0, 0.03],
						"0.7917": [0, 0, 0.03],
						"0.8333": [0, 0, 0.03],
						"0.875": [0, 0, 0.02],
						"0.9167": [0, 0, 0],
						"0.9583": [0, 0, 0],
						"1.0": [0, 0, 0],
						"1.0417": [0, 0, 0],
						"1.0833": [0, 0, 0],
						"1.125": [0, 0, 0],
						"1.1667": [0, 0, 0],
						"1.2083": [0, 0, 0]
					}
				},
				"muzzle_flash": {
					"position": {
						"0.9167": [14, 0, 0],
						"0.9583": [0, 0, 0]
					}
				}
			}
		},
		"shoot_right": {
			"animation_length": 1.2083,
			"bones": {
				"jak_wardens_l": {
					"rotation": {
						"0.0": [0, 0, 0],
						"0.2083": {
							"pre": [1, 0, 0],
							"post": [1, 0, 0],
							"lerp_mode": "catmullrom"
						},
						"0.4583": {
							"post": [1, 0, 0],
							"lerp_mode": "catmullrom"
						},
						"0.6667": [0, 0, 0]
					},
					"position": {
						"0.0": {
							"post": [0, 0, 0],
							"lerp_mode": "catmullrom"
						},
						"0.2083": {
							"post": [0, -0.08, 0.225],
							"lerp_mode": "catmullrom"
						},
						"0.4583": {
							"post": [0, -0.08, 0.225],
							"lerp_mode": "catmullrom"
						},
						"0.7083": {
							"post": [0, 0, 0],
							"lerp_mode": "catmullrom"
						}
					}
				},
				"jak_wardens_r": {
					"rotation": {
						"0.0": [0, 0, 0],
						"0.0417": [3.73, 0, 5.45],
						"0.0833": [-21.69, 0, -7.64],
						"0.125": [-20.87, 0, -3.32],
						"0.1667": [-18.29, -0.03, -4.16],
						"0.2083": [-15.07, 0, -5.47],
						"0.25": [-12.04, 0.43, -2.42],
						"0.2917": [-8.08, -0.29, -2.57],
						"0.3333": [-3.66, -0.9, -2.57],
						"0.375": [-1.67, -0.69, -1.69],
						"0.4167": [1.96, 0.22, 0.9],
						"0.4583": [2.89, 0.43, 1.61],
						"0.5": [2.74, 0.22, 1.48],
						"0.5417": [1.79, -0.24, 0.83],
						"0.5833": [-0.04, -0.96, -0.42],
						"0.625": [-0.13, -0.92, -0.5],
						"0.6667": [-0.05, -0.78, -0.48],
						"0.7083": [0.14, -0.57, -0.38],
						"0.75": [0.56, -0.13, -0.12],
						"0.7917": [0.68, 0, 0],
						"0.8333": [0.74, 0.09, 0.25],
						"0.875": [0.72, 0.07, 0.53],
						"0.9167": [0.43, 0.04, 0.71],
						"0.9583": [0.18, 0.03, 0.65],
						"1.0": [-0.07, 0.01, 0.55],
						"1.0417": [-0.22, 0, 0.45],
						"1.0833": [-0.16, 0, 0.21],
						"1.125": [-0.07, 0, 0.09],
						"1.1667": [0, 0, 0]
					},
					"position": {
						"0.0": [0, 0, 0],
						"0.0417": [0, -0.16, 5.23],
						"0.0833": [0, -0.82, 4.34],
						"0.125": [0, -0.77, 3.88],
						"0.1667": [0, -0.69, 3.36],
						"0.2083": [0, -0.6, 2.85],
						"0.25": [0, -0.46, 1.82],
						"0.2917": [0, -0.4, 1.3],
						"0.3333": [0, -0.32, 0.85],
						"0.375": [0, -0.29, 0.69],
						"0.4167": [0, -0.21, 0.39],
						"0.4583": [0, -0.17, 0.26],
						"0.5": [0, -0.13, 0.14],
						"0.5417": [0, -0.09, 0.03],
						"0.5833": [0, -0.04, -0.12],
						"0.625": [0, -0.01, -0.16],
						"0.6667": [0, 0, -0.13],
						"0.7083": [0, 0, -0.07],
						"0.75": [0, 0, 0.03],
						"0.7917": [0, 0, 0.03],
						"0.8333": [0, 0, 0.03],
						"0.875": [0, 0, 0.02],
						"0.9167": [0, 0, 0],
						"0.9583": [0, 0, 0],
						"1.0": [0, 0, 0],
						"1.0417": [0, 0, 0],
						"1.0833": [0, 0, 0],
						"1.125": [0, 0, 0],
						"1.1667": [0, 0, 0],
						"1.2083": [0, 0, 0]
					}
				},
				"hammer2": {
					"rotation": [22.5, 0, 0]
				},
				"camera": {
					"rotation": {
						"0.0": [0, 0, 0],
						"0.0417": [0, 0, 2.98],
						"0.0833": [0, 0, -1.77],
						"0.125": [0, 0, -1.11],
						"0.1667": [0, 0, 0.44],
						"0.2083": [0, 0, 1.45],
						"0.25": [0, 0, 0.8],
						"0.2917": [0, 0, 0.18],
						"0.3333": [0, 0, -0.2],
						"0.375": [0, 0, -0.24],
						"0.4167": [0, 0, -0.02],
						"0.4583": [0, 0, 0.13],
						"0.5": [0, 0, 0.2],
						"0.5417": [0, 0, 0.2],
						"0.5833": [0, 0, 0.15],
						"0.625": [0, 0, 0.1],
						"0.6667": [0, 0, 0.06],
						"0.7083": [0, 0, 0.02],
						"0.75": [0, 0, 0]
					}
				},
				"positioning2": {
					"rotation": {
						"0.0": [0, 0, 0],
						"0.0417": [3.73, 0, 5.45],
						"0.0833": [-21.69, 0, -7.64],
						"0.125": [-20.87, 0, -3.32],
						"0.1667": [-18.29, -0.03, -4.16],
						"0.2083": [-15.07, 0, -5.47],
						"0.25": [-12.04, 0.43, -2.42],
						"0.2917": [-8.08, -0.29, -2.57],
						"0.3333": [-3.66, -0.9, -2.57],
						"0.375": [-1.67, -0.69, -1.69],
						"0.4167": [1.96, 0.22, 0.9],
						"0.4583": [2.89, 0.43, 1.61],
						"0.5": [2.74, 0.22, 1.48],
						"0.5417": [1.79, -0.24, 0.83],
						"0.5833": [-0.04, -0.96, -0.42],
						"0.625": [-0.13, -0.92, -0.5],
						"0.6667": [-0.05, -0.78, -0.48],
						"0.7083": [0.14, -0.57, -0.38],
						"0.75": [0.56, -0.13, -0.12],
						"0.7917": [0.68, 0, 0],
						"0.8333": [0.74, 0.09, 0.25],
						"0.875": [0.72, 0.07, 0.53],
						"0.9167": [0.43, 0.04, 0.71],
						"0.9583": [0.18, 0.03, 0.65],
						"1.0": [-0.07, 0.01, 0.55],
						"1.0417": [-0.22, 0, 0.45],
						"1.0833": [-0.16, 0, 0.21],
						"1.125": [-0.07, 0, 0.09],
						"1.1667": [0, 0, 0]
					},
					"position": {
						"0.0": [0, 0, 0],
						"0.0417": [0, -0.16, 5.23],
						"0.0833": [0, -0.82, 4.34],
						"0.125": [0, -0.77, 3.88],
						"0.1667": [0, -0.69, 3.36],
						"0.2083": [0, -0.6, 2.85],
						"0.25": [0, -0.46, 1.82],
						"0.2917": [0, -0.4, 1.3],
						"0.3333": [0, -0.32, 0.85],
						"0.375": [0, -0.29, 0.69],
						"0.4167": [0, -0.21, 0.39],
						"0.4583": [0, -0.17, 0.26],
						"0.5": [0, -0.13, 0.14],
						"0.5417": [0, -0.09, 0.03],
						"0.5833": [0, -0.04, -0.12],
						"0.625": [0, -0.01, -0.16],
						"0.6667": [0, 0, -0.13],
						"0.7083": [0, 0, -0.07],
						"0.75": [0, 0, 0.03],
						"0.7917": [0, 0, 0.03],
						"0.8333": [0, 0, 0.03],
						"0.875": [0, 0, 0.02],
						"0.9167": [0, 0, 0],
						"0.9583": [0, 0, 0],
						"1.0": [0, 0, 0],
						"1.0417": [0, 0, 0],
						"1.0833": [0, 0, 0],
						"1.125": [0, 0, 0],
						"1.1667": [0, 0, 0],
						"1.2083": [0, 0, 0]
					}
				}
			}
		},
		"bolt_left": {
			"loop": "hold_on_last_frame",
			"animation_length": 1.3,
			"bones": {
				"constraint": {
					"rotation": [0.2, 0.2, 0.2],
					"position": [0.2, 0.2, 0.2]
				},
				"jak_wardens_l": {
					"rotation": {
						"0.0": [0, 0, 0],
						"0.0667": [0, 0, 0],
						"0.1667": [-75, 0, 0],
						"0.3333": {
							"pre": [-50, 0, 0],
							"post": [-50, 0, 0],
							"lerp_mode": "catmullrom"
						},
						"0.4333": {
							"post": [-60, 0, 0],
							"lerp_mode": "catmullrom"
						},
						"0.4667": {
							"post": [-60, 0, 0],
							"lerp_mode": "catmullrom"
						},
						"0.5667": {
							"post": [-75, 0, 0],
							"lerp_mode": "catmullrom"
						},
						"0.6667": {
							"post": [-65, 0, 0],
							"lerp_mode": "catmullrom"
						},
						"0.8333": {
							"post": [5.69933, -0.58037, 11.10465],
							"lerp_mode": "catmullrom"
						},
						"0.9333": {
							"post": [7.20197, -1.26726, -0.75009],
							"lerp_mode": "catmullrom"
						},
						"1.0333": {
							"post": [0.25, -0.5, -2.25],
							"lerp_mode": "catmullrom"
						},
						"1.1333": {
							"post": [0, 0, -1],
							"lerp_mode": "catmullrom"
						},
						"1.2333": {
							"post": [0, 0, 0],
							"lerp_mode": "catmullrom"
						}
					},
					"position": {
						"0.0": [0, 0, 0],
						"0.0667": [-1, -1, 0],
						"0.1667": [4, 1, -2.84],
						"0.2333": [4, -1, -2.84],
						"0.3": {
							"pre": [4, -1, -4.84],
							"post": [4, -1, -4.84],
							"lerp_mode": "catmullrom"
						},
						"0.3667": {
							"post": [4, 0, -4.84],
							"lerp_mode": "catmullrom"
						},
						"0.4333": {
							"post": [4, 0, -3.84],
							"lerp_mode": "catmullrom"
						},
						"0.5667": {
							"post": [4, -1, -3.84],
							"lerp_mode": "catmullrom"
						},
						"0.8": {
							"post": [0.96, -1.15625, -0.81],
							"lerp_mode": "catmullrom"
						},
						"0.9333": {
							"post": [0, -0.125, 0.55],
							"lerp_mode": "catmullrom"
						},
						"1.0333": {
							"post": [0, 0, -0.125],
							"lerp_mode": "catmullrom"
						},
						"1.1667": {
							"post": [0, 0, 0],
							"lerp_mode": "catmullrom"
						}
					}
				},
				"L": {
					"rotation": {
						"0.1333": [0, 0, 0],
						"0.4333": [-360, 0, 0]
					}
				},
				"hammer": {
					"rotation": {
						"0.2333": [22.5, 0, 0],
						"0.3333": [0, 0, 0]
					}
				},
				"lever": {
					"rotation": {
						"0.0667": [0, 0, 0],
						"0.2333": [-60, 0, 0],
						"0.3": [-60, 0, 0],
						"0.4333": [0, 0, 0]
					}
				},
				"camera": {
					"rotation": {
						"0.0": {
							"post": [0, 0, 0],
							"lerp_mode": "catmullrom"
						},
						"0.1": {
							"post": [0.91, 0, 0],
							"lerp_mode": "catmullrom"
						},
						"0.1667": {
							"post": [-1.17762, 0.10901, 1.45762],
							"lerp_mode": "catmullrom"
						},
						"0.2333": {
							"post": [-1.18205, -0.04278, -0.56667],
							"lerp_mode": "catmullrom"
						},
						"0.3": {
							"post": [-1.17987, 0.04725, 0.5481],
							"lerp_mode": "catmullrom"
						},
						"0.4333": {
							"post": [0.5, 0.05, 0.55],
							"lerp_mode": "catmullrom"
						},
						"0.5333": {
							"post": [1, 0, 0.805],
							"lerp_mode": "catmullrom"
						},
						"0.8667": {
							"post": [-0.2, 0, 0.35],
							"lerp_mode": "catmullrom"
						},
						"0.9667": {
							"post": [0.3, 0, -0.375],
							"lerp_mode": "catmullrom"
						},
						"1.0667": {
							"post": [-0.05, 0, 0.1],
							"lerp_mode": "catmullrom"
						},
						"1.1667": {
							"post": [0, 0, 0],
							"lerp_mode": "catmullrom"
						}
					}
				},
				"muzzle_flash": {
					"position": {
						"0.0": [14, 0, 0],
						"0.0333": {
							"pre": [14, 0, 0],
							"post": [0, 0, 0]
						}
					}
				},
				"bullet": {
					"rotation": {
						"0.1667": [22.5, 0, 0],
						"0.2667": [0, 0, 0],
						"0.4": [-360, 0, 0],
						"0.4333": [0, 0, 0]
					},
					"position": {
						"0.2": [0, 0, 0],
						"0.2333": [3.5, 2.25, -4.75],
						"0.3333": [14, 13, 9],
						"0.4333": [0, 0, 0]
					},
					"scale": {
						"0.3333": [1, 1, 1],
						"0.3667": [0, 0, 0],
						"0.5333": [0, 0, 0],
						"0.5667": [1, 1, 1]
					}
				}
			},
			"sound_effects": {
				"0.0": {
					"effect": "nmw2:lockwoodmk2/jak_wardens_akimbo_l_rechamber_01"
				}
			}
		},
		"bolt_right": {
			"loop": "hold_on_last_frame",
			"animation_length": 1.2,
			"bones": {
				"constraint": {
					"rotation": [0.2, 0.2, 0.2],
					"position": [0.2, 0.2, 0.2]
				},
				"camera": {
					"rotation": {
						"0.0": {
							"post": [0, 0, 0],
							"lerp_mode": "catmullrom"
						},
						"0.1": {
							"post": [0.91, 0, 0],
							"lerp_mode": "catmullrom"
						},
						"0.1667": {
							"post": [-1.17762, 0.10901, 1.45762],
							"lerp_mode": "catmullrom"
						},
						"0.2333": {
							"post": [-1.18205, -0.04278, -0.56667],
							"lerp_mode": "catmullrom"
						},
						"0.3": {
							"post": [-1.17987, 0.04725, 0.5481],
							"lerp_mode": "catmullrom"
						},
						"0.4333": {
							"post": [0.5, 0.05, 0.55],
							"lerp_mode": "catmullrom"
						},
						"0.5333": {
							"post": [1, 0, 0.805],
							"lerp_mode": "catmullrom"
						},
						"0.8667": {
							"post": [-0.2, 0, 0.35],
							"lerp_mode": "catmullrom"
						},
						"0.9667": {
							"post": [0.3, 0, -0.375],
							"lerp_mode": "catmullrom"
						},
						"1.0667": {
							"post": [-0.05, 0, 0.1],
							"lerp_mode": "catmullrom"
						},
						"1.1667": {
							"post": [0, 0, 0],
							"lerp_mode": "catmullrom"
						}
					}
				},
				"R": {
					"rotation": {
						"0.1333": [0, 0, 0],
						"0.4333": [-360, 0, 0]
					}
				},
				"hammer2": {
					"rotation": {
						"0.2333": [22.5, 0, 0],
						"0.3333": [0, 0, 0]
					}
				},
				"lever2": {
					"rotation": {
						"0.0667": [0, 0, 0],
						"0.2333": [-60, 0, 0],
						"0.3": [-60, 0, 0],
						"0.4333": [0, 0, 0]
					}
				},
				"jak_wardens_r": {
					"rotation": {
						"0.0": [0, 0, 0],
						"0.0667": [0, 0, 0],
						"0.1667": [-75, 0, 0],
						"0.3333": {
							"pre": [-50, 0, 0],
							"post": [-50, 0, 0],
							"lerp_mode": "catmullrom"
						},
						"0.4333": {
							"post": [-60, 0, 0],
							"lerp_mode": "catmullrom"
						},
						"0.4667": {
							"post": [-60, 0, 0],
							"lerp_mode": "catmullrom"
						},
						"0.5667": {
							"post": [-75, 0, 0],
							"lerp_mode": "catmullrom"
						},
						"0.6667": {
							"post": [-65, 0, 0],
							"lerp_mode": "catmullrom"
						},
						"0.8333": {
							"post": [5.69933, 0.58037, -11.10465],
							"lerp_mode": "catmullrom"
						},
						"0.9333": {
							"post": [7.20197, 1.26726, 0.75009],
							"lerp_mode": "catmullrom"
						},
						"1.0333": {
							"post": [0.25, 0.5, 2.25],
							"lerp_mode": "catmullrom"
						},
						"1.1333": {
							"post": [0, 0, 1],
							"lerp_mode": "catmullrom"
						},
						"1.2333": {
							"post": [0, 0, 0],
							"lerp_mode": "catmullrom"
						}
					},
					"position": {
						"0.0": [0, 0, 0],
						"0.0667": [1, -1, 0],
						"0.1667": [-4, 1, -1.601],
						"0.2333": [-4, -1, -1.601],
						"0.3": {
							"pre": [-4, -1, -3.601],
							"post": [-4, -1, -3.601],
							"lerp_mode": "catmullrom"
						},
						"0.3667": {
							"post": [-4, 0, -3.601],
							"lerp_mode": "catmullrom"
						},
						"0.4333": {
							"post": [-4, 0, -2.601],
							"lerp_mode": "catmullrom"
						},
						"0.5667": {
							"post": [-4, -1, -2.601],
							"lerp_mode": "catmullrom"
						},
						"0.8": {
							"post": [-0.96, -1.15625, -0.81],
							"lerp_mode": "catmullrom"
						},
						"0.9333": {
							"post": [0, -0.125, 0.55],
							"lerp_mode": "catmullrom"
						},
						"1.0333": {
							"post": [0, 0, -0.125],
							"lerp_mode": "catmullrom"
						},
						"1.1667": {
							"post": [0, 0, 0],
							"lerp_mode": "catmullrom"
						}
					}
				},
				"bullet2": {
					"rotation": {
						"0.1667": [22.5, 0, 0],
						"0.2667": [0, 0, 0],
						"0.4": [-360, 0, 0],
						"0.4333": [0, 0, 0]
					},
					"position": {
						"0.2": [0, 0, 0],
						"0.2333": [-3.5, 2.25, -4.75],
						"0.3333": [-14, 13, 9],
						"0.4333": [0, 0, 0]
					},
					"scale": {
						"0.3333": [1, 1, 1],
						"0.3667": [0, 0, 0],
						"0.5333": [0, 0, 0],
						"0.5667": [1, 1, 1]
					}
				}
			},
			"sound_effects": {
				"0.0": {
					"effect": "nmw2:lockwoodmk2/jak_wardens_akimbo_r_rechamber_01"
				}
			}
		},
		"reload_tactical": {
			"animation_length": 3.75,
			"bones": {
				"lefthand": {
					"rotation": [92.5, 355, 180],
					"position": [16.75, -13, -2],
					"scale": [1, 1.5, 1]
				},
				"righthand": {
					"rotation": [92.5, -355, -180],
					"position": [-10.75, -13, -2],
					"scale": [1, 1.5, 1]
				},
				"constraint": {
					"rotation": [0.2, 0.2, 0.2],
					"position": [0.2, 0.2, 0.2]
				},
				"root": {
					"rotation": {
						"0.0": {
							"post": [0, 0, 0],
							"lerp_mode": "catmullrom"
						},
						"0.2083": {
							"post": [10, 0, 0],
							"lerp_mode": "catmullrom"
						},
						"0.4583": {
							"post": [94, 0, 0],
							"lerp_mode": "catmullrom"
						},
						"2.7917": {
							"post": [94, 0, 0],
							"lerp_mode": "catmullrom"
						},
						"3.0417": {
							"post": [-25.42, 0, 0],
							"lerp_mode": "catmullrom"
						},
						"3.2917": {
							"post": [-23.235, 0, 0],
							"lerp_mode": "catmullrom"
						},
						"3.4167": {
							"post": [0, 0, 0],
							"lerp_mode": "catmullrom"
						},
						"3.6667": {
							"post": [0, 0, 0],
							"lerp_mode": "catmullrom"
						}
					},
					"position": {
						"0.0": {
							"post": [0, 0, 0],
							"lerp_mode": "catmullrom"
						},
						"0.1667": {
							"post": [0, 0.83, 1.955],
							"lerp_mode": "catmullrom"
						},
						"0.6667": {
							"post": [0, -14.06, 14.805],
							"lerp_mode": "catmullrom"
						},
						"2.625": {
							"post": [0, -48.06, 21.805],
							"lerp_mode": "catmullrom"
						},
						"3.0833": {
							"post": [0, -12.615, 9.875],
							"lerp_mode": "catmullrom"
						},
						"3.25": {
							"post": [0, -4.73, 1.955],
							"lerp_mode": "catmullrom"
						},
						"3.4167": {
							"post": [0, 0, 0],
							"lerp_mode": "catmullrom"
						},
						"3.5833": {
							"post": [0, 0.14, 0],
							"lerp_mode": "catmullrom"
						},
						"3.7083": {
							"post": [0, 0, 0],
							"lerp_mode": "catmullrom"
						}
					}
				},
				"jak_wardens_l": {
					"rotation": {
						"0.0": [0, 0, 0],
						"0.1667": [30, 0, 0],
						"0.375": [0, 0, 0],
						"3.0417": [0, 25, -37],
						"3.3333": [-2.585, 0, 0],
						"3.5417": [0, 0, 0]
					},
					"position": {
						"0.0": [0, 0, 0],
						"0.1667": [2.455, 0, 0],
						"3.0417": [2.455, -10.055, 0],
						"3.5417": [0, 0, 0]
					}
				},
				"jak_wardens_r": {
					"rotation": {
						"0.0": [0, 0, 0],
						"0.1667": [30, 0, 0],
						"0.375": [0, 0, 0],
						"3.0417": [0, -42.5, 37],
						"3.3333": [8.66, 0, 0],
						"3.5417": [0, 0, 0]
					},
					"position": {
						"0.0": [0, 0, 0],
						"0.1667": [-2.455, 0, 0],
						"3.0417": [-2.455, -10.055, 0],
						"3.5417": [0, 0, 0]
					}
				},
				"camera": {
					"rotation": {
						"0.0": {
							"post": [0, 0, 0],
							"lerp_mode": "catmullrom"
						},
						"0.125": {
							"post": [0.215, 0, -0.175],
							"lerp_mode": "catmullrom"
						},
						"0.6667": {
							"post": [1.95, 0.125, -1],
							"lerp_mode": "catmullrom"
						},
						"0.875": {
							"post": [1.52, 0.125, -0.825],
							"lerp_mode": "catmullrom"
						},
						"1.2917": {
							"post": [1.65, 0.125, -0.675],
							"lerp_mode": "catmullrom"
						},
						"1.375": {
							"post": [2.055, 0, -0.05],
							"lerp_mode": "catmullrom"
						},
						"1.4583": {
							"post": [1.345, 0.125, -1.05],
							"lerp_mode": "catmullrom"
						},
						"1.5833": {
							"post": [1.42, 0.13, -0.345],
							"lerp_mode": "catmullrom"
						},
						"1.75": {
							"post": [1.42, 0.13, -0.3675],
							"lerp_mode": "catmullrom"
						},
						"1.7917": {
							"post": [1.71688, 0.02063, -0.13625],
							"lerp_mode": "catmullrom"
						},
						"1.9167": {
							"post": [1.55188, 0.13, -0.44937],
							"lerp_mode": "catmullrom"
						},
						"2.0833": {
							"post": [1.51, 0.125, -0.675],
							"lerp_mode": "catmullrom"
						},
						"2.125": {
							"post": [2.33, 0.025, 0],
							"lerp_mode": "catmullrom"
						},
						"2.2083": {
							"post": [1.88, 0.125, -1],
							"lerp_mode": "catmullrom"
						},
						"2.5": {
							"post": [1.88, 0.13, -0.7575],
							"lerp_mode": "catmullrom"
						},
						"2.5417": {
							"post": [1.88, 0.13, 0.4525],
							"lerp_mode": "catmullrom"
						},
						"2.625": {
							"post": [1.98, 0.13, -0.7875],
							"lerp_mode": "catmullrom"
						},
						"2.7083": {
							"post": [1.875, 0.125, 0.45],
							"lerp_mode": "catmullrom"
						},
						"3.0833": {
							"post": [-1.155, 0.05, 0.39],
							"lerp_mode": "catmullrom"
						},
						"3.375": {
							"post": [-0.3, 0, 0.2],
							"lerp_mode": "catmullrom"
						},
						"3.4583": {
							"post": [0.225, 0, -0.1],
							"lerp_mode": "catmullrom"
						},
						"3.5417": {
							"post": [-0.125, 0, 0.1],
							"lerp_mode": "catmullrom"
						},
						"3.6667": {
							"post": [0, 0, 0],
							"lerp_mode": "catmullrom"
						}
					}
				}
			},
			"sound_effects": {
				"0.0": {
					"effect": "nmw2:lockwoodmk2/jak_wardens_akimbo_l_reload_01"
				},
				"0.1667": {
					"effect": "nmw2:lockwoodmk2/jak_wardens_akimbo_r_reload_01"
				},
				"0.375": {
					"effect": "nmw2:lockwoodmk2/jak_wardens_akimbo_l_reload_02"
				},
				"0.5417": {
					"effect": "nmw2:lockwoodmk2/jak_wardens_akimbo_r_reload_02"
				},
				"1.3333": {
					"effect": "nmw2:lockwoodmk2/jak_wardens_akimbo_l_reload_03"
				},
				"1.5": {
					"effect": "nmw2:lockwoodmk2/jak_wardens_akimbo_r_reload_03"
				},
				"2.0833": {
					"effect": "nmw2:lockwoodmk2/jak_wardens_akimbo_l_reload_04"
				},
				"2.75": {
					"effect": "nmw2:lockwoodmk2/jak_wardens_akimbo_r_reload_04"
				},
				"3.2083": {
					"effect": "nmw2:lockwoodmk2/jak_wardens_akimbo_l_reload_05"
				}
			}
		},
		"reload_empty": {
			"animation_length": 4.625,
			"bones": {
				"lefthand": {
					"rotation": {
						"0.0": [92.5, 355, 180],
						"3.3333": [92.5, 355, 180],
						"3.5": [88.65, 355, 180],
						"3.625": [82.5, 355, 180],
						"3.7083": [60, 355, 180],
						"3.7917": [92.5, 355, 180]
					},
					"position": {
						"0.0": [16.75, -13, -2],
						"3.3333": [16.75, -13, -2],
						"3.5": [17.25, -18.38, -3.23],
						"3.5833": [17.25, -15.19, -7.11],
						"3.625": [17.25, -14, -3],
						"3.7083": [17.25, -14, 0],
						"3.7917": [16.75, -13, -2]
					},
					"scale": {
						"0.0": [1, 1.5, 1],
						"3.3333": [1, 1.5, 1]
					}
				},
				"righthand": {
					"rotation": {
						"0.0": [92.5, -355, -180],
						"3.3333": [92.5, -355, -180],
						"3.5": [88.65, -355, -180],
						"3.625": [82.5, -355, -180],
						"3.7083": [60, -355, -180],
						"3.7917": [92.5, -355, -180]
					},
					"position": {
						"0.0": [-10.75, -13, -2],
						"3.3333": [-10.75, -13, -2],
						"3.5": [-11.75, -18.38, -3.23],
						"3.5833": [-11.75, -15.19, -7.11],
						"3.625": [-11.75, -14, -3],
						"3.7083": [-11.75, -14, 0],
						"3.7917": [-10.75, -13, -2]
					},
					"scale": {
						"0.0": [1, 1.5, 1],
						"3.3333": [1, 1.5, 1]
					}
				},
				"constraint": {
					"rotation": [0.2, 0.2, 0.2],
					"position": [0.2, 0.2, 0.2]
				},
				"root": {
					"rotation": {
						"0.0": {
							"post": [0, 0, 0],
							"lerp_mode": "catmullrom"
						},
						"0.2083": {
							"post": [10, 0, 0],
							"lerp_mode": "catmullrom"
						},
						"0.4583": {
							"post": [94, 0, 0],
							"lerp_mode": "catmullrom"
						},
						"3.0833": {
							"post": [94, 0, 0],
							"lerp_mode": "catmullrom"
						},
						"3.3333": {
							"post": [-25.42, 0, 0],
							"lerp_mode": "catmullrom"
						},
						"3.6667": {
							"post": [0, 0, 0],
							"lerp_mode": "catmullrom"
						}
					},
					"position": {
						"0.0": {
							"post": [0, 0, 0],
							"lerp_mode": "catmullrom"
						},
						"0.1667": {
							"post": [0, 0.83, 1.955],
							"lerp_mode": "catmullrom"
						},
						"0.6667": {
							"post": [0, -14.06, 14.805],
							"lerp_mode": "catmullrom"
						},
						"2.9167": {
							"post": [0, -48.06, 21.805],
							"lerp_mode": "catmullrom"
						},
						"3.375": {
							"post": [0, -12.615, -3.595],
							"lerp_mode": "catmullrom"
						},
						"3.6667": {
							"post": [0, 0, 0],
							"lerp_mode": "catmullrom"
						}
					}
				},
				"jak_wardens_l": {
					"rotation": {
						"0.0": [0, 0, 0],
						"0.1667": [30, 0, 0],
						"0.375": [0, 0, 0],
						"3.25": [0, 0, -37],
						"3.5": [-75, 0, 0],
						"3.6667": {
							"pre": [-50, 0, 0],
							"post": [-50, 0, 0],
							"lerp_mode": "catmullrom"
						},
						"3.75": {
							"post": [-60, 0, 0],
							"lerp_mode": "catmullrom"
						},
						"3.7917": {
							"post": [-60, 0, 0],
							"lerp_mode": "catmullrom"
						},
						"3.9167": {
							"post": [-75, 0, 0],
							"lerp_mode": "catmullrom"
						},
						"4.0": {
							"post": [-65, 0, 0],
							"lerp_mode": "catmullrom"
						},
						"4.1667": {
							"post": [5.69933, -0.58037, 11.10465],
							"lerp_mode": "catmullrom"
						},
						"4.25": {
							"post": [7.20197, -1.26726, -0.75009],
							"lerp_mode": "catmullrom"
						},
						"4.375": {
							"post": [0.25, -0.5, -2.25],
							"lerp_mode": "catmullrom"
						},
						"4.4583": {
							"post": [0, 0, -1],
							"lerp_mode": "catmullrom"
						},
						"4.5833": {
							"post": [0, 0, 0],
							"lerp_mode": "catmullrom"
						}
					},
					"position": {
						"0.0": [0, 0, 0],
						"0.1667": [2.455, 0, 0],
						"3.25": [2.455, -10.055, 0],
						"3.4167": [3, -1, 0],
						"3.5": [4, 1, -2.84],
						"3.5833": [4, -1, -2.84],
						"3.625": {
							"pre": [4, -1, -4.84],
							"post": [4, -1, -4.84],
							"lerp_mode": "catmullrom"
						},
						"3.7083": {
							"post": [4, 0, -4.84],
							"lerp_mode": "catmullrom"
						},
						"3.75": {
							"post": [4, 0, -3.84],
							"lerp_mode": "catmullrom"
						},
						"3.9167": {
							"post": [4, -1, -3.84],
							"lerp_mode": "catmullrom"
						},
						"4.125": {
							"post": [0.96, -1.15625, -0.81],
							"lerp_mode": "catmullrom"
						},
						"4.25": {
							"post": [0, -0.125, 0.55],
							"lerp_mode": "catmullrom"
						},
						"4.375": {
							"post": [0, 0, -0.125],
							"lerp_mode": "catmullrom"
						},
						"4.5": {
							"post": [0, 0, 0],
							"lerp_mode": "catmullrom"
						}
					}
				},
				"jak_wardens_r": {
					"rotation": {
						"0.0": [0, 0, 0],
						"0.1667": [30, 0, 0],
						"0.375": [0, 0, 0],
						"3.25": [0, 0, 37],
						"3.5": [-75, 0, 0],
						"3.6667": {
							"pre": [-50, 0, 0],
							"post": [-50, 0, 0],
							"lerp_mode": "catmullrom"
						},
						"3.75": {
							"post": [-60, 0, 0],
							"lerp_mode": "catmullrom"
						},
						"3.7917": {
							"post": [-60, 0, 0],
							"lerp_mode": "catmullrom"
						},
						"3.9167": {
							"post": [-75, 0, 0],
							"lerp_mode": "catmullrom"
						},
						"4.0": {
							"post": [-65, 0, 0],
							"lerp_mode": "catmullrom"
						},
						"4.1667": {
							"post": [5.69933, 0.58037, -11.10465],
							"lerp_mode": "catmullrom"
						},
						"4.25": {
							"post": [7.20197, 1.26726, 0.75009],
							"lerp_mode": "catmullrom"
						},
						"4.375": {
							"post": [0.25, 0.5, 2.25],
							"lerp_mode": "catmullrom"
						},
						"4.4583": {
							"post": [0, 0, 1],
							"lerp_mode": "catmullrom"
						},
						"4.5833": {
							"post": [0, 0, 0],
							"lerp_mode": "catmullrom"
						}
					},
					"position": {
						"0.0": [0, 0, 0],
						"0.1667": [-2.455, 0, 0],
						"3.25": [-2.455, -10.055, 0],
						"3.4167": [-2, -1, 0],
						"3.5": [-4, 1, -1.601],
						"3.5833": [-4, -1, -1.601],
						"3.625": {
							"pre": [-4, -1, -3.601],
							"post": [-4, -1, -3.601],
							"lerp_mode": "catmullrom"
						},
						"3.7083": {
							"post": [-4, 0, -3.601],
							"lerp_mode": "catmullrom"
						},
						"3.75": {
							"post": [-4, 0, -2.601],
							"lerp_mode": "catmullrom"
						},
						"3.9167": {
							"post": [-4, -1, -2.601],
							"lerp_mode": "catmullrom"
						},
						"4.125": {
							"post": [-0.96, -1.15625, -0.81],
							"lerp_mode": "catmullrom"
						},
						"4.25": {
							"post": [0, -0.125, 0.55],
							"lerp_mode": "catmullrom"
						},
						"4.375": {
							"post": [0, 0, -0.125],
							"lerp_mode": "catmullrom"
						},
						"4.5": {
							"post": [0, 0, 0],
							"lerp_mode": "catmullrom"
						}
					}
				},
				"camera": {
					"rotation": {
						"0.0": {
							"post": [0, 0, 0],
							"lerp_mode": "catmullrom"
						},
						"0.125": {
							"post": [0.215, 0, -0.175],
							"lerp_mode": "catmullrom"
						},
						"0.6667": {
							"post": [1.95, 0.125, -1],
							"lerp_mode": "catmullrom"
						},
						"0.875": {
							"post": [1.52, 0.125, -0.825],
							"lerp_mode": "catmullrom"
						},
						"1.2917": {
							"post": [1.65, 0.125, -0.675],
							"lerp_mode": "catmullrom"
						},
						"1.375": {
							"post": [2.055, 0, -0.05],
							"lerp_mode": "catmullrom"
						},
						"1.4583": {
							"post": [1.345, 0.125, -1.05],
							"lerp_mode": "catmullrom"
						},
						"1.5833": {
							"post": [1.42, 0.13, -0.345],
							"lerp_mode": "catmullrom"
						},
						"1.75": {
							"post": [1.42, 0.13, -0.3675],
							"lerp_mode": "catmullrom"
						},
						"1.7917": {
							"post": [1.71688, 0.02063, -0.13625],
							"lerp_mode": "catmullrom"
						},
						"1.9167": {
							"post": [1.55188, 0.13, -0.44937],
							"lerp_mode": "catmullrom"
						},
						"2.0833": {
							"post": [1.51, 0.125, -0.675],
							"lerp_mode": "catmullrom"
						},
						"2.125": {
							"post": [2.33, 0.025, 0],
							"lerp_mode": "catmullrom"
						},
						"2.2083": {
							"post": [1.88, 0.125, -1],
							"lerp_mode": "catmullrom"
						},
						"2.5": {
							"post": [1.88, 0.13, -0.7575],
							"lerp_mode": "catmullrom"
						},
						"2.5417": {
							"post": [1.88, 0.13, 0.4525],
							"lerp_mode": "catmullrom"
						},
						"2.625": {
							"post": [1.98, 0.13, -0.7875],
							"lerp_mode": "catmullrom"
						},
						"2.7083": {
							"post": [1.875, 0.125, 0.45],
							"lerp_mode": "catmullrom"
						},
						"2.9583": {
							"post": [-1.155, 0.05, 0.39],
							"lerp_mode": "catmullrom"
						},
						"3.2083": {
							"post": [-0.3, 0, 0.2],
							"lerp_mode": "catmullrom"
						},
						"3.2917": {
							"post": [0.225, 0, -0.1],
							"lerp_mode": "catmullrom"
						},
						"3.3333": {
							"post": [0, 0, 0],
							"lerp_mode": "catmullrom"
						},
						"3.375": {
							"post": [-0.125, 0, 0.1],
							"lerp_mode": "catmullrom"
						},
						"3.4167": {
							"post": [0.91, 0, 0],
							"lerp_mode": "catmullrom"
						},
						"3.5": {
							"post": [-1.17762, 0.10901, 1.45762],
							"lerp_mode": "catmullrom"
						},
						"3.5833": {
							"post": [-1.18205, -0.04278, -0.56667],
							"lerp_mode": "catmullrom"
						},
						"3.625": {
							"post": [-1.17987, 0.04725, 0.5481],
							"lerp_mode": "catmullrom"
						},
						"3.75": {
							"post": [0.5, 0.05, 0.55],
							"lerp_mode": "catmullrom"
						},
						"3.875": {
							"post": [1, 0, 0.805],
							"lerp_mode": "catmullrom"
						},
						"4.2083": {
							"post": [-0.2, 0, 0.35],
							"lerp_mode": "catmullrom"
						},
						"4.2917": {
							"post": [0.3, 0, -0.375],
							"lerp_mode": "catmullrom"
						},
						"4.4167": {
							"post": [-0.05, 0, 0.1],
							"lerp_mode": "catmullrom"
						},
						"4.5": {
							"post": [0, 0, 0],
							"lerp_mode": "catmullrom"
						}
					}
				},
				"L": {
					"rotation": {
						"3.4583": [0, 0, 0],
						"3.75": [-360, 0, 0]
					}
				},
				"hammer": {
					"rotation": {
						"3.5833": [22.5, 0, 0],
						"3.6667": [0, 0, 0]
					}
				},
				"lever": {
					"rotation": {
						"3.4167": [0, 0, 0],
						"3.5833": [-60, 0, 0],
						"3.625": [-60, 0, 0],
						"3.75": [0, 0, 0]
					}
				},
				"R": {
					"rotation": {
						"3.4583": [0, 0, 0],
						"3.75": [-360, 0, 0]
					}
				},
				"hammer2": {
					"rotation": {
						"3.5833": [22.5, 0, 0],
						"3.6667": [0, 0, 0]
					}
				},
				"lever2": {
					"rotation": {
						"3.4167": [0, 0, 0],
						"3.5833": [-60, 0, 0],
						"3.625": [-60, 0, 0],
						"3.75": [0, 0, 0]
					}
				},
				"bullet2": {
					"rotation": {
						"3.625": [52.5, 0, 0],
						"3.75": [0, 0, 0]
					},
					"scale": {
						"0.0": [0, 0, 0],
						"3.625": [1, 1, 1]
					}
				},
				"bullet": {
					"rotation": {
						"3.625": [52.5, 0, 0],
						"3.75": [0, 0, 0]
					},
					"scale": {
						"0.0": [0, 0, 0],
						"3.625": [1, 1, 1]
					}
				}
			},
			"sound_effects": {
				"0.0": {
					"effect": "nmw2:lockwoodmk2/jak_wardens_akimbo_l_reload_empty_01"
				},
				"0.0833": {
					"effect": "nmw2:lockwoodmk2/jak_wardens_akimbo_r_reload_empty_01"
				},
				"0.375": {
					"effect": "nmw2:lockwoodmk2/jak_wardens_akimbo_l_reload_empty_02"
				},
				"0.5": {
					"effect": "nmw2:lockwoodmk2/jak_wardens_akimbo_r_reload_empty_02"
				},
				"1.375": {
					"effect": "nmw2:lockwoodmk2/jak_wardens_akimbo_l_reload_empty_03"
				},
				"1.4583": {
					"effect": "nmw2:lockwoodmk2/jak_wardens_akimbo_r_reload_empty_03"
				},
				"2.125": {
					"effect": "nmw2:lockwoodmk2/jak_wardens_akimbo_l_reload_empty_04"
				},
				"2.2083": {
					"effect": "nmw2:lockwoodmk2/jak_wardens_akimbo_r_reload_empty_04"
				},
				"2.5": {
					"effect": "nmw2:lockwoodmk2/jak_wardens_akimbo_l_reload_empty_05"
				},
				"2.5833": {
					"effect": "nmw2:lockwoodmk2/jak_wardens_akimbo_r_reload_empty_05"
				},
				"3.3333": {
					"effect": "nmw2:lockwoodmk2/jak_wardens_akimbo_r_reload_empty_06"
				},
				"3.375": {
					"effect": "nmw2:lockwoodmk2/jak_wardens_akimbo_l_reload_empty_06"
				}
			}
		},
		"shoot": {
			"animation_length": 1.2083,
			"bones": {
				"jak_wardens_l": {
					"rotation": {
						"0.0": [0, 0, 0],
						"0.0417": [3.73, 0, 5.45],
						"0.0833": [-21.69, 0, -7.64],
						"0.125": [-20.87, 0, -3.32],
						"0.1667": [-18.29, -0.03, -4.16],
						"0.2083": [-15.07, 0, -5.47],
						"0.25": [-12.04, 0.43, -2.42],
						"0.2917": [-8.08, -0.29, -2.57],
						"0.3333": [-3.66, -0.9, -2.57],
						"0.375": [-1.67, -0.69, -1.69],
						"0.4167": [1.96, 0.22, 0.9],
						"0.4583": [2.89, 0.43, 1.61],
						"0.5": [2.74, 0.22, 1.48],
						"0.5417": [1.79, -0.24, 0.83],
						"0.5833": [-0.04, -0.96, -0.42],
						"0.625": [-0.13, -0.92, -0.5],
						"0.6667": [-0.05, -0.78, -0.48],
						"0.7083": [0.14, -0.57, -0.38],
						"0.75": [0.56, -0.13, -0.12],
						"0.7917": [0.68, 0, 0],
						"0.8333": [0.74, 0.09, 0.25],
						"0.875": [0.72, 0.07, 0.53],
						"0.9167": [0.43, 0.04, 0.71],
						"0.9583": [0.18, 0.03, 0.65],
						"1.0": [-0.07, 0.01, 0.55],
						"1.0417": [-0.22, 0, 0.45],
						"1.0833": [-0.16, 0, 0.21],
						"1.125": [-0.07, 0, 0.09],
						"1.1667": [0, 0, 0]
					},
					"position": {
						"0.0": [0, 0, 0],
						"0.0417": [0, -0.16, 5.23],
						"0.0833": [0, -0.82, 4.34],
						"0.125": [0, -0.77, 3.88],
						"0.1667": [0, -0.69, 3.36],
						"0.2083": [0, -0.6, 2.85],
						"0.25": [0, -0.46, 1.82],
						"0.2917": [0, -0.4, 1.3],
						"0.3333": [0, -0.32, 0.85],
						"0.375": [0, -0.29, 0.69],
						"0.4167": [0, -0.21, 0.39],
						"0.4583": [0, -0.17, 0.26],
						"0.5": [0, -0.13, 0.14],
						"0.5417": [0, -0.09, 0.03],
						"0.5833": [0, -0.04, -0.12],
						"0.625": [0, -0.01, -0.16],
						"0.6667": [0, 0, -0.13],
						"0.7083": [0, 0, -0.07],
						"0.75": [0, 0, 0.03],
						"0.7917": [0, 0, 0.03],
						"0.8333": [0, 0, 0.03],
						"0.875": [0, 0, 0.02],
						"0.9167": [0, 0, 0],
						"0.9583": [0, 0, 0],
						"1.0": [0, 0, 0],
						"1.0417": [0, 0, 0],
						"1.0833": [0, 0, 0],
						"1.125": [0, 0, 0],
						"1.1667": [0, 0, 0],
						"1.2083": [0, 0, 0]
					}
				},
				"hammer": {
					"rotation": [22.5, 0, 0]
				},
				"jak_wardens_r": {
					"rotation": {
						"0.0": [0, 0, 0],
						"0.0417": [3.73, 0, 5.45],
						"0.0833": [-21.69, 0, -7.64],
						"0.125": [-20.87, 0, -3.32],
						"0.1667": [-18.29, -0.03, -4.16],
						"0.2083": [-15.07, 0, -5.47],
						"0.25": [-12.04, 0.43, -2.42],
						"0.2917": [-8.08, -0.29, -2.57],
						"0.3333": [-3.66, -0.9, -2.57],
						"0.375": [-1.67, -0.69, -1.69],
						"0.4167": [1.96, 0.22, 0.9],
						"0.4583": [2.89, 0.43, 1.61],
						"0.5": [2.74, 0.22, 1.48],
						"0.5417": [1.79, -0.24, 0.83],
						"0.5833": [-0.04, -0.96, -0.42],
						"0.625": [-0.13, -0.92, -0.5],
						"0.6667": [-0.05, -0.78, -0.48],
						"0.7083": [0.14, -0.57, -0.38],
						"0.75": [0.56, -0.13, -0.12],
						"0.7917": [0.68, 0, 0],
						"0.8333": [0.74, 0.09, 0.25],
						"0.875": [0.72, 0.07, 0.53],
						"0.9167": [0.43, 0.04, 0.71],
						"0.9583": [0.18, 0.03, 0.65],
						"1.0": [-0.07, 0.01, 0.55],
						"1.0417": [-0.22, 0, 0.45],
						"1.0833": [-0.16, 0, 0.21],
						"1.125": [-0.07, 0, 0.09],
						"1.1667": [0, 0, 0]
					},
					"position": {
						"0.0": [0, 0, 0],
						"0.0417": [0, -0.16, 5.23],
						"0.0833": [0, -0.82, 4.34],
						"0.125": [0, -0.77, 3.88],
						"0.1667": [0, -0.69, 3.36],
						"0.2083": [0, -0.6, 2.85],
						"0.25": [0, -0.46, 1.82],
						"0.2917": [0, -0.4, 1.3],
						"0.3333": [0, -0.32, 0.85],
						"0.375": [0, -0.29, 0.69],
						"0.4167": [0, -0.21, 0.39],
						"0.4583": [0, -0.17, 0.26],
						"0.5": [0, -0.13, 0.14],
						"0.5417": [0, -0.09, 0.03],
						"0.5833": [0, -0.04, -0.12],
						"0.625": [0, -0.01, -0.16],
						"0.6667": [0, 0, -0.13],
						"0.7083": [0, 0, -0.07],
						"0.75": [0, 0, 0.03],
						"0.7917": [0, 0, 0.03],
						"0.8333": [0, 0, 0.03],
						"0.875": [0, 0, 0.02],
						"0.9167": [0, 0, 0],
						"0.9583": [0, 0, 0],
						"1.0": [0, 0, 0],
						"1.0417": [0, 0, 0],
						"1.0833": [0, 0, 0],
						"1.125": [0, 0, 0],
						"1.1667": [0, 0, 0],
						"1.2083": [0, 0, 0]
					}
				},
				"hammer2": {
					"rotation": [22.5, 0, 0]
				},
				"camera": {
					"rotation": {
						"0.0": [0, 0, 0],
						"0.0417": [0, 0, 2.98],
						"0.0833": [0, 0, -1.77],
						"0.125": [0, 0, -1.11],
						"0.1667": [0, 0, 0.44],
						"0.2083": [0, 0, 1.45],
						"0.25": [0, 0, 0.8],
						"0.2917": [0, 0, 0.18],
						"0.3333": [0, 0, -0.2],
						"0.375": [0, 0, -0.24],
						"0.4167": [0, 0, -0.02],
						"0.4583": [0, 0, 0.13],
						"0.5": [0, 0, 0.2],
						"0.5417": [0, 0, 0.2],
						"0.5833": [0, 0, 0.15],
						"0.625": [0, 0, 0.1],
						"0.6667": [0, 0, 0.06],
						"0.7083": [0, 0, 0.02],
						"0.75": [0, 0, 0]
					}
				}
			}
		},
		"bolt": {
			"animation_length": 1.1667,
			"bones": {
				"jak_wardens_l": {
					"rotation": {
						"0.0": [0, 0, 0],
						"0.0667": [0, 0, 0],
						"0.1667": [-75, 0, 0],
						"0.3333": {
							"pre": [-50, 0, 0],
							"post": [-50, 0, 0],
							"lerp_mode": "catmullrom"
						},
						"0.4333": {
							"post": [-60, 0, 0],
							"lerp_mode": "catmullrom"
						},
						"0.4667": {
							"post": [-60, 0, 0],
							"lerp_mode": "catmullrom"
						},
						"0.5667": {
							"post": [-75, 0, 0],
							"lerp_mode": "catmullrom"
						},
						"0.6667": {
							"post": [-65, 0, 0],
							"lerp_mode": "catmullrom"
						},
						"0.8333": {
							"post": [5.69933, -0.58037, 11.10465],
							"lerp_mode": "catmullrom"
						},
						"0.9333": {
							"post": [7.20197, -1.26726, -0.75009],
							"lerp_mode": "catmullrom"
						},
						"1.0333": {
							"post": [0.25, -0.5, -2.25],
							"lerp_mode": "catmullrom"
						},
						"1.1333": {
							"post": [0, 0, -1],
							"lerp_mode": "catmullrom"
						},
						"1.2333": {
							"post": [0, 0, 0],
							"lerp_mode": "catmullrom"
						}
					},
					"position": {
						"0.0": [0, 0, 0],
						"0.0667": [-1, -1, 0],
						"0.1667": [4, 1, -2.84],
						"0.2333": [4, -1, -2.84],
						"0.3": {
							"pre": [4, -1, -4.84],
							"post": [4, -1, -4.84],
							"lerp_mode": "catmullrom"
						},
						"0.3667": {
							"post": [4, 0, -4.84],
							"lerp_mode": "catmullrom"
						},
						"0.4333": {
							"post": [4, 0, -3.84],
							"lerp_mode": "catmullrom"
						},
						"0.5667": {
							"post": [4, -1, -3.84],
							"lerp_mode": "catmullrom"
						},
						"0.8": {
							"post": [0.96, -1.15625, -0.81],
							"lerp_mode": "catmullrom"
						},
						"0.9333": {
							"post": [0, -0.125, 0.55],
							"lerp_mode": "catmullrom"
						},
						"1.0333": {
							"post": [0, 0, -0.125],
							"lerp_mode": "catmullrom"
						},
						"1.1667": {
							"post": [0, 0, 0],
							"lerp_mode": "catmullrom"
						}
					}
				},
				"lefthand": {
					"rotation": {
						"0.0": [92.5, 355, 180],
						"0.1667": [88.65, 355, 180],
						"0.3": [82.5, 355, 180],
						"0.3667": [60, 355, 180],
						"0.4667": [92.5, 355, 180]
					},
					"position": {
						"0.0": [16.75, -13, -2],
						"0.1667": [17.25, -18.38, -3.23],
						"0.2333": [17.25, -15.19, -7.11],
						"0.3": [17.25, -14, -3],
						"0.3667": [17.25, -14, 0],
						"0.4667": [16.75, -13, -2]
					},
					"scale": [1, 1.5, 1]
				},
				"L": {
					"rotation": {
						"0.1333": [0, 0, 0],
						"0.4333": [-360, 0, 0]
					}
				},
				"hammer": {
					"rotation": {
						"0.2333": [22.5, 0, 0],
						"0.3333": [0, 0, 0]
					}
				},
				"lever": {
					"rotation": {
						"0.0667": [0, 0, 0],
						"0.2333": [-60, 0, 0],
						"0.3": [-60, 0, 0],
						"0.4333": [0, 0, 0]
					}
				},
				"bullet": {
					"rotation": {
						"0.1667": [22.5, 0, 0],
						"0.2667": [0, 0, 0],
						"0.4": [-360, 0, 0],
						"0.4333": [0, 0, 0]
					},
					"position": {
						"0.2": [0, 0, 0],
						"0.3333": [14, 13, 9],
						"0.4333": [0, 0, 0]
					},
					"scale": {
						"0.3333": [1, 1, 1],
						"0.3667": [0, 0, 0],
						"0.5333": [0, 0, 0],
						"0.5667": [1, 1, 1]
					}
				},
				"jak_wardens_r": {
					"rotation": {
						"0.0": [0, 0, 0],
						"0.0667": [0, 0, 0],
						"0.1667": [-75, 0, 0],
						"0.3333": {
							"pre": [-50, 0, 0],
							"post": [-50, 0, 0],
							"lerp_mode": "catmullrom"
						},
						"0.4333": {
							"post": [-60, 0, 0],
							"lerp_mode": "catmullrom"
						},
						"0.4667": {
							"post": [-60, 0, 0],
							"lerp_mode": "catmullrom"
						},
						"0.5667": {
							"post": [-75, 0, 0],
							"lerp_mode": "catmullrom"
						},
						"0.6667": {
							"post": [-65, 0, 0],
							"lerp_mode": "catmullrom"
						},
						"0.8333": {
							"post": [5.69933, 0.58037, -11.10465],
							"lerp_mode": "catmullrom"
						},
						"0.9333": {
							"post": [7.20197, 1.26726, 0.75009],
							"lerp_mode": "catmullrom"
						},
						"1.0333": {
							"post": [0.25, 0.5, 2.25],
							"lerp_mode": "catmullrom"
						},
						"1.1333": {
							"post": [0, 0, 1],
							"lerp_mode": "catmullrom"
						},
						"1.2333": {
							"post": [0, 0, 0],
							"lerp_mode": "catmullrom"
						}
					},
					"position": {
						"0.0": [0, 0, 0],
						"0.0667": [1, -1, 0],
						"0.1667": [-4, 1, -1.601],
						"0.2333": [-4, -1, -1.601],
						"0.3": {
							"pre": [-4, -1, -3.601],
							"post": [-4, -1, -3.601],
							"lerp_mode": "catmullrom"
						},
						"0.3667": {
							"post": [-4, 0, -3.601],
							"lerp_mode": "catmullrom"
						},
						"0.4333": {
							"post": [-4, 0, -2.601],
							"lerp_mode": "catmullrom"
						},
						"0.5667": {
							"post": [-4, -1, -2.601],
							"lerp_mode": "catmullrom"
						},
						"0.8": {
							"post": [-0.96, -1.15625, -0.81],
							"lerp_mode": "catmullrom"
						},
						"0.9333": {
							"post": [0, -0.125, 0.55],
							"lerp_mode": "catmullrom"
						},
						"1.0333": {
							"post": [0, 0, -0.125],
							"lerp_mode": "catmullrom"
						},
						"1.1667": {
							"post": [0, 0, 0],
							"lerp_mode": "catmullrom"
						}
					}
				},
				"R": {
					"rotation": {
						"0.1333": [0, 0, 0],
						"0.4333": [-360, 0, 0]
					}
				},
				"hammer2": {
					"rotation": {
						"0.2333": [22.5, 0, 0],
						"0.3333": [0, 0, 0]
					}
				},
				"lever2": {
					"rotation": {
						"0.0667": [0, 0, 0],
						"0.2333": [-60, 0, 0],
						"0.3": [-60, 0, 0],
						"0.4333": [0, 0, 0]
					}
				},
				"bullet2": {
					"rotation": {
						"0.1667": [22.5, 0, 0],
						"0.2667": [0, 0, 0],
						"0.4": [-360, 0, 0],
						"0.4333": [0, 0, 0]
					},
					"position": {
						"0.2": [0, 0, 0],
						"0.3333": [-14, 13, 9],
						"0.4333": [0, 0, 0]
					},
					"scale": {
						"0.3333": [1, 1, 1],
						"0.3667": [0, 0, 0],
						"0.5333": [0, 0, 0],
						"0.5667": [1, 1, 1]
					}
				},
				"righthand": {
					"rotation": {
						"0.0": [92.5, -355, -180],
						"0.1667": [88.65, -355, -180],
						"0.3": [82.5, -355, -180],
						"0.3667": [60, -355, -180],
						"0.4667": [92.5, -355, -180]
					},
					"position": {
						"0.0": [-10.75, -13, -2],
						"0.1667": [-11.75, -18.38, -3.23],
						"0.2333": [-11.75, -15.19, -7.11],
						"0.3": [-11.75, -14, -3],
						"0.3667": [-11.75, -14, 0],
						"0.4667": [-10.75, -13, -2]
					},
					"scale": [1, 1.5, 1]
				},
				"camera": {
					"rotation": {
						"0.0": {
							"post": [0, 0, 0],
							"lerp_mode": "catmullrom"
						},
						"0.1": {
							"post": [0.91, 0, 0],
							"lerp_mode": "catmullrom"
						},
						"0.1667": {
							"post": [-1.17762, 0.10901, 1.45762],
							"lerp_mode": "catmullrom"
						},
						"0.2333": {
							"post": [-1.18205, -0.04278, -0.56667],
							"lerp_mode": "catmullrom"
						},
						"0.3": {
							"post": [-1.17987, 0.04725, 0.5481],
							"lerp_mode": "catmullrom"
						},
						"0.4333": {
							"post": [0.5, 0.05, 0.55],
							"lerp_mode": "catmullrom"
						},
						"0.5333": {
							"post": [1, 0, 0.805],
							"lerp_mode": "catmullrom"
						},
						"0.8667": {
							"post": [-0.2, 0, 0.35],
							"lerp_mode": "catmullrom"
						},
						"0.9667": {
							"post": [0.3, 0, -0.375],
							"lerp_mode": "catmullrom"
						},
						"1.0667": {
							"post": [-0.05, 0, 0.1],
							"lerp_mode": "catmullrom"
						},
						"1.1667": {
							"post": [0, 0, 0],
							"lerp_mode": "catmullrom"
						}
					}
				}
			},
			"sound_effects": {
				"0.0333": {
					"effect": "bnw:dual_m1887/wfoly_sbeta_sn_rechamber_start"
				},
				"0.1667": {
					"effect": "bnw:dual_m1887/wfoly_sbeta_sn_rechamber_open"
				},
				"0.3": {
					"effect": "bnw:dual_m1887/wfoly_sbeta_sn_rechamber_close"
				},
				"0.5333": {
					"effect": "bnw:dual_m1887/wfoly_sbeta_sn_rechamber_end"
				}
			}
		},
		"static_bolt_caught": {
			"loop": true,
			"bones": {
				"hammer": {
					"rotation": [22.5, 0, 0]
				},
				"hammer2": {
					"rotation": [22.5, 0, 0]
				}
			}
		},
		"run_start": {
			"loop": "hold_on_last_frame",
			"animation_length": 0.4167,
			"bones": {
				"jak_wardens_l": {
					"rotation": {
						"0.0": [0, 0, 0],
						"0.125": {
							"pre": [-30.348, -5.443, -15.653],
							"post": [-30.348, -5.443, -15.653],
							"lerp_mode": "catmullrom"
						},
						"0.25": {
							"post": [-56.54, -11.48, -8.489],
							"lerp_mode": "catmullrom"
						},
						"0.3333": {
							"post": [-70.732, -3.267, -0.811],
							"lerp_mode": "catmullrom"
						},
						"0.375": {
							"post": [-72.366, 3.665, 2.791],
							"lerp_mode": "catmullrom"
						},
						"0.4167": {
							"post": [-72.368, 11.14, 3.076],
							"lerp_mode": "catmullrom"
						}
					},
					"position": {
						"0.0": {
							"post": [0, 0, 0],
							"lerp_mode": "catmullrom"
						},
						"0.0833": {
							"post": [-0.392, -0.399, -0.186],
							"lerp_mode": "catmullrom"
						},
						"0.2083": {
							"post": [1.365, -2.039, -0.888],
							"lerp_mode": "catmullrom"
						},
						"0.3333": {
							"post": [2.21, -2.636, -1.763],
							"lerp_mode": "catmullrom"
						},
						"0.4167": {
							"post": [2.635, -2.934, -1.715],
							"lerp_mode": "catmullrom"
						}
					},
					"scale": {
						"0.0": [1, 1, 1],
						"0.4167": [1, 1, 1]
					}
				},
				"jak_wardens_r": {
					"rotation": {
						"0.0": [0, 0, 0],
						"0.125": {
							"pre": [-30.348, 5.443, 15.653],
							"post": [-30.348, 5.443, 15.653],
							"lerp_mode": "catmullrom"
						},
						"0.25": {
							"post": [-56.54, 13.945, 8.489],
							"lerp_mode": "catmullrom"
						},
						"0.3333": {
							"post": [-70.732, 10.397, 2.756],
							"lerp_mode": "catmullrom"
						},
						"0.375": {
							"post": [-72.366, 11.115, 3.044],
							"lerp_mode": "catmullrom"
						},
						"0.4167": {
							"post": [-72.368, 11.14, 3.076],
							"lerp_mode": "catmullrom"
						}
					},
					"position": {
						"0.0": {
							"post": [0, 0, 0],
							"lerp_mode": "catmullrom"
						},
						"0.0833": {
							"post": [0.392, -0.399, -0.186],
							"lerp_mode": "catmullrom"
						},
						"0.2083": {
							"post": [-3.105, -2.429, -3.063],
							"lerp_mode": "catmullrom"
						},
						"0.3333": {
							"post": [-4.345, -3.026, -3.113],
							"lerp_mode": "catmullrom"
						},
						"0.4167": {
							"post": [-4.375, -2.934, -2.68],
							"lerp_mode": "catmullrom"
						}
					},
					"scale": {
						"0.0": [1, 1, 1],
						"0.4167": [1, 1, 1]
					}
				}
			}
		},
		"run": {
			"loop": true,
			"animation_length": 0.75,
			"bones": {
				"jak_wardens_l": {
					"rotation": {
						"0.0": {
							"post": [-72.368, 11.14, 3.076],
							"lerp_mode": "catmullrom"
						},
						"0.0833": {
							"post": [-75.88202, 14.94928, 4.333],
							"lerp_mode": "catmullrom"
						},
						"0.25": {
							"post": [-72.885, 14.95, 4.33],
							"lerp_mode": "catmullrom"
						},
						"0.3333": {
							"post": [-73.65403, 4.85913, -0.12143],
							"lerp_mode": "catmullrom"
						},
						"0.375": {
							"post": [-73.72661, 2.10052, -1.29927],
							"lerp_mode": "catmullrom"
						},
						"0.5": {
							"post": [-71.725, 2.1, -1.3],
							"lerp_mode": "catmullrom"
						},
						"0.75": {
							"post": [-72.368, 11.14, 3.076],
							"lerp_mode": "catmullrom"
						}
					},
					"position": {
						"0.0": {
							"post": [2.635, -2.934, -1.715],
							"lerp_mode": "catmullrom"
						},
						"0.125": {
							"post": [2.64, -3.635, -1.985],
							"lerp_mode": "catmullrom"
						},
						"0.2917": {
							"post": [2.64, -4.9, -1.98],
							"lerp_mode": "catmullrom"
						},
						"0.4167": {
							"post": [2.095, -4.28, -2.675],
							"lerp_mode": "catmullrom"
						},
						"0.5": {
							"post": [2.1, -3.765, -3.31],
							"lerp_mode": "catmullrom"
						},
						"0.625": {
							"post": [2.1, -4.73, -3.31],
							"lerp_mode": "catmullrom"
						},
						"0.75": {
							"post": [2.635, -2.934, -1.715],
							"lerp_mode": "catmullrom"
						}
					},
					"scale": 1
				},
				"jak_wardens_r": {
					"rotation": {
						"0.0": {
							"post": [-72.368, 11.14, 3.076],
							"lerp_mode": "catmullrom"
						},
						"0.0833": {
							"post": [-77.88702, -4.91928, -4.333],
							"lerp_mode": "catmullrom"
						},
						"0.25": {
							"post": [-74.89, -2, -4.33],
							"lerp_mode": "catmullrom"
						},
						"0.3333": {
							"post": [-75.65903, 0.56587, 0.12143],
							"lerp_mode": "catmullrom"
						},
						"0.375": {
							"post": [-75.73161, 3.32448, 1.29927],
							"lerp_mode": "catmullrom"
						},
						"0.5": {
							"post": [-73.73, 8.18, 1.3],
							"lerp_mode": "catmullrom"
						},
						"0.75": {
							"post": [-72.368, 11.14, 3.076],
							"lerp_mode": "catmullrom"
						}
					},
					"position": {
						"0.0": {
							"post": [-4.375, -2.934, -2.68],
							"lerp_mode": "catmullrom"
						},
						"0.125": {
							"post": [-2.64, -3.635, -2.97],
							"lerp_mode": "catmullrom"
						},
						"0.2917": {
							"post": [-2.64, -4.9, -2.975],
							"lerp_mode": "catmullrom"
						},
						"0.4167": {
							"post": [-2.095, -4.28, -2.28],
							"lerp_mode": "catmullrom"
						},
						"0.5": {
							"post": [-2.1, -3.765, -1.645],
							"lerp_mode": "catmullrom"
						},
						"0.625": {
							"post": [-2.1, -4.73, -1.645],
							"lerp_mode": "catmullrom"
						},
						"0.75": {
							"post": [-4.375, -2.934, -2.68],
							"lerp_mode": "catmullrom"
						}
					},
					"scale": {
						"0.0": [1, 1, 1],
						"0.625": [1, 1, 1]
					}
				}
			}
		},
		"run_end": {
			"animation_length": 0.5,
			"bones": {
				"jak_wardens_l": {
					"rotation": {
						"0.0": {
							"post": [-72.368, 11.14, 3.076],
							"lerp_mode": "catmullrom"
						},
						"0.0833": {
							"post": [-46.968, 1.025, -2.094],
							"lerp_mode": "catmullrom"
						},
						"0.1667": {
							"post": [-8.792, 1.477, -8.424],
							"lerp_mode": "catmullrom"
						},
						"0.25": {
							"post": [-0.715, 0.305, 0.431],
							"lerp_mode": "catmullrom"
						},
						"0.3333": {
							"post": [1.69, 0.425, -2.773],
							"lerp_mode": "catmullrom"
						},
						"0.375": {
							"post": [-0.166, 0.409, 0.436],
							"lerp_mode": "catmullrom"
						},
						"0.5": {
							"post": [0, 0, 0],
							"lerp_mode": "catmullrom"
						}
					},
					"position": {
						"0.0": {
							"post": [2.635, -2.934, -1.715],
							"lerp_mode": "catmullrom"
						},
						"0.0833": {
							"post": [2.965, -3.406, -3.028],
							"lerp_mode": "catmullrom"
						},
						"0.1667": {
							"post": [0, -2.525, -3.803],
							"lerp_mode": "catmullrom"
						},
						"0.3333": {
							"post": [-0.035, -0.097, -0.125],
							"lerp_mode": "catmullrom"
						},
						"0.4167": {
							"post": [0, 0.055, 0.111],
							"lerp_mode": "catmullrom"
						},
						"0.5": {
							"post": [0, 0, 0],
							"lerp_mode": "catmullrom"
						}
					},
					"scale": 1
				},
				"jak_wardens_r": {
					"rotation": {
						"0.0": {
							"post": [-72.368, 11.14, 3.076],
							"lerp_mode": "catmullrom"
						},
						"0.0833": {
							"post": [-46.968, -1.025, 2.094],
							"lerp_mode": "catmullrom"
						},
						"0.1667": {
							"post": [-8.792, -1.477, 8.424],
							"lerp_mode": "catmullrom"
						},
						"0.25": {
							"post": [-0.715, -0.305, -0.431],
							"lerp_mode": "catmullrom"
						},
						"0.3333": {
							"post": [1.69, -0.425, 2.773],
							"lerp_mode": "catmullrom"
						},
						"0.375": {
							"post": [-0.166, -0.409, -0.436],
							"lerp_mode": "catmullrom"
						},
						"0.5": {
							"post": [0, 0, 0],
							"lerp_mode": "catmullrom"
						}
					},
					"position": {
						"0.0": {
							"post": [-4.375, -2.934, -2.68],
							"lerp_mode": "catmullrom"
						},
						"0.0833": {
							"post": [-2.965, -3.406, -3.028],
							"lerp_mode": "catmullrom"
						},
						"0.1667": {
							"post": [0, -2.525, -3.803],
							"lerp_mode": "catmullrom"
						},
						"0.3333": {
							"post": [0.035, -0.097, -0.125],
							"lerp_mode": "catmullrom"
						},
						"0.4167": {
							"post": [0, 0.055, 0.111],
							"lerp_mode": "catmullrom"
						},
						"0.5": {
							"post": [0, 0, 0],
							"lerp_mode": "catmullrom"
						}
					},
					"scale": 1
				}
			}
		},
		"run_hold": {
			"loop": true,
			"bones": {
				"jak_wardens_l": {
					"rotation": {
						"0.0": {
							"post": [-72.368, 11.14, 3.076],
							"lerp_mode": "catmullrom"
						}
					},
					"position": {
						"0.0": {
							"post": [2.635, -2.934, -1.715],
							"lerp_mode": "catmullrom"
						}
					},
					"scale": 1
				},
				"jak_wardens_r": {
					"rotation": {
						"0.0": {
							"post": [-72.368, 11.14, 3.076],
							"lerp_mode": "catmullrom"
						}
					},
					"position": {
						"0.0": {
							"post": [-4.375, -2.934, -2.68],
							"lerp_mode": "catmullrom"
						}
					},
					"scale": 1
				}
			}
		},
		"draw": {
			"loop": "hold_on_last_frame",
			"animation_length": 0.875,
			"bones": {
				"lefthand": {
					"rotation": [92.5, 355, 180],
					"position": [16.75, -13, -2],
					"scale": [1, 1.5, 1]
				},
				"righthand": {
					"rotation": [92.5, -355, -180],
					"position": [-10.75, -13, -2],
					"scale": [1, 1.5, 1]
				},
				"constraint": {
					"rotation": [0.2, 0.2, 0.2],
					"position": [0.2, 0.2, 0.2]
				},
				"jak_wardens_l": {
					"rotation": {
						"0.0417": [2.64915, 75.13009, -31.81971],
						"0.0833": [1.12399, 52.63728, -33.4935],
						"0.125": [0.41, 51.49, -32.03],
						"0.1667": [-0.85, 51.71, -26.12],
						"0.2083": [-1.39, 47.375, -22.92],
						"0.25": [-1.65, 39.845, -20.1],
						"0.2917": [-1.54, 26.5, -17.61],
						"0.3333": [-0.68, 15.46, -12.92],
						"0.375": [-0.21, 10.08, -10.79],
						"0.4167": [0.1, 6.07, -8.88],
						"0.4583": [0.23, 3.2, -6.78],
						"0.5": [0.16, 0.89, -3.43],
						"0.5417": [0.11, 0.29, -2.12],
						"0.5833": [0.05, 0.02, -0.15],
						"0.625": [-0.01, 0.43, 0.76],
						"0.6667": [-0.01, 0.17, -0.96],
						"0.7083": [-0.01, 0.1, -0.8],
						"0.75": [0, 0.04, -0.35],
						"0.7917": [0, 0, 0]
					},
					"position": {
						"0.0417": [8.18, -7.63, 18.53],
						"0.0833": [3.18, -7.635, 13.53],
						"0.125": [2.73, -6.05, 11.4],
						"0.1667": [1.41, -4.655, 5.12],
						"0.2083": [0.9, -3.915, 2.7],
						"0.25": [0.61, -3.405, 1.29],
						"0.2917": [0.45, -2.995, 0.43],
						"0.3333": [0.25, -2.405, -0.49],
						"0.375": [0.14, -2.03, -0.75],
						"0.4167": [0.07, -1.765, -0.66],
						"0.4583": [0.03, -1.3075, -0.5],
						"0.625": [0.02, 0.13, 0.02],
						"0.6667": [0.01, -0.02, -0.06],
						"0.7083": [0, -0.01, -0.04],
						"0.75": [0, 0, -0.02],
						"0.7917": [0, 0, 0]
					}
				},
				"jak_wardens_r": {
					"rotation": {
						"0.0417": [-1.93522, -74.20451, 27.31503],
						"0.0833": [-0.85, -51.71, 26.12],
						"0.125": [-1.39, -47.375, 22.92],
						"0.1667": [-1.65, -39.845, 20.1],
						"0.2083": [-1.54, -26.5, 17.61],
						"0.25": [-0.68, -15.46, 12.92],
						"0.2917": [-0.21, -10.08, 10.79],
						"0.3333": [0.1, -6.07, 8.88],
						"0.375": [0.23, -3.2, 6.78],
						"0.4167": [0.16, -0.89, 3.43],
						"0.4583": [0.11, -0.29, 2.12],
						"0.5": [0.05, -0.02, 0.15],
						"0.5417": [-0.01, -0.43, -0.76],
						"0.5833": [-0.01, -0.17, 0.96],
						"0.625": [-0.01, -0.1, 0.8],
						"0.6667": [0, -0.04, 0.35],
						"0.7083": [0, 0, 0]
					},
					"position": {
						"0.0417": [-6.41, -2.45, 10.12],
						"0.0833": [-1.41, -2.45, 5.12],
						"0.125": [-0.9, -1.71, 2.7],
						"0.1667": [-0.61, -0.2, 1.29],
						"0.2083": [-0.45, -0.79, 0.43],
						"0.25": [-0.25, -0.2, -0.49],
						"0.2917": [-0.14, 0.05, -0.75],
						"0.3333": [-0.07, 0.19, -0.66],
						"0.375": [-0.03, 0.29, -0.5],
						"0.4167": [-0.02, 0.4, -0.02],
						"0.4583": {
							"pre": [-0.03, 0.44, 0.16],
							"post": [-0.03, 0.44, 0.16],
							"lerp_mode": "catmullrom"
						},
						"0.625": {
							"post": [0, -0.01, -0.04],
							"lerp_mode": "catmullrom"
						},
						"0.6667": {
							"post": [0, 0, -0.02],
							"lerp_mode": "catmullrom"
						},
						"0.7083": [0, 0, 0]
					}
				},
				"camera": {
					"rotation": {
						"0.0": [0, 0, 0],
						"0.0417": [0.14, -0.01, 0.01],
						"0.0833": [0.55, -0.05, 0.1],
						"0.125": [0.77, -0.13, 0.3],
						"0.1667": [0.99, -0.24, 0.56],
						"0.2083": [1.1, -0.3, 0.7],
						"0.25": [1.03, -0.29, 0.59],
						"0.2917": [0.93, -0.26, 0.47],
						"0.3333": [0.82, -0.23, 0.36],
						"0.375": [0.7, -0.2, 0.3],
						"0.4167": [0.1, -0.06, 0.41],
						"0.4583": [-0.1, 0, 0.4],
						"0.5": [0.01, 0.07, 0.03],
						"0.5417": [0.2, 0.1, -0.3],
						"0.5833": [0.07, 0.03, -0.04],
						"0.625": [0, 0, 0.1],
						"0.6667": [-0.01, -0.01, 0.11],
						"0.7083": [-0.01, -0.01, 0.08],
						"0.75": [0, 0, 0]
					}
				}
			},
			"sound_effects": {
				"0.0": {
					"effect": "nmw2:lockwoodmk2/jak_wardens_akimbo_l_raise_01"
				},
				"0.0417": {
					"effect": "nmw2:lockwoodmk2/jak_wardens_akimbo_r_raise_01"
				}
			}
		},
		"put_away": {
			"animation_length": 0.5,
			"bones": {
				"lefthand": {
					"rotation": [92.5, 355, 180],
					"position": [16.75, -13, -2],
					"scale": [1, 1.5, 1]
				},
				"righthand": {
					"rotation": [92.5, -355, -180],
					"position": [-10.75, -13, -2],
					"scale": [1, 1.5, 1]
				},
				"constraint": {
					"rotation": [0.2, 0.2, 0.2],
					"position": [0.2, 0.2, 0.2]
				},
				"jak_wardens_l": {
					"rotation": {
						"0.0": {
							"post": [0, 0, 0],
							"lerp_mode": "catmullrom"
						},
						"0.0417": {
							"post": [-1.51, 0, 0],
							"lerp_mode": "catmullrom"
						},
						"0.125": [-1.79, 1.34, 1.72],
						"0.1667": [0.715, 7.36, 7.72],
						"0.2083": [3.125, 11.73, 10.29],
						"0.2917": [7.765, 17.59, 11.69],
						"0.3333": {
							"pre": [11.2, 23.2, 11.29],
							"post": [11.2, 23.2, 11.29],
							"lerp_mode": "catmullrom"
						},
						"0.375": {
							"post": [15.02, 25.65, 12.27],
							"lerp_mode": "catmullrom"
						},
						"0.4167": {
							"post": [19.18, 28.21, 13.51],
							"lerp_mode": "catmullrom"
						},
						"0.4583": {
							"post": [23.38, 30.78, 14.78],
							"lerp_mode": "catmullrom"
						},
						"0.5": [38.74, 37.82, 17.36]
					},
					"position": {
						"0.0": {
							"post": [0, 0, 0],
							"lerp_mode": "catmullrom"
						},
						"0.0833": {
							"post": [-0.16, -0.2, 0.205],
							"lerp_mode": "catmullrom"
						},
						"0.125": [0.05, -0.585, 0.345],
						"0.1667": [0.155, -0.94, 0.555],
						"0.2083": [0.225, -1.47, 0.545],
						"0.25": [0.225, -1.79, 0.485],
						"0.2917": [0.165, -2.14, 0.375],
						"0.3333": [-0.175, -3.01, 0.185],
						"0.375": [-0.385, -3.47, 0.095],
						"0.4167": [-0.635, -3.98, 0.53],
						"0.4583": [-0.955, -5.025, 1.42],
						"0.5": [-1.67, -5.76, 2.95]
					}
				},
				"jak_wardens_r": {
					"rotation": {
						"0.0": [0, 0, 0],
						"0.0417": [-0.56, -1.34, -1.72],
						"0.0833": [1.37, -7.36, -7.72],
						"0.125": [4.37, -11.73, -10.29],
						"0.1667": [6.5, -14.6, -9.53],
						"0.2083": [9.01, -17.59, -7.69],
						"0.25": [15.93, -23.2, -7.29],
						"0.2917": [19.75, -25.65, -8.27],
						"0.3333": [23.91, -28.21, -9.51],
						"0.375": [28.11, -30.78, -10.78],
						"0.4167": [38.74, -37.82, -13.36]
					},
					"position": {
						"0.0": [0, 0, 0],
						"0.0417": [-0.21, -0.18, 0.14],
						"0.0833": [-0.6, -0.94, 0.35],
						"0.125": [-0.67, -1.47, 0.34],
						"0.1667": [-0.67, -1.79, 0.28],
						"0.2083": [-0.61, -2.14, 0.17],
						"0.25": [-0.27, -3.01, -0.02],
						"0.2917": [-0.06, -3.47, -0.11],
						"0.3333": [0.19, -3.98, 0.53],
						"0.375": [0.51, -5.025, 1.42],
						"0.4167": [1.67, -5.76, 2.95]
					}
				},
				"camera": {
					"rotation": {
						"0.0": [0, 0, 0],
						"0.0417": [0.05, 0, -0.04],
						"0.0833": [0.22, 0, -0.13],
						"0.125": [0.3, 0, -0.12],
						"0.1667": [0.43, 0, 0],
						"0.2083": [0.56, 0, 0.18],
						"0.25": [0.64, 0, 0.29],
						"0.2917": [0.59, 0, 0.22],
						"0.3333": [0.5, 0, 0.15],
						"0.375": [0.42, 0, 0.12],
						"0.4167": [0.18, 0, 0.05]
					}
				}
			},
			"sound_effects": {
				"0.0": {
					"effect": "nmw2:lockwoodmk2/jak_wardens_akimbo_l_drop_01"
				},
				"0.0417": {
					"effect": "nmw2:lockwoodmk2/jak_wardens_akimbo_r_drop_01"
				}
			}
		},
		"inspect": {
			"animation_length": 7.4167,
			"bones": {
				"lefthand": {
					"rotation": [92.5, 355, 180],
					"position": {
						"0.0": [16.75, -13, -2],
						"0.1667": [17.99, -13, -2],
						"3.125": [17.99, -13, -2],
						"3.3333": [16.75, -13, -2]
					},
					"scale": [1, 1.5, 1]
				},
				"righthand": {
					"rotation": [92.5, -355, -180],
					"position": {
						"0.0": [-10.75, -13, -2],
						"3.3333": [-10.75, -13, -2],
						"3.5417": [-12.105, -13, -2],
						"6.5": [-12.105, -13, -2],
						"6.7083": [-10.75, -13, -2]
					},
					"scale": [1, 1.5, 1]
				},
				"constraint": {
					"rotation": [0.2, 0.2, 0.2],
					"position": [0.2, 0.2, 0.2]
				},
				"jak_wardens_l": {
					"rotation": {
						"0.0": {
							"post": [0, 0, 0],
							"lerp_mode": "catmullrom"
						},
						"0.3333": {
							"post": [-33.51375, 26.86471, 31.54807],
							"lerp_mode": "catmullrom"
						},
						"0.4583": {
							"post": [-33.26863, 29.8742, 34.61934],
							"lerp_mode": "catmullrom"
						},
						"0.9167": {
							"post": [-31.58838, 31.41201, 36.25212],
							"lerp_mode": "catmullrom"
						},
						"1.5833": {
							"post": [-33.26863, 29.8742, 34.61934],
							"lerp_mode": "catmullrom"
						},
						"1.875": {
							"post": [-26.42542, 25.20708, 45.63052],
							"lerp_mode": "catmullrom"
						},
						"2.0417": {
							"post": [-29.94048, 26.85162, 42.05998],
							"lerp_mode": "catmullrom"
						},
						"2.625": {
							"post": [-29.845, 27.275, 42.795],
							"lerp_mode": "catmullrom"
						},
						"3.2083": {
							"post": [-27.36548, 24.64162, 39.84998],
							"lerp_mode": "catmullrom"
						},
						"3.5417": {
							"post": [-5.41603, -1.88511, 3.09621],
							"lerp_mode": "catmullrom"
						},
						"3.7917": {
							"post": [8.285, 0, 0],
							"lerp_mode": "catmullrom"
						},
						"4.0833": {
							"post": [7, 0, 0],
							"lerp_mode": "catmullrom"
						},
						"6.7917": {
							"post": [7, 0, 0],
							"lerp_mode": "catmullrom"
						},
						"6.9583": {
							"post": [3.97034, 0.27741, -3.99038],
							"lerp_mode": "catmullrom"
						},
						"7.1667": {
							"post": [0, 0, 0],
							"lerp_mode": "catmullrom"
						}
					},
					"position": {
						"0.0": {
							"post": [0, 0, 0],
							"lerp_mode": "catmullrom"
						},
						"0.1667": {
							"post": [2.13, 3.425, 0],
							"lerp_mode": "catmullrom"
						},
						"0.3333": {
							"post": [2.36, 4, 0],
							"lerp_mode": "catmullrom"
						},
						"0.4583": {
							"post": [2.36, 3.195, 0.345],
							"lerp_mode": "catmullrom"
						},
						"0.9583": {
							"post": [2.27, 3.165, 0.37],
							"lerp_mode": "catmullrom"
						},
						"1.5833": {
							"post": [2.36, 3.195, 0.345],
							"lerp_mode": "catmullrom"
						},
						"1.7083": {
							"post": [2.36, 4.34, 0.35],
							"lerp_mode": "catmullrom"
						},
						"1.875": {
							"post": [2.36, 6.36, 0.35],
							"lerp_mode": "catmullrom"
						},
						"2.0417": {
							"post": [2.36, 6.36, 0.35],
							"lerp_mode": "catmullrom"
						},
						"2.7083": {
							"post": [2.395, 6.49, 0.36],
							"lerp_mode": "catmullrom"
						},
						"3.2083": {
							"post": [2.08, 5.79, 0.35],
							"lerp_mode": "catmullrom"
						},
						"3.5": {
							"post": [1, -0.36, 0.18],
							"lerp_mode": "catmullrom"
						},
						"3.75": {
							"post": [0, -1.17, 0.945],
							"lerp_mode": "catmullrom"
						},
						"3.9167": {
							"post": [0, -0.925, 0.945],
							"lerp_mode": "catmullrom"
						},
						"6.7917": {
							"post": [0, -0.92, 0.95],
							"lerp_mode": "catmullrom"
						},
						"7.0": {
							"post": [0, -1.31, 0.95],
							"lerp_mode": "catmullrom"
						},
						"7.1667": {
							"post": [0, 0, 0],
							"lerp_mode": "catmullrom"
						}
					}
				},
				"jak_wardens_r": {
					"rotation": {
						"0.0": {
							"post": [0, 0, 0],
							"lerp_mode": "catmullrom"
						},
						"0.25": {
							"post": [7, 0, 0],
							"lerp_mode": "catmullrom"
						},
						"3.2917": {
							"post": [7, 0, 0],
							"lerp_mode": "catmullrom"
						},
						"3.625": {
							"post": [-29.89875, -26.86471, -31.54807],
							"lerp_mode": "catmullrom"
						},
						"3.8333": {
							"post": [-33.26863, -29.8742, -34.61934],
							"lerp_mode": "catmullrom"
						},
						"4.25": {
							"post": [-33.57774, -29.21849, -32.322],
							"lerp_mode": "catmullrom"
						},
						"4.875": {
							"post": [-33.26863, -29.8742, -34.61934],
							"lerp_mode": "catmullrom"
						},
						"5.1667": {
							"post": [-26.42542, -25.20708, -45.63052],
							"lerp_mode": "catmullrom"
						},
						"5.3333": {
							"post": [-29.94048, -26.85162, -42.05998],
							"lerp_mode": "catmullrom"
						},
						"5.9167": {
							"post": [-31.69, -28.75, -44.27],
							"lerp_mode": "catmullrom"
						},
						"6.5": {
							"post": [-27.36548, -24.64162, -39.84998],
							"lerp_mode": "catmullrom"
						},
						"6.75": {
							"post": [-5.41603, -1.88511, 3.09621],
							"lerp_mode": "catmullrom"
						},
						"7.0": {
							"post": [7, 0, 0],
							"lerp_mode": "catmullrom"
						},
						"7.2083": {
							"post": [0, 0, 0],
							"lerp_mode": "catmullrom"
						}
					},
					"position": {
						"0.0": {
							"post": [0, 0, 0],
							"lerp_mode": "catmullrom"
						},
						"0.25": {
							"post": [0, -0.925, 0.945],
							"lerp_mode": "catmullrom"
						},
						"3.2917": {
							"post": [0, -0.925, 0.945],
							"lerp_mode": "catmullrom"
						},
						"3.4583": {
							"post": [0.8, 2.36, 0],
							"lerp_mode": "catmullrom"
						},
						"3.625": {
							"post": [1.18, 2.935, 0],
							"lerp_mode": "catmullrom"
						},
						"3.75": {
							"post": [1.18, 2.13, 0.345],
							"lerp_mode": "catmullrom"
						},
						"4.875": {
							"post": [1.18, 2.13, 0.345],
							"lerp_mode": "catmullrom"
						},
						"5.0": {
							"post": [1.18, 3.275, 0.35],
							"lerp_mode": "catmullrom"
						},
						"5.1667": {
							"post": [1.18, 5.295, 0.35],
							"lerp_mode": "catmullrom"
						},
						"5.3333": {
							"post": [1.18, 5.295, 0.35],
							"lerp_mode": "catmullrom"
						},
						"6.0": {
							"post": [1.215, 5.425, 0.36],
							"lerp_mode": "catmullrom"
						},
						"6.5": {
							"post": [0.9, 4.725, 0.35],
							"lerp_mode": "catmullrom"
						},
						"6.7083": {
							"post": [0.18, -0.36, 0.18],
							"lerp_mode": "catmullrom"
						},
						"6.9583": {
							"post": [0, -0.925, 0.945],
							"lerp_mode": "catmullrom"
						},
						"7.2083": {
							"post": [0, 0, 0],
							"lerp_mode": "catmullrom"
						}
					}
				},
				"camera": {
					"rotation": {
						"0.0": {
							"post": [0, 0, 0],
							"lerp_mode": "catmullrom"
						},
						"0.1667": {
							"post": [0, -1.415, 0.78],
							"lerp_mode": "catmullrom"
						},
						"0.4583": {
							"post": [0, -1.415, -0.45],
							"lerp_mode": "catmullrom"
						},
						"1.5833": {
							"post": [0, -1.415, -0.45],
							"lerp_mode": "catmullrom"
						},
						"1.875": {
							"post": [0, -1.415, 0.78],
							"lerp_mode": "catmullrom"
						},
						"2.0833": {
							"post": [0, -1.415, 0.455],
							"lerp_mode": "catmullrom"
						},
						"3.0833": {
							"post": [0, -1.385, 0.46],
							"lerp_mode": "catmullrom"
						},
						"3.3333": {
							"post": [0, -1.385, -0.49],
							"lerp_mode": "catmullrom"
						},
						"3.5": {
							"post": [0, 1.23, 0.29],
							"lerp_mode": "catmullrom"
						},
						"3.7917": {
							"post": [0, 1.23, -0.94],
							"lerp_mode": "catmullrom"
						},
						"4.9167": {
							"post": [0, 1.25, -0.94],
							"lerp_mode": "catmullrom"
						},
						"5.2083": {
							"post": [0, 1.25, 0.29],
							"lerp_mode": "catmullrom"
						},
						"5.4167": {
							"post": [0, 1.25, -0.035],
							"lerp_mode": "catmullrom"
						},
						"6.4167": {
							"post": [0, 1.25, -0.04],
							"lerp_mode": "catmullrom"
						},
						"6.6667": {
							"post": [0, 1.25, 0.25],
							"lerp_mode": "catmullrom"
						},
						"6.9167": {
							"post": [0, -0.18, -0.165],
							"lerp_mode": "catmullrom"
						},
						"7.125": {
							"post": [0, 0.12, 0.065],
							"lerp_mode": "catmullrom"
						},
						"7.25": {
							"post": [0, 0, 0],
							"lerp_mode": "catmullrom"
						}
					}
				}
			},
			"sound_effects": {
				"0.0": {
					"effect": "nmw2:lockwoodmk2/jak_wardens_akimbo_l_inspect_01"
				},
				"1.7083": {
					"effect": "nmw2:lockwoodmk2/jak_wardens_akimbo_l_inspect_02"
				},
				"2.5": {
					"effect": "nmw2:lockwoodmk2/jak_wardens_akimbo_l_inspect_03"
				},
				"3.1667": {
					"effect": "nmw2:lockwoodmk2/jak_wardens_akimbo_l_inspect_04"
				},
				"4.9583": {
					"effect": "nmw2:lockwoodmk2/jak_wardens_akimbo_r_inspect_01"
				},
				"6.2917": {
					"effect": "nmw2:lockwoodmk2/jak_wardens_akimbo_r_inspect_02"
				},
				"6.625": {
					"effect": "nmw2:lockwoodmk2/jak_wardens_akimbo_r_inspect_03"
				},
				"6.9583": {
					"effect": "nmw2:lockwoodmk2/jak_wardens_akimbo_r_inspect_04"
				}
			}
		},
		"inspect_empty": {
			"animation_length": 7.4167,
			"bones": {
				"lefthand": {
					"rotation": [92.5, 355, 180],
					"position": {
						"0.0": [16.75, -13, -2],
						"0.1667": [17.99, -13, -2],
						"3.125": [17.99, -13, -2],
						"3.3333": [16.75, -13, -2]
					},
					"scale": [1, 1.5, 1]
				},
				"righthand": {
					"rotation": [92.5, -355, -180],
					"position": {
						"0.0": [-10.75, -13, -2],
						"3.3333": [-10.75, -13, -2],
						"3.5417": [-12.105, -13, -2],
						"6.5": [-12.105, -13, -2],
						"6.7083": [-10.75, -13, -2]
					},
					"scale": [1, 1.5, 1]
				},
				"constraint": {
					"rotation": [0.2, 0.2, 0.2],
					"position": [0.2, 0.2, 0.2]
				},
				"jak_wardens_l": {
					"rotation": {
						"0.0": {
							"post": [0, 0, 0],
							"lerp_mode": "catmullrom"
						},
						"0.3333": {
							"post": [-33.51375, 26.86471, 31.54807],
							"lerp_mode": "catmullrom"
						},
						"0.4583": {
							"post": [-33.26863, 29.8742, 34.61934],
							"lerp_mode": "catmullrom"
						},
						"0.9167": {
							"post": [-31.58838, 31.41201, 36.25212],
							"lerp_mode": "catmullrom"
						},
						"1.5833": {
							"post": [-33.26863, 29.8742, 34.61934],
							"lerp_mode": "catmullrom"
						},
						"1.875": {
							"post": [-26.42542, 25.20708, 45.63052],
							"lerp_mode": "catmullrom"
						},
						"2.0417": {
							"post": [-29.94048, 26.85162, 42.05998],
							"lerp_mode": "catmullrom"
						},
						"2.625": {
							"post": [-29.845, 27.275, 42.795],
							"lerp_mode": "catmullrom"
						},
						"3.2083": {
							"post": [-27.36548, 24.64162, 39.84998],
							"lerp_mode": "catmullrom"
						},
						"3.5417": {
							"post": [-5.41603, -1.88511, 3.09621],
							"lerp_mode": "catmullrom"
						},
						"3.7917": {
							"post": [8.285, 0, 0],
							"lerp_mode": "catmullrom"
						},
						"4.0833": {
							"post": [7, 0, 0],
							"lerp_mode": "catmullrom"
						},
						"6.7917": {
							"post": [7, 0, 0],
							"lerp_mode": "catmullrom"
						},
						"6.9583": {
							"post": [3.97034, 0.27741, -3.99038],
							"lerp_mode": "catmullrom"
						},
						"7.1667": {
							"post": [0, 0, 0],
							"lerp_mode": "catmullrom"
						}
					},
					"position": {
						"0.0": {
							"post": [0, 0, 0],
							"lerp_mode": "catmullrom"
						},
						"0.1667": {
							"post": [2.13, 3.425, 0],
							"lerp_mode": "catmullrom"
						},
						"0.3333": {
							"post": [2.36, 4, 0],
							"lerp_mode": "catmullrom"
						},
						"0.4583": {
							"post": [2.36, 3.195, 0.345],
							"lerp_mode": "catmullrom"
						},
						"0.9583": {
							"post": [2.27, 3.165, 0.37],
							"lerp_mode": "catmullrom"
						},
						"1.5833": {
							"post": [2.36, 3.195, 0.345],
							"lerp_mode": "catmullrom"
						},
						"1.7083": {
							"post": [2.36, 4.34, 0.35],
							"lerp_mode": "catmullrom"
						},
						"1.875": {
							"post": [2.36, 6.36, 0.35],
							"lerp_mode": "catmullrom"
						},
						"2.0417": {
							"post": [2.36, 6.36, 0.35],
							"lerp_mode": "catmullrom"
						},
						"2.7083": {
							"post": [2.395, 6.49, 0.36],
							"lerp_mode": "catmullrom"
						},
						"3.2083": {
							"post": [2.08, 5.79, 0.35],
							"lerp_mode": "catmullrom"
						},
						"3.5": {
							"post": [1, -0.36, 0.18],
							"lerp_mode": "catmullrom"
						},
						"3.75": {
							"post": [0, -1.17, 0.945],
							"lerp_mode": "catmullrom"
						},
						"3.9167": {
							"post": [0, -0.925, 0.945],
							"lerp_mode": "catmullrom"
						},
						"6.7917": {
							"post": [0, -0.92, 0.95],
							"lerp_mode": "catmullrom"
						},
						"7.0": {
							"post": [0, -1.31, 0.95],
							"lerp_mode": "catmullrom"
						},
						"7.1667": {
							"post": [0, 0, 0],
							"lerp_mode": "catmullrom"
						}
					}
				},
				"hammer": {
					"rotation": [22.5, 0, 0]
				},
				"jak_wardens_r": {
					"rotation": {
						"0.0": {
							"post": [0, 0, 0],
							"lerp_mode": "catmullrom"
						},
						"0.25": {
							"post": [7, 0, 0],
							"lerp_mode": "catmullrom"
						},
						"3.2917": {
							"post": [7, 0, 0],
							"lerp_mode": "catmullrom"
						},
						"3.625": {
							"post": [-29.89875, -26.86471, -31.54807],
							"lerp_mode": "catmullrom"
						},
						"3.8333": {
							"post": [-33.26863, -29.8742, -34.61934],
							"lerp_mode": "catmullrom"
						},
						"4.25": {
							"post": [-33.57774, -29.21849, -32.322],
							"lerp_mode": "catmullrom"
						},
						"4.875": {
							"post": [-33.26863, -29.8742, -34.61934],
							"lerp_mode": "catmullrom"
						},
						"5.1667": {
							"post": [-26.42542, -25.20708, -45.63052],
							"lerp_mode": "catmullrom"
						},
						"5.3333": {
							"post": [-29.94048, -26.85162, -42.05998],
							"lerp_mode": "catmullrom"
						},
						"5.9167": {
							"post": [-31.69, -28.75, -44.27],
							"lerp_mode": "catmullrom"
						},
						"6.5": {
							"post": [-27.36548, -24.64162, -39.84998],
							"lerp_mode": "catmullrom"
						},
						"6.75": {
							"post": [-5.41603, -1.88511, 3.09621],
							"lerp_mode": "catmullrom"
						},
						"7.0": {
							"post": [7, 0, 0],
							"lerp_mode": "catmullrom"
						},
						"7.2083": {
							"post": [0, 0, 0],
							"lerp_mode": "catmullrom"
						}
					},
					"position": {
						"0.0": {
							"post": [0, 0, 0],
							"lerp_mode": "catmullrom"
						},
						"0.25": {
							"post": [0, -0.925, 0.945],
							"lerp_mode": "catmullrom"
						},
						"3.2917": {
							"post": [0, -0.925, 0.945],
							"lerp_mode": "catmullrom"
						},
						"3.4583": {
							"post": [0.8, 2.36, 0],
							"lerp_mode": "catmullrom"
						},
						"3.625": {
							"post": [1.18, 2.935, 0],
							"lerp_mode": "catmullrom"
						},
						"3.75": {
							"post": [1.18, 2.13, 0.345],
							"lerp_mode": "catmullrom"
						},
						"4.875": {
							"post": [1.18, 2.13, 0.345],
							"lerp_mode": "catmullrom"
						},
						"5.0": {
							"post": [1.18, 3.275, 0.35],
							"lerp_mode": "catmullrom"
						},
						"5.1667": {
							"post": [1.18, 5.295, 0.35],
							"lerp_mode": "catmullrom"
						},
						"5.3333": {
							"post": [1.18, 5.295, 0.35],
							"lerp_mode": "catmullrom"
						},
						"6.0": {
							"post": [1.215, 5.425, 0.36],
							"lerp_mode": "catmullrom"
						},
						"6.5": {
							"post": [0.9, 4.725, 0.35],
							"lerp_mode": "catmullrom"
						},
						"6.7083": {
							"post": [0.18, -0.36, 0.18],
							"lerp_mode": "catmullrom"
						},
						"6.9583": {
							"post": [0, -0.925, 0.945],
							"lerp_mode": "catmullrom"
						},
						"7.2083": {
							"post": [0, 0, 0],
							"lerp_mode": "catmullrom"
						}
					}
				},
				"hammer2": {
					"rotation": [22.5, 0, 0]
				},
				"camera": {
					"rotation": {
						"0.0": {
							"post": [0, 0, 0],
							"lerp_mode": "catmullrom"
						},
						"0.1667": {
							"post": [0, -1.415, 0.78],
							"lerp_mode": "catmullrom"
						},
						"0.4583": {
							"post": [0, -1.415, -0.45],
							"lerp_mode": "catmullrom"
						},
						"1.5833": {
							"post": [0, -1.415, -0.45],
							"lerp_mode": "catmullrom"
						},
						"1.875": {
							"post": [0, -1.415, 0.78],
							"lerp_mode": "catmullrom"
						},
						"2.0833": {
							"post": [0, -1.415, 0.455],
							"lerp_mode": "catmullrom"
						},
						"3.0833": {
							"post": [0, -1.385, 0.46],
							"lerp_mode": "catmullrom"
						},
						"3.3333": {
							"post": [0, -1.385, -0.49],
							"lerp_mode": "catmullrom"
						},
						"3.5": {
							"post": [0, 1.23, 0.29],
							"lerp_mode": "catmullrom"
						},
						"3.7917": {
							"post": [0, 1.23, -0.94],
							"lerp_mode": "catmullrom"
						},
						"4.9167": {
							"post": [0, 1.25, -0.94],
							"lerp_mode": "catmullrom"
						},
						"5.2083": {
							"post": [0, 1.25, 0.29],
							"lerp_mode": "catmullrom"
						},
						"5.4167": {
							"post": [0, 1.25, -0.035],
							"lerp_mode": "catmullrom"
						},
						"6.4167": {
							"post": [0, 1.25, -0.04],
							"lerp_mode": "catmullrom"
						},
						"6.6667": {
							"post": [0, 1.25, 0.25],
							"lerp_mode": "catmullrom"
						},
						"6.9167": {
							"post": [0, -0.18, -0.165],
							"lerp_mode": "catmullrom"
						},
						"7.125": {
							"post": [0, 0.12, 0.065],
							"lerp_mode": "catmullrom"
						},
						"7.25": {
							"post": [0, 0, 0],
							"lerp_mode": "catmullrom"
						}
					}
				}
			},
			"sound_effects": {
				"0.0": {
					"effect": "nmw2:lockwoodmk2/jak_wardens_akimbo_l_inspect_01"
				},
				"1.7083": {
					"effect": "nmw2:lockwoodmk2/jak_wardens_akimbo_l_inspect_02"
				},
				"2.5": {
					"effect": "nmw2:lockwoodmk2/jak_wardens_akimbo_l_inspect_03"
				},
				"3.1667": {
					"effect": "nmw2:lockwoodmk2/jak_wardens_akimbo_l_inspect_04"
				},
				"4.9583": {
					"effect": "nmw2:lockwoodmk2/jak_wardens_akimbo_r_inspect_01"
				},
				"6.2917": {
					"effect": "nmw2:lockwoodmk2/jak_wardens_akimbo_r_inspect_02"
				},
				"6.625": {
					"effect": "nmw2:lockwoodmk2/jak_wardens_akimbo_r_inspect_03"
				},
				"6.9583": {
					"effect": "nmw2:lockwoodmk2/jak_wardens_akimbo_r_inspect_04"
				}
			}
		}
	}
}