{
	"format_version": "1.8.0",
	"animations": {
		"static_idle": {
			"loop": "hold_on_last_frame",
			"animation_length": 0.125,
			"bones": {
				"righthand": {
					"rotation": [94.51712, 4.98455, -179.60671],
					"position": [-6.70625, -14.275, 3.69688],
					"scale": [1, 1.5, 1]
				},
				"lefthand": {
					"rotation": [115.80287, -25.58268, -157.85917],
					"position": [8.525, -12.25, -11.2],
					"scale": [1, 1.5, 1]
				},
				"bullet": {
					"scale": 0
				}
			}
		},
		"static_bolt_caught": {
			"loop": "hold_on_last_frame",
			"animation_length": 0.125,
			"bones": {
				"bullet": {
					"scale": 0
				},
				"bullet_in_mag": {
					"scale": 0
				}
			}
		},
		"shoot": {
			"loop": "hold_on_last_frame",
			"animation_length": 0.875,
			"bones": {
				"root": {
					"rotation": {
						"0.0": {
							"post": [1.43203, 0, -1.63828],
							"lerp_mode": "catmullrom"
						},
						"0.0417": {
							"post": [-1.99297, 0, 1.55703],
							"lerp_mode": "catmullrom"
						},
						"0.0833": {
							"post": [-2.28203, 0, -0.76719],
							"lerp_mode": "catmullrom"
						},
						"0.1667": {
							"post": [-2.17265, 0, 0.825],
							"lerp_mode": "catmullrom"
						},
						"0.2917": {
							"post": [-0.09766, 0, 0.50938],
							"lerp_mode": "catmullrom"
						},
						"0.375": [0.2275, 0.05859, 0.10891],
						"0.4167": [-0.11328, 0.11328, 0],
						"0.5417": [-0.0625, -0.05859, 0],
						"0.6667": [0, 0, 0]
					},
					"position": {
						"0.0": {
							"post": [0, -0.22656, 1.95156],
							"lerp_mode": "catmullrom"
						},
						"0.0833": {
							"post": [0, -0.28516, 1.58844],
							"lerp_mode": "catmullrom"
						},
						"0.1667": {
							"post": [0, -0.28516, 0.08828],
							"lerp_mode": "catmullrom"
						},
						"0.2083": {
							"post": [0, 0, -0.40391],
							"lerp_mode": "catmullrom"
						},
						"0.25": {
							"post": [0, 0, -0.36719],
							"lerp_mode": "catmullrom"
						},
						"0.3333": {
							"post": [0, 0, 0.05469],
							"lerp_mode": "catmullrom"
						},
						"0.375": [0, 0, 0.19922],
						"0.4167": [0, -0.10547, 0],
						"0.5": [0, -0.10547, -0.08031],
						"0.5833": [0, -0.03516, -0.07031],
						"0.75": [0, 0, 0]
					}
				},
				"bolt": {
					"position": {
						"0.0": [0, 0, 0],
						"0.0417": [0, 0, 5.375],
						"0.0833": [0, 0, 0]
					}
				},
				"constraint": {
					"position": {
						"0.125": [0.15, 0.05, 0.25],
						"0.2083": [0.1, 0, 0.1],
						"0.2917": [0, 0, 0]
					}
				},
				"bone15": {
					"rotation": {
						"0.0": [0, 0, 0],
						"0.0417": [0, 0, 72.5],
						"0.1667": [0, 0, 0]
					}
				},
				"camera": {
					"rotation": {
						"0.0": [0, 0, 1.55],
						"0.0417": [0, 0, -1.275],
						"0.0833": [0, 0, 0.995],
						"0.125": [0, 0, -0.58],
						"0.1667": [0, 0, 0]
					}
				}
			}
		},
		"draw": {
			"loop": "hold_on_last_frame",
			"animation_length": 0.5833,
			"bones": {
				"righthand": {
					"rotation": [94.51712, 4.98455, -179.60671],
					"position": [-6.70625, -14.275, 3.69688],
					"scale": [1, 1.5, 1]
				},
				"lefthand": {
					"rotation": [115.80287, -25.58268, -157.85917],
					"position": [8.525, -12.25, -11.2],
					"scale": [1, 1.5, 1]
				},
				"root": {
					"rotation": {
						"0.0": {
							"post": [32.5, -51.75, 0],
							"lerp_mode": "catmullrom"
						},
						"0.0833": {
							"post": [8.11282, -35.33927, 20.62746],
							"lerp_mode": "catmullrom"
						},
						"0.3333": [0.78, -0.17, -3.2],
						"0.375": [0.3889, 0.15987, 0.62995],
						"0.4583": [0.00175, -0.19999, -0.5],
						"0.5833": [0, 0, 0]
					},
					"position": {
						"0.0": {
							"post": [-6.53125, -8.28125, 7],
							"lerp_mode": "catmullrom"
						},
						"0.1667": {
							"post": [-1.45, -1.84, -1.5025],
							"lerp_mode": "catmullrom"
						},
						"0.3333": [0, -0.15, 0.375],
						"0.4167": [0, -0.025, -0.04375],
						"0.5": [0, 0, 0.025],
						"0.5833": [0, 0, 0]
					}
				},
				"camera": {
					"rotation": {
						"0.0": {
							"post": [0, 0, 0],
							"lerp_mode": "catmullrom"
						},
						"0.125": {
							"post": [0, 0, 1],
							"lerp_mode": "catmullrom"
						},
						"0.2083": {
							"post": [-0.225, 0, 0.125],
							"lerp_mode": "catmullrom"
						},
						"0.2917": {
							"post": [-0.35, 0, 0.2],
							"lerp_mode": "catmullrom"
						},
						"0.375": {
							"post": [0.25, 0, -0.25],
							"lerp_mode": "catmullrom"
						},
						"0.4583": {
							"post": [-0.075, 0, 0.075],
							"lerp_mode": "catmullrom"
						},
						"0.5417": {
							"post": [0, 0, 0],
							"lerp_mode": "catmullrom"
						}
					}
				}
			}
		},
		"put_away": {
			"loop": "hold_on_last_frame",
			"animation_length": 0.6,
			"bones": {
				"righthand": {
					"rotation": [94.51712, 4.98455, -179.60671],
					"position": [-6.70625, -14.275, 3.69688],
					"scale": [1, 1.5, 1]
				},
				"lefthand": {
					"rotation": {
						"0.0": [115.80287, -25.58268, -157.85917],
						"0.35": [44.48648, -69.12656, -105.81871]
					},
					"position": [8.525, -12.25, -11.2],
					"scale": [1, 1.5, 1]
				},
				"root": {
					"rotation": {
						"0.0": {
							"post": [0, 0, 0],
							"lerp_mode": "catmullrom"
						},
						"0.05": {
							"post": [-0.51171, -3.6801, -4.19401],
							"lerp_mode": "catmullrom"
						},
						"0.2": {
							"post": [4.36882, -11.73179, -10.29382],
							"lerp_mode": "catmullrom"
						},
						"0.35": {
							"post": [11.60471, -21.56305, -3.66288],
							"lerp_mode": "catmullrom"
						},
						"0.45": {
							"post": [16.97, -33.62, 3.38],
							"lerp_mode": "catmullrom"
						},
						"0.6": [34.73, -44.04, -3.09]
					},
					"position": {
						"0.0": {
							"post": [0, 0, 0],
							"lerp_mode": "catmullrom"
						},
						"0.05": {
							"post": [0, -0.49, -0.02],
							"lerp_mode": "catmullrom"
						},
						"0.2": {
							"post": [-0.52, -1.47, -0.56],
							"lerp_mode": "catmullrom"
						},
						"0.35": {
							"post": [-0.36, -2.92, -0.84],
							"lerp_mode": "catmullrom"
						},
						"0.45": {
							"post": [0.13, -5.86, -0.16],
							"lerp_mode": "catmullrom"
						},
						"0.6": [1.72, -9.68, 0.16]
					}
				},
				"camera": {
					"rotation": {
						"0.0": {
							"post": [0, 0, 0],
							"lerp_mode": "catmullrom"
						},
						"0.2": {
							"post": [0.35, 0.025, -0.225],
							"lerp_mode": "catmullrom"
						},
						"0.4": {
							"post": [0.1, 0.025, 0.075],
							"lerp_mode": "catmullrom"
						},
						"0.6": {
							"post": [0, 0, 0],
							"lerp_mode": "catmullrom"
						}
					}
				}
			}
		},
		"reload_tactical": {
			"loop": "hold_on_last_frame",
			"animation_length": 3.5333,
			"bones": {
				"root": {
					"rotation": {
						"0.0": {
							"post": [0, 0, 0],
							"lerp_mode": "catmullrom"
						},
						"0.2": {
							"post": [2.14224, -2.74019, 0.17095],
							"lerp_mode": "catmullrom"
						},
						"0.3": {
							"post": [-7.7, -3.36, 5.29],
							"lerp_mode": "catmullrom"
						},
						"0.5": {
							"post": [-5.90492, -4.15715, -1.65686],
							"lerp_mode": "catmullrom"
						},
						"0.9": {
							"post": [-5.90492, -4.15715, -1.60686],
							"lerp_mode": "catmullrom"
						},
						"1.2667": {
							"post": [-13.12992, -8.40985, -17.54139],
							"lerp_mode": "catmullrom"
						},
						"1.5333": {
							"post": [-13.40986, -7.95088, -15.57339],
							"lerp_mode": "catmullrom"
						},
						"1.6333": {
							"post": [-12.67347, -7.48165, -13.60784],
							"lerp_mode": "catmullrom"
						},
						"1.8": {
							"post": [-12.67, -7.48, -13.61],
							"lerp_mode": "catmullrom"
						},
						"1.8333": {
							"post": [-11.1512, -6.58593, -9.68159],
							"lerp_mode": "catmullrom"
						},
						"1.9333": {
							"post": [-10.79479, -7.16114, -12.64648],
							"lerp_mode": "catmullrom"
						},
						"2.0333": {
							"post": [-13.03014, -6.78143, -10.67153],
							"lerp_mode": "catmullrom"
						},
						"2.2667": {
							"post": [-13.03, -6.78, -9.505],
							"lerp_mode": "catmullrom"
						},
						"2.3333": {
							"post": [-16.965, -6.78, -9.51],
							"lerp_mode": "catmullrom"
						},
						"2.4": {
							"post": [-14.19, -6.78, -6.74],
							"lerp_mode": "catmullrom"
						},
						"2.5": {
							"post": [-13.315, -6.78, -10.53],
							"lerp_mode": "catmullrom"
						},
						"2.6": {
							"post": [-14.19, -6.78, -10.66],
							"lerp_mode": "catmullrom"
						},
						"2.7333": {
							"post": [-14.19, -6.78, -8.78],
							"lerp_mode": "catmullrom"
						},
						"2.9333": [0.73214, -1.13753, 9.76017],
						"3.1": [0.78, -0.17, -3.2],
						"3.2333": [0.3889, 0.15987, 0.62995],
						"3.3333": [0.00175, -0.19999, -0.5],
						"3.4667": [0, 0, 0]
					},
					"position": {
						"0.0": {
							"post": [0, 0, 0],
							"lerp_mode": "catmullrom"
						},
						"0.2": {
							"post": [-0.5, 0.31, -0.11],
							"lerp_mode": "catmullrom"
						},
						"0.3667": {
							"post": [-0.62, -1.095, -0.195],
							"lerp_mode": "catmullrom"
						},
						"0.5333": {
							"post": [-0.68, -0.345, -0.1025],
							"lerp_mode": "catmullrom"
						},
						"0.9667": {
							"post": [-0.68, -0.14, 0.5275],
							"lerp_mode": "catmullrom"
						},
						"1.2333": {
							"post": [-0.68, 0.805, 1.025],
							"lerp_mode": "catmullrom"
						},
						"1.5333": {
							"post": [-0.68, 0.66, 1.24],
							"lerp_mode": "catmullrom"
						},
						"1.6667": {
							"post": [-0.68, 0.515, 1.24],
							"lerp_mode": "catmullrom"
						},
						"1.7667": {
							"post": [-0.68, 0.645, 1.24],
							"lerp_mode": "catmullrom"
						},
						"1.8": {
							"post": [-0.68, 0.085, 1.24],
							"lerp_mode": "catmullrom"
						},
						"1.9": {
							"post": [-0.68, 0.305, 1.24],
							"lerp_mode": "catmullrom"
						},
						"2.0667": {
							"post": [-0.68, 0.615, 1.24],
							"lerp_mode": "catmullrom"
						},
						"2.2667": {
							"post": [-0.68, 0.31, 1.24],
							"lerp_mode": "catmullrom"
						},
						"2.3333": {
							"post": [-0.68, 1.2, 1.55],
							"lerp_mode": "catmullrom"
						},
						"2.4667": {
							"post": [-0.68, 0.58, 1.55],
							"lerp_mode": "catmullrom"
						},
						"2.7": {
							"post": [-0.68, 0.58, 1.14],
							"lerp_mode": "catmullrom"
						},
						"2.9": {
							"post": [-0.39, -1.135, -2.17],
							"lerp_mode": "catmullrom"
						},
						"3.1": [0, -0.15, 0.375],
						"3.2667": [0, -0.025, -0.04375],
						"3.3667": [0, 0, 0.025],
						"3.4667": [0, 0, 0]
					}
				},
				"additional_magazine": {
					"rotation": {
						"0.3": [0, 0, 0],
						"0.5333": [-95, 0, -12.5]
					},
					"position": {
						"0.2": [0, 0, 0],
						"0.3": [0, -4, 0],
						"0.5333": [0, -21, 0]
					},
					"scale": {
						"0.5333": [1, 1, 1],
						"0.5667": [0, 0, 0]
					}
				},
				"lefthand_and_mag": {
					"rotation": {
						"0.0": [0, 0, 0],
						"0.2333": [-52.5, 0, 0],
						"1.0667": [-52.5, 0, 0],
						"1.3": [-15, 0, -12.5],
						"1.4": [-8, 0, 0],
						"1.5333": [-14.65, 0, 0],
						"1.6667": [-7.65, 0, 0],
						"1.7667": [-7.65, 0, 0],
						"1.8": [0, 0, 0]
					},
					"position": {
						"0.0": [0, 0, 0],
						"0.2333": [11, -4, 18],
						"1.0667": [11, -4, 18],
						"1.3": [1.27, -6.475, -1],
						"1.4": [0, -3.47, -1],
						"1.5333": [0, -3.75, -1.765],
						"1.6333": [0, -2.47, -0.75],
						"1.7667": [0, -2.47, -0.75],
						"1.8": [0, 0, 0]
					}
				},
				"lefthand": {
					"rotation": {
						"0.0": [115.80287, -25.58268, -157.85917],
						"0.2667": [45.50979, -14.48413, -80.34624],
						"2.1333": [45.50979, -14.48413, -80.34624],
						"2.3": [45.50979, -14.48413, -80.34624],
						"2.6": [45.50979, -14.48413, -80.34624],
						"2.8": [115.80287, -25.58268, -157.85917]
					},
					"position": {
						"0.0": [8.525, -12.25, -11.2],
						"0.2667": [9.635, -21.37, -6.585],
						"2.1333": [9.635, -21.37, -6.585],
						"2.2333": [6.64, -28.37, -5.58],
						"2.3": [6.64, -25.37, -4.58],
						"2.6": [6.64, -25.37, -4.58],
						"2.7": [12.58, -17.56, -7.89],
						"2.8": [8.525, -12.25, -11.2]
					},
					"scale": [1, 1.5, 1]
				},
				"mag_and_bullet": {
					"rotation": {
						"0.0": [0, 0, 0],
						"0.2333": [0, 0, 0]
					},
					"position": {
						"0.0": [8, -13, 21],
						"0.2333": [0, 0, 0]
					}
				},
				"righthand": {
					"rotation": [94.51712, 4.98455, -179.60671],
					"position": [-6.70625, -14.275, 3.69688],
					"scale": [1, 1.5, 1]
				},
				"camera": {
					"rotation": [0, 0, 0]
				},
				"bullet": {
					"scale": 1
				}
			},
			"sound_effects": {
				"0.0": {
					"effect": "nmw3:haymaker/haymaker_reload_drum_lift"
				},
				"0.2": {
					"effect": "nmw3:haymaker/haymaker_reload_drum_magout"
				},
				"0.5667": {
					"effect": "nmw3:haymaker/drum_drop"
				},
				"0.8333": {
					"effect": "nmw3:haymaker/haymaker_reload_drum_magmavt"
				},
				"1.4333": {
					"effect": "nmw3:haymaker/haymaker_reload_drum_maghit1"
				},
				"1.5": {
					"effect": "nmw3:haymaker/haymaker_reload_drum_maghit2"
				},
				"1.6333": {
					"effect": "nmw3:haymaker/haymaker_reload_drum_magslide"
				},
				"1.7": {
					"effect": "nmw3:haymaker/haymaker_reload_drum_magin"
				},
				"2.3": {
					"effect": "nmw3:haymaker/haymaker_reload_drum_magslam"
				},
				"2.5667": {
					"effect": "nmw3:haymaker/haymaker_reload_drum_rotate"
				},
				"3.0": {
					"effect": "nmw3:haymaker/haymaker_reload_drum_end"
				}
			}
		},
		"reload_empty": {
			"animation_length": 3.7667,
			"bones": {
				"root": {
					"rotation": {
						"0.0": {
							"post": [0, 0, 0],
							"lerp_mode": "catmullrom"
						},
						"0.1": {
							"post": [-9.19708, -0.60859, 6.97363],
							"lerp_mode": "catmullrom"
						},
						"0.3": {
							"post": [-56.81402, -24.08127, -7.18459],
							"lerp_mode": "catmullrom"
						},
						"0.5333": {
							"post": [-56.81, -20.08, -7.18],
							"lerp_mode": "catmullrom"
						},
						"0.6667": {
							"post": [-56.81, -20.08, -7.18],
							"lerp_mode": "catmullrom"
						},
						"0.8667": {
							"post": [-56.16302, -22.58148, -8.95808],
							"lerp_mode": "catmullrom"
						},
						"1.1667": {
							"post": [-60.13, -20.23, -7.32],
							"lerp_mode": "catmullrom"
						},
						"1.2667": {
							"post": [-58.37, -19.26, -6.65],
							"lerp_mode": "catmullrom"
						},
						"1.4667": {
							"post": [-63.36269, -17.55998, -5.45966],
							"lerp_mode": "catmullrom"
						},
						"1.5333": {
							"post": [-56.815, -17.56, -5.46],
							"lerp_mode": "catmullrom"
						},
						"1.6333": {
							"post": [-58.87226, -24.33659, -10.0167],
							"lerp_mode": "catmullrom"
						},
						"1.8": {
							"post": [-58.1263, -20.11842, -7.12463],
							"lerp_mode": "catmullrom"
						},
						"1.9": {
							"post": [-58.1263, -20.11842, -7.12463],
							"lerp_mode": "catmullrom"
						},
						"1.9667": {
							"post": [-59.125, -19.87, -5.46],
							"lerp_mode": "catmullrom"
						},
						"2.0667": {
							"post": [-58.87226, -24.33659, -10.0167],
							"lerp_mode": "catmullrom"
						},
						"2.1667": {
							"post": [-58.1263, -20.11842, -7.12463],
							"lerp_mode": "catmullrom"
						},
						"2.3333": {
							"post": [-51.735, -14.525, -2.325],
							"lerp_mode": "catmullrom"
						},
						"2.5667": {
							"post": [-12.754, 8.85516, 34.15522],
							"lerp_mode": "catmullrom"
						},
						"2.7333": {
							"post": [-12.75, 8.86, 34.16],
							"lerp_mode": "catmullrom"
						},
						"2.8333": {
							"post": [-15.35524, 8.68474, 39.79816],
							"lerp_mode": "catmullrom"
						},
						"3.0": {
							"post": [-15.35524, 8.68474, 39.79816],
							"lerp_mode": "catmullrom"
						},
						"3.0333": {
							"post": [-12.68901, 6.90907, 34.60454],
							"lerp_mode": "catmullrom"
						},
						"3.0667": {
							"post": [-13.32628, 7.95724, 30.2208],
							"lerp_mode": "catmullrom"
						},
						"3.1667": {
							"post": [-12.59948, 9.08246, 35.14688],
							"lerp_mode": "catmullrom"
						},
						"3.2667": {
							"post": [-12.6, 9.08, 35.15],
							"lerp_mode": "catmullrom"
						},
						"3.4": [0.73214, -1.13753, 9.76017],
						"3.5": [0.78, -0.17, -3.2],
						"3.5667": [0.3889, 0.15987, 0.62995],
						"3.6333": [0.00175, -0.19999, -0.5],
						"3.7667": [0, 0, 0]
					},
					"position": {
						"0.0": {
							"post": [0, 0, 0],
							"lerp_mode": "catmullrom"
						},
						"0.1333": {
							"post": [0.26, 0.795, 0],
							"lerp_mode": "catmullrom"
						},
						"0.3333": {
							"post": [-1.62, -3.57, 4.285],
							"lerp_mode": "catmullrom"
						},
						"0.4333": {
							"post": [-1.62, -2.02, 3.68],
							"lerp_mode": "catmullrom"
						},
						"0.7": {
							"post": [-1.62, -1.7, 3.12],
							"lerp_mode": "catmullrom"
						},
						"0.9333": {
							"post": [-1.62, -1.7, 3.12],
							"lerp_mode": "catmullrom"
						},
						"1.1667": {
							"post": [-1.62, -1.85, 3.06],
							"lerp_mode": "catmullrom"
						},
						"1.3333": {
							"post": [-1.62, -1.98, 2.445],
							"lerp_mode": "catmullrom"
						},
						"1.4667": {
							"post": [-1.62, -2.005, 3.12],
							"lerp_mode": "catmullrom"
						},
						"1.5333": {
							"post": [-1.62, -1.57, 4.325],
							"lerp_mode": "catmullrom"
						},
						"1.7": {
							"post": [-1.62, -1.865, 4.33],
							"lerp_mode": "catmullrom"
						},
						"1.9": {
							"post": [-1.62, -1.865, 3.67],
							"lerp_mode": "catmullrom"
						},
						"1.9667": {
							"post": [-1.62, -1.9, 4.8],
							"lerp_mode": "catmullrom"
						},
						"2.1": {
							"post": [-1.62, -1.865, 4.54],
							"lerp_mode": "catmullrom"
						},
						"2.3333": {
							"post": [-1.62, -1.86, 4.54],
							"lerp_mode": "catmullrom"
						},
						"2.5333": {
							"post": [3.38, -2.86, -2.33],
							"lerp_mode": "catmullrom"
						},
						"2.7333": {
							"post": [3.38, -2.86, -2.33],
							"lerp_mode": "catmullrom"
						},
						"2.8": {
							"post": [3.38, -2.86, -1],
							"lerp_mode": "catmullrom"
						},
						"3.0": {
							"post": [3.38, -2.86, -1],
							"lerp_mode": "catmullrom"
						},
						"3.0333": {
							"post": [3.38, -2.86, -2.33],
							"lerp_mode": "catmullrom"
						},
						"3.1": {
							"post": [3.38, -2.86, -1.97],
							"lerp_mode": "catmullrom"
						},
						"3.2667": {
							"post": [3.38, -2.86, -2.33],
							"lerp_mode": "catmullrom"
						},
						"3.3667": {
							"post": [-0.39, -1.135, -2.17],
							"lerp_mode": "catmullrom"
						},
						"3.5": [0, -0.15, 0.375],
						"3.6": [0, -0.025, -0.04375],
						"3.6667": [0, 0, 0.025],
						"3.7667": [0, 0, 0]
					}
				},
				"additional_magazine": {
					"rotation": {
						"0.3333": [0, 0, 0],
						"0.7": [137.5, 0, 0]
					},
					"position": {
						"0.3333": [0, 0, 0],
						"0.5": [0, -2, 5],
						"0.7667": [0, -13, 23]
					},
					"scale": {
						"0.7667": [1, 1, 1],
						"0.8": [0, 0, 0]
					}
				},
				"lefthand_and_mag": {
					"rotation": {
						"0.0": [0, 0, 0],
						"0.2333": [-52.5, 0, 0],
						"0.6667": [-52.5, 0, 0],
						"0.9333": [-15, 0, -12.5],
						"1.1": [-15, 0, -12.5],
						"1.2333": [-15, 0, -12.5],
						"1.3": [-9.565, 0, -12.5],
						"1.4": [-9.565, 0, -12.5],
						"1.4667": [0, 0, 0]
					},
					"position": {
						"0.0": [0, 0, 0],
						"0.2333": [11, -4, 18],
						"0.6667": [11, -4, 18],
						"0.9333": [1.27, -6.475, -1],
						"1.1": [1.27, -3.475, -1],
						"1.2333": [1.27, -3.475, -1],
						"1.3": [1.27, -1.945, -0.425],
						"1.4": [1.27, -1.945, -0.425],
						"1.4667": [0, 0, 0]
					}
				},
				"lefthand": {
					"rotation": {
						"0.0": [115.80287, -25.58268, -157.85917],
						"0.2333": [45.50979, -14.48413, -80.34624],
						"1.7333": [45.50979, -14.48413, -80.34624],
						"1.9333": [45.50979, -14.48413, -80.34624],
						"2.3": [45.50979, -14.48413, -80.34624],
						"2.5667": [81.10613, -42.90764, -156.77106],
						"2.7333": [81.11, -42.91, -156.77],
						"2.9667": [81.11, -42.91, -156.77],
						"3.0": [80.93339, -69.72714, -144.88525],
						"3.2333": [80.93339, -69.72714, -144.88525],
						"3.4333": [115.80287, -25.58268, -157.85917]
					},
					"position": {
						"0.0": [8.525, -12.25, -11.2],
						"0.2333": [9.635, -21.37, -6.585],
						"1.7333": [9.635, -21.37, -6.585],
						"1.8667": [6.64, -28.37, -5.58],
						"1.9333": [6.64, -25.37, -4.58],
						"2.3": [6.64, -25.37, -4.58],
						"2.3667": [13.61, -21.46, -6.24],
						"2.4333": [12.58, -17.56, -7.89],
						"2.5667": [9.64, -9.37, -8.58],
						"2.7333": [9.64, -9.37, -8.58],
						"2.8333": [9.64, -9.37, -8.08],
						"2.9667": [9.64, -9.37, -8.08],
						"3.0": [10.64, -10.37, -1.08],
						"3.2333": [9.64, -11.37, -1.08],
						"3.4333": [8.525, -12.25, -11.2]
					},
					"scale": [1, 1.5, 1]
				},
				"mag_and_bullet": {
					"rotation": {
						"0.0": [0, 0, 0],
						"0.2": [0, 0, 0]
					},
					"position": {
						"0.0": [8, -13, 21],
						"0.2": [0, 0, 0]
					}
				},
				"bullet": {
					"scale": {
						"0.0": [0, 0, 0],
						"0.6667": {
							"pre": [0, 0, 0],
							"post": [1, 1, 1]
						}
					}
				},
				"bolt": {
					"position": {
						"2.7333": [0, 0, 4],
						"2.8": [0, 0, 4.5],
						"2.9667": [0, 0, 4.5],
						"3.0": [0, 0, 0],
						"3.0333": [0, 0, 0.605],
						"3.1": [0, 0, 0],
						"3.1333": [0, 0, 0.325],
						"3.2": [0, 0, 0]
					}
				},
				"righthand": {
					"rotation": [94.51712, 4.98455, -179.60671],
					"position": [-6.70625, -14.275, 3.69688],
					"scale": [1, 1.5, 1]
				},
				"camera": {
					"rotation": {
						"0.0": {
							"post": [0, 0, 0],
							"lerp_mode": "catmullrom"
						},
						"0.1333": {
							"post": [0.99966, -0.02618, 1.49977],
							"lerp_mode": "catmullrom"
						},
						"0.3667": {
							"post": [-0.22907, 0.97905, 2.74557],
							"lerp_mode": "catmullrom"
						},
						"0.4667": {
							"post": [-0.23465, 0.97767, 1.26332],
							"lerp_mode": "catmullrom"
						},
						"0.5333": {
							"post": [0.29318, 0.96068, 1.52504],
							"lerp_mode": "catmullrom"
						},
						"0.6667": {
							"post": [0.49258, 0.97195, 1.08009],
							"lerp_mode": "catmullrom"
						},
						"0.8": {
							"post": [-0.25887, 0.97159, 0.99533],
							"lerp_mode": "catmullrom"
						},
						"0.8667": {
							"post": [-0.27579, 0.96693, -0.0048],
							"lerp_mode": "catmullrom"
						},
						"0.9333": {
							"post": [-1.32257, 0.26131, -0.06286],
							"lerp_mode": "catmullrom"
						},
						"1.2333": {
							"post": [-1.02, 0.705, -0.67],
							"lerp_mode": "catmullrom"
						},
						"1.4667": {
							"post": [-1.34842, 0.71456, -1.00402],
							"lerp_mode": "catmullrom"
						},
						"1.5": {
							"post": [-1.32292, 0.79055, -0.15322],
							"lerp_mode": "catmullrom"
						},
						"1.5333": {
							"post": [-1.82973, 1.49923, -0.59826],
							"lerp_mode": "catmullrom"
						},
						"1.6333": {
							"post": [-1.83895, 0.98215, -0.52417],
							"lerp_mode": "catmullrom"
						},
						"1.7333": {
							"post": [-1.23056, 1.06817, -0.78958],
							"lerp_mode": "catmullrom"
						},
						"1.8": {
							"post": [-0.82267, 1.01118, -0.8294],
							"lerp_mode": "catmullrom"
						},
						"1.9333": {
							"post": [-0.80475, 1.04283, 0.17026],
							"lerp_mode": "catmullrom"
						},
						"1.9667": {
							"post": [-1.59428, 0.97118, -0.64395],
							"lerp_mode": "catmullrom"
						},
						"2.0333": {
							"post": [-0.79558, 1.05854, 0.6701],
							"lerp_mode": "catmullrom"
						},
						"2.1667": {
							"post": [-0.80928, 1.03495, -0.07966],
							"lerp_mode": "catmullrom"
						},
						"2.5333": {
							"post": [-0.68, 0.69, -0.63],
							"lerp_mode": "catmullrom"
						},
						"2.7667": {
							"post": [-0.6397, 0.49, -0.69847],
							"lerp_mode": "catmullrom"
						},
						"2.8333": {
							"post": [-0.91365, 0.49, -1.8347],
							"lerp_mode": "catmullrom"
						},
						"2.9": {
							"post": [-0.80859, 0.49, -0.58043],
							"lerp_mode": "catmullrom"
						},
						"3.0333": {
							"post": [-0.6397, 0.49, -0.69847],
							"lerp_mode": "catmullrom"
						},
						"3.0667": {
							"post": [-0.91365, 0.49, -1.8347],
							"lerp_mode": "catmullrom"
						},
						"3.2333": {
							"post": [-1.20314, 0.49, -1.4511],
							"lerp_mode": "catmullrom"
						},
						"3.4": {
							"post": [-0.225, 0, 0.125],
							"lerp_mode": "catmullrom"
						},
						"3.5": {
							"post": [-0.35, 0, 0.2],
							"lerp_mode": "catmullrom"
						},
						"3.5667": {
							"post": [0.25, 0, -0.25],
							"lerp_mode": "catmullrom"
						},
						"3.6667": {
							"post": [-0.075, 0, 0.075],
							"lerp_mode": "catmullrom"
						},
						"3.7333": {
							"post": [0, 0, 0],
							"lerp_mode": "catmullrom"
						}
					}
				}
			},
			"sound_effects": {
				"0.0": {
					"effect": "nmw3:haymaker/haymaker_reload_empty_drum_start"
				},
				"0.2": {
					"effect": "nmw3:haymaker/haymaker_reload_empty_drum_maggrab"
				},
				"0.2667": {
					"effect": "nmw3:haymaker/haymaker_reload_empty_drum_lift"
				},
				"0.3333": {
					"effect": "nmw3:haymaker/haymaker_reload_empty_drum_magout"
				},
				"0.7667": {
					"effect": "nmw3:haymaker/drum_drop"
				},
				"1.0667": {
					"effect": "nmw3:haymaker/haymaker_reload_empty_drum_maghit1"
				},
				"1.1333": {
					"effect": "nmw3:haymaker/haymaker_reload_empty_drum_maghit2"
				},
				"1.3": {
					"effect": "nmw3:haymaker/haymaker_reload_empty_drum_magslide"
				},
				"1.4333": {
					"effect": "nmw3:haymaker/haymaker_reload_drum_magin"
				},
				"1.9": {
					"effect": "nmw3:haymaker/haymaker_reload_drum_magslam"
				},
				"2.1667": {
					"effect": "nmw3:haymaker/haymaker_reload_empty_drum_rotate"
				},
				"2.4667": {
					"effect": "nmw3:haymaker/haymaker_reload_empty_drum_grabbolt"
				},
				"2.7333": {
					"effect": "nmw3:haymaker/haymaker_reload_empty_drum_charge"
				},
				"3.2": {
					"effect": "nmw3:haymaker/haymaker_reload_empty_drum_settle"
				},
				"3.4667": {
					"effect": "nmw3:haymaker/haymaker_reload_empty_drum_end"
				}
			}
		},
		"inspect": {
			"loop": "hold_on_last_frame",
			"animation_length": 8.1,
			"bones": {
				"root": {
					"rotation": {
						"0.0": {
							"post": [0, 0, 0],
							"lerp_mode": "catmullrom"
						},
						"0.2333": {
							"post": [-11.71753, -15.23877, -22.59962],
							"lerp_mode": "catmullrom"
						},
						"0.4667": {
							"post": [-12.50204, -14.01043, -19.56435],
							"lerp_mode": "catmullrom"
						},
						"0.6667": {
							"post": [-19.5, -14.01, -19.56],
							"lerp_mode": "catmullrom"
						},
						"0.7667": {
							"post": [-11.0766, -12.16225, -12.6277],
							"lerp_mode": "catmullrom"
						},
						"0.8667": {
							"post": [-12.265, -12.05, -21.195],
							"lerp_mode": "catmullrom"
						},
						"0.9667": {
							"post": [-18.87, -12.16, -14.63],
							"lerp_mode": "catmullrom"
						},
						"1.1333": {
							"post": [-18.87, -12.16, -17.63],
							"lerp_mode": "catmullrom"
						},
						"1.6333": {
							"post": [-17.07097, -11.83491, -16.7632],
							"lerp_mode": "catmullrom"
						},
						"2.5": {
							"post": [-16.8005, -10.2032, -20.00325],
							"lerp_mode": "catmullrom"
						},
						"3.0333": {
							"post": [-17.18835, -12.00675, -17.31084],
							"lerp_mode": "catmullrom"
						},
						"3.2667": {
							"post": [-14.19, -12.01, -17.31],
							"lerp_mode": "catmullrom"
						},
						"3.5": {
							"post": [-19.19, -12.01, -17.31],
							"lerp_mode": "catmullrom"
						},
						"3.6667": {
							"post": [-17.39054, -11.71278, -16.33436],
							"lerp_mode": "catmullrom"
						},
						"3.7333": {
							"post": [-13.39, -11.71, -16.33],
							"lerp_mode": "catmullrom"
						},
						"3.8": {
							"post": [-13.9755, -11.0002, -13.35695],
							"lerp_mode": "catmullrom"
						},
						"3.9": {
							"post": [-13.98, -11, -16.825],
							"lerp_mode": "catmullrom"
						},
						"4.0667": {
							"post": [-13.98, -11, -14.84],
							"lerp_mode": "catmullrom"
						},
						"4.3667": {
							"post": [-13.98, -11, 65.16],
							"lerp_mode": "catmullrom"
						},
						"4.7333": {
							"post": [-52.86745, 45.95436, 107.76376],
							"lerp_mode": "catmullrom"
						},
						"4.9": {
							"post": [-52.87, 45.95, 107.76],
							"lerp_mode": "catmullrom"
						},
						"5.3333": {
							"post": [-57.87, 45.95, 107.76],
							"lerp_mode": "catmullrom"
						},
						"5.7667": {
							"post": [-60.37, 45.95, 107.76],
							"lerp_mode": "catmullrom"
						},
						"6.2333": {
							"post": [-60.37733, 50.19326, 100.98146],
							"lerp_mode": "catmullrom"
						},
						"6.7333": {
							"post": [-56.24733, 50.19326, 92.98146],
							"lerp_mode": "catmullrom"
						},
						"7.3667": [0.73214, -1.13753, 9.76017],
						"7.5333": [0.78, -0.17, -3.2],
						"7.6667": [0.3889, 0.15987, 0.62995],
						"7.7667": [0.00175, -0.19999, -0.5],
						"7.9": [0, 0, 0]
					},
					"position": {
						"0.0": {
							"post": [0, 0, 0],
							"lerp_mode": "catmullrom"
						},
						"0.1": {
							"post": [0, -0.77, -0.15],
							"lerp_mode": "catmullrom"
						},
						"0.2": {
							"post": [0, 0.57188, 3.315],
							"lerp_mode": "catmullrom"
						},
						"0.4": {
							"post": [0, 0.315, 2.99],
							"lerp_mode": "catmullrom"
						},
						"0.5667": {
							"post": [0, 0.185, 2.99],
							"lerp_mode": "catmullrom"
						},
						"0.7": {
							"post": [0, 0.86, 2.99],
							"lerp_mode": "catmullrom"
						},
						"0.7667": {
							"post": [0, -0.39, 2.99],
							"lerp_mode": "catmullrom"
						},
						"0.9": {
							"post": [0, -0.015, 2.99],
							"lerp_mode": "catmullrom"
						},
						"1.0333": {
							"post": [0, -0.015, 2.99],
							"lerp_mode": "catmullrom"
						},
						"1.2333": {
							"post": [0, -0.01, 2.99],
							"lerp_mode": "catmullrom"
						},
						"1.6667": {
							"post": [0, -0.055, 2.99],
							"lerp_mode": "catmullrom"
						},
						"2.4667": {
							"post": [0, -0.055, 2.99],
							"lerp_mode": "catmullrom"
						},
						"3.0": {
							"post": [0, 0.015, 2.99],
							"lerp_mode": "catmullrom"
						},
						"3.2667": {
							"post": [0, -0.325, 2.99],
							"lerp_mode": "catmullrom"
						},
						"3.4667": {
							"post": [0, 0.505, 2.99],
							"lerp_mode": "catmullrom"
						},
						"3.5667": {
							"post": [0, 0.32, 2.99],
							"lerp_mode": "catmullrom"
						},
						"3.6667": {
							"post": [0, 0.355, 2.99],
							"lerp_mode": "catmullrom"
						},
						"3.7": {
							"post": [0, -0.225, 2.99],
							"lerp_mode": "catmullrom"
						},
						"3.8333": {
							"post": [0, 0.2, 2.99],
							"lerp_mode": "catmullrom"
						},
						"4.0": {
							"post": [0, -0.025, 2.99],
							"lerp_mode": "catmullrom"
						},
						"4.2": {
							"post": [0, -1.145, 2.99],
							"lerp_mode": "catmullrom"
						},
						"4.3667": {
							"post": [0, 0.17, 2.99],
							"lerp_mode": "catmullrom"
						},
						"4.7": {
							"post": [0, 4.11, 2.99],
							"lerp_mode": "catmullrom"
						},
						"4.9": {
							"post": [0, 4.11, 2.99],
							"lerp_mode": "catmullrom"
						},
						"5.4667": [2, 4.11, 2.99],
						"5.7667": [2.27, 4.11, 2.99],
						"6.2667": {
							"pre": [4.27, 4.11, 2.99],
							"post": [4.27, 4.11, 2.99],
							"lerp_mode": "catmullrom"
						},
						"6.7667": {
							"post": [4.54, 3.59, 2.99],
							"lerp_mode": "catmullrom"
						},
						"7.0667": {
							"post": [3.88, 0.11, -0.01],
							"lerp_mode": "catmullrom"
						},
						"7.3333": {
							"post": [-0.39, -1.135, -2.17],
							"lerp_mode": "catmullrom"
						},
						"7.5333": [0, -0.15, 0.375],
						"7.7": [0, -0.025, -0.04375],
						"7.8": [0, 0, 0.025],
						"7.9": [0, 0, 0]
					}
				},
				"lefthand_and_mag": {
					"rotation": {
						"0.8333": [0, 0, 0],
						"1.0333": [0, 0, -17.5],
						"1.1667": {
							"pre": [-0.9763, 0.21643, -1.00184],
							"post": [-0.9763, 0.21643, -1.00184],
							"lerp_mode": "catmullrom"
						},
						"1.5333": {
							"post": [-5.375, 0.23, -0.06],
							"lerp_mode": "catmullrom"
						},
						"1.8333": {
							"post": [-2.8913, 0.21643, 4.49816],
							"lerp_mode": "catmullrom"
						},
						"2.2333": {
							"post": [37.11165, 4.49872, 53.89678],
							"lerp_mode": "catmullrom"
						},
						"2.4": {
							"post": [37.11165, 4.49872, 53.89678],
							"lerp_mode": "catmullrom"
						},
						"2.7": {
							"post": [31.87414, 6.08967, 51.34481],
							"lerp_mode": "catmullrom"
						},
						"3.0333": {
							"post": [31.87414, 6.08967, 51.34481],
							"lerp_mode": "catmullrom"
						},
						"3.4333": [-14.65, 0, 0],
						"3.5667": [-7.65, 0, 0],
						"3.6667": [-7.65, 0, 0],
						"3.7": [0, 0, 0]
					},
					"position": {
						"0.7": {
							"pre": [0, 0, 0],
							"post": [0, 0, 0],
							"lerp_mode": "catmullrom"
						},
						"0.8333": {
							"post": [0, -5, 0],
							"lerp_mode": "catmullrom"
						},
						"0.9333": {
							"post": [3.45, -8.05, 0],
							"lerp_mode": "catmullrom"
						},
						"1.0667": {
							"post": [8, -2.935, 0],
							"lerp_mode": "catmullrom"
						},
						"1.2": {
							"post": [8, -2.465, 0],
							"lerp_mode": "catmullrom"
						},
						"1.8667": {
							"post": [8, -2.465, 0],
							"lerp_mode": "catmullrom"
						},
						"2.0667": {
							"post": [9, -3.46, 0],
							"lerp_mode": "catmullrom"
						},
						"2.4": {
							"post": [11, -1.5, -0.69],
							"lerp_mode": "catmullrom"
						},
						"2.6667": {
							"post": [11.165, -1.955, -0.74],
							"lerp_mode": "catmullrom"
						},
						"3.0": {
							"post": [11.165, -1.955, -0.74],
							"lerp_mode": "catmullrom"
						},
						"3.2333": {
							"post": [8.17, -5.95, -0.74],
							"lerp_mode": "catmullrom"
						},
						"3.4333": [0, -3.75, -1.765],
						"3.5333": [0, -2.47, -0.75],
						"3.6667": [0, -2.47, -0.75],
						"3.7": [0, 0, 0]
					}
				},
				"lefthand": {
					"rotation": {
						"0.2": [115.80287, -25.58268, -157.85917],
						"0.4": [116.61449, -41.20364, -157.77109],
						"0.5667": [106.87587, -28.85378, -142.6675],
						"3.9": [106.88, -28.85, -142.67],
						"4.2333": [115.80287, -25.58268, -157.85917],
						"4.3667": [73.30287, -25.58268, -157.85917],
						"4.7333": [13.3, -25.58, -157.86],
						"6.8": [13.3, -25.58, -157.86],
						"7.0667": [60.8, -25.58, -157.86],
						"7.2667": [115.80287, -25.58268, -157.85917]
					},
					"position": {
						"0.2": [8.525, -12.25, -11.2],
						"0.4333": [11.155, -15.25, -6.2],
						"0.6": {
							"pre": [8.245, -16.56, -5.745],
							"post": [8.245, -16.56, -5.745],
							"lerp_mode": "catmullrom"
						},
						"3.9": {
							"post": [8.245, -16.56, -5.745],
							"lerp_mode": "catmullrom"
						},
						"4.1": {
							"post": [11.75, -17.56, -5.74],
							"lerp_mode": "catmullrom"
						},
						"4.2333": [8.525, -12.25, -11.2],
						"4.3667": [8.525, -12.25, -11.2],
						"6.8": [8.53, -12.25, -11.2],
						"7.0667": [8.53, -12.25, -7.2],
						"7.2667": [8.525, -12.25, -11.2]
					},
					"scale": [1, 1.5, 1]
				},
				"bullet": {
					"scale": 0
				},
				"righthand": {
					"rotation": [94.51712, 4.98455, -179.60671],
					"position": [-6.70625, -14.275, 3.69688],
					"scale": [1, 1.5, 1]
				},
				"camera": {
					"rotation": {
						"0.0": {
							"post": [0, 0, 0],
							"lerp_mode": "catmullrom"
						},
						"0.2333": {
							"post": [-1.055, 0, 0.7],
							"lerp_mode": "catmullrom"
						},
						"0.5333": {
							"post": [-0.875, 0, 0.585],
							"lerp_mode": "catmullrom"
						},
						"0.7": {
							"post": [-1.51, 0, 0.58],
							"lerp_mode": "catmullrom"
						},
						"0.7667": {
							"post": [-1.51, 0, 1.415],
							"lerp_mode": "catmullrom"
						},
						"0.8333": {
							"post": [-0.79, 0, 0.055],
							"lerp_mode": "catmullrom"
						},
						"0.9667": {
							"post": [-1.49, -0.75, 0.835],
							"lerp_mode": "catmullrom"
						},
						"1.1667": {
							"post": [-1.135, -1.685, 0.465],
							"lerp_mode": "catmullrom"
						},
						"1.8": {
							"post": [-0.84, -1.685, 0.42],
							"lerp_mode": "catmullrom"
						},
						"2.0333": {
							"post": [0.27, -2.15, 0.41],
							"lerp_mode": "catmullrom"
						},
						"2.2667": {
							"post": [-0.155, -1.735, -0.42],
							"lerp_mode": "catmullrom"
						},
						"2.5333": {
							"post": [-0.16, -1.68, -0.27],
							"lerp_mode": "catmullrom"
						},
						"3.0": {
							"post": [-0.15, -1.59, -0.26],
							"lerp_mode": "catmullrom"
						},
						"3.2333": {
							"post": [1.275, -1.55, -1.785],
							"lerp_mode": "catmullrom"
						},
						"3.4": {
							"post": [0.875, -0.555, -1.33],
							"lerp_mode": "catmullrom"
						},
						"3.5667": {
							"post": [0.85, -0.315, -1.3],
							"lerp_mode": "catmullrom"
						},
						"3.6667": {
							"post": [0.73658, -0.21544, -1.00402],
							"lerp_mode": "catmullrom"
						},
						"3.7": {
							"post": [0.76208, -0.13945, -0.15322],
							"lerp_mode": "catmullrom"
						},
						"3.7333": {
							"post": [0.25527, 0.56923, -1.05826],
							"lerp_mode": "catmullrom"
						},
						"3.8333": {
							"post": [0.24605, -0.53285, -0.08917],
							"lerp_mode": "catmullrom"
						},
						"3.9333": {
							"post": [0.25, 0.05, -0.415],
							"lerp_mode": "catmullrom"
						},
						"4.1": {
							"post": [0.25, 0.05, -0.215],
							"lerp_mode": "catmullrom"
						},
						"4.3333": {
							"post": [1.545, 0.05, -0.21],
							"lerp_mode": "catmullrom"
						},
						"4.8": {
							"post": [-1.495, 0.05, -1.675],
							"lerp_mode": "catmullrom"
						},
						"5.0": {
							"post": [-1.275, 0.05, -1.375],
							"lerp_mode": "catmullrom"
						},
						"5.6667": {
							"post": [-1.27, 1.895, -1.37],
							"lerp_mode": "catmullrom"
						},
						"6.3333": {
							"post": [0.075, 1.215, -1.37],
							"lerp_mode": "catmullrom"
						},
						"6.6": {
							"post": [-0.19, 1.355, -1.37],
							"lerp_mode": "catmullrom"
						},
						"7.2667": {
							"post": [1.50686, 0.49, -1.4511],
							"lerp_mode": "catmullrom"
						},
						"7.4333": {
							"post": [-0.225, 0, 0.125],
							"lerp_mode": "catmullrom"
						},
						"7.5333": {
							"post": [-0.35, 0, 0.2],
							"lerp_mode": "catmullrom"
						},
						"7.6": {
							"post": [0.25, 0, -0.25],
							"lerp_mode": "catmullrom"
						},
						"7.7": {
							"post": [-0.075, 0, 0.075],
							"lerp_mode": "catmullrom"
						},
						"7.7667": {
							"post": [0, 0, 0],
							"lerp_mode": "catmullrom"
						}
					}
				}
			},
			"sound_effects": {
				"0.0": {
					"effect": "nmw3:haymaker/haymaker_inspect_drum_start"
				},
				"0.5": {
					"effect": "nmw3:haymaker/haymaker_inspect_drum_lift"
				},
				"0.6": {
					"effect": "nmw3:haymaker/haymaker_inspect_drum_magout"
				},
				"0.8333": {
					"effect": "nmw3:haymaker/haymaker_inspect_magmvmnt1"
				},
				"1.8": {
					"effect": "nmw3:haymaker/haymaker_inspect_magmvmnt2"
				},
				"3.0": {
					"effect": "nmw3:haymaker/haymaker_inspect_magmvmnt3"
				},
				"3.4667": {
					"effect": "nmw3:haymaker/haymaker_inspect_drum_maghit"
				},
				"3.6": {
					"effect": "nmw3:haymaker/haymaker_inspect_drum_magslide"
				},
				"3.6667": {
					"effect": "nmw3:haymaker/haymaker_inspect_drum_magin"
				},
				"4.1": {
					"effect": "nmw3:haymaker/haymaker_reload_empty_drum_rotate"
				},
				"5.9667": {
					"effect": "nmw3:haymaker/haymaker_inspect_drum_end"
				}
			}
		},
		"inspect_empty": {
			"loop": "hold_on_last_frame",
			"animation_length": 8.1,
			"bones": {
				"root": {
					"rotation": {
						"0.0": {
							"post": [0, 0, 0],
							"lerp_mode": "catmullrom"
						},
						"0.2333": {
							"post": [-11.71753, -15.23877, -22.59962],
							"lerp_mode": "catmullrom"
						},
						"0.4667": {
							"post": [-12.50204, -14.01043, -19.56435],
							"lerp_mode": "catmullrom"
						},
						"0.6667": {
							"post": [-19.5, -14.01, -19.56],
							"lerp_mode": "catmullrom"
						},
						"0.7667": {
							"post": [-11.0766, -12.16225, -12.6277],
							"lerp_mode": "catmullrom"
						},
						"0.8667": {
							"post": [-12.265, -12.05, -21.195],
							"lerp_mode": "catmullrom"
						},
						"0.9667": {
							"post": [-18.87, -12.16, -14.63],
							"lerp_mode": "catmullrom"
						},
						"1.1333": {
							"post": [-18.87, -12.16, -17.63],
							"lerp_mode": "catmullrom"
						},
						"1.6333": {
							"post": [-17.07097, -11.83491, -16.7632],
							"lerp_mode": "catmullrom"
						},
						"2.5": {
							"post": [-16.8005, -10.2032, -20.00325],
							"lerp_mode": "catmullrom"
						},
						"3.0333": {
							"post": [-17.18835, -12.00675, -17.31084],
							"lerp_mode": "catmullrom"
						},
						"3.2667": {
							"post": [-14.19, -12.01, -17.31],
							"lerp_mode": "catmullrom"
						},
						"3.5": {
							"post": [-19.19, -12.01, -17.31],
							"lerp_mode": "catmullrom"
						},
						"3.6667": {
							"post": [-17.39054, -11.71278, -16.33436],
							"lerp_mode": "catmullrom"
						},
						"3.7333": {
							"post": [-13.39, -11.71, -16.33],
							"lerp_mode": "catmullrom"
						},
						"3.8": {
							"post": [-13.9755, -11.0002, -13.35695],
							"lerp_mode": "catmullrom"
						},
						"3.9": {
							"post": [-13.98, -11, -16.825],
							"lerp_mode": "catmullrom"
						},
						"4.0667": {
							"post": [-13.98, -11, -14.84],
							"lerp_mode": "catmullrom"
						},
						"4.3667": {
							"post": [-13.98, -11, 65.16],
							"lerp_mode": "catmullrom"
						},
						"4.7333": {
							"post": [-52.86745, 45.95436, 107.76376],
							"lerp_mode": "catmullrom"
						},
						"4.9": {
							"post": [-52.87, 45.95, 107.76],
							"lerp_mode": "catmullrom"
						},
						"5.3333": {
							"post": [-57.87, 45.95, 107.76],
							"lerp_mode": "catmullrom"
						},
						"5.7667": {
							"post": [-60.37, 45.95, 107.76],
							"lerp_mode": "catmullrom"
						},
						"6.2333": {
							"post": [-60.37733, 50.19326, 100.98146],
							"lerp_mode": "catmullrom"
						},
						"6.7333": {
							"post": [-56.24733, 50.19326, 92.98146],
							"lerp_mode": "catmullrom"
						},
						"7.3667": [0.73214, -1.13753, 9.76017],
						"7.5333": [0.78, -0.17, -3.2],
						"7.6667": [0.3889, 0.15987, 0.62995],
						"7.7667": [0.00175, -0.19999, -0.5],
						"7.9": [0, 0, 0]
					},
					"position": {
						"0.0": {
							"post": [0, 0, 0],
							"lerp_mode": "catmullrom"
						},
						"0.1": {
							"post": [0, -0.77, -0.15],
							"lerp_mode": "catmullrom"
						},
						"0.2": {
							"post": [0, 0.57188, 3.315],
							"lerp_mode": "catmullrom"
						},
						"0.4": {
							"post": [0, 0.315, 2.99],
							"lerp_mode": "catmullrom"
						},
						"0.5667": {
							"post": [0, 0.185, 2.99],
							"lerp_mode": "catmullrom"
						},
						"0.7": {
							"post": [0, 0.86, 2.99],
							"lerp_mode": "catmullrom"
						},
						"0.7667": {
							"post": [0, -0.39, 2.99],
							"lerp_mode": "catmullrom"
						},
						"0.9": {
							"post": [0, -0.015, 2.99],
							"lerp_mode": "catmullrom"
						},
						"1.0333": {
							"post": [0, -0.015, 2.99],
							"lerp_mode": "catmullrom"
						},
						"1.2333": {
							"post": [0, -0.01, 2.99],
							"lerp_mode": "catmullrom"
						},
						"1.6667": {
							"post": [0, -0.055, 2.99],
							"lerp_mode": "catmullrom"
						},
						"2.4667": {
							"post": [0, -0.055, 2.99],
							"lerp_mode": "catmullrom"
						},
						"3.0": {
							"post": [0, 0.015, 2.99],
							"lerp_mode": "catmullrom"
						},
						"3.2667": {
							"post": [0, -0.325, 2.99],
							"lerp_mode": "catmullrom"
						},
						"3.4667": {
							"post": [0, 0.505, 2.99],
							"lerp_mode": "catmullrom"
						},
						"3.5667": {
							"post": [0, 0.32, 2.99],
							"lerp_mode": "catmullrom"
						},
						"3.6667": {
							"post": [0, 0.355, 2.99],
							"lerp_mode": "catmullrom"
						},
						"3.7": {
							"post": [0, -0.225, 2.99],
							"lerp_mode": "catmullrom"
						},
						"3.8333": {
							"post": [0, 0.2, 2.99],
							"lerp_mode": "catmullrom"
						},
						"4.0": {
							"post": [0, -0.025, 2.99],
							"lerp_mode": "catmullrom"
						},
						"4.2": {
							"post": [0, -1.145, 2.99],
							"lerp_mode": "catmullrom"
						},
						"4.3667": {
							"post": [0, 0.17, 2.99],
							"lerp_mode": "catmullrom"
						},
						"4.7": {
							"post": [0, 4.11, 2.99],
							"lerp_mode": "catmullrom"
						},
						"4.9": {
							"post": [0, 4.11, 2.99],
							"lerp_mode": "catmullrom"
						},
						"5.4667": [2, 4.11, 2.99],
						"5.7667": [2.27, 4.11, 2.99],
						"6.2667": {
							"pre": [4.27, 4.11, 2.99],
							"post": [4.27, 4.11, 2.99],
							"lerp_mode": "catmullrom"
						},
						"6.7667": {
							"post": [4.54, 3.59, 2.99],
							"lerp_mode": "catmullrom"
						},
						"7.0667": {
							"post": [3.88, 0.11, -0.01],
							"lerp_mode": "catmullrom"
						},
						"7.3333": {
							"post": [-0.39, -1.135, -2.17],
							"lerp_mode": "catmullrom"
						},
						"7.5333": [0, -0.15, 0.375],
						"7.7": [0, -0.025, -0.04375],
						"7.8": [0, 0, 0.025],
						"7.9": [0, 0, 0]
					}
				},
				"lefthand_and_mag": {
					"rotation": {
						"0.8333": [0, 0, 0],
						"1.0333": [0, 0, -17.5],
						"1.1667": {
							"pre": [-0.9763, 0.21643, -1.00184],
							"post": [-0.9763, 0.21643, -1.00184],
							"lerp_mode": "catmullrom"
						},
						"1.5333": {
							"post": [-5.375, 0.23, -0.06],
							"lerp_mode": "catmullrom"
						},
						"1.8333": {
							"post": [-2.8913, 0.21643, 4.49816],
							"lerp_mode": "catmullrom"
						},
						"2.2333": {
							"post": [37.11165, 4.49872, 53.89678],
							"lerp_mode": "catmullrom"
						},
						"2.4": {
							"post": [37.11165, 4.49872, 53.89678],
							"lerp_mode": "catmullrom"
						},
						"2.7": {
							"post": [31.87414, 6.08967, 51.34481],
							"lerp_mode": "catmullrom"
						},
						"3.0333": {
							"post": [31.87414, 6.08967, 51.34481],
							"lerp_mode": "catmullrom"
						},
						"3.4333": [-14.65, 0, 0],
						"3.5667": [-7.65, 0, 0],
						"3.6667": [-7.65, 0, 0],
						"3.7": [0, 0, 0]
					},
					"position": {
						"0.7": {
							"pre": [0, 0, 0],
							"post": [0, 0, 0],
							"lerp_mode": "catmullrom"
						},
						"0.8333": {
							"post": [0, -5, 0],
							"lerp_mode": "catmullrom"
						},
						"0.9333": {
							"post": [3.45, -8.05, 0],
							"lerp_mode": "catmullrom"
						},
						"1.0667": {
							"post": [8, -2.935, 0],
							"lerp_mode": "catmullrom"
						},
						"1.2": {
							"post": [8, -2.465, 0],
							"lerp_mode": "catmullrom"
						},
						"1.8667": {
							"post": [8, -2.465, 0],
							"lerp_mode": "catmullrom"
						},
						"2.0667": {
							"post": [9, -3.46, 0],
							"lerp_mode": "catmullrom"
						},
						"2.4": {
							"post": [11, -1.5, -0.69],
							"lerp_mode": "catmullrom"
						},
						"2.6667": {
							"post": [11.165, -1.955, -0.74],
							"lerp_mode": "catmullrom"
						},
						"3.0": {
							"post": [11.165, -1.955, -0.74],
							"lerp_mode": "catmullrom"
						},
						"3.2333": {
							"post": [8.17, -5.95, -0.74],
							"lerp_mode": "catmullrom"
						},
						"3.4333": [0, -3.75, -1.765],
						"3.5333": [0, -2.47, -0.75],
						"3.6667": [0, -2.47, -0.75],
						"3.7": [0, 0, 0]
					}
				},
				"lefthand": {
					"rotation": {
						"0.2": [115.80287, -25.58268, -157.85917],
						"0.4": [116.61449, -41.20364, -157.77109],
						"0.5667": [106.87587, -28.85378, -142.6675],
						"3.9": [106.88, -28.85, -142.67],
						"4.2333": [115.80287, -25.58268, -157.85917],
						"4.3667": [73.30287, -25.58268, -157.85917],
						"4.7333": [13.3, -25.58, -157.86],
						"6.8": [13.3, -25.58, -157.86],
						"7.0667": [60.8, -25.58, -157.86],
						"7.2667": [115.80287, -25.58268, -157.85917]
					},
					"position": {
						"0.2": [8.525, -12.25, -11.2],
						"0.4333": [11.155, -15.25, -6.2],
						"0.6": {
							"pre": [8.245, -16.56, -5.745],
							"post": [8.245, -16.56, -5.745],
							"lerp_mode": "catmullrom"
						},
						"3.9": {
							"post": [8.245, -16.56, -5.745],
							"lerp_mode": "catmullrom"
						},
						"4.1": {
							"post": [11.75, -17.56, -5.74],
							"lerp_mode": "catmullrom"
						},
						"4.2333": [8.525, -12.25, -11.2],
						"4.3667": [8.525, -12.25, -11.2],
						"6.8": [8.53, -12.25, -11.2],
						"7.0667": [8.53, -12.25, -7.2],
						"7.2667": [8.525, -12.25, -11.2]
					},
					"scale": [1, 1.5, 1]
				},
				"bullet": {
					"scale": 0
				},
				"righthand": {
					"rotation": [94.51712, 4.98455, -179.60671],
					"position": [-6.70625, -14.275, 3.69688],
					"scale": [1, 1.5, 1]
				},
				"camera": {
					"rotation": {
						"0.0": {
							"post": [0, 0, 0],
							"lerp_mode": "catmullrom"
						},
						"0.2333": {
							"post": [-1.055, 0, 0.7],
							"lerp_mode": "catmullrom"
						},
						"0.5333": {
							"post": [-0.875, 0, 0.585],
							"lerp_mode": "catmullrom"
						},
						"0.7": {
							"post": [-1.51, 0, 0.58],
							"lerp_mode": "catmullrom"
						},
						"0.7667": {
							"post": [-1.51, 0, 1.415],
							"lerp_mode": "catmullrom"
						},
						"0.8333": {
							"post": [-0.79, 0, 0.055],
							"lerp_mode": "catmullrom"
						},
						"0.9667": {
							"post": [-1.49, -0.75, 0.835],
							"lerp_mode": "catmullrom"
						},
						"1.1667": {
							"post": [-1.135, -1.685, 0.465],
							"lerp_mode": "catmullrom"
						},
						"1.8": {
							"post": [-0.84, -1.685, 0.42],
							"lerp_mode": "catmullrom"
						},
						"2.0333": {
							"post": [0.27, -2.15, 0.41],
							"lerp_mode": "catmullrom"
						},
						"2.2667": {
							"post": [-0.155, -1.735, -0.42],
							"lerp_mode": "catmullrom"
						},
						"2.5333": {
							"post": [-0.16, -1.68, -0.27],
							"lerp_mode": "catmullrom"
						},
						"3.0": {
							"post": [-0.15, -1.59, -0.26],
							"lerp_mode": "catmullrom"
						},
						"3.2333": {
							"post": [1.275, -1.55, -1.785],
							"lerp_mode": "catmullrom"
						},
						"3.4": {
							"post": [0.875, -0.555, -1.33],
							"lerp_mode": "catmullrom"
						},
						"3.5667": {
							"post": [0.85, -0.315, -1.3],
							"lerp_mode": "catmullrom"
						},
						"3.6667": {
							"post": [0.73658, -0.21544, -1.00402],
							"lerp_mode": "catmullrom"
						},
						"3.7": {
							"post": [0.76208, -0.13945, -0.15322],
							"lerp_mode": "catmullrom"
						},
						"3.7333": {
							"post": [0.25527, 0.56923, -1.05826],
							"lerp_mode": "catmullrom"
						},
						"3.8333": {
							"post": [0.24605, -0.53285, -0.08917],
							"lerp_mode": "catmullrom"
						},
						"3.9333": {
							"post": [0.25, 0.05, -0.415],
							"lerp_mode": "catmullrom"
						},
						"4.1": {
							"post": [0.25, 0.05, -0.215],
							"lerp_mode": "catmullrom"
						},
						"4.3333": {
							"post": [1.545, 0.05, -0.21],
							"lerp_mode": "catmullrom"
						},
						"4.8": {
							"post": [-1.495, 0.05, -1.675],
							"lerp_mode": "catmullrom"
						},
						"5.0": {
							"post": [-1.275, 0.05, -1.375],
							"lerp_mode": "catmullrom"
						},
						"5.6667": {
							"post": [-1.27, 1.895, -1.37],
							"lerp_mode": "catmullrom"
						},
						"6.3333": {
							"post": [0.075, 1.215, -1.37],
							"lerp_mode": "catmullrom"
						},
						"6.6": {
							"post": [-0.19, 1.355, -1.37],
							"lerp_mode": "catmullrom"
						},
						"7.2667": {
							"post": [1.50686, 0.49, -1.4511],
							"lerp_mode": "catmullrom"
						},
						"7.4333": {
							"post": [-0.225, 0, 0.125],
							"lerp_mode": "catmullrom"
						},
						"7.5333": {
							"post": [-0.35, 0, 0.2],
							"lerp_mode": "catmullrom"
						},
						"7.6": {
							"post": [0.25, 0, -0.25],
							"lerp_mode": "catmullrom"
						},
						"7.7": {
							"post": [-0.075, 0, 0.075],
							"lerp_mode": "catmullrom"
						},
						"7.7667": {
							"post": [0, 0, 0],
							"lerp_mode": "catmullrom"
						}
					}
				}
			},
			"sound_effects": {
				"0.0": {
					"effect": "nmw3:haymaker/haymaker_inspect_drum_start"
				},
				"0.5": {
					"effect": "nmw3:haymaker/haymaker_inspect_drum_lift"
				},
				"0.6": {
					"effect": "nmw3:haymaker/haymaker_inspect_drum_magout"
				},
				"0.8333": {
					"effect": "nmw3:haymaker/haymaker_inspect_magmvmnt1"
				},
				"1.8": {
					"effect": "nmw3:haymaker/haymaker_inspect_magmvmnt2"
				},
				"3.0": {
					"effect": "nmw3:haymaker/haymaker_inspect_magmvmnt3"
				},
				"3.4667": {
					"effect": "nmw3:haymaker/haymaker_inspect_drum_maghit"
				},
				"3.6": {
					"effect": "nmw3:haymaker/haymaker_inspect_drum_magslide"
				},
				"3.6667": {
					"effect": "nmw3:haymaker/haymaker_inspect_drum_magin"
				},
				"4.1": {
					"effect": "nmw3:haymaker/haymaker_reload_empty_drum_rotate"
				},
				"5.9667": {
					"effect": "nmw3:haymaker/haymaker_inspect_drum_end"
				}
			}
		}
	}
}