{
	"format_version": "1.8.0",
	"animations": {
		"static_idle": {
			"loop": true,
			"animation_length": 0.125,
			"bones": {
				"constraint": {
					"rotation": [0.2, 0.2, 0.4],
					"position": [0.1, 0.1, 0.1]
				},
				"lefthand": {
					"rotation": [90.4533, -389.73135, -129.57361],
					"position": [7.4, -11.7, -5.5],
					"scale": [1, 1.5, 1]
				},
				"righthand": {
					"rotation": [100.03742, 4.92385, -179.12962],
					"position": [-6.8, -14.2, 7.4],
					"scale": [1, 1.5, 1]
				}
			}
		},
		"reload_tactical": {
			"loop": "hold_on_last_frame",
			"animation_length": 2,
			"bones": {
				"constraint": {
					"rotation": [0.2, 0.2, 0.4],
					"position": [0.1, 0.1, 0.1]
				},
				"lefthand": {
					"rotation": {
						"0.0": [90.4533, -389.73135, -129.57361],
						"0.0667": [161.51, -388.72, -246.92],
						"0.1333": [150.11, -372.38, -255.56],
						"0.2": [138.72, -356.04, -264.19],
						"0.2667": [117.5156, -371.73591, -197.33349],
						"1.2667": [117.52, -371.74, -197.33],
						"1.4": [119.69807, -358.37197, -221.51391],
						"1.5333": [119.69807, -358.37197, -221.51391],
						"1.6667": [90.4533, -389.73135, -129.57361]
					},
					"position": {
						"0.0": [7.4, -11.7, -5.5],
						"0.0667": [15.2, -18.63, -4.63],
						"0.1333": [19.3, -24.16, -6.56],
						"0.2": [23.4, -29.7, -8.5],
						"0.2667": [6.22, -15.7, -0.5],
						"1.2667": [6.215, -15.7, -0.5],
						"1.4": [5.76, -20.7, -4.5],
						"1.5333": [11.76, -20.7, 6.5],
						"1.6667": [7.4, -11.7, -5.5]
					},
					"scale": [1, 1.5, 1]
				},
				"righthand": {
					"rotation": [100.03742, 4.92385, -179.12962],
					"position": [-6.8, -14.2, 7.4],
					"scale": [1, 1.5, 1]
				},
				"root": {
					"rotation": {
						"0.0": [0, 0, 0],
						"0.2": {
							"pre": [4.98788, 0.34834, -3.98483],
							"post": [4.98788, 0.34834, -3.98483],
							"lerp_mode": "catmullrom"
						},
						"0.3667": {
							"post": [-9.82, -0.82, -19.19],
							"lerp_mode": "catmullrom"
						},
						"0.5333": {
							"post": [-14.58745, -1.66009, -21.07978],
							"lerp_mode": "catmullrom"
						},
						"0.6": {
							"post": [-12.25915, -0.35361, -17.98746],
							"lerp_mode": "catmullrom"
						},
						"0.6667": {
							"post": [-11.81696, -0.40889, -17.82259],
							"lerp_mode": "catmullrom"
						},
						"0.7667": {
							"post": [-11.69285, -1.30105, -25.91215],
							"lerp_mode": "catmullrom"
						},
						"0.8667": {
							"post": [-12.36, -1.75, -38.48],
							"lerp_mode": "catmullrom"
						},
						"0.9333": {
							"post": [-10.60561, -1.26065, -34.69387],
							"lerp_mode": "catmullrom"
						},
						"1.0": {
							"post": [-11.98977, -2.23004, -37.49371],
							"lerp_mode": "catmullrom"
						},
						"1.0667": {
							"post": [-7.54377, -0.42303, -33.22771],
							"lerp_mode": "catmullrom"
						},
						"1.1333": {
							"post": [-7.8232, -0.4255, -35.50104],
							"lerp_mode": "catmullrom"
						},
						"1.2": {
							"post": [-9.35, -0.34, -36.6],
							"lerp_mode": "catmullrom"
						},
						"1.3": {
							"post": [-11.0932, -0.4255, -35.50104],
							"lerp_mode": "catmullrom"
						},
						"1.4": [-10.76, -2.58, -10.25],
						"1.4667": [-8.4, -2.11, -3.93],
						"1.5": [-6.91, -1.79, 2],
						"1.5667": [-0.5, -1.44, 5.92],
						"1.6": [2.13, -0.73, 6.34],
						"1.6333": [2, -0.14, 4],
						"1.7": [1.65, 0.01, 0.75],
						"1.7667": [1, 0, -2],
						"1.8": [1, -0.02, 0],
						"1.8667": [0.7, -0.01, 0.15],
						"1.9": [0.3, -0.01, 0.07],
						"1.9667": [0, 0, 0.01]
					},
					"position": {
						"0.0": [0, 0, 0],
						"0.1667": [0.29, -1.1, -1.305],
						"0.3333": {
							"pre": [-0.48, 0.835, -0.67],
							"post": [-0.48, 0.835, -0.67],
							"lerp_mode": "catmullrom"
						},
						"0.5333": {
							"post": [-0.435, 0.725, -0.68],
							"lerp_mode": "catmullrom"
						},
						"0.6": {
							"post": [-0.15, 0.54, -0.73],
							"lerp_mode": "catmullrom"
						},
						"0.7": {
							"post": [-0.56, 0.54, -0.73],
							"lerp_mode": "catmullrom"
						},
						"0.8333": {
							"post": [-0.575, 0.405, -0.97],
							"lerp_mode": "catmullrom"
						},
						"0.9": {
							"post": [-0.555, 0.3, -0.9],
							"lerp_mode": "catmullrom"
						},
						"0.9667": {
							"post": [-0.545, 0.435, -0.76],
							"lerp_mode": "catmullrom"
						},
						"1.0333": {
							"post": [-0.57, 0.87, -0.46],
							"lerp_mode": "catmullrom"
						},
						"1.2": {
							"post": [-0.53, 0.745, -0.585],
							"lerp_mode": "catmullrom"
						},
						"1.4": [-0.195, -1.28, 0.81],
						"1.4667": [-0.215, -1.91, 1.15],
						"1.5": [-0.135, -2.2, 1.02],
						"1.5667": [-0.255, -1.81, -0.07],
						"1.6": [-0.3, -1.09, -0.375],
						"1.6333": [0, -0.5, -0.5],
						"1.7": [0.06, -0.19, -0.2],
						"1.7667": [0, -0.1, 0.5],
						"1.8": [0, -0.07, 0.28],
						"1.8667": [0, -0.09, -0.07],
						"1.9": [0, -0.06, -0.19],
						"1.9667": [0, -0.03, -0.1],
						"2.0": [0, 0, 0]
					}
				},
				"lefthand_and_mag": {
					"rotation": {
						"0.2333": [0, 0, 0],
						"0.2667": [0, 0, 0],
						"0.4": [0, 0, 0],
						"0.5333": [0, 0, 0],
						"0.6333": [-12.5, 0, 0],
						"0.7333": [-12.2127, -2.68507, -12.2127],
						"0.8667": [-27.71, -2.69, -12.21],
						"0.9333": [-27.71, -2.69, -12.21],
						"1.0": [0, 0, 0]
					},
					"position": {
						"0.2333": [0, 0, 0],
						"0.2667": [12, -12, 0],
						"0.3333": [6.06, -4.57, 0],
						"0.4333": [1.605, 2, 0],
						"0.5333": [1.605, 2, 0],
						"0.6667": [1.61, -2, -1],
						"0.7667": [0, -2, -0.57],
						"0.9": [0, -0.66, -0.615],
						"0.9667": [0, 0, -0.35],
						"1.0333": [0, 0, 0]
					},
					"scale": 1
				},
				"mag_and_bullet": {
					"rotation": {
						"0.2333": [0, 0, 0],
						"0.2667": [0, 0, 0]
					},
					"position": {
						"0.2333": [12, -28, 0],
						"0.2667": [0, 0, 0]
					},
					"scale": {
						"0.0": [0, 0, 0],
						"0.2667": {
							"pre": [0, 0, 0],
							"post": [1, 1, 1]
						}
					}
				},
				"additional_magazine": {
					"rotation": {
						"0.5333": [0, 0, 0],
						"0.6333": [-12.5, 0, 0],
						"0.7333": [-12.2127, -2.68507, -12.2127],
						"0.8667": [-21.71, -2.69, -12.21],
						"0.9333": [-21.71, -2.69, -12.21],
						"1.0": [0, 0, 0],
						"1.2667": [0, 0, 0],
						"1.4": [0, 0, -25]
					},
					"position": {
						"0.5333": [0, 0, 0],
						"0.6667": [0.015, -2, -1],
						"0.7667": [-1.595, -2, -0.57],
						"0.9": [-1.595, -0.66, -0.615],
						"0.9667": [-1.595, 0, -0.35],
						"1.0333": [-1.595, 0, 0],
						"1.2667": [-1.59, 0, 0],
						"1.4": [-1.59, -5, -3],
						"1.5333": [3.41, -5, 5]
					},
					"scale": {
						"1.5333": [1, 1, 1],
						"1.5667": [0, 0, 0]
					}
				},
				"magrelease": {
					"rotation": {
						"0.5": [0, 0, 0],
						"0.5667": [-29, 0, 0],
						"0.6333": [0, 0, 0],
						"0.9333": [0, 0, 0],
						"1.0": [-29, 0, 0],
						"1.0667": [0, 0, 0]
					}
				},
				"camera": {
					"rotation": {
						"0.0": {
							"post": [0, 0, 0],
							"lerp_mode": "catmullrom"
						},
						"0.1333": {
							"post": [0.75, 0.505, 0.62],
							"lerp_mode": "catmullrom"
						},
						"0.3333": {
							"post": [1.165, 0.51, -0.505],
							"lerp_mode": "catmullrom"
						},
						"0.4333": {
							"post": [0.75, 0.51, -0.245],
							"lerp_mode": "catmullrom"
						},
						"0.5667": {
							"post": [0.75, 0.51, -0.24],
							"lerp_mode": "catmullrom"
						},
						"0.6667": {
							"post": [0.47, 0.51, -1.24],
							"lerp_mode": "catmullrom"
						},
						"0.7333": {
							"post": [0.75, 0.51, -1.24],
							"lerp_mode": "catmullrom"
						},
						"0.9": {
							"post": [0.535, 0.51, -2.24],
							"lerp_mode": "catmullrom"
						},
						"1.0": {
							"post": [1.555, 0.51, -1.815],
							"lerp_mode": "catmullrom"
						},
						"1.1": {
							"post": [0.795, 0.51, -2.115],
							"lerp_mode": "catmullrom"
						},
						"1.2": {
							"post": [1.44, 0.51, -1.92],
							"lerp_mode": "catmullrom"
						},
						"1.3667": {
							"post": [1.14, 0.51, -1.92],
							"lerp_mode": "catmullrom"
						},
						"1.5667": {
							"post": [-0.31, 0.51, -0.745],
							"lerp_mode": "catmullrom"
						},
						"1.7": {
							"post": [0.69, 0.05, 0.335],
							"lerp_mode": "catmullrom"
						},
						"1.8333": {
							"post": [-0.36, 0.05, -0.4],
							"lerp_mode": "catmullrom"
						},
						"1.9667": {
							"post": [0.21, 0.05, -0.175],
							"lerp_mode": "catmullrom"
						},
						"2.1333": {
							"post": [0, 0, 0],
							"lerp_mode": "catmullrom"
						}
					}
				}
			},
			"sound_effects": {
				"0.0": {
					"effect": "bo6:aek973/aek973_reload_01"
				},
				"0.4667": {
					"effect": "bo6:aek973/aek973_reload_02"
				},
				"0.7": {
					"effect": "bo6:aek973/aek973_reload_03"
				},
				"0.8667": {
					"effect": "bo6:aek973/aek973_reload_04"
				},
				"0.9667": {
					"effect": "bo6:aek973/aek973_reload_05"
				},
				"1.2667": {
					"effect": "bo6:aek973/aek973_reload_06"
				}
			}
		},
		"reload_empty": {
			"loop": "hold_on_last_frame",
			"animation_length": 3,
			"bones": {
				"righthand": {
					"rotation": [100.03742, 4.92385, -179.12962],
					"position": [-6.8, -14.2, 7.4],
					"scale": [1, 1.5, 1]
				},
				"lefthand": {
					"rotation": {
						"0.0": [90.4533, -389.73135, -129.57361],
						"0.05": [125.98, -389.22, -188.25],
						"0.1": [161.51, -388.72, -246.92],
						"0.15": [150.11, -372.38, -255.56],
						"0.2": [138.72, -356.04, -264.19],
						"0.25": [124.38, -351.07, -261.19],
						"0.3": [110.03, -346.1, -258.19],
						"0.35": [110.03, -346.1, -258.19],
						"0.4": [110.03, -346.1, -258.19],
						"0.45": [114.03, -346.1, -258.19],
						"0.5": [122.03, -346.1, -258.19],
						"0.55": [112.3, -348.32, -252.47],
						"0.6": [100.99, -352.95, -254.38],
						"0.65": [101.08, -350.01, -253.8],
						"0.7": [92.64, -350.3, -244.67],
						"0.75": [95.09, -347.99, -243.28],
						"0.8": [100.21, -343.66, -242.82],
						"0.85": [107.62, -338.83, -241.01],
						"0.9": [128.34, -332.42, -228.75],
						"0.95": [132.35, -336.96, -221.05],
						"1.0": [134.31, -342.92, -214.26],
						"1.05": [138.57, -347.98, -209.26],
						"1.1": [142.65, -347.59, -196.19],
						"1.15": [149.65, -347.59, -196.19],
						"1.2": [153.65, -347.59, -196.19],
						"1.25": [111.04, -357.56, -200.87],
						"1.3": [115.94, -356.64, -202.78],
						"1.35": [115.1, -358.45, -199.21],
						"1.4": [115.1, -358.45, -199.21],
						"1.5": [111.80182, -357.60797, -181.83129],
						"1.75": [73.06192, -418.57154, -44.67806],
						"1.8": [92.99548, -428.36138, -64.68893],
						"2.05": [77.0667, -419.21637, -49.35461],
						"2.4": [90.4533, -389.73135, -129.57361]
					},
					"position": {
						"0.0": [7.4, -11.7, -5.5],
						"0.05": [11.3, -15.16, -6.56],
						"0.1": [15.2, -18.63, -4.63],
						"0.15": [19.3, -24.16, -6.56],
						"0.2": [23.4, -29.7, -8.5],
						"0.25": [18.7, -29.3, -3.05],
						"0.3": [13, -27.9, 2.4],
						"0.35": [11.95, -22.26, 2.39],
						"0.4": [10.9, -16.62, -0.62],
						"0.45": [10.9, -16.62, -0.62],
						"0.5": [10.7, -16.62, -0.72],
						"0.55": [12, -17.22, 0.48],
						"0.6": [12.4, -17.52, 1.28],
						"0.65": [12.4, -17.82, -2.42],
						"0.7": [11, -19.22, -2.72],
						"0.75": [10.97, -19.4, -3.46],
						"0.8": [11.04, -18.59, -3.84],
						"0.85": [11, -17.62, -5.13],
						"0.9": [10.09, -17.44, -4.21],
						"0.95": [9.43, -16.77, -4.34],
						"1.0": [8.75, -16.27, -4.45],
						"1.05": [7.54, -16.41, -4.39],
						"1.1": [6.57, -15.99, -4.78],
						"1.15": [6.35, -15.26, -5.56],
						"1.2": [6.35, -15.26, -5.56],
						"1.25": [7.08, -16.81, -2.9],
						"1.3": [7.08, -17.64, -3.41],
						"1.35": [7.08, -17.48, -2.92],
						"1.4": [7.08, -17.32, -2.42],
						"1.5": [6.3, -17.5, -2.75],
						"1.55": [6.35, -23.0375, -0.97],
						"1.6": [3.4875, -24.1575, -1.13],
						"1.65": [2.51, -18.85, -1.28],
						"1.7": [2.925, -13.605, -1.595],
						"1.75": [2.325, -9.735, -0.875],
						"1.85": [2.325, -9.535, -0.675],
						"1.95": [2.575, -8.535, 0.165],
						"2.0": [2.45, -8.535, 2.865],
						"2.05": [2.575, -8.735, 5.125],
						"2.1": [2.18, -10.66, 5.13],
						"2.15": [1.65, -16.58, 3.64],
						"2.2": [0.86, -19.51, 1.15],
						"2.25": [4.86, -23.75, -2.82],
						"2.3": [8.85239, -19.98314, -6.78847],
						"2.4": [7.4, -11.7, -5.5]
					},
					"scale": [1, 1.5, 1]
				},
				"root": {
					"rotation": {
						"0.0": [0, 0, 0],
						"0.05": [0.75, -0.03, 1.5],
						"0.1": [1.84, -0.09, 4.4],
						"0.15": [3, -0.1, 6],
						"0.2": [3.91, 0.22, 2.44],
						"0.25": [4.31, 0.23, -2.99],
						"0.3": [3.62, -1.01, -8.74],
						"0.35": [2.57, -2.4, -13.49],
						"0.4": [1.01, -3.3, -14.48],
						"0.45": [-0.97, -3.49, -16.47],
						"0.5": [-4.35, -3.49, -16.47],
						"0.55": [-7.55, -3.72, -18.46],
						"0.6": [-18.42, -3.41, -15.98],
						"0.65": [-20, -4.56, -21.35],
						"0.7": [-16.42, -3.73, -18.3],
						"0.75": [-13.44, -4.47, -22.39],
						"0.8": [-12.71, -4.33, -21.66],
						"0.85": [-12.21, -4.17, -21.09],
						"0.9": [-11.52, -4.39, -23.57],
						"0.95": [-11.07, -4.69, -26.42],
						"1.0": [-11.33, -4.9, -27.56],
						"1.05": [-11.75, -5.05, -28.06],
						"1.1": [-11.88, -5.13, -28.31],
						"1.15": [-11.98, -5.14, -28.25],
						"1.2": [-12.45, -4.95, -27.38],
						"1.25": [-14.49, -3.97, -25.54],
						"1.3": [-8.79, -3.45, -28.47],
						"1.35": [-10.44, -4.75, -28.43],
						"1.4": [-9.52, -4.79, -29.98],
						"1.45": [-9.18, -3.48, -24.91],
						"1.5": [-6.92, -1.21, -23.66],
						"1.6": [-4.58, -1.815, -21.26],
						"1.7": {
							"pre": [-9.635, -4.81, -32.73],
							"post": [-9.635, -4.81, -32.73],
							"lerp_mode": "catmullrom"
						},
						"1.85": {
							"post": [-10.795, -3.14, -30.12],
							"lerp_mode": "catmullrom"
						},
						"1.9": [-9.39237, -3.80108, -31.28505],
						"2.0": [-11.58677, 2.17411, -20.45955],
						"2.1": [-6.70916, -5.78568, -36.45096],
						"2.15": [-4.91212, -0.3012, -28.39862],
						"2.2": [0.295, -1.32, -35.49],
						"2.3": [-0.08, 1.62, -7.06],
						"2.4": [3.32, 0.02, 0.25],
						"2.5": [0.54897, 0.03925, -2.99974],
						"2.55": [-0.47058, -0.0434, 0.36929],
						"2.6": [-0.68804, -0.01635, -0.25033],
						"2.7": [0, 0, 0]
					},
					"position": {
						"0.0": [0, 0, 0],
						"0.05": [-0.09, -0.39, 0.13],
						"0.1": [-0.2, -0.8, 0.4],
						"0.15": [-0.27, -0.96, 0.97],
						"0.2": [-0.38, -0.92, 1.58],
						"0.25": [-0.61, -0.51, 2.02],
						"0.3": [-0.87, -0.1, 2.33],
						"0.35": [-1.15, -0.12, 2.47],
						"0.4": [-1.37, -0.2, 2.48],
						"0.45": [-1.44, -0.06, 2.3],
						"0.5": [-1.5, 0.08, 2.13],
						"0.55": [-1.5, 0.14, 1.73],
						"0.6": [-1.5, 0.2, 1.33],
						"0.65": [-1.5, -0.02, 1.12],
						"0.7": [-1.5, -0.3, 1.02],
						"0.75": [-1.49, -0.44, 1.02],
						"0.8": [-1.47, -0.56, 1.07],
						"0.85": [-1.45, -0.61, 1.13],
						"0.9": [-1.42, -0.49, 1.23],
						"0.95": [-1.4, -0.3, 1.35],
						"1.0": [-1.4, -0.19, 1.48],
						"1.05": [-1.4, -0.1, 1.6],
						"1.1": [-1.4, -0.05, 1.65],
						"1.15": [-1.39, 0, 1.68],
						"1.2": [-1.4, 0, 1.7],
						"1.25": [-1.46, -0.12, 1.71],
						"1.3": [-1.5, -0.25, 1.7],
						"1.35": [-1.45, -0.3, 1.65],
						"1.4": [-1.4, -0.3, 1.6],
						"1.45": [-1.47, -0.25, 1.59],
						"1.5": [-1.5, -0.2, 1.6],
						"1.6": [-1.4, -0.09, 1.59],
						"1.7": [-0.98, 0.25, 1.6],
						"1.85": [-0.63, 0.4, 1.5],
						"1.9": [-0.77, 0.07, 1.12],
						"2.0": {
							"pre": [-1.03, -1.6, 0.9],
							"post": [-1.03, -1.6, 0.9],
							"lerp_mode": "catmullrom"
						},
						"2.05": {
							"post": [-1.03, -1.2, -0.2],
							"lerp_mode": "catmullrom"
						},
						"2.1": {
							"post": [-1.1, -0.07, 0.17],
							"lerp_mode": "catmullrom"
						},
						"2.2": {
							"post": [-0.82, 0, -0.07],
							"lerp_mode": "catmullrom"
						},
						"2.3": {
							"post": [-0.1, -0.9, -1.5],
							"lerp_mode": "catmullrom"
						},
						"2.4": {
							"post": [-0.02, -1.265, -1.685],
							"lerp_mode": "catmullrom"
						},
						"2.45": {
							"post": [0, -0.375, 0.25],
							"lerp_mode": "catmullrom"
						},
						"2.5": {
							"post": [0, -0.075, 0.45],
							"lerp_mode": "catmullrom"
						},
						"2.6": {
							"post": [0, 0, -0.2125],
							"lerp_mode": "catmullrom"
						},
						"2.7": {
							"post": [0, 0, 0.05],
							"lerp_mode": "catmullrom"
						},
						"2.8": {
							"post": [0, 0, 0],
							"lerp_mode": "catmullrom"
						}
					}
				},
				"mag_and_bullet": {
					"rotation": {
						"0.25": [0, 0, 0],
						"0.3": [-4.89, -1.3, -64.92],
						"0.35": [-0.76, -4.11, -63.26],
						"0.4": [3.36, -6.92, -61.61],
						"0.45": [0.36, -6.92, -61.61],
						"0.5": [-4.27, -7.15, -64.62],
						"0.55": [7.73, -7.15, -64.62],
						"0.6": [26.6, -10.81, -57.42],
						"0.65": [10.76, -14.72, -49.1],
						"0.7": [29.48, -6.86, -47.6],
						"0.75": [23.02, -7.57, -43.16],
						"0.8": [7.01, -10.47, -34.68],
						"0.85": [-8.79, -13.1, -26.27],
						"0.9": [-13.55, -11.75, -22.43],
						"0.95": [-17.36, -11.05, -19.66],
						"1.0": [-20.69, -9.71, -16.67],
						"1.05": [-21.59, -3.28, -11.08],
						"1.1": [-26, 0, -4.41],
						"1.15": [-32, 0, -1.76],
						"1.2": [-31, 0, 0],
						"1.25": [0, 0, 0]
					},
					"position": {
						"0.25": [0, -16, 15],
						"0.3": [3, -15, 5],
						"0.35": [1.5, -8.6, 4.15],
						"0.4": [0, -3.2, 2.3],
						"0.45": [0, -3.2, 2.2],
						"0.5": [0, -3.2, 2],
						"0.55": [0, -3.6, 2.5],
						"0.6": [0, -2.6, 1],
						"0.65": [0, -2.6, -1.5],
						"0.7": [0, -3.2, -3],
						"0.75": [0.18, -3.24, -2.78],
						"0.8": [0.57, -3.27, -2.1],
						"0.85": [0.9, -3.2, -1.4],
						"0.9": [0.66, -2.44, -1.08],
						"0.95": [0.46, -1.82, -0.82],
						"1.0": [0.3, -1.3, -0.6],
						"1.05": [0.4, -1.3, -0.6],
						"1.1": [0.1, -1, -0.5],
						"1.15": [0.1, -1, -0.6],
						"1.2": [0.1, -1, -0.6],
						"1.25": [0, 0, 0]
					},
					"scale": {
						"0.0": [0, 0, 0],
						"0.3": {
							"pre": [0, 0, 0],
							"post": [1, 1, 1]
						}
					}
				},
				"additional_magazine": {
					"rotation": {
						"0.45": [0, 0, 0],
						"0.5": [-2.5, 0, 0],
						"0.55": [-40.35, 1.36, -7.69],
						"0.6": [-80.94, -5.24, -22.93],
						"0.65": [-101.58, 0.87, -57.44],
						"0.7": [-107.08, -6.14, -87.98],
						"0.75": [-114.66, -17.18, -123.29],
						"0.8": [-140.94, -29.32, -134.9],
						"0.85": [-205.79, -43.83, -100.88],
						"0.9": [-289.34, -59.46, -43.16],
						"0.95": [-348.58, -69.44, 0.93],
						"1.0": [-377.08, -70.32, 16.86],
						"1.05": [-337.45, -58.83, 14.05],
						"1.1": [-168.72, -29.41, 7.03],
						"1.15": [0, 0, 0]
					},
					"position": {
						"0.45": [0, 0, 0],
						"0.5": [0, 0, 0],
						"0.55": [0, -2.2, -1.2],
						"0.6": [2.7, -4.5, -4],
						"0.65": [5.1, -6.3, -8.1],
						"0.7": [6.27, -7.39, -11.04],
						"0.75": [7.3, -9.5, -14.1],
						"0.8": [8.27, -14.14, -16.8],
						"0.85": [8.6, -19.4, -19.1],
						"0.9": [7.47, -23.14, -20.77],
						"0.95": [5.62, -27.59, -21.88],
						"1.0": [3.8, -35.32, -23.75],
						"1.05": [1.13, -43.16, -22.42],
						"1.1": [-8.61, -52.18, 0.38],
						"1.15": [-2.3, -32.2, 15.6]
					}
				},
				"bolt": {
					"position": {
						"1.95": [0, 0, 0],
						"2.05": [0, 0, 5.2],
						"2.1": [0, 0, 0],
						"2.15": [0, 0, 0.1],
						"2.25": [0, 0, 0]
					}
				},
				"magrelease": {
					"rotation": {
						"0.4": [0, 0, 0],
						"0.45": [-20, 0, 0],
						"0.55": [-29, 0, 0],
						"0.65": [-21, 0, 0],
						"0.75": [0, 0, 0],
						"1.2": [0, 0, 0],
						"1.25": [-20, 0, 0],
						"1.35": [0, 0, 0]
					}
				},
				"constraint": {
					"rotation": {
						"0.0": [0, 0, 0],
						"2.85": [0, 0, 0],
						"3.0": [0.2, 0.2, 0.4]
					},
					"position": {
						"0.0": [0.02, 0.02, 0.02],
						"2.85": [0.02, 0.02, 0.02],
						"3.0": [0.1, 0.1, 0.1]
					}
				},
				"camera": {
					"rotation": {
						"0.0": [0, 0, 0],
						"0.05": [0.14, 0.06, -0.05],
						"0.1": [0.35, 0.13, -0.12],
						"0.15": [0.57, 0.22, -0.2],
						"0.2": [0.75, 0.3, -0.28],
						"0.25": [0.89, 0.37, -0.36],
						"0.3": [1.01, 0.44, -0.45],
						"0.35": [1.1, 0.51, -0.53],
						"0.4": [1.16, 0.55, -0.6],
						"0.45": [1.12, 0.6, -0.73],
						"0.5": [0.96, 0.55, -0.75],
						"0.55": [0.28, 0.08, -0.12],
						"0.6": [0.17, -0.06, -0.58],
						"0.65": [0.19, -0.12, -1.07],
						"0.7": [0.42, -0.13, -0.94],
						"0.75": [0.68, -0.1, -0.7],
						"0.8": [0.74, -0.07, -0.7],
						"0.85": [0.74, 0, -0.75],
						"0.9": [0.72, 0.08, -0.76],
						"0.95": [0.69, 0.18, -0.77],
						"1.0": [0.62, 0.27, -0.77],
						"1.05": [0.48, 0.33, -0.78],
						"1.1": [0.31, 0.38, -0.77],
						"1.15": [0.19, 0.42, -0.72],
						"1.2": [0.19, 0.5, -0.25],
						"1.25": [0.74, 0.5, -1.23],
						"1.3": [0.58, 0.5, -1.04],
						"1.35": [0.42, 0.5, -0.75],
						"1.4": [0.53, 0.5, -0.74],
						"1.45": [0.73, 0.5, -0.79],
						"1.5": [0.91, 0.5, -0.81],
						"1.55": [1.12, 0.51, -0.79],
						"1.6": [1.21, 0.48, -0.49],
						"1.65": [1.1, 0.43, -0.25],
						"1.7": [1, 0.34, -0.02],
						"1.75": [0.91, 0.15, 0.15],
						"1.8": [0.81, -0.09, 0.31],
						"1.85": [0.75, -0.28, 0.43],
						"1.9": [0.76, -0.36, 0.5],
						"1.95": [0.79, -0.39, 0.53],
						"2.0": [0.79, -0.4, 0.5],
						"2.05": [0.48, -0.3, 0],
						"2.1": [0.63, -0.29, 0.17],
						"2.15": [0.83, -0.3, 0.5],
						"2.2": [0.9, -0.4, 1.25],
						"2.25": [1.46, -0.4, -0.15],
						"2.3": [1.34, -0.4, 0.16],
						"2.35": [1.15, -0.4, 0.63],
						"2.4": [1.26, -0.42, 0.61],
						"2.45": [1.23, -0.4, 0.43],
						"2.5": [1.02, -0.34, 0.32],
						"2.55": [0.69, -0.25, 0.17],
						"2.6": [0.33, -0.15, 0.02],
						"2.65": [0.01, -0.06, -0.1],
						"2.7": [-0.2, 0, -0.15],
						"2.75": [-0.04, 0, 0.42],
						"2.8": [0.13, 0, -0.07],
						"2.85": [0.07, 0, -0.03],
						"2.9": [0, 0, 0.07],
						"2.95": [-0.01, 0, 0.04],
						"3.0": [0, 0, 0]
					}
				},
				"lefthand_and_mag": {
					"scale": 1
				},
				"bullet": {
					"scale": {
						"0.0": [0, 0, 0],
						"0.55": {
							"pre": [0, 0, 0],
							"post": [0, 0, 0]
						},
						"0.6": {
							"pre": [0, 0, 0],
							"post": [1, 1, 1]
						}
					}
				}
			},
			"sound_effects": {
				"0.0": {
					"effect": "bo6:aek973/aek973_reload_empty_01"
				},
				"0.45": {
					"effect": "bo6:aek973/aek973_reload_empty_02"
				},
				"0.65": {
					"effect": "bo6:aek973/aek973_reload_empty_03"
				},
				"1.1": {
					"effect": "bo6:aek973/aek973_reload_empty_04"
				},
				"1.15": {
					"effect": "bo6:aek973/aek973_reload_empty_05"
				},
				"1.8": {
					"effect": "bo6:aek973/aek973_reload_empty_06"
				},
				"2.2": {
					"effect": "bo6:aek973/aek973_reload_empty_07"
				}
			}
		},
		"inspect": {
			"loop": "hold_on_last_frame",
			"animation_length": 6.7,
			"bones": {
				"constraint": {
					"rotation": [0.2, 0.2, 0.4],
					"position": [0.1, 0.1, 0.1]
				},
				"lefthand": {
					"rotation": {
						"0.1667": [90.4533, -389.73135, -129.57361],
						"1.8333": [90.45, -389.73, -129.57],
						"2.1333": [90.4533, -389.73135, -129.57361]
					},
					"position": {
						"0.1667": [7.4, -11.7, -5.5],
						"0.3667": [12.4, -30.7, 26.5],
						"1.8333": [12.4, -30.7, 26.5],
						"2.1333": [7.4, -11.7, -5.5]
					},
					"scale": [1, 1.5, 1]
				},
				"righthand": {
					"rotation": {
						"0.0": [100.03742, 4.92385, -179.12962],
						"2.4333": [100.04, 4.92, -179.13],
						"2.6667": [105.32629, 17.31908, -177.31067],
						"4.8333": [105.33, 17.32, -177.31],
						"5.0333": [73.3938, 16.10371, -267.02399],
						"5.0667": [73.3938, 16.10371, -267.02399],
						"5.2333": [69.75065, 37.48383, -274.9438],
						"5.6667": [69.75, 37.48, -274.94],
						"6.0333": [100.03742, 4.92385, -179.12962]
					},
					"position": {
						"0.0": [-6.8, -14.2, 7.4],
						"2.4333": [-6.8, -14.2, 7.4],
						"2.5333": [-9.8, -15.2, 6.4],
						"2.6": [-8.63, -15.87, 3.33],
						"2.6667": [-6.3, -15.2, -0.8],
						"4.4667": [-6.3, -15.2, -0.8],
						"4.8333": [-6.3, -15.2, -0.8],
						"4.9667": [-9.3, -14.2, 0.2],
						"5.0333": [-9.55, -10.825, -0.91],
						"5.0667": [-9.55, -10.825, -0.91],
						"5.2333": [-9.55, -11.04, 1.385],
						"5.6667": [-9.55, -11.035, 1.38],
						"5.7333": [-10.89, -11.035, 1.38],
						"5.8667": [-10.095, -12.98, 0.57],
						"6.0333": [-6.8, -14.2, 7.4]
					},
					"scale": [1, 1.5, 1]
				},
				"root": {
					"rotation": {
						"0.0": [0, 0, 0],
						"0.1667": [2.99271, -0.20917, 3.99454],
						"0.5": [-14.92517, -22.1076, -48.42997],
						"0.5667": [-14.8, -21.415, -49.16],
						"0.6667": [-14.61, -20.58, -50.25],
						"0.9333": [-14.1186, -21.65042, -53.14316],
						"1.2333": [-14.57603, -21.40218, -52.06923],
						"1.5667": [-14.57603, -21.40218, -52.06923],
						"1.8": [-13.24588, -21.23561, -52.19302],
						"2.1": {
							"pre": [-0.44, -5.27, -5.4],
							"post": [-0.44, -5.27, -5.4],
							"lerp_mode": "catmullrom"
						},
						"2.3333": {
							"post": [-6.3347, 12.20364, 38.15886],
							"lerp_mode": "catmullrom"
						},
						"2.4667": {
							"post": [-7.17213, 11.72958, 38.8695],
							"lerp_mode": "catmullrom"
						},
						"2.6": {
							"post": [-4.17, 11.73, 38.87],
							"lerp_mode": "catmullrom"
						},
						"2.7667": {
							"post": [-5.575, 11.73, 38.87],
							"lerp_mode": "catmullrom"
						},
						"2.8333": {
							"post": [-3.555, 11.73, 39.975],
							"lerp_mode": "catmullrom"
						},
						"2.9333": {
							"post": [-5.17, 11.73, 38.87],
							"lerp_mode": "catmullrom"
						},
						"3.2": {
							"post": [-6.975, 11.73, 38.87],
							"lerp_mode": "catmullrom"
						},
						"3.4667": {
							"post": [-9.155, 11.73, 38.87],
							"lerp_mode": "catmullrom"
						},
						"3.7": {
							"post": [-9.57013, 11.33567, 36.86885],
							"lerp_mode": "catmullrom"
						},
						"3.9667": {
							"post": [-8.635, 11.5, 38.05],
							"lerp_mode": "catmullrom"
						},
						"4.1333": {
							"post": [-10.635, 11.5, 39.98],
							"lerp_mode": "catmullrom"
						},
						"4.3333": {
							"post": [-8.635, 11.5, 39.98],
							"lerp_mode": "catmullrom"
						},
						"4.4667": {
							"post": [-7.835, 11.27, 38.99],
							"lerp_mode": "catmullrom"
						},
						"4.5667": {
							"post": [-4.835, 11.27, 38.99],
							"lerp_mode": "catmullrom"
						},
						"4.7333": {
							"post": [-6.835, 11.27, 38.99],
							"lerp_mode": "catmullrom"
						},
						"5.0": {
							"post": [-27.09669, 6.66279, 30.89781],
							"lerp_mode": "catmullrom"
						},
						"5.1667": {
							"post": [-28.65527, 9.04475, 32.89189],
							"lerp_mode": "catmullrom"
						},
						"5.4": {
							"post": [-28.98503, 8.35523, 33.94343],
							"lerp_mode": "catmullrom"
						},
						"5.6333": {
							"post": [-28.66, 7.14, 32.89],
							"lerp_mode": "catmullrom"
						},
						"5.7": {
							"post": [-23.87624, 6.33386, 31.04692],
							"lerp_mode": "catmullrom"
						},
						"5.9333": {
							"post": [-26.35, 5.27, 25.99],
							"lerp_mode": "catmullrom"
						},
						"6.1667": {
							"post": [-20.8764, 1.46966, -1.15142],
							"lerp_mode": "catmullrom"
						},
						"6.3667": {
							"post": [-6, 0, 0],
							"lerp_mode": "catmullrom"
						},
						"6.5": {
							"post": [4, 0, 0],
							"lerp_mode": "catmullrom"
						},
						"6.6": {
							"post": [0, 0, 0],
							"lerp_mode": "catmullrom"
						}
					},
					"position": {
						"0.0": [0, 0, 0],
						"0.1333": [0, -0.23, 0],
						"0.4667": [-0.735, 1.22, 0],
						"0.5667": [-0.73, 0.7, 0],
						"0.7667": [-0.735, 0.905, 0],
						"1.0667": [-0.735, 0.905, 0],
						"1.3667": [-0.735, 0.87625, 0],
						"1.6333": [-0.73, 0.845, 0],
						"1.8667": [-0.73, 0.16, 0],
						"2.0667": {
							"pre": [0, -2.925, -0.465],
							"post": [0, -2.925, -0.465],
							"lerp_mode": "catmullrom"
						},
						"2.2667": {
							"post": [2.255, -1.685, -1.465],
							"lerp_mode": "catmullrom"
						},
						"2.4": {
							"post": [2.655, -1.405, -1.665],
							"lerp_mode": "catmullrom"
						},
						"2.5333": {
							"post": [2.655, -1.4, -1.465],
							"lerp_mode": "catmullrom"
						},
						"2.7333": {
							"post": [2.655, -1.4, -1.465],
							"lerp_mode": "catmullrom"
						},
						"2.8": {
							"post": [2.655, -1.775, -1.465],
							"lerp_mode": "catmullrom"
						},
						"2.9": {
							"post": [2.655, -1.14, -1.465],
							"lerp_mode": "catmullrom"
						},
						"3.2667": {
							"post": [2.655, -1.02, -1.05],
							"lerp_mode": "catmullrom"
						},
						"3.6333": {
							"post": [2.655, -1.14, -1.04],
							"lerp_mode": "catmullrom"
						},
						"4.0": {
							"post": [2.655, -1.83, -0.485],
							"lerp_mode": "catmullrom"
						},
						"4.1667": {
							"post": [2.655, -1.415, -0.485],
							"lerp_mode": "catmullrom"
						},
						"4.3667": {
							"post": [2.655, -1.215, -0.48],
							"lerp_mode": "catmullrom"
						},
						"4.5": {
							"post": [2.655, -1.92, -0.61],
							"lerp_mode": "catmullrom"
						},
						"4.5667": {
							"post": [2.655, -1.34, -0.61],
							"lerp_mode": "catmullrom"
						},
						"4.7667": {
							"post": [2.655, -1.695, -0.61],
							"lerp_mode": "catmullrom"
						},
						"4.9667": {
							"post": [2.655, -1.66, -0.965],
							"lerp_mode": "catmullrom"
						},
						"5.2333": {
							"post": [2.655, -1.66, -0.08],
							"lerp_mode": "catmullrom"
						},
						"5.6667": {
							"post": [2.655, -1.66, -0.08],
							"lerp_mode": "catmullrom"
						},
						"5.7": {
							"post": [2.655, -1.66, -0.865],
							"lerp_mode": "catmullrom"
						},
						"5.9667": {
							"post": [2.655, -1.815, -0.61],
							"lerp_mode": "catmullrom"
						},
						"6.1333": {
							"post": [1.855, -2.27, 0.39],
							"lerp_mode": "catmullrom"
						},
						"6.3333": {
							"post": [0, -1, -1.2],
							"lerp_mode": "catmullrom"
						},
						"6.4667": {
							"post": [0, -0.2, -1],
							"lerp_mode": "catmullrom"
						},
						"6.5667": {
							"post": [0, 0, 0.5],
							"lerp_mode": "catmullrom"
						},
						"6.6667": {
							"post": [0, 0, 0],
							"lerp_mode": "catmullrom"
						}
					}
				},
				"bolt": {
					"position": {
						"5.0667": [0, 0, 0],
						"5.2333": [0, 0, 2.72],
						"5.6667": [0, 0, 2.72],
						"5.7": [0, 0, 0],
						"5.7333": [0, 0, 0.25]
					}
				},
				"additional_magazine": {
					"scale": 0
				},
				"camera": {
					"rotation": {
						"0.0": {
							"post": [0, 0, 0],
							"lerp_mode": "catmullrom"
						},
						"0.1": {
							"post": [0.5, 0, 1],
							"lerp_mode": "catmullrom"
						},
						"0.3333": {
							"post": [-1.5, 0, -1],
							"lerp_mode": "catmullrom"
						},
						"0.4333": {
							"post": [-1.19, 0, -0.625],
							"lerp_mode": "catmullrom"
						},
						"1.4": {
							"post": [-1.455, 0, 0.38],
							"lerp_mode": "catmullrom"
						},
						"2.4333": {
							"post": [0.86, 0, -0.905],
							"lerp_mode": "catmullrom"
						},
						"2.6": {
							"post": [0.855, 0, -0.905],
							"lerp_mode": "catmullrom"
						},
						"2.8": {
							"post": [0.115, 0, -0.22],
							"lerp_mode": "catmullrom"
						},
						"2.9": {
							"post": [1.055, 0, -1.035],
							"lerp_mode": "catmullrom"
						},
						"3.0": {
							"post": [0.93, 0, -0.855],
							"lerp_mode": "catmullrom"
						},
						"3.5": {
							"post": [1.305, 0.3, -0.79],
							"lerp_mode": "catmullrom"
						},
						"4.2": {
							"post": [0.905, 0.17, -1.97],
							"lerp_mode": "catmullrom"
						},
						"4.4": {
							"post": [-0.015, 0.17, -0.96],
							"lerp_mode": "catmullrom"
						},
						"4.5": {
							"post": [1.91, 0.17, -1.97],
							"lerp_mode": "catmullrom"
						},
						"4.6": {
							"post": [0.4, 0.17, -0.54],
							"lerp_mode": "catmullrom"
						},
						"4.7": {
							"post": [0.905, 0.17, -1.13],
							"lerp_mode": "catmullrom"
						},
						"4.8667": {
							"post": [-0.09, -1.83, -0.54],
							"lerp_mode": "catmullrom"
						},
						"5.0333": {
							"post": [0.2, -1.715, -1.32],
							"lerp_mode": "catmullrom"
						},
						"5.3": {
							"post": [1.21, -0.83, -2.465],
							"lerp_mode": "catmullrom"
						},
						"5.6333": {
							"post": [1.21, -0.83, -2.47],
							"lerp_mode": "catmullrom"
						},
						"5.7": {
							"post": [-0.79, -0.83, -1.215],
							"lerp_mode": "catmullrom"
						},
						"5.9333": {
							"post": [0.91, 0.295, -0.54],
							"lerp_mode": "catmullrom"
						},
						"6.1667": {
							"post": [0.925, -0.605, 1.225],
							"lerp_mode": "catmullrom"
						},
						"6.3667": {
							"post": [-0.015, 0.16, -0.62],
							"lerp_mode": "catmullrom"
						},
						"6.5333": {
							"post": [0, 0, 0],
							"lerp_mode": "catmullrom"
						}
					}
				},
				"mag_and_bullet": {
					"rotation": {
						"2.7667": [0, 0, 0],
						"2.8667": [-27, 0, 0],
						"3.0": [-27, 0, 0],
						"3.1333": [-11.59948, -9.57658, -39.02504],
						"3.5": [-12.07946, -11.29934, -42.54996],
						"3.7667": {
							"pre": [-11.6, -9.58, -39.03],
							"post": [-11.6, -9.58, -39.03],
							"lerp_mode": "catmullrom"
						},
						"4.1333": {
							"post": [-25.55, 0, -11.99],
							"lerp_mode": "catmullrom"
						},
						"4.2333": {
							"post": [-25.55, 0, 3],
							"lerp_mode": "catmullrom"
						},
						"4.3333": {
							"post": [-30.54618, 0.50827, 3.86121],
							"lerp_mode": "catmullrom"
						},
						"4.4333": [-30.55, 0, 0],
						"4.5333": [0, 0, 0]
					},
					"position": {
						"2.8333": [0, 0, 0],
						"2.9333": [0, -3.605, -3],
						"3.0667": [-2, -3.61, -3],
						"3.2": [-4, -3.155, 1],
						"3.4667": [-3.865, -3.27, 1],
						"3.7333": {
							"pre": [-4, -3.15, 1],
							"post": [-4, -3.15, 1],
							"lerp_mode": "catmullrom"
						},
						"4.0": {
							"post": [-1, -3.795, 0],
							"lerp_mode": "catmullrom"
						},
						"4.1": {
							"post": [0, -1.79, -0.25],
							"lerp_mode": "catmullrom"
						},
						"4.1667": {
							"post": [0, -1.29, -0.75],
							"lerp_mode": "catmullrom"
						},
						"4.2667": {
							"post": [0, -0.18, -0.535],
							"lerp_mode": "catmullrom"
						},
						"4.3333": {
							"post": [0, -0.29, -0.6],
							"lerp_mode": "catmullrom"
						},
						"4.4": {
							"post": [0, 0, -0.625],
							"lerp_mode": "catmullrom"
						},
						"4.4667": [0, 0.01, -0.44],
						"4.5333": [0, 0, 0]
					}
				},
				"bullet": {
					"scale": 0
				},
				"rh_and_mag": {
					"rotation": {
						"2.7667": [0, 0, 0],
						"2.8667": [-27, 0, 0],
						"3.0": [-27, 0, 0],
						"3.1333": [-11.59948, -9.57658, -39.02504],
						"3.5": [-12.07946, -11.29934, -42.54996],
						"3.7667": {
							"pre": [-11.6, -9.58, -39.03],
							"post": [-11.6, -9.58, -39.03],
							"lerp_mode": "catmullrom"
						},
						"4.1333": {
							"post": [-25.55, 0, -11.99],
							"lerp_mode": "catmullrom"
						},
						"4.2333": {
							"post": [-25.55, 0, 3],
							"lerp_mode": "catmullrom"
						},
						"4.3333": {
							"post": [-30.54618, 0.50827, 3.86121],
							"lerp_mode": "catmullrom"
						},
						"4.4333": [-30.55, 0, 0],
						"4.5333": [0, 0, 0]
					},
					"position": {
						"2.8333": [0, 0, 0],
						"2.9333": [0, -3.605, -3],
						"3.0667": [-2, -3.61, -3],
						"3.2": [-4, -3.155, 1],
						"3.4667": [-3.865, -3.27, 1],
						"3.7333": {
							"pre": [-4, -3.15, 1],
							"post": [-4, -3.15, 1],
							"lerp_mode": "catmullrom"
						},
						"4.0": {
							"post": [-1, -3.795, 0],
							"lerp_mode": "catmullrom"
						},
						"4.1": {
							"post": [0, -1.79, -0.25],
							"lerp_mode": "catmullrom"
						},
						"4.1667": {
							"post": [0, -1.29, -0.75],
							"lerp_mode": "catmullrom"
						},
						"4.2667": {
							"post": [0, -0.18, -0.535],
							"lerp_mode": "catmullrom"
						},
						"4.3333": {
							"post": [0, -0.29, -0.6],
							"lerp_mode": "catmullrom"
						},
						"4.4": {
							"post": [0, 0, -0.625],
							"lerp_mode": "catmullrom"
						},
						"4.4667": [0, 0.01, -0.44],
						"4.5333": [0, 0, 0]
					}
				}
			},
			"sound_effects": {
				"0.0": {
					"effect": "bo6:aek973/aek973_inspect_01"
				},
				"1.0667": {
					"effect": "bo6:aek973/aek973_inspect_02"
				},
				"1.8667": {
					"effect": "bo6:aek973/aek973_inspect_03"
				},
				"2.6": {
					"effect": "bo6:aek973/aek973_inspect_04"
				},
				"3.0": {
					"effect": "bo6:aek973/aek973_inspect_05"
				},
				"3.0667": {
					"effect": "bo6:aek973/aek973_inspect_06"
				},
				"4.1333": {
					"effect": "bo6:aek973/aek973_inspect_07"
				},
				"4.4333": {
					"effect": "bo6:aek973/aek973_inspect_08"
				},
				"5.0333": {
					"effect": "bo6:aek973/aek973_inspect_09"
				},
				"5.4667": {
					"effect": "bo6:aek973/aek973_inspect_10"
				},
				"6.2": {
					"effect": "bo6:aek973/aek973_reload_06"
				}
			}
		},
		"inspect_empty": {
			"loop": "hold_on_last_frame",
			"animation_length": 7.8667,
			"bones": {
				"constraint": {
					"rotation": [0.2, 0.2, 0.4],
					"position": [0.1, 0.1, 0.1]
				},
				"lefthand": {
					"rotation": {
						"0.1667": [90.4533, -389.73135, -129.57361],
						"1.8333": [90.45, -389.73, -129.57],
						"2.1333": [90.4533, -389.73135, -129.57361]
					},
					"position": {
						"0.1667": [7.4, -11.7, -5.5],
						"0.3667": [12.4, -30.7, 26.5],
						"1.8333": [12.4, -30.7, 26.5],
						"2.1333": [7.4, -11.7, -5.5]
					},
					"scale": [1, 1.5, 1]
				},
				"righthand": {
					"rotation": {
						"0.0": [100.03742, 4.92385, -179.12962],
						"2.4333": [100.04, 4.92, -179.13],
						"2.6667": [105.32629, 17.31908, -177.31067],
						"4.7667": [105.33, 17.32, -177.31],
						"4.9667": [89.34, -16.59, -77.44],
						"5.0333": [90.42, -13.59, -77.42],
						"5.0667": [91.5, -10.59, -77.39],
						"5.1333": [91.92, -16.56, -77.09],
						"5.1667": [92.5, -45.25, -77.06],
						"5.4333": [90.93, -40.08, -75.52],
						"5.5667": [90.54, -10.82, -73.73],
						"5.6": [91.3, -37.29, -77.31],
						"5.7333": [92.37, -22.32, -82.52],
						"5.7667": [92.81, -14.52, -84.6],
						"5.8": [93.01, -9.41, -85.42],
						"5.8667": [91.31, -9.79, -75.29],
						"5.9": [92.03, -50.02, -76.62],
						"6.0": [92.37, -22.32, -82.52],
						"6.0333": [92.81, -14.52, -84.6],
						"6.0667": [93.01, -9.41, -85.42],
						"6.1333": [91.31, -9.79, -75.29],
						"6.2": [92.03, -50.02, -76.62],
						"6.7667": [95.05, -47.31, -82.08],
						"6.8333": [113.33, -43.46, -95.1],
						"6.9333": [112.4, -35.88, -108.65],
						"7.0": [109.56, -25.01, -127.57],
						"7.0667": [105.85, -13.1, -148.12],
						"7.1333": [102.33, -2.37, -166.55],
						"7.2": [100.03742, 4.92385, -179.12962]
					},
					"position": {
						"0.0": [-6.8, -14.2, 7.4],
						"2.4333": [-6.8, -14.2, 7.4],
						"2.5333": [-9.8, -15.2, 6.4],
						"2.6": [-8.05, -15.7, 2.3],
						"2.6667": [-6.3, -15.2, -0.8],
						"4.7667": [-6.3, -15.2, -0.8],
						"4.8667": [-9.3, -15.2, -0.8],
						"4.9667": [-9.3, -9.47, -0.15],
						"5.0333": [-9.3, -9.47, -0.15],
						"5.0667": [-9.3, -9.47, -0.15],
						"5.1333": [-9.3, -9.61, 2.01],
						"5.1667": [-9.3, -9.74, 4.18],
						"5.4333": [-9.29, -9.59, 4],
						"5.5": [-9.27, -9.5, -0.08],
						"5.5667": [-9.25, -9.42, -0.16],
						"5.6": [-9.29, -9.59, 3.8],
						"5.7333": [-9.29, -9.09, 4.34],
						"5.7667": [-9.3, -9.2, 2.59],
						"5.8": [-9.3, -9.47, -0.15],
						"5.8667": [-9.3, -9.47, -0.15],
						"5.9": [-9.3, -9.49, 4.39],
						"6.0": [-9.29, -9.09, 5.34],
						"6.0333": [-9.3, -9.2, 2.59],
						"6.0667": [-9.3, -9.47, -0.15],
						"6.1333": [-9.3, -9.47, -0.15],
						"6.2": [-9.3, -9.49, 5.39],
						"6.7667": [-9.3, -9.49, 5.39],
						"6.8333": [-10.46, -11.94, 3.16],
						"6.9333": [-9.63, -12.38, 3.72],
						"7.0": [-8.14, -12.89, 4.66],
						"7.0667": [-7.61, -13.42, 5.75],
						"7.1333": [-7.13, -13.88, 6.74],
						"7.2": [-6.8, -14.2, 7.4]
					},
					"scale": [1, 1.5, 1]
				},
				"root": {
					"rotation": {
						"0.0": [0, 0, 0],
						"0.1667": [2.99271, -0.20917, 3.99454],
						"0.5": [-14.92517, -22.1076, -48.42997],
						"0.9333": [-14.1186, -25.33042, -53.14316],
						"1.2333": [-14.57603, -25.08218, -52.06923],
						"1.5667": [-14.57603, -25.08218, -52.06923],
						"1.8": [-13.24588, -24.91561, -52.19302],
						"2.1": {
							"pre": [-0.44, -5.27, -5.4],
							"post": [-0.44, -5.27, -5.4],
							"lerp_mode": "catmullrom"
						},
						"2.3333": {
							"post": [-6.3347, 12.20364, 38.15886],
							"lerp_mode": "catmullrom"
						},
						"2.4667": {
							"post": [-7.17213, 11.72958, 38.8695],
							"lerp_mode": "catmullrom"
						},
						"2.6": {
							"post": [-4.17, 11.73, 38.87],
							"lerp_mode": "catmullrom"
						},
						"2.7667": {
							"post": [-6.575, 11.73, 38.87],
							"lerp_mode": "catmullrom"
						},
						"2.8333": {
							"post": [-3.555, 11.73, 39.975],
							"lerp_mode": "catmullrom"
						},
						"2.9333": {
							"post": [-5.17, 11.73, 38.87],
							"lerp_mode": "catmullrom"
						},
						"3.2": {
							"post": [-6.975, 11.73, 38.87],
							"lerp_mode": "catmullrom"
						},
						"3.4667": {
							"post": [-9.155, 11.73, 38.87],
							"lerp_mode": "catmullrom"
						},
						"3.7": {
							"post": [-9.57013, 11.33567, 36.86885],
							"lerp_mode": "catmullrom"
						},
						"3.9667": {
							"post": [-8.635, 11.5, 38.05],
							"lerp_mode": "catmullrom"
						},
						"4.1333": {
							"post": [-10.635, 11.5, 39.98],
							"lerp_mode": "catmullrom"
						},
						"4.3333": {
							"post": [-8.635, 11.5, 39.98],
							"lerp_mode": "catmullrom"
						},
						"4.4667": {
							"post": [-7.835, 11.27, 38.99],
							"lerp_mode": "catmullrom"
						},
						"4.5667": {
							"post": [-4.835, 11.27, 38.99],
							"lerp_mode": "catmullrom"
						},
						"4.7333": {
							"post": [-6.835, 11.27, 38.99],
							"lerp_mode": "catmullrom"
						},
						"5.0333": {
							"post": [-27.09669, 6.66279, 30.89781],
							"lerp_mode": "catmullrom"
						},
						"5.1667": [-30.17, 8.33, 30.76],
						"5.2": {
							"pre": [-30.17, 8.33, 30.76],
							"post": [-30.17, 8.33, 30.76],
							"lerp_mode": "catmullrom"
						},
						"5.2667": {
							"post": [-29.465, 7.48, 30.8],
							"lerp_mode": "catmullrom"
						},
						"5.4667": {
							"post": [-28.84169, 6.66279, 30.89781],
							"lerp_mode": "catmullrom"
						},
						"5.6": [-31.01, 10.005, 30.76],
						"5.6333": [-31.01, 10.005, 30.76],
						"5.7": {
							"pre": [-29.465, 7.48, 30.8],
							"post": [-29.465, 7.48, 30.8],
							"lerp_mode": "catmullrom"
						},
						"5.9333": {
							"post": [-28.84169, 6.66279, 30.89781],
							"lerp_mode": "catmullrom"
						},
						"6.0667": [-34.05, 11.26, 30.76],
						"6.2333": [-34.29496, 10.38601, 29.4502],
						"6.3667": [-34.2106, 10.69891, 29.91681],
						"6.7667": [-34.05, 11.26, 30.76],
						"6.8333": {
							"pre": [-31.46169, 6.66279, 27.38781],
							"post": [-31.46169, 6.66279, 27.38781],
							"lerp_mode": "catmullrom"
						},
						"6.9": {
							"post": [-29.96, 6.05, 29.585],
							"lerp_mode": "catmullrom"
						},
						"7.0333": {
							"post": [-26.35, 5.27, 25.99],
							"lerp_mode": "catmullrom"
						},
						"7.2667": {
							"post": [-20.8764, 1.46966, -1.15142],
							"lerp_mode": "catmullrom"
						},
						"7.4667": {
							"post": [-6, 0, 0],
							"lerp_mode": "catmullrom"
						},
						"7.6": {
							"post": [4, 0, 0],
							"lerp_mode": "catmullrom"
						},
						"7.7": {
							"post": [0, 0, 0],
							"lerp_mode": "catmullrom"
						}
					},
					"position": {
						"0.0": [0, 0, 0],
						"0.1333": [0, -0.23, 0],
						"0.4667": [-0.735, 1.22, 0],
						"0.7667": [-0.735, 1.07, 0],
						"1.0667": [-0.735, 1.07, 0],
						"1.3667": [-0.735, 1.04125, 0],
						"1.6333": [-0.73, 1.01, 0],
						"1.8667": [-0.73, -0.115, 0],
						"2.0667": {
							"pre": [0, -2.925, -0.465],
							"post": [0, -2.925, -0.465],
							"lerp_mode": "catmullrom"
						},
						"2.2667": {
							"post": [2.255, -1.685, -1.465],
							"lerp_mode": "catmullrom"
						},
						"2.4": {
							"post": [2.655, -1.405, -1.665],
							"lerp_mode": "catmullrom"
						},
						"2.5333": {
							"post": [2.655, -1.4, -1.465],
							"lerp_mode": "catmullrom"
						},
						"2.7333": {
							"post": [2.655, -1.4, -1.465],
							"lerp_mode": "catmullrom"
						},
						"2.8": {
							"post": [2.655, -1.775, -1.465],
							"lerp_mode": "catmullrom"
						},
						"2.9": {
							"post": [2.655, -1.14, -1.465],
							"lerp_mode": "catmullrom"
						},
						"3.2667": {
							"post": [2.655, -1.02, -1.05],
							"lerp_mode": "catmullrom"
						},
						"3.6333": {
							"post": [2.655, -1.14, -1.04],
							"lerp_mode": "catmullrom"
						},
						"4.0": {
							"post": [2.655, -1.83, -0.485],
							"lerp_mode": "catmullrom"
						},
						"4.1667": {
							"post": [2.655, -1.415, -0.485],
							"lerp_mode": "catmullrom"
						},
						"4.3667": {
							"post": [2.655, -1.215, -0.48],
							"lerp_mode": "catmullrom"
						},
						"4.5": {
							"post": [2.655, -1.92, -0.61],
							"lerp_mode": "catmullrom"
						},
						"4.5667": {
							"post": [2.655, -1.34, -0.61],
							"lerp_mode": "catmullrom"
						},
						"4.7667": {
							"post": [2.655, -1.695, -0.61],
							"lerp_mode": "catmullrom"
						},
						"5.0333": {
							"post": [2.655, -1.695, -0.61],
							"lerp_mode": "catmullrom"
						},
						"5.2": {
							"post": [2.66, -2.29, 0],
							"lerp_mode": "catmullrom"
						},
						"5.2333": {
							"post": [2.66, -2.29, 0],
							"lerp_mode": "catmullrom"
						},
						"5.2667": {
							"post": [2.655, -2.295, -0.21],
							"lerp_mode": "catmullrom"
						},
						"5.5333": {
							"post": [2.655, -2.045, 0.04],
							"lerp_mode": "catmullrom"
						},
						"5.6": {
							"post": [2.66, -2.23, -0.09],
							"lerp_mode": "catmullrom"
						},
						"5.6667": {
							"post": [2.655, -2.295, 0.19],
							"lerp_mode": "catmullrom"
						},
						"5.7333": {
							"post": [2.655, -1.695, 0.39],
							"lerp_mode": "catmullrom"
						},
						"5.8667": {
							"post": [2.66, -2.31, -0.045],
							"lerp_mode": "catmullrom"
						},
						"5.9667": {
							"post": [2.66, -2.06, 0.51],
							"lerp_mode": "catmullrom"
						},
						"6.1": {
							"post": [2.66, -1.69, -0.1],
							"lerp_mode": "catmullrom"
						},
						"6.2333": {
							"post": [2.66, -2.375, 0.67],
							"lerp_mode": "catmullrom"
						},
						"6.4": {
							"post": [2.66, -2.375, 0.67],
							"lerp_mode": "catmullrom"
						},
						"6.8": {
							"post": [2.66, -2.375, 0.67],
							"lerp_mode": "catmullrom"
						},
						"6.8333": {
							"post": [2.655, -1.695, -0.61],
							"lerp_mode": "catmullrom"
						},
						"6.9": {
							"post": [2.68, -1.71, -0.385],
							"lerp_mode": "catmullrom"
						},
						"7.0667": {
							"post": [2.655, -1.815, -0.315],
							"lerp_mode": "catmullrom"
						},
						"7.2333": {
							"post": [1.855, -2.27, 0.39],
							"lerp_mode": "catmullrom"
						},
						"7.4333": {
							"post": [0, -1, -1.2],
							"lerp_mode": "catmullrom"
						},
						"7.5667": {
							"post": [0, -0.2, -1],
							"lerp_mode": "catmullrom"
						},
						"7.6667": {
							"post": [0, 0, 0.5],
							"lerp_mode": "catmullrom"
						},
						"7.7667": {
							"post": [0, 0, 0],
							"lerp_mode": "catmullrom"
						}
					}
				},
				"bolt": {
					"position": {
						"5.0667": [0, 0, 0],
						"5.1667": [0, 0, 5.075],
						"5.4333": [0, 0, 5.075],
						"5.5": [0, 0, 0],
						"5.5667": [0, 0, 0],
						"5.6": [0, 0, 4.675],
						"5.7333": [0, 0, 5.075],
						"5.8": [0, 0, 0],
						"5.8667": [0, 0, 0],
						"5.9": [0, 0, 4.675],
						"6.0": [0, 0, 5.075],
						"6.0667": [0, 0, 0],
						"6.1333": [0, 0, 0],
						"6.2": [0, 0, 5.675],
						"6.7667": [0, 0, 5.675],
						"6.8333": [0, 0, 0],
						"6.8667": [0, 0, 0.325],
						"6.9333": [0, 0, 0]
					}
				},
				"mag_and_bullet": {
					"rotation": {
						"2.7667": [0, 0, 0],
						"2.8667": [-27, 0, 0],
						"3.0": [-27, 0, 0],
						"3.1333": [-11.59948, -9.57658, -39.02504],
						"3.5": [-12.07946, -11.29934, -42.54996],
						"3.7667": {
							"pre": [-11.6, -9.58, -39.03],
							"post": [-11.6, -9.58, -39.03],
							"lerp_mode": "catmullrom"
						},
						"4.1333": {
							"post": [-25.55, 0, -11.99],
							"lerp_mode": "catmullrom"
						},
						"4.2333": {
							"post": [-25.55, 0, 3],
							"lerp_mode": "catmullrom"
						},
						"4.3333": {
							"post": [-30.54618, 0.50827, 3.86121],
							"lerp_mode": "catmullrom"
						},
						"4.4333": [-30.55, 0, 0],
						"4.5333": [0, 0, 0]
					},
					"position": {
						"2.8333": [0, 0, 0],
						"2.9333": [0, -3.605, -3],
						"3.0667": [-2, -3.61, -3],
						"3.2": [-4, -3.155, 1],
						"3.4667": [-3.865, -3.27, 1],
						"3.7333": {
							"pre": [-4, -3.15, 1],
							"post": [-4, -3.15, 1],
							"lerp_mode": "catmullrom"
						},
						"4.0": {
							"post": [-1, -3.795, 0],
							"lerp_mode": "catmullrom"
						},
						"4.1": {
							"post": [0, -1.79, -0.25],
							"lerp_mode": "catmullrom"
						},
						"4.1667": {
							"post": [0, -1.29, -0.75],
							"lerp_mode": "catmullrom"
						},
						"4.2667": {
							"post": [0, -0.18, -0.535],
							"lerp_mode": "catmullrom"
						},
						"4.3333": {
							"post": [0, -0.29, -0.6],
							"lerp_mode": "catmullrom"
						},
						"4.4": {
							"post": [0, 0, -0.625],
							"lerp_mode": "catmullrom"
						},
						"4.4667": [0, 0.01, -0.44],
						"4.5333": [0, 0, 0]
					}
				},
				"additional_magazine": {
					"scale": 0
				},
				"camera": {
					"rotation": {
						"0.0": {
							"post": [0, 0, 0],
							"lerp_mode": "catmullrom"
						},
						"0.1": {
							"post": [0.5, 0, 1],
							"lerp_mode": "catmullrom"
						},
						"0.3333": {
							"post": [-1.5, 0, -1],
							"lerp_mode": "catmullrom"
						},
						"0.4333": {
							"post": [-1.19, 0, -0.625],
							"lerp_mode": "catmullrom"
						},
						"1.4": {
							"post": [-1.455, 0, 0.38],
							"lerp_mode": "catmullrom"
						},
						"2.4333": {
							"post": [0.86, 0, -0.905],
							"lerp_mode": "catmullrom"
						},
						"2.6": {
							"post": [0.855, 0, -0.905],
							"lerp_mode": "catmullrom"
						},
						"2.8": {
							"post": [0.115, 0, -0.22],
							"lerp_mode": "catmullrom"
						},
						"2.9": {
							"post": [1.055, 0, -1.035],
							"lerp_mode": "catmullrom"
						},
						"3.0": {
							"post": [0.93, 0, -0.855],
							"lerp_mode": "catmullrom"
						},
						"3.5": {
							"post": [1.305, 0.3, -0.79],
							"lerp_mode": "catmullrom"
						},
						"4.2": {
							"post": [0.905, 0.17, -1.97],
							"lerp_mode": "catmullrom"
						},
						"4.4": {
							"post": [-0.015, 0.17, -0.96],
							"lerp_mode": "catmullrom"
						},
						"4.5": {
							"post": [1.91, 0.17, -1.97],
							"lerp_mode": "catmullrom"
						},
						"4.6": {
							"post": [0.4, 0.17, -0.54],
							"lerp_mode": "catmullrom"
						},
						"4.7": {
							"post": [0.905, 0.17, -1.13],
							"lerp_mode": "catmullrom"
						},
						"4.8667": {
							"post": [-0.09, -1.83, -0.54],
							"lerp_mode": "catmullrom"
						},
						"5.0333": {
							"post": [0.2, -1.715, -1.32],
							"lerp_mode": "catmullrom"
						},
						"5.1667": {
							"post": [0.5, -0.5, -1.55],
							"lerp_mode": "catmullrom"
						},
						"5.2667": {
							"post": [-0.03, -0.5, -2.06],
							"lerp_mode": "catmullrom"
						},
						"5.3333": {
							"post": [0.19, -0.49, -0.81],
							"lerp_mode": "catmullrom"
						},
						"5.3667": {
							"post": [1.17, -0.49, -1.79],
							"lerp_mode": "catmullrom"
						},
						"5.4667": {
							"post": [1.67, -0.49, -1.06],
							"lerp_mode": "catmullrom"
						},
						"5.5667": {
							"post": [1.03, -0.48, -1.41],
							"lerp_mode": "catmullrom"
						},
						"5.6667": {
							"post": [0.32, -0.46, -1.84],
							"lerp_mode": "catmullrom"
						},
						"5.7333": {
							"post": [0.46, -0.45, -0.69],
							"lerp_mode": "catmullrom"
						},
						"5.7667": {
							"post": [1.47, -0.45, -1.75],
							"lerp_mode": "catmullrom"
						},
						"5.8667": {
							"post": [1.56, -0.44, -1.39],
							"lerp_mode": "catmullrom"
						},
						"5.9333": {
							"post": [1.47, -0.43, -1.22],
							"lerp_mode": "catmullrom"
						},
						"6.0333": {
							"post": [0.7, -0.4, -1.58],
							"lerp_mode": "catmullrom"
						},
						"6.1": {
							"post": [1.76, -0.4, -0.61],
							"lerp_mode": "catmullrom"
						},
						"6.7333": {
							"post": [1.21, -0.83, -2.47],
							"lerp_mode": "catmullrom"
						},
						"6.8": {
							"post": [-0.79, -0.83, -1.215],
							"lerp_mode": "catmullrom"
						},
						"6.9333": {
							"post": [0.4, -0.83, -1.91],
							"lerp_mode": "catmullrom"
						},
						"7.0": {
							"post": [-0.29, -0.83, -1.095],
							"lerp_mode": "catmullrom"
						},
						"7.1333": {
							"post": [0.91, 0.295, -0.54],
							"lerp_mode": "catmullrom"
						},
						"7.3": {
							"post": [0.925, -0.605, 1.225],
							"lerp_mode": "catmullrom"
						},
						"7.5": {
							"post": [-0.015, 0.16, -0.62],
							"lerp_mode": "catmullrom"
						},
						"7.6667": {
							"post": [0, 0, 0],
							"lerp_mode": "catmullrom"
						}
					}
				},
				"rh_and_mag": {
					"rotation": {
						"2.7667": [0, 0, 0],
						"2.8667": [-27, 0, 0],
						"3.0": [-27, 0, 0],
						"3.1333": [-11.59948, -9.57658, -39.02504],
						"3.5": [-12.07946, -11.29934, -42.54996],
						"3.7667": {
							"pre": [-11.6, -9.58, -39.03],
							"post": [-11.6, -9.58, -39.03],
							"lerp_mode": "catmullrom"
						},
						"4.1333": {
							"post": [-25.55, 0, -11.99],
							"lerp_mode": "catmullrom"
						},
						"4.2333": {
							"post": [-25.55, 0, 3],
							"lerp_mode": "catmullrom"
						},
						"4.3333": {
							"post": [-30.54618, 0.50827, 3.86121],
							"lerp_mode": "catmullrom"
						},
						"4.4333": [-30.55, 0, 0],
						"4.5333": [0, 0, 0]
					},
					"position": {
						"2.8333": [0, 0, 0],
						"2.9333": [0, -3.605, -3],
						"3.0667": [-2, -3.61, -3],
						"3.2": [-4, -3.155, 1],
						"3.4667": [-3.865, -3.27, 1],
						"3.7333": {
							"pre": [-4, -3.15, 1],
							"post": [-4, -3.15, 1],
							"lerp_mode": "catmullrom"
						},
						"4.0": {
							"post": [-1, -3.795, 0],
							"lerp_mode": "catmullrom"
						},
						"4.1": {
							"post": [0, -1.79, -0.25],
							"lerp_mode": "catmullrom"
						},
						"4.1667": {
							"post": [0, -1.29, -0.75],
							"lerp_mode": "catmullrom"
						},
						"4.2667": {
							"post": [0, -0.18, -0.535],
							"lerp_mode": "catmullrom"
						},
						"4.3333": {
							"post": [0, -0.29, -0.6],
							"lerp_mode": "catmullrom"
						},
						"4.4": {
							"post": [0, 0, -0.625],
							"lerp_mode": "catmullrom"
						},
						"4.4667": [0, 0.01, -0.44],
						"4.5333": [0, 0, 0]
					}
				},
				"bullet": {
					"scale": 0
				}
			},
			"sound_effects": {
				"0.0": {
					"effect": "bo6:aek973/aek973_inspect_empty_01"
				},
				"1.0333": {
					"effect": "bo6:aek973/aek973_inspect_empty_03"
				},
				"1.8333": {
					"effect": "bo6:aek973/aek973_inspect_empty_02"
				},
				"2.7667": {
					"effect": "bo6:aek973/aek973_inspect_empty_04"
				},
				"3.0": {
					"effect": "bo6:aek973/aek973_inspect_empty_05"
				},
				"4.0667": {
					"effect": "bo6:aek973/aek973_inspect_empty_06"
				},
				"5.0667": {
					"effect": "bo6:aek973/aek973_inspect_empty_07"
				},
				"6.7333": {
					"effect": "bo6:aek973/aek973_inspect_empty_08"
				},
				"7.2333": {
					"effect": "bo6:aek973/aek973_reload_06"
				}
			}
		},
		"shoot": {
			"loop": true,
			"animation_length": 0.5667,
			"bones": {
				"root": {
					"rotation": {
						"0.0": [0, 0, 0],
						"0.0167": [-1.75, 0, -1.12],
						"0.0333": [-1.82, 0, 0.15],
						"0.05": [-1.47, 0, 1.3],
						"0.0667": [-1.2, 0, 1.11],
						"0.0833": [-0.84, 0, 0.62],
						"0.1": [-0.44, 0, 0],
						"0.1167": [-0.09, 0, -0.54],
						"0.1333": [0.13, 0, -0.81],
						"0.15": [0.17, 0, -0.54],
						"0.1667": [0, 0, 0.11],
						"0.1833": [-0.12, 0, 0.48],
						"0.2": [-0.12, 0, 0.3],
						"0.2167": [-0.09, 0, -0.12],
						"0.2333": [-0.04, 0, -0.54],
						"0.25": [0.02, 0, -0.76],
						"0.2667": [0.06, 0, -0.72],
						"0.2833": [0.11, 0, -0.58],
						"0.3": [0.17, 0, -0.38],
						"0.3167": [0.22, 0, -0.16],
						"0.3333": [0.27, 0, 0.04],
						"0.35": [0.3, 0, 0.18],
						"0.3667": [0.31, -0.01, 0.24],
						"0.3833": [0.32, -0.01, 0.28],
						"0.4": [0.31, -0.03, 0.3],
						"0.4167": [0.3, -0.04, 0.3],
						"0.4333": [0.29, -0.05, 0.3],
						"0.45": [0.27, -0.05, 0.29],
						"0.4667": [0.25, -0.05, 0.27],
						"0.4833": [0.22, -0.05, 0.25],
						"0.5": [0.17, -0.04, 0.2],
						"0.5167": [0.12, -0.03, 0.14],
						"0.5333": [0.07, -0.02, 0.09],
						"0.55": [0.03, -0.01, 0.03],
						"0.5667": [0, 0, 0]
					},
					"position": {
						"0.0": [0, 0, 0],
						"0.0167": [0, -0.07, 1.55],
						"0.0333": [0, -0.07, 1.59],
						"0.05": [0, -0.07, 1.56],
						"0.0667": [0, -0.06, 1.47],
						"0.0833": [0, -0.05, 1.34],
						"0.1": [0, -0.05, 1.19],
						"0.1167": [0, -0.05, 1.04],
						"0.1333": [0, -0.08, 0.77],
						"0.15": [0, -0.11, 0.43],
						"0.1667": [0, -0.14, 0.11],
						"0.1833": [0, -0.15, -0.1],
						"0.2": [0, -0.15, -0.14],
						"0.2167": [0, -0.14, -0.14],
						"0.2333": [0, -0.13, -0.11],
						"0.25": [0, -0.12, -0.06],
						"0.2667": [0, -0.1, -0.01],
						"0.2833": [0, -0.09, 0.03],
						"0.3": [0, -0.07, 0.06],
						"0.3167": [0, -0.06, 0.06],
						"0.3333": [0, -0.05, 0.05],
						"0.35": [0, -0.04, 0.04],
						"0.3667": [0, -0.03, 0.03],
						"0.3833": [0, -0.02, 0.02],
						"0.4": [0, -0.01, 0.01],
						"0.4167": [0, 0, 0],
						"0.4333": [0, 0, 0],
						"0.45": [0, 0.01, 0],
						"0.4667": [0, 0.01, 0],
						"0.4833": [0, 0.01, 0],
						"0.5": [0, 0, 0],
						"0.5167": [0, 0, 0],
						"0.5333": [0, 0, 0],
						"0.55": [0, 0, 0],
						"0.5667": [0, 0, 0]
					}
				},
				"bolt": {
					"position": {
						"0.0167": [0, 0, 0],
						"0.05": [0, 0, 5],
						"0.0833": [0, 0, 0],
						"0.1": [0, 0, 0.3],
						"0.1167": [0, 0, 0],
						"0.15": [0, 0, 0.1],
						"0.1833": [0, 0, 0]
					}
				},
				"constraint": {
					"rotation": {
						"0.15": [0.3, 0.3, 0.3],
						"0.2333": [0.1, 0.1, 0.1],
						"0.3333": [0, 0, 0]
					},
					"position": {
						"0.15": [0.15, 0.05, 0.4],
						"0.2333": [0.1, 0, 0.1],
						"0.3333": [0, 0, 0]
					}
				},
				"camera": {
					"rotation": {
						"0.0": [0, 0, 0],
						"0.0167": [0, 0, 0],
						"0.0333": [0, 0, 1.02],
						"0.05": [0, 0, -0.7],
						"0.0667": [0, 0, -0.1],
						"0.0833": [0, 0, 0.6],
						"0.1": [0, 0, 0.41],
						"0.1167": [0, 0, -0.03],
						"0.1333": [0, 0, -0.3],
						"0.15": [0, 0, -0.22],
						"0.1667": [0, 0, 0],
						"0.1833": [0, 0, 0.23],
						"0.2": [0, 0, 0.35],
						"0.2167": [0, 0, 0.31],
						"0.2333": [0, 0, 0.2],
						"0.25": [0, 0, 0.06],
						"0.2667": [0, 0, -0.07],
						"0.2833": [0, 0, -0.15],
						"0.3": [0, 0, -0.16],
						"0.3167": [0, 0, -0.14],
						"0.3333": [0, 0, -0.11],
						"0.35": [0, 0, -0.06],
						"0.3667": [0, 0, -0.02],
						"0.3833": [0, 0, 0]
					}
				}
			}
		},
		"draw": {
			"loop": "hold_on_last_frame",
			"animation_length": 0.85,
			"bones": {
				"root": {
					"rotation": {
						"0.0": [22.5, -22.5, 32.5],
						"0.05": [20.06, -18.7, 31.22],
						"0.1": [16.81, -14.77, 27.74],
						"0.15": [13.95, -14.79, 18.79],
						"0.2": [10.39, -13.75, 10.06],
						"0.25": [4.22, -5.52, 8.04],
						"0.3": [-0.89, 2.46, 7.09],
						"0.35": [-1.11, 3.39, 4.02],
						"0.4": [0.15, 2.42, 0.27],
						"0.45": [1.11, 1.43, -2],
						"0.5": [0.39, 0.29, 2.28],
						"0.55": [0.04, 0.2, -1.89],
						"0.6": [0.01, 0.16, -0.83],
						"0.65": [0.03, 0.12, 0.67],
						"0.7": [0.02, 0.09, 0.71],
						"0.75": [0.01, 0.05, 0.5],
						"0.8": [0.01, 0.02, 0.2],
						"0.85": [0, 0, 0]
					},
					"position": {
						"0.0": [-5, -14, 0],
						"0.05": [-4.77, -12.25, -0.1],
						"0.1": [-4.41, -9.74, -0.25],
						"0.15": [-3.79, -7.23, -0.38],
						"0.2": [-2.68, -4.71, -0.51],
						"0.25": [-1.31, -2.18, -0.63],
						"0.3": [-0.3, -0.4, -0.6],
						"0.35": [0.01, 0.1, -0.37],
						"0.4": [0.07, 0.06, -0.01],
						"0.45": [0.03, -0.18, 0.33],
						"0.5": [0.01, -0.3, 0.5],
						"0.55": [0.02, -0.18, 0.14],
						"0.6": [-0.01, -0.07, -0.32],
						"0.65": [-0.01, -0.03, -0.29],
						"0.7": [0, -0.01, -0.13],
						"0.75": [0, 0, 0]
					}
				},
				"lefthand": {
					"rotation": [90.4533, -389.73135, -129.57361],
					"position": [7.4, -11.7, -5.5],
					"scale": [1, 1.5, 1]
				},
				"righthand": {
					"rotation": {
						"0.25": [100.72722, -2.77836, -170.38597],
						"0.5": [100.03742, 4.92385, -179.12962]
					},
					"position": {
						"0.15": [-10.07, -17.7, 6.73],
						"0.25": [-8.5, -14.2, 6.4],
						"0.5": [-6.8, -14.2, 7.4]
					},
					"scale": {
						"0.0": [1, 1.5, 1],
						"0.5": [1, 1.5, 1]
					}
				},
				"camera": {
					"rotation": {
						"0.0": [0, 0, 0],
						"0.05": [0.24, -0.01, 0.01],
						"0.1": [0.55, -0.05, 0.1],
						"0.15": [0.88, -0.18, 0.43],
						"0.2": [1.1, -0.3, 0.7],
						"0.25": [1.08, -0.3, 0.66],
						"0.3": [0.98, -0.28, 0.53],
						"0.35": [0.85, -0.24, 0.39],
						"0.4": [0.7, -0.2, 0.3],
						"0.45": [0.26, -0.1, 0.37],
						"0.5": [-0.1, 0, 0.4],
						"0.55": [0.2, 0.1, -0.3],
						"0.6": [0.12, 0.06, -0.14],
						"0.65": [0, 0, 0.1],
						"0.7": [-0.01, -0.01, 0.07],
						"0.75": [0, 0, 0]
					}
				}
			},
			"sound_effects": {
				"0.05": {
					"effect": "bo6:aek973/aek973_raise_01"
				}
			}
		},
		"put_away": {
			"loop": "hold_on_last_frame",
			"animation_length": 0.4667,
			"bones": {
				"root": {
					"rotation": {
						"0.0": [0, 0, 0],
						"0.0333": [-0.47, -1.28, -1.35],
						"0.0667": [-0.64, -3.66, -2.19],
						"0.1": [-0.13, -6.1, -1.43],
						"0.1333": [0.72, -9.1, 0.04],
						"0.1667": [1.8, -12.38, 1.96],
						"0.2": [2.75, -14.8, 3.7],
						"0.2333": [3.83, -17.28, 5.74],
						"0.2667": [5.02, -20.11, 7.96],
						"0.3": [6.24, -23.59, 10.25],
						"0.4667": [12.74, -48.81, 22.19]
					},
					"position": {
						"0.0": [0, 0, 0],
						"0.0333": [-0.21, -0.18, 0.14],
						"0.0667": [-0.45, -0.49, 0.28],
						"0.1": [-0.56, -0.77, 0.33],
						"0.1333": [-0.64, -1.11, 0.35],
						"0.1667": [-0.67, -1.47, 0.34],
						"0.2": [-0.67, -1.72, 0.3],
						"0.2333": [-0.65, -1.98, 0.23],
						"0.2667": [-0.58, -2.27, 0.15],
						"0.3": [-0.43, -2.62, 0.06],
						"0.4667": [1.49, -9.13, -0.36]
					}
				},
				"lefthand": {
					"rotation": {
						"0.0": [90.4533, -29.73135, -129.57361],
						"0.0333": [125.75, -23, -174.6],
						"0.0667": [135.6, -16, -192.58],
						"0.1": [144.23, -16, -211.05],
						"0.1333": [150.15, -1, -224.03]
					},
					"position": {
						"0.0": [7.4, -11.7, -5.5],
						"0.0333": [8.57, -10.83, -2.7],
						"0.0667": [8.73, -10.05, -1.69],
						"0.1": [8.79, -9.09, -0.67],
						"0.1333": [8.82, -8.4, 0.05]
					},
					"scale": [1, 1.5, 1]
				},
				"righthand": {
					"rotation": [100.03742, 4.92385, -179.12962],
					"position": [-6.8, -14.2, 7.4],
					"scale": [1, 1.5, 1]
				},
				"camera": {
					"rotation": {
						"0.0": [0, 0, 0],
						"0.0333": [0.05, 0, -0.04],
						"0.0667": [0.13, 0, -0.09],
						"0.1": [0.22, 0, -0.13],
						"0.1333": [0.3, 0, -0.12],
						"0.1667": [0.43, 0, 0],
						"0.2": [0.56, 0, 0.18],
						"0.2333": [0.64, 0, 0.3],
						"0.2667": [0.65, 0, 0.3],
						"0.3": [0.62, 0, 0.26],
						"0.3333": [0.57, 0, 0.2],
						"0.4667": [0, 0, 0]
					}
				}
			},
			"sound_effects": {
				"0.0667": {
					"effect": "bo6:aek973/aek973_drop_01"
				}
			}
		}
	}
}