{
	"format_version": "1.8.0",
	"animations": {
		"static_idle": {
			"animation_length": 0.2333,
			"bones": {
				"lefthand": {
					"rotation": [121.91487, -5.09179, -212.19165],
					"position": [7.75, -17.2125, 4.46875],
					"scale": [1, 1.5, 1]
				},
				"righthand": {
					"rotation": [-265.42379, 6.5923, -180.9525],
					"position": [-6.7875, -16.625, 5.8875],
					"scale": [1, 1.5, 1]
				},
				"constraint": {
					"rotation": [0.2, 0.2, 0.2],
					"position": [0.2, 0.2, 0.2]
				}
			}
		},
		"static_bolt_caught": {
			"animation_length": 0.1,
			"bones": {
				"bullet": {
					"scale": 0
				},
				"slide2": {
					"position": [0, 0, 3]
				},
				"release": {
					"rotation": [8.5, 0, 0]
				},
				"lefthand": {
					"rotation": [121.91487, -5.09179, -212.19165],
					"position": [7.75, -17.2125, 4.46875],
					"scale": [1, 1.5, 1]
				},
				"righthand": {
					"rotation": [-265.42379, 6.5923, -180.9525],
					"position": [-6.7875, -16.625, 5.8875],
					"scale": [1, 1.5, 1]
				},
				"bullet_in_lefthand": {
					"scale": 0
				}
			}
		},
		"draw": {
			"animation_length": 0.6,
			"bones": {
				"root": {
					"rotation": {
						"0.0": [32.48842, -32.63161, 14.03859],
						"0.1667": {
							"pre": [9.9939, -11.72222, 19.81826],
							"post": [9.9939, -11.72222, 19.81826],
							"lerp_mode": "catmullrom"
						},
						"0.3": {
							"post": [1.54369, -1.75454, 11.64506],
							"lerp_mode": "catmullrom"
						},
						"0.4": {
							"post": [0.01745, 0.99985, -1.24985],
							"lerp_mode": "catmullrom"
						},
						"0.5": {
							"post": [0, -0.5, 0],
							"lerp_mode": "catmullrom"
						},
						"0.6": {
							"post": [0, 0, 0],
							"lerp_mode": "catmullrom"
						}
					},
					"position": {
						"0.0": {
							"post": [-6.6, -8.065, 0],
							"lerp_mode": "catmullrom"
						},
						"0.1667": {
							"post": [-2.2575, -1.615, 0],
							"lerp_mode": "catmullrom"
						},
						"0.3": {
							"post": [-0.5, -0.2875, -0.1625],
							"lerp_mode": "catmullrom"
						},
						"0.4": {
							"post": [0, 0, 0.22813],
							"lerp_mode": "catmullrom"
						},
						"0.5": {
							"post": [0, 0, 0],
							"lerp_mode": "catmullrom"
						},
						"0.6": {
							"post": [0, 0, 0],
							"lerp_mode": "catmullrom"
						}
					}
				},
				"lefthand": {
					"rotation": {
						"0.0": [109.98772, -11.54836, -180.20396],
						"0.1667": [120.31833, -15.29038, -206.56892],
						"0.2667": [108.77486, 4.02877, -199.07457],
						"0.3333": [121.91487, -5.09179, -212.19165]
					},
					"position": {
						"0.0": [7.71875, -17.1375, 5.1],
						"0.1667": [11.56625, -19.8775, 6.2275],
						"0.2667": [8.22625, -17.255, 4.6375],
						"0.3333": [7.75, -17.2125, 4.46875]
					},
					"scale": [1, 1.5, 1]
				},
				"righthand": {
					"rotation": [-265.42379, 6.5923, -180.9525],
					"position": [-6.7875, -16.625, 5.8875],
					"scale": [1, 1.5, 1]
				},
				"camera": {
					"rotation": {
						"0.0": {
							"post": [0, 0, 0],
							"lerp_mode": "catmullrom"
						},
						"0.1667": {
							"post": [0.25, 0, 0.75],
							"lerp_mode": "catmullrom"
						},
						"0.3333": {
							"post": [0, 0, -0.58],
							"lerp_mode": "catmullrom"
						},
						"0.5": {
							"post": [0, 0, 0],
							"lerp_mode": "catmullrom"
						}
					}
				}
			}
		},
		"put_away": {
			"animation_length": 0.5,
			"bones": {
				"root": {
					"rotation": {
						"0.0": {
							"post": [0, 0, 0],
							"lerp_mode": "catmullrom"
						},
						"0.1667": {
							"post": [-8.33892, -9.10745, 15.21783],
							"lerp_mode": "catmullrom"
						},
						"0.3": {
							"post": [9.67747, -9.54408, 21.28216],
							"lerp_mode": "catmullrom"
						},
						"0.4667": {
							"post": [36.89946, -12.57451, 25.33497],
							"lerp_mode": "catmullrom"
						}
					},
					"position": {
						"0.0": {
							"post": [0, 0, 0],
							"lerp_mode": "catmullrom"
						},
						"0.1667": {
							"post": [-0.875, -0.6875, 2.6875],
							"lerp_mode": "catmullrom"
						},
						"0.3": {
							"post": [-4.245, -3.7525, 5.815],
							"lerp_mode": "catmullrom"
						},
						"0.4667": {
							"post": [-8.6775, -12.3125, 9.0075],
							"lerp_mode": "catmullrom"
						}
					},
					"scale": 1
				},
				"lefthand": {
					"rotation": {
						"0.0": [121.91487, -5.09179, -212.19165],
						"0.0667": [125.05069, -13.28299, -219.96163]
					},
					"position": {
						"0.0": [7.75, -17.2125, 4.46875],
						"0.0667": [9.35, -16.8975, 6.65625],
						"0.1333": [12.0275, -18.235, 6.65625]
					},
					"scale": [1, 1.5, 1]
				},
				"righthand": {
					"rotation": [-265.42379, 6.5923, -180.9525],
					"position": [-6.7875, -16.625, 5.8875],
					"scale": [1, 1.5, 1]
				},
				"camera": {
					"rotation": {
						"0.0": {
							"post": [0, 0, 0],
							"lerp_mode": "catmullrom"
						},
						"0.0667": {
							"post": [-0.125, 0.0625, 0.06],
							"lerp_mode": "catmullrom"
						},
						"0.2": {
							"post": [-0.3125, 0.1875, -0.315],
							"lerp_mode": "catmullrom"
						},
						"0.3333": {
							"post": [-0.4375, 0.25, -0.625],
							"lerp_mode": "catmullrom"
						},
						"0.4": {
							"post": [-0.23, 0.1875, -0.205],
							"lerp_mode": "catmullrom"
						},
						"0.5": {
							"post": [0, 0, 0],
							"lerp_mode": "catmullrom"
						}
					}
				}
			}
		},
		"reload_tactical": {
			"loop": "hold_on_last_frame",
			"animation_length": 2.5,
			"bones": {
				"lefthand": {
					"rotation": {
						"0.0": {
							"post": [121.91487, -5.09179, -212.19165],
							"lerp_mode": "catmullrom"
						},
						"0.1458": {
							"post": [121.91487, -5.09179, -212.19165],
							"lerp_mode": "catmullrom"
						},
						"0.3125": {
							"post": [88.37966, -32.23977, -127.26649],
							"lerp_mode": "catmullrom"
						},
						"0.5208": {
							"post": [65.49426, -44.43462, -84.6528],
							"lerp_mode": "catmullrom"
						},
						"0.5625": {
							"post": [62.08085, -42.66645, -79.70081],
							"lerp_mode": "catmullrom"
						},
						"0.6458": {
							"post": [58.75079, -52.3538, -74.96573],
							"lerp_mode": "catmullrom"
						},
						"0.7292": {
							"post": [79.46472, -42.4914, -96.2142],
							"lerp_mode": "catmullrom"
						},
						"1.6667": {
							"post": [79.46472, -42.4914, -96.2142],
							"lerp_mode": "catmullrom"
						},
						"1.7292": {
							"post": [118.08489, -19.78678, -154.70893],
							"lerp_mode": "catmullrom"
						},
						"1.8333": {
							"post": [118.08489, -19.78678, -154.70893],
							"lerp_mode": "catmullrom"
						},
						"2.0": {
							"post": [121.91487, -5.09179, -212.19165],
							"lerp_mode": "catmullrom"
						}
					},
					"position": {
						"0.0": {
							"post": [7.75, -17.2125, 4.46875],
							"lerp_mode": "catmullrom"
						},
						"0.1458": {
							"post": [7.75, -17.2125, 4.46875],
							"lerp_mode": "catmullrom"
						},
						"0.3125": {
							"post": [6.09, -22.9525, 5.33],
							"lerp_mode": "catmullrom"
						},
						"0.5208": {
							"post": [5.7775, -22.95, 5.83],
							"lerp_mode": "catmullrom"
						},
						"0.5625": {
							"post": [5.78, -22.325, 5.3925],
							"lerp_mode": "catmullrom"
						},
						"0.6458": {
							"post": [5.75988, -21.61233, 5.6529],
							"lerp_mode": "catmullrom"
						},
						"0.7292": {
							"post": [5.34512, -22.64281, 5.955],
							"lerp_mode": "catmullrom"
						},
						"1.6667": {
							"post": [5.34512, -22.64281, 5.955],
							"lerp_mode": "catmullrom"
						},
						"1.7083": {
							"post": [5.9, -21.78, 5.25],
							"lerp_mode": "catmullrom"
						},
						"1.7292": {
							"post": [6.14, -20.01, 4.945],
							"lerp_mode": "catmullrom"
						},
						"1.8333": {
							"post": [6.14, -20.1975, 4.82],
							"lerp_mode": "catmullrom"
						},
						"2.0": {
							"post": [7.75, -17.2125, 4.46875],
							"lerp_mode": "catmullrom"
						}
					},
					"scale": [1, 1.5, 1]
				},
				"righthand": {
					"rotation": {
						"0.0": [-265.42379, 6.5923, -180.9525],
						"0.1042": [-265.42379, 6.5923, -180.9525],
						"0.3542": [-264.49986, 3.80587, -172.12817],
						"0.5208": [-262.8188, 5.00961, -155.85239],
						"0.625": [-262.8188, 5.00961, -155.85239],
						"0.6875": [-263.90261, 6.28534, -166.83185],
						"1.6042": [-263.90261, 6.28534, -166.83185],
						"1.75": [-258.60367, 13.25044, -176.80487],
						"1.9583": [-258.6, 13.25, -176.8],
						"2.1042": [-265.42379, 6.5923, -180.9525]
					},
					"position": {
						"0.0": [-6.7875, -16.625, 5.8875],
						"0.1042": [-6.7875, -16.625, 5.8875],
						"0.3542": [-7.165, -16.995, 5.89],
						"0.5208": [-7.035, -16.1775, 5.89],
						"0.625": [-7.035, -16.1775, 5.89],
						"0.6875": [-7.035, -16.1775, 5.89],
						"1.6042": [-7.035, -16.1775, 5.89],
						"1.75": [-6.54, -16.36, 6.22],
						"1.9583": [-6.54, -16.36, 6.22],
						"2.1042": [-6.7875, -16.625, 5.8875]
					},
					"scale": [1, 1.5, 1]
				},
				"constraint": {
					"rotation": [0.2, 0.2, 0.2],
					"position": [0.2, 0.2, 0.2]
				},
				"root": {
					"rotation": {
						"0.0": {
							"post": [0, 0, 0],
							"lerp_mode": "catmullrom"
						},
						"0.125": {
							"post": [0, -4.5625, -1.0625],
							"lerp_mode": "catmullrom"
						},
						"0.2917": {
							"post": [-2.79534, -40.48348, -45.04572],
							"lerp_mode": "catmullrom"
						},
						"0.3542": {
							"post": [1.30903, -45.52584, -60.19325],
							"lerp_mode": "catmullrom"
						},
						"0.4792": {
							"post": [1.51628, -51.59432, -66.84815],
							"lerp_mode": "catmullrom"
						},
						"0.5208": {
							"post": [0.12, -51.6, -64.43],
							"lerp_mode": "catmullrom"
						},
						"0.5625": {
							"post": [-6.28747, -51.34553, -55.60706],
							"lerp_mode": "catmullrom"
						},
						"0.6042": {
							"post": [-6.32425, -52.71601, -47.54082],
							"lerp_mode": "catmullrom"
						},
						"0.6875": {
							"post": [15.98921, -57.81906, -70.74549],
							"lerp_mode": "catmullrom"
						},
						"0.7708": {
							"post": [9.8114, -59.28273, -66.87682],
							"lerp_mode": "catmullrom"
						},
						"0.8958": {
							"post": [-13.42118, -60.14953, -43.01873],
							"lerp_mode": "catmullrom"
						},
						"1.0208": {
							"post": [-22.3775, -55.18, -29.3025],
							"lerp_mode": "catmullrom"
						},
						"1.2083": {
							"post": [-21.99676, -51.89482, -26.31161],
							"lerp_mode": "catmullrom"
						},
						"1.3333": {
							"post": [-14.46, -48.3275, -37.19],
							"lerp_mode": "catmullrom"
						},
						"1.4583": {
							"post": [-7.28251, -47.68171, -47.86956],
							"lerp_mode": "catmullrom"
						},
						"1.5417": {
							"post": [-9.81566, -49.77204, -43.25898],
							"lerp_mode": "catmullrom"
						},
						"1.5833": {
							"post": [-11.12161, -49.39138, -40.23044],
							"lerp_mode": "catmullrom"
						},
						"1.6667": {
							"post": [-10.97119, -49.57442, -41.7437],
							"lerp_mode": "catmullrom"
						},
						"1.6875": {
							"post": [-11.85657, -49.83485, -42.74473],
							"lerp_mode": "catmullrom"
						},
						"1.7292": {
							"post": [-14.86872, -48.24361, -31.27817],
							"lerp_mode": "catmullrom"
						},
						"1.8125": {
							"post": [-25.40987, -41.04596, -7.9487],
							"lerp_mode": "catmullrom"
						},
						"1.8542": {
							"post": [-25.6213, -41.48459, -9.14429],
							"lerp_mode": "catmullrom"
						},
						"1.9375": {
							"post": [-22.7966, -30.66837, 3.29521],
							"lerp_mode": "catmullrom"
						},
						"2.0833": {
							"post": [-0.51, -3.0575, -2.55],
							"lerp_mode": "catmullrom"
						},
						"2.2083": {
							"post": [0.07, -0.39, 0.25],
							"lerp_mode": "catmullrom"
						},
						"2.2917": {
							"post": [0.04, -0.06, 0.14],
							"lerp_mode": "catmullrom"
						},
						"2.3542": {
							"post": [0, -0.5, 0],
							"lerp_mode": "catmullrom"
						},
						"2.4167": {
							"post": [0, -0.28, -0.01],
							"lerp_mode": "catmullrom"
						},
						"2.4792": {
							"post": [0, 0, 0],
							"lerp_mode": "catmullrom"
						}
					},
					"position": {
						"0.0": {
							"post": [0, 0, 0],
							"lerp_mode": "catmullrom"
						},
						"0.125": {
							"post": [-0.0625, 0, 0],
							"lerp_mode": "catmullrom"
						},
						"0.25": {
							"post": [-0.81, 0.625, 0],
							"lerp_mode": "catmullrom"
						},
						"0.3542": {
							"post": [-1.685, 2.63, 0],
							"lerp_mode": "catmullrom"
						},
						"0.4792": {
							"post": [-1.93, 2.9425, -0.375],
							"lerp_mode": "catmullrom"
						},
						"0.5625": {
							"post": [-1.925, 2.94, -0.62],
							"lerp_mode": "catmullrom"
						},
						"0.6042": {
							"post": [-1.6525, 2.7825, -0.67],
							"lerp_mode": "catmullrom"
						},
						"0.7708": {
							"post": [-1.7325, 3.065, -0.87],
							"lerp_mode": "catmullrom"
						},
						"0.8958": {
							"post": [-2.6675, 2.695, -1.12],
							"lerp_mode": "catmullrom"
						},
						"1.0208": {
							"post": [-3.39, 2.165, -1.12],
							"lerp_mode": "catmullrom"
						},
						"1.2083": {
							"post": [-3.7275, 2.07, -1.12],
							"lerp_mode": "catmullrom"
						},
						"1.4583": {
							"post": [-2.43, 3.38, 0],
							"lerp_mode": "catmullrom"
						},
						"1.5417": {
							"post": [-2.43, 3.6325, -0.1875],
							"lerp_mode": "catmullrom"
						},
						"1.5833": {
							"post": [-2.555, 3.635, -0.1275],
							"lerp_mode": "catmullrom"
						},
						"1.6667": {
							"post": [-2.4975, 3.7025, -0.13],
							"lerp_mode": "catmullrom"
						},
						"1.7292": {
							"post": [-1.3125, 2.1375, -0.13],
							"lerp_mode": "catmullrom"
						},
						"1.8125": {
							"post": [-0.935, 1.5775, -1.005],
							"lerp_mode": "catmullrom"
						},
						"1.8542": {
							"post": [-0.9925, 1.705, -1],
							"lerp_mode": "catmullrom"
						},
						"1.9375": {
							"post": [-1.115, 1.21, -1],
							"lerp_mode": "catmullrom"
						},
						"2.0833": {
							"post": [-0.08, -0.3, -0.45],
							"lerp_mode": "catmullrom"
						},
						"2.2083": {
							"post": [0.02, -0.22, 0.16],
							"lerp_mode": "catmullrom"
						},
						"2.2917": {
							"post": [0, -0.14, -0.12],
							"lerp_mode": "catmullrom"
						},
						"2.3542": {
							"post": [0, -0.06, -0.08],
							"lerp_mode": "catmullrom"
						},
						"2.4167": {
							"post": [0, 0, 0],
							"lerp_mode": "catmullrom"
						}
					}
				},
				"mag_and_lefthand": {
					"rotation": {
						"0.7917": {
							"pre": [0, 0, 0],
							"post": [0, 0, 0],
							"lerp_mode": "catmullrom"
						},
						"0.875": {
							"post": [0.99985, -0.01745, 0.99985],
							"lerp_mode": "catmullrom"
						},
						"1.0417": {
							"post": [-42.16214, -3.02506, -33.10554],
							"lerp_mode": "catmullrom"
						},
						"1.2292": {
							"post": [-24.26498, -11.78407, -73.91598],
							"lerp_mode": "catmullrom"
						},
						"1.4375": {
							"post": [-15.53033, -3.76917, -36.17535],
							"lerp_mode": "catmullrom"
						},
						"1.5625": {
							"post": [0.99985, -0.01745, 0.99985],
							"lerp_mode": "catmullrom"
						},
						"1.6458": {
							"post": [1, -0.02, 1],
							"lerp_mode": "catmullrom"
						},
						"1.6875": {
							"post": [0, 0, 0],
							"lerp_mode": "catmullrom"
						}
					},
					"position": {
						"0.7917": {
							"pre": [0, 0, 0],
							"post": [0, 0, 0],
							"lerp_mode": "catmullrom"
						},
						"0.875": {
							"post": [0, -1.92877, 0.43742],
							"lerp_mode": "catmullrom"
						},
						"0.9375": {
							"post": [1.64231, -4.21766, -0.19082],
							"lerp_mode": "catmullrom"
						},
						"1.0417": {
							"post": [3.59832, -9.84596, 0.86275],
							"lerp_mode": "catmullrom"
						},
						"1.2292": {
							"post": [-0.48297, -13.70902, 6.69921],
							"lerp_mode": "catmullrom"
						},
						"1.4375": {
							"post": [1.33261, -4.60237, -0.09262],
							"lerp_mode": "catmullrom"
						},
						"1.5625": {
							"post": [-0.14082, -1.95525, 0.86135],
							"lerp_mode": "catmullrom"
						},
						"1.6458": {
							"post": [0, -1.6175, 0.5025],
							"lerp_mode": "catmullrom"
						},
						"1.6875": {
							"post": [0, 0, 0],
							"lerp_mode": "catmullrom"
						}
					}
				},
				"mag_and_bullet": {
					"rotation": {
						"0.0": [0, 0, 0],
						"0.5208": [0, 0, 0],
						"0.5625": [0, 0, 0],
						"0.6458": [0, 0, 0],
						"1.7083": [0, 0, 0],
						"1.7292": [0, 0, 0]
					},
					"position": {
						"0.0": [0, 0, 0],
						"0.5208": [0, 0, 0],
						"0.5625": [0, -0.6875, 0.0625],
						"0.6458": [0, -3.87, 0.81],
						"1.7083": [0, -3.87, 0.81],
						"1.7292": [0, 0, 0]
					}
				},
				"slide2": {
					"position": [0, 0, 0]
				},
				"camera": {
					"rotation": {
						"0.0": {
							"post": [0, 0, 0],
							"lerp_mode": "catmullrom"
						},
						"0.1042": {
							"post": [-0.25, 0, 0.1875],
							"lerp_mode": "catmullrom"
						},
						"0.4375": {
							"post": [-0.685, 0.25, -0.1875],
							"lerp_mode": "catmullrom"
						},
						"0.5625": {
							"post": [-0.81, 0.3, -0.24],
							"lerp_mode": "catmullrom"
						},
						"0.6667": {
							"post": [-0.86, 0.31, -0.46],
							"lerp_mode": "catmullrom"
						},
						"0.7292": {
							"post": [-0.8675, 0.3125, 0.0625],
							"lerp_mode": "catmullrom"
						},
						"0.8333": {
							"post": [-0.575, 0.3125, -0.0625],
							"lerp_mode": "catmullrom"
						},
						"0.9792": {
							"post": [-0.245, 0.125, -0.25],
							"lerp_mode": "catmullrom"
						},
						"1.1667": {
							"post": [-0.0975, -0.015, -0.5475],
							"lerp_mode": "catmullrom"
						},
						"1.3542": {
							"post": [-0.2125, 0.1025, -0.085],
							"lerp_mode": "catmullrom"
						},
						"1.5": {
							"post": [-0.4, 0.115, 0.09],
							"lerp_mode": "catmullrom"
						},
						"1.625": {
							"post": [-0.43, 0.115, 0.2375],
							"lerp_mode": "catmullrom"
						},
						"1.6875": {
							"post": [-0.44, 0.115, -0.22],
							"lerp_mode": "catmullrom"
						},
						"1.7708": {
							"post": [-0.46, 0.115, -0.9525],
							"lerp_mode": "catmullrom"
						},
						"1.8542": {
							"post": [-0.445, 0.125, 0.1875],
							"lerp_mode": "catmullrom"
						},
						"2.0625": {
							"post": [-0.18, 0, 0.125],
							"lerp_mode": "catmullrom"
						},
						"2.2083": {
							"post": [0.07, 0, -0.0625],
							"lerp_mode": "catmullrom"
						},
						"2.3542": {
							"post": [0, 0, 0],
							"lerp_mode": "catmullrom"
						},
						"2.4792": {
							"post": [0, 0, 0],
							"lerp_mode": "catmullrom"
						}
					}
				}
			},
			"sound_effects": {
				"0.0": {
					"effect": "bo6:gs45/gs45_reload_up"
				},
				"0.4375": {
					"effect": "bo6:gs45/gs45_reload_magout"
				},
				"0.8125": {
					"effect": "bo6:gs45/gs45_reload_mvmnt"
				},
				"1.4583": {
					"effect": "bo6:gs45/gs45_reload_maghit"
				},
				"1.6667": {
					"effect": "bo6:gs45/gs45_reload_magin"
				},
				"1.875": {
					"effect": "bo6:gs45/gs45_reload_end"
				}
			}
		},
		"reload_empty": {
			"loop": "hold_on_last_frame",
			"animation_length": 2.875,
			"bones": {
				"lefthand": {
					"rotation": {
						"0.0": {
							"post": [121.91487, -5.09179, -212.19165],
							"lerp_mode": "catmullrom"
						},
						"0.0208": {
							"post": [126.60713, -12.68546, -210.48581],
							"lerp_mode": "catmullrom"
						},
						"0.1042": {
							"post": [154.61952, 1.48354, -199.74779],
							"lerp_mode": "catmullrom"
						},
						"0.1667": {
							"post": [154.61952, 1.48354, -199.74779],
							"lerp_mode": "catmullrom"
						},
						"0.5208": {
							"post": [65.49426, -44.43462, -84.6528],
							"lerp_mode": "catmullrom"
						},
						"0.5625": {
							"post": [62.08085, -42.66645, -79.70081],
							"lerp_mode": "catmullrom"
						},
						"0.6458": {
							"post": [58.75079, -52.3538, -74.96573],
							"lerp_mode": "catmullrom"
						},
						"0.7292": {
							"post": [79.46472, -42.4914, -96.2142],
							"lerp_mode": "catmullrom"
						},
						"1.3125": {
							"post": [79.46472, -42.4914, -96.2142],
							"lerp_mode": "catmullrom"
						},
						"1.375": {
							"post": [118.08489, -19.78678, -154.70893],
							"lerp_mode": "catmullrom"
						},
						"1.4792": {
							"post": [118.08489, -19.78678, -154.70893],
							"lerp_mode": "catmullrom"
						},
						"1.6458": {
							"post": [122.10603, -3.5013, -214.74259],
							"lerp_mode": "catmullrom"
						},
						"1.7292": {
							"post": [121.74767, -6.1467, -210.48426],
							"lerp_mode": "catmullrom"
						},
						"1.7917": {
							"post": [121.74767, -6.1467, -210.48426],
							"lerp_mode": "catmullrom"
						},
						"1.8333": {
							"post": [121.99553, 4.49155, -227.44647],
							"lerp_mode": "catmullrom"
						},
						"1.8958": {
							"post": [122, 4.49, -227.45],
							"lerp_mode": "catmullrom"
						},
						"2.1667": {
							"post": [121.91487, -5.09179, -212.19165],
							"lerp_mode": "catmullrom"
						}
					},
					"position": {
						"0.0": {
							"post": [7.75, -17.2125, 4.46875],
							"lerp_mode": "catmullrom"
						},
						"0.0208": {
							"post": [8.51, -17.3125, 4.47],
							"lerp_mode": "catmullrom"
						},
						"0.1042": {
							"post": [11.11155, -24.36896, 4.47328],
							"lerp_mode": "catmullrom"
						},
						"0.1667": {
							"post": [11.11155, -27.61896, 4.47328],
							"lerp_mode": "catmullrom"
						},
						"0.5208": {
							"post": [5.7775, -22.95, 5.83],
							"lerp_mode": "catmullrom"
						},
						"0.5625": {
							"post": [5.78, -22.325, 5.3925],
							"lerp_mode": "catmullrom"
						},
						"0.6458": {
							"post": [5.75988, -21.61233, 5.6529],
							"lerp_mode": "catmullrom"
						},
						"0.7292": {
							"post": [5.34512, -22.64281, 5.955],
							"lerp_mode": "catmullrom"
						},
						"1.3125": {
							"post": [5.34512, -22.64281, 5.955],
							"lerp_mode": "catmullrom"
						},
						"1.3542": {
							"post": [5.9, -21.78, 5.25],
							"lerp_mode": "catmullrom"
						},
						"1.375": {
							"post": [6.14, -20.01, 4.945],
							"lerp_mode": "catmullrom"
						},
						"1.4792": {
							"post": [6.14, -20.1975, 4.82],
							"lerp_mode": "catmullrom"
						},
						"1.6458": {
							"post": [8, -16.3375, 6.28125],
							"lerp_mode": "catmullrom"
						},
						"1.7292": {
							"post": [8, -16.34, 6.28],
							"lerp_mode": "catmullrom"
						},
						"1.7917": {
							"post": [8, -16.34, 6.28],
							"lerp_mode": "catmullrom"
						},
						"1.8333": {
							"post": [8, -16.59, 6.28],
							"lerp_mode": "catmullrom"
						},
						"1.8958": {
							"post": [8, -16.59, 6.28],
							"lerp_mode": "catmullrom"
						},
						"2.1667": {
							"post": [7.75, -17.2125, 4.46875],
							"lerp_mode": "catmullrom"
						}
					},
					"scale": {
						"0.0": [1, 1.5, 1],
						"0.1042": [1, 1.5, 1],
						"0.1875": [0, 0, 0],
						"0.9167": [0, 0, 0],
						"0.9375": [1, 1.5, 1]
					}
				},
				"righthand": {
					"rotation": {
						"0.0": [-265.42379, 6.5923, -180.9525],
						"0.1042": [-265.42379, 6.5923, -180.9525],
						"0.3542": [-264.49986, 3.80587, -172.12817],
						"0.5208": [-262.8188, 5.00961, -155.85239],
						"0.625": [-262.8188, 5.00961, -155.85239],
						"0.6875": [-263.90261, 6.28534, -166.83185],
						"1.3542": [-263.90261, 6.28534, -166.83185],
						"1.5": [-258.60367, 13.25044, -176.80487],
						"1.7083": [-258.6, 13.25, -176.8],
						"1.8542": [-265.42379, 6.5923, -180.9525]
					},
					"position": {
						"0.0": [-6.7875, -16.625, 5.8875],
						"0.1042": [-6.7875, -16.625, 5.8875],
						"0.3542": [-7.165, -16.995, 5.89],
						"0.5208": [-7.035, -16.1775, 5.89],
						"0.625": [-7.035, -16.1775, 5.89],
						"0.6875": [-7.035, -16.1775, 5.89],
						"1.3542": [-7.035, -16.1775, 5.89],
						"1.5": [-6.54, -16.36, 6.22],
						"1.7083": [-6.54, -16.36, 6.22],
						"1.8542": [-6.7875, -16.625, 5.8875]
					},
					"scale": [1, 1.5, 1]
				},
				"constraint": {
					"rotation": [0.2, 0.2, 0.2],
					"position": [0.2, 0.2, 0.2]
				},
				"root": {
					"rotation": {
						"0.0": {
							"post": [0, 0, 0],
							"lerp_mode": "catmullrom"
						},
						"0.0208": {
							"post": [-0.52013, -0.14415, 0.4591],
							"lerp_mode": "catmullrom"
						},
						"0.0833": {
							"post": [-3.04736, 0.23598, -16.78052],
							"lerp_mode": "catmullrom"
						},
						"0.2083": {
							"post": [4.72725, 10.47126, -35.23057],
							"lerp_mode": "catmullrom"
						},
						"0.2917": {
							"post": [-35.22246, 8.48787, 60.13557],
							"lerp_mode": "catmullrom"
						},
						"0.3333": {
							"post": [-37.46869, 8.16787, 77.67221],
							"lerp_mode": "catmullrom"
						},
						"0.4167": {
							"post": [-30.01022, 4.85954, 57.43733],
							"lerp_mode": "catmullrom"
						},
						"0.5": {
							"post": [-28.51741, -2.83251, 58.54174],
							"lerp_mode": "catmullrom"
						},
						"0.6042": {
							"post": [-27.7011, -23.90382, 55.87356],
							"lerp_mode": "catmullrom"
						},
						"0.75": {
							"post": [-23.36757, -30.28869, -2.68744],
							"lerp_mode": "catmullrom"
						},
						"0.8542": {
							"post": [-21.99676, -44.58232, -26.31161],
							"lerp_mode": "catmullrom"
						},
						"0.9792": {
							"post": [-14.46, -48.3275, -37.19],
							"lerp_mode": "catmullrom"
						},
						"1.1042": {
							"post": [-7.28251, -47.68171, -47.86956],
							"lerp_mode": "catmullrom"
						},
						"1.1875": {
							"post": [-9.81566, -49.77204, -43.25898],
							"lerp_mode": "catmullrom"
						},
						"1.2292": {
							"post": [-11.12161, -49.39138, -40.23044],
							"lerp_mode": "catmullrom"
						},
						"1.3125": {
							"post": [-10.97119, -49.57442, -41.7437],
							"lerp_mode": "catmullrom"
						},
						"1.3333": {
							"post": [-11.85657, -49.83485, -42.74473],
							"lerp_mode": "catmullrom"
						},
						"1.375": {
							"post": [-14.86872, -48.24361, -31.27817],
							"lerp_mode": "catmullrom"
						},
						"1.4583": {
							"post": [-25.40987, -41.04596, -7.9487],
							"lerp_mode": "catmullrom"
						},
						"1.5": {
							"post": [-25.6213, -41.48459, -9.14429],
							"lerp_mode": "catmullrom"
						},
						"1.5833": {
							"post": [-22.7966, -30.66837, 3.29521],
							"lerp_mode": "catmullrom"
						},
						"1.7083": {
							"post": [-24.03984, -0.39676, 39.83533],
							"lerp_mode": "catmullrom"
						},
						"1.8125": {
							"post": [-23.95983, 1.03087, 47.95688],
							"lerp_mode": "catmullrom"
						},
						"1.8333": {
							"post": [-23.95576, 0.11702, 48.36296],
							"lerp_mode": "catmullrom"
						},
						"1.875": {
							"post": [-15.99048, -3.72866, 49.46405],
							"lerp_mode": "catmullrom"
						},
						"1.9167": {
							"post": [-16.64287, -8.64626, 54.05121],
							"lerp_mode": "catmullrom"
						},
						"1.9583": {
							"post": [-16.32792, -5.54741, 46.85064],
							"lerp_mode": "catmullrom"
						},
						"2.0208": {
							"post": [-17.20611, -5.61249, 60.50683],
							"lerp_mode": "catmullrom"
						},
						"2.1458": {
							"post": [-11.73048, -7.49822, 33.34574],
							"lerp_mode": "catmullrom"
						},
						"2.25": {
							"post": [1.87068, -6.98563, 2.52313],
							"lerp_mode": "catmullrom"
						},
						"2.375": {
							"post": [0.07, -0.39, 0.25],
							"lerp_mode": "catmullrom"
						},
						"2.4583": {
							"post": [0.04, -0.06, 0.14],
							"lerp_mode": "catmullrom"
						},
						"2.5208": {
							"post": [0, -0.5, 0],
							"lerp_mode": "catmullrom"
						},
						"2.5833": {
							"post": [0, -0.28, -0.01],
							"lerp_mode": "catmullrom"
						},
						"2.6458": {
							"post": [0, 0, 0],
							"lerp_mode": "catmullrom"
						}
					},
					"position": {
						"0.0": {
							"post": [0, 0, 0],
							"lerp_mode": "catmullrom"
						},
						"0.0833": {
							"post": [0.37, 1.685, 0.02],
							"lerp_mode": "catmullrom"
						},
						"0.1458": {
							"post": [0.85, 1.9125, 0.15],
							"lerp_mode": "catmullrom"
						},
						"0.2083": {
							"post": [1.12, 0.31, 0.02],
							"lerp_mode": "catmullrom"
						},
						"0.2917": {
							"post": [-5.63, 0.31, -2.0425],
							"lerp_mode": "catmullrom"
						},
						"0.3333": {
							"post": [-6.04, -0.015, -2.2325],
							"lerp_mode": "catmullrom"
						},
						"0.4167": {
							"post": [-4.9025, -0.6225, -2.7725],
							"lerp_mode": "catmullrom"
						},
						"0.5": {
							"post": [-4.4275, -0.915, -3.4325],
							"lerp_mode": "catmullrom"
						},
						"0.6042": {
							"post": [-3.8875, -0.535, -4.0975],
							"lerp_mode": "catmullrom"
						},
						"0.75": {
							"post": [-3.665, 1.07, -1.87],
							"lerp_mode": "catmullrom"
						},
						"0.8542": {
							"post": [-3.3525, 2.07, -1.12],
							"lerp_mode": "catmullrom"
						},
						"1.1042": {
							"post": [-2.43, 3.38, 0],
							"lerp_mode": "catmullrom"
						},
						"1.1875": {
							"post": [-2.43, 3.6325, -0.1875],
							"lerp_mode": "catmullrom"
						},
						"1.2292": {
							"post": [-2.555, 3.635, -0.1275],
							"lerp_mode": "catmullrom"
						},
						"1.3125": {
							"post": [-2.4975, 3.7025, -0.13],
							"lerp_mode": "catmullrom"
						},
						"1.375": {
							"post": [-1.3125, 2.1375, -0.13],
							"lerp_mode": "catmullrom"
						},
						"1.4583": {
							"post": [-0.935, 1.5775, -1.005],
							"lerp_mode": "catmullrom"
						},
						"1.5": {
							"post": [-0.9925, 1.705, -1],
							"lerp_mode": "catmullrom"
						},
						"1.5833": {
							"post": [-1.115, 1.21, -1],
							"lerp_mode": "catmullrom"
						},
						"1.7083": {
							"post": [-1.1325, -0.03, -2.79],
							"lerp_mode": "catmullrom"
						},
						"1.8125": {
							"post": [-1.13, -0.0925, -2.79],
							"lerp_mode": "catmullrom"
						},
						"1.8333": {
							"post": [-1.13, -0.09, -2.8525],
							"lerp_mode": "catmullrom"
						},
						"1.875": {
							"post": [-1.13, -0.09, -4.225],
							"lerp_mode": "catmullrom"
						},
						"1.9167": {
							"post": [-0.005, -0.5275, -4.72],
							"lerp_mode": "catmullrom"
						},
						"1.9583": {
							"post": [0, -0.8425, -4.72],
							"lerp_mode": "catmullrom"
						},
						"2.0208": {
							"post": [0.375, -1.2775, -4.72],
							"lerp_mode": "catmullrom"
						},
						"2.1458": {
							"post": [-0.0825, -1.325, -3.14],
							"lerp_mode": "catmullrom"
						},
						"2.25": {
							"post": [-0.08, -0.425, -0.45],
							"lerp_mode": "catmullrom"
						},
						"2.375": {
							"post": [0.02, -0.22, 0.16],
							"lerp_mode": "catmullrom"
						},
						"2.4583": {
							"post": [0, -0.14, -0.12],
							"lerp_mode": "catmullrom"
						},
						"2.5208": {
							"post": [0, -0.06, -0.08],
							"lerp_mode": "catmullrom"
						},
						"2.5833": {
							"post": [0, 0, 0],
							"lerp_mode": "catmullrom"
						}
					}
				},
				"mag_and_lefthand": {
					"rotation": {
						"0.3542": {
							"pre": [0, 0, 0],
							"post": [0, 0, 0],
							"lerp_mode": "catmullrom"
						},
						"0.6042": {
							"post": [-42.16214, -3.02506, -33.10554],
							"lerp_mode": "catmullrom"
						},
						"0.7708": {
							"post": [-42.16214, -3.02506, -33.10554],
							"lerp_mode": "catmullrom"
						},
						"0.875": {
							"post": [-24.26498, -11.78407, -73.91598],
							"lerp_mode": "catmullrom"
						},
						"1.0833": {
							"post": [-15.53033, -3.76917, -36.17535],
							"lerp_mode": "catmullrom"
						},
						"1.2083": {
							"post": [0.99985, -0.01745, 0.99985],
							"lerp_mode": "catmullrom"
						},
						"1.2917": {
							"post": [1, -0.02, 1],
							"lerp_mode": "catmullrom"
						},
						"1.3333": {
							"post": [0, 0, 0],
							"lerp_mode": "catmullrom"
						}
					},
					"position": {
						"0.3542": {
							"pre": [0, 0, 0],
							"post": [0, 0, 0],
							"lerp_mode": "catmullrom"
						},
						"0.6042": {
							"post": [3.59832, -9.84596, 0.86275],
							"lerp_mode": "catmullrom"
						},
						"0.7708": {
							"post": [3.59832, -9.84596, 0.86275],
							"lerp_mode": "catmullrom"
						},
						"0.875": {
							"post": [-0.48297, -13.70902, 6.69921],
							"lerp_mode": "catmullrom"
						},
						"1.0833": {
							"post": [1.33261, -4.60237, -0.09262],
							"lerp_mode": "catmullrom"
						},
						"1.2083": {
							"post": [-0.14082, -1.95525, 0.86135],
							"lerp_mode": "catmullrom"
						},
						"1.2917": {
							"post": [0, -1.6175, 0.5025],
							"lerp_mode": "catmullrom"
						},
						"1.3333": {
							"post": [0, 0, 0],
							"lerp_mode": "catmullrom"
						}
					}
				},
				"mag_and_bullet": {
					"rotation": {
						"0.0": [0, 0, 0],
						"0.2083": [0, 0, 0],
						"0.2708": [0, 0, 25],
						"0.375": [-75, 0, -247.5],
						"0.8333": [0, 0, 0],
						"1.3542": [0, 0, 0],
						"1.375": [0, 0, 0]
					},
					"position": {
						"0.0": [0, 0, 0],
						"0.2083": [0, -0.86, 0.18],
						"0.2708": [-2.71568, -5.87721, 1.00189],
						"0.3125": [-0.85, -7.6475, 2.535],
						"0.3542": [-8.725, -29.085, 0.41],
						"0.375": [-18.8225, -53.83, 3.81],
						"0.4167": [-48.34, -103.33, 16.62],
						"0.4375": [-2.74, -88.44, 8.69],
						"0.4583": [0, -3.87, 0.81],
						"0.8333": [0, -3.87, 0.81],
						"1.3542": [0, -3.87, 0.81],
						"1.375": [0, 0, 0]
					},
					"scale": {
						"0.2708": [1, 1, 1],
						"0.375": [1, 1, 1],
						"0.3958": [0, 0, 0],
						"0.9792": [0, 0, 0],
						"1.0": [1, 1, 1]
					}
				},
				"slide2": {
					"position": {
						"0.0": [0, 0, 3],
						"1.8125": [0, 0, 2.5],
						"1.8333": [0, 0, 1.875],
						"1.875": [0, 0, 0]
					}
				},
				"magazine": {
					"rotation": {
						"0.0": [0, 0, 0],
						"0.2708": [0, 0, 13.67],
						"0.3125": [0, 0, 5]
					}
				},
				"release": {
					"rotation": {
						"0.0": [8.5, 0, 0],
						"1.8125": [8.5, 0, 0],
						"1.8333": [0, 0, 0]
					}
				},
				"bullet_in_barrel": {
					"position": {
						"0.0": [0, 0, 0],
						"1.8125": [0, -0.25, 0]
					},
					"scale": {
						"0.0": [0, 0, 0],
						"1.75": [0, 0, 0],
						"1.8333": [1, 1, 1]
					}
				},
				"camera": {
					"rotation": {
						"0.0": {
							"post": [0, 0, 0],
							"lerp_mode": "catmullrom"
						},
						"0.1042": {
							"post": [-0.5625, -0.0625, 0.4375],
							"lerp_mode": "catmullrom"
						},
						"0.2083": {
							"post": [-0.8725, -0.24, 0.8675],
							"lerp_mode": "catmullrom"
						},
						"0.2292": {
							"post": [-0.55, 0.13, -0.1175],
							"lerp_mode": "catmullrom"
						},
						"0.2708": {
							"post": [0.305, 1.0725, -1.0175],
							"lerp_mode": "catmullrom"
						},
						"0.2917": {
							"post": [0.48, 1.2675, -0.54],
							"lerp_mode": "catmullrom"
						},
						"0.3333": {
							"post": [0.555, 1.5825, -1.2775],
							"lerp_mode": "catmullrom"
						},
						"0.375": {
							"post": [0.145, 1.5925, -1.1],
							"lerp_mode": "catmullrom"
						},
						"0.4792": {
							"post": [-0.1375, 1.54, -0.4325],
							"lerp_mode": "catmullrom"
						},
						"0.5833": {
							"post": [-0.25, 1.0475, -0.0775],
							"lerp_mode": "catmullrom"
						},
						"0.6875": {
							"post": [-0.31, 0.435, 0.205],
							"lerp_mode": "catmullrom"
						},
						"0.8333": {
							"post": [-0.28, 0.16, 0.04],
							"lerp_mode": "catmullrom"
						},
						"1.0417": {
							"post": [-0.2125, 0.1025, -0.085],
							"lerp_mode": "catmullrom"
						},
						"1.1042": {
							"post": [-0.0975, -0.015, -0.5475],
							"lerp_mode": "catmullrom"
						},
						"1.1875": {
							"post": [-0.4, 0.115, 0.09],
							"lerp_mode": "catmullrom"
						},
						"1.3125": {
							"post": [-0.43, 0.115, 0.2375],
							"lerp_mode": "catmullrom"
						},
						"1.375": {
							"post": [-0.44, 0.115, -0.22],
							"lerp_mode": "catmullrom"
						},
						"1.4583": {
							"post": [-0.46, 0.115, -0.9525],
							"lerp_mode": "catmullrom"
						},
						"1.5625": {
							"post": [-0.32, 0.13, -1.09],
							"lerp_mode": "catmullrom"
						},
						"1.6875": {
							"post": [-0.1, 0.16, -0.46],
							"lerp_mode": "catmullrom"
						},
						"1.7917": {
							"post": [0.14, 0.19, -0.26],
							"lerp_mode": "catmullrom"
						},
						"1.8542": {
							"post": [0.13, 0.1875, -0.5],
							"lerp_mode": "catmullrom"
						},
						"1.9167": {
							"post": [0.1, 0.19, 0.5275],
							"lerp_mode": "catmullrom"
						},
						"1.9792": {
							"post": [0.07, 0.2, -1.5325],
							"lerp_mode": "catmullrom"
						},
						"2.0417": {
							"post": [0.03, 0.2, -0.9325],
							"lerp_mode": "catmullrom"
						},
						"2.1875": {
							"post": [-0.445, 0.125, 0.1875],
							"lerp_mode": "catmullrom"
						},
						"2.3958": {
							"post": [-0.18, 0, 0.125],
							"lerp_mode": "catmullrom"
						},
						"2.5417": {
							"post": [0.07, 0, -0.0625],
							"lerp_mode": "catmullrom"
						},
						"2.6875": {
							"post": [0, 0, 0],
							"lerp_mode": "catmullrom"
						},
						"2.8125": {
							"post": [0, 0, 0],
							"lerp_mode": "catmullrom"
						}
					}
				},
				"bullet": {
					"scale": {
						"0.9792": [0, 0, 0],
						"1.0": [1, 1, 1]
					}
				}
			},
			"sound_effects": {
				"0.0": {
					"effect": "bo6:gs45/gs45_reload_empty_fast02_up"
				},
				"0.2292": {
					"effect": "bo6:gs45/gs45_reload_empty_fast02_magout"
				},
				"0.6042": {
					"effect": "bo6:gs45/gs45_reload_empty_fast02_mvmnt01"
				},
				"0.6875": {
					"effect": "wz:mag_drop/pi_mag_drop"
				},
				"1.0833": {
					"effect": "bo6:gs45/gs45_reload_empty_fast02_maghit"
				},
				"1.3125": {
					"effect": "bo6:gs45/gs45_reload_empty_fast02_magin"
				},
				"1.5208": {
					"effect": "bo6:gs45/gs45_reload_empty_fast02_mvmnt02"
				},
				"1.7292": {
					"effect": "bo6:gs45/gs45_reload_empty_fast02_sliderelease"
				},
				"2.1667": {
					"effect": "bo6:gs45/gs45_reload_empty_fast02_end"
				}
			}
		},
		"inspect": {
			"loop": "hold_on_last_frame",
			"animation_length": 8.0208,
			"bones": {
				"lefthand": {
					"rotation": {
						"0.0": {
							"post": [121.91487, -5.09179, -212.19165],
							"lerp_mode": "catmullrom"
						},
						"0.2708": {
							"post": [121.91487, -5.09179, -212.19165],
							"lerp_mode": "catmullrom"
						},
						"0.3958": {
							"post": [120.59723, -10.8125, -202.70065],
							"lerp_mode": "catmullrom"
						},
						"0.5833": {
							"post": [88.37966, -32.23977, -127.26649],
							"lerp_mode": "catmullrom"
						},
						"0.7917": {
							"post": [65.49426, -44.43462, -84.6528],
							"lerp_mode": "catmullrom"
						},
						"0.8333": {
							"post": [62.08085, -42.66645, -79.70081],
							"lerp_mode": "catmullrom"
						},
						"0.9167": {
							"post": [58.75079, -52.3538, -74.96573],
							"lerp_mode": "catmullrom"
						},
						"1.0": {
							"post": [93.57191, -58.45372, -116.61984],
							"lerp_mode": "catmullrom"
						},
						"1.1875": {
							"post": [98.66595, -46.87349, -124.36551],
							"lerp_mode": "catmullrom"
						},
						"1.3333": {
							"post": [98.66595, -46.87349, -124.36551],
							"lerp_mode": "catmullrom"
						},
						"2.5833": {
							"post": [98.67, -46.87, -124.37],
							"lerp_mode": "catmullrom"
						},
						"2.6667": {
							"post": [142.50381, -65.0207, -181.35435],
							"lerp_mode": "catmullrom"
						},
						"2.7708": {
							"post": [124.14571, -43.77424, -201.40681],
							"lerp_mode": "catmullrom"
						},
						"2.9167": {
							"post": [101.30584, -42.71853, -223.38934],
							"lerp_mode": "catmullrom"
						},
						"3.0208": {
							"post": [99.50417, -37.80859, -222.15012],
							"lerp_mode": "catmullrom"
						},
						"3.125": {
							"post": [98.57131, -28.91958, -220.45906],
							"lerp_mode": "catmullrom"
						},
						"3.1875": {
							"post": [107.81795, -47.48311, -246.22944],
							"lerp_mode": "catmullrom"
						},
						"3.2708": {
							"post": [101.43764, -29.06805, -234.95978],
							"lerp_mode": "catmullrom"
						},
						"3.4167": {
							"post": [115.61725, -33.30763, -225.67249],
							"lerp_mode": "catmullrom"
						},
						"3.4792": {
							"post": [138.50639, -48.45556, -234.86519],
							"lerp_mode": "catmullrom"
						},
						"3.5833": {
							"post": [167.97818, -34.12612, -254.08076],
							"lerp_mode": "catmullrom"
						},
						"3.6667": {
							"post": [179.94985, -10.93826, -274.78943],
							"lerp_mode": "catmullrom"
						},
						"3.8125": [178.73164, -16.89217, -270.60327],
						"4.0": [169.73494, -45.94843, -243.3399],
						"4.1458": [156.96061, -45.69062, -222.53876],
						"4.3125": [153.84624, -47.13618, -216.75286],
						"4.5417": [157.25963, -46.21531, -217.32109],
						"4.9583": [159.22323, -46.95688, -220.02396],
						"5.2917": {
							"pre": [148.03527, -31.28185, -244.21715],
							"post": [148.03527, -31.28185, -244.21715],
							"lerp_mode": "catmullrom"
						},
						"5.4583": {
							"post": [118.07824, -38.59722, -261.62699],
							"lerp_mode": "catmullrom"
						},
						"5.5417": {
							"post": [114.07827, -34.82816, -259.95523],
							"lerp_mode": "catmullrom"
						},
						"5.6458": {
							"post": [89.65527, -37.43888, -219.88769],
							"lerp_mode": "catmullrom"
						},
						"5.7292": {
							"post": [87.67919, -31.43898, -219.92992],
							"lerp_mode": "catmullrom"
						},
						"5.8333": {
							"post": [92.44024, -33.54298, -217.68904],
							"lerp_mode": "catmullrom"
						},
						"5.9583": {
							"post": [112.44024, -33.54298, -217.68904],
							"lerp_mode": "catmullrom"
						},
						"6.0417": {
							"post": [114.64517, -20.64812, -194.92341],
							"lerp_mode": "catmullrom"
						},
						"6.1042": {
							"post": [128.4597, -47.28849, -180.64164],
							"lerp_mode": "catmullrom"
						},
						"6.1667": {
							"post": [120.83172, -54.17896, -163.1255],
							"lerp_mode": "catmullrom"
						},
						"6.2292": {
							"post": [133.36595, -46.2689, -179.35145],
							"lerp_mode": "catmullrom"
						},
						"6.5625": {
							"post": [127.31667, -50.80987, -171.29156],
							"lerp_mode": "catmullrom"
						},
						"6.7708": {
							"post": [98.67, -46.87, -124.37],
							"lerp_mode": "catmullrom"
						},
						"7.25": {
							"post": [98.66595, -46.87349, -124.36551],
							"lerp_mode": "catmullrom"
						},
						"7.2708": {
							"post": [118.08489, -19.78678, -154.70893],
							"lerp_mode": "catmullrom"
						},
						"7.375": {
							"post": [118.08489, -19.78678, -154.70893],
							"lerp_mode": "catmullrom"
						},
						"7.5417": {
							"post": [121.91487, -5.09179, -212.19165],
							"lerp_mode": "catmullrom"
						}
					},
					"position": {
						"0.0": {
							"post": [7.75, -17.2125, 4.46875],
							"lerp_mode": "catmullrom"
						},
						"0.2708": {
							"post": [7.75, -17.2125, 4.46875],
							"lerp_mode": "catmullrom"
						},
						"0.3958": {
							"post": [7.34, -17.885, 4.83],
							"lerp_mode": "catmullrom"
						},
						"0.5833": {
							"post": [6.09, -22.9525, 5.33],
							"lerp_mode": "catmullrom"
						},
						"0.7917": {
							"post": [5.7775, -22.95, 5.83],
							"lerp_mode": "catmullrom"
						},
						"0.8333": {
							"post": [5.78, -22.325, 5.3925],
							"lerp_mode": "catmullrom"
						},
						"0.9167": {
							"post": [5.75988, -21.61233, 5.6529],
							"lerp_mode": "catmullrom"
						},
						"1.0": {
							"post": [5.68588, -20.76103, 5.90064],
							"lerp_mode": "catmullrom"
						},
						"1.1875": {
							"post": [6.13754, -21.75859, 5.88296],
							"lerp_mode": "catmullrom"
						},
						"1.3333": {
							"post": [6.13754, -21.75859, 5.88296],
							"lerp_mode": "catmullrom"
						},
						"2.5833": {
							"post": [6.14, -21.76, 5.88],
							"lerp_mode": "catmullrom"
						},
						"2.6667": {
							"post": [8.7025, -21.76, 5.88],
							"lerp_mode": "catmullrom"
						},
						"2.7708": {
							"post": [10.3875, -16.8225, 5.88],
							"lerp_mode": "catmullrom"
						},
						"2.9167": {
							"post": [5.89, -15.5075, 7.755],
							"lerp_mode": "catmullrom"
						},
						"3.0208": {
							"post": [5.89, -15.51, 7.875],
							"lerp_mode": "catmullrom"
						},
						"3.0625": {
							"post": [5.89, -15.51, 8.255],
							"lerp_mode": "catmullrom"
						},
						"3.125": {
							"post": [5.64, -15.51, 10.625],
							"lerp_mode": "catmullrom"
						},
						"3.1875": {
							"post": [6.8275, -15.51, 14.63],
							"lerp_mode": "catmullrom"
						},
						"3.2708": {
							"post": [9.0175, -15.51, 13.1925],
							"lerp_mode": "catmullrom"
						},
						"3.4167": {
							"post": [7.02, -11.76, 10.315],
							"lerp_mode": "catmullrom"
						},
						"3.4792": {
							"post": [-1.61653, -8.10891, 4.92595],
							"lerp_mode": "catmullrom"
						},
						"3.5833": {
							"post": [4.85951, -11.17468, 7.54351],
							"lerp_mode": "catmullrom"
						},
						"3.6667": {
							"post": [9.61134, -15.29581, 8.7536],
							"lerp_mode": "catmullrom"
						},
						"3.8125": [11.23758, -16.17093, 8.29641],
						"4.0": [11.95308, -11.58756, 8.145],
						"4.1458": [11.96862, -10.52217, 8.1464],
						"4.3125": [12.77219, -10.10217, 8.65221],
						"4.5417": [12.71276, -9.92215, 8.66579],
						"4.9583": [12.41932, -10.12366, 8.43036],
						"5.2917": {
							"pre": [7.9825, -12.87, 7.1175],
							"post": [7.9825, -12.87, 7.1175],
							"lerp_mode": "catmullrom"
						},
						"5.4583": {
							"post": [6.4175, -13.745, 6.87],
							"lerp_mode": "catmullrom"
						},
						"5.5417": {
							"post": [6.42, -13.495, 5.875],
							"lerp_mode": "catmullrom"
						},
						"5.6458": {
							"post": [6.42, -14.5525, 6.8175],
							"lerp_mode": "catmullrom"
						},
						"5.7292": {
							"post": [6.42, -14.55, 6.6325],
							"lerp_mode": "catmullrom"
						},
						"5.8333": {
							"post": [6.42, -14.55, 6.9425],
							"lerp_mode": "catmullrom"
						},
						"5.9583": {
							"post": [8.3575, -15.175, 7.815],
							"lerp_mode": "catmullrom"
						},
						"6.0417": {
							"post": [8.18, -16.62, 6.83],
							"lerp_mode": "catmullrom"
						},
						"6.1042": {
							"post": [6.875, -18.4, 6.09375],
							"lerp_mode": "catmullrom"
						},
						"6.1667": {
							"post": [6.625, -18.4, 6.09375],
							"lerp_mode": "catmullrom"
						},
						"6.2292": {
							"post": [6.5675, -19.025, 6.715],
							"lerp_mode": "catmullrom"
						},
						"6.5625": {
							"post": [7.32, -19.02, 6.9075],
							"lerp_mode": "catmullrom"
						},
						"6.7708": {
							"post": [6.14, -21.76, 5.88],
							"lerp_mode": "catmullrom"
						},
						"7.25": {
							"post": [6.13754, -21.75859, 5.88296],
							"lerp_mode": "catmullrom"
						},
						"7.2708": {
							"post": [6.14, -20.01, 4.945],
							"lerp_mode": "catmullrom"
						},
						"7.375": {
							"post": [6.14, -20.1975, 4.82],
							"lerp_mode": "catmullrom"
						},
						"7.5417": {
							"post": [7.75, -17.2125, 4.46875],
							"lerp_mode": "catmullrom"
						}
					},
					"scale": [1, 1.5, 1]
				},
				"righthand": {
					"rotation": {
						"0.0": [-265.42379, 6.5923, -180.9525],
						"0.2292": [-265.42379, 6.5923, -180.9525],
						"0.4792": [-264.49986, 3.80587, -172.12817],
						"0.6458": [-262.8188, 5.00961, -155.85239],
						"0.75": [-262.8188, 5.00961, -155.85239],
						"0.8125": [-263.90261, 6.28534, -166.83185],
						"2.1042": [-263.9, 6.29, -166.83],
						"2.2708": [-263.36365, 6.72892, -161.71716],
						"2.3542": [-258.32905, 8.69883, -172.619],
						"2.4375": [-265.62917, 8.15366, -171.66965],
						"2.5": [-277.18135, 7.67255, -175.67881],
						"2.6667": [-277.18135, 7.67255, -175.67881],
						"2.7917": [-270.06255, 1.93392, -180.97747],
						"5.2708": [-270.06, 1.93, -180.98],
						"5.4167": [-264.0469, 7.92462, -180.8808],
						"5.9375": [-264.05, 7.92, -180.88],
						"6.0417": [-262.20624, 6.11485, -165.87533],
						"6.5833": [-262.21, 6.11, -165.88],
						"6.6875": [-274.1427, 10.74234, -164.85825],
						"6.7708": [-272.19332, 11.29647, -154.68553],
						"6.875": [-258.55551, 14.077, -180.83261],
						"6.9583": [-258.55551, 14.077, -180.83261],
						"7.125": [-258.60367, 13.25044, -176.80487],
						"7.5": [-258.6, 13.25, -176.8],
						"7.6458": [-265.42379, 6.5923, -180.9525]
					},
					"position": {
						"0.0": [-6.7875, -16.625, 5.8875],
						"0.2292": [-6.7875, -16.625, 5.8875],
						"0.4792": [-7.165, -16.995, 5.89],
						"0.6458": [-7.035, -16.1775, 5.89],
						"0.75": [-7.035, -16.1775, 5.89],
						"0.8125": [-7.035, -16.1775, 5.89],
						"2.1042": [-7.03, -16.18, 5.89],
						"2.2708": [-6.87296, -16.23721, 6.09586],
						"2.3542": [-6.49, -16.4875, 6.6575],
						"2.4375": [-6.105, -17.3575, 6.84],
						"2.5": [-5.9175, -17.795, 6.84],
						"2.6667": [-5.9175, -17.795, 6.84],
						"2.7917": [-5.92, -17.8625, 5.7775],
						"5.2708": [-5.92, -17.86, 5.78],
						"5.4167": [-6.92, -16.86, 5.0925],
						"5.9375": [-6.92, -16.86, 5.09],
						"6.0417": [-6.6075, -16.86, 5.09],
						"6.5833": [-6.61, -16.86, 5.09],
						"6.6875": [-6.1725, -17.485, 6.215],
						"6.7708": [-6.295, -16.98, 6.22],
						"6.875": [-6.5425, -16.3575, 6.22],
						"6.9583": [-6.5425, -16.3575, 6.22],
						"7.125": [-6.54, -16.36, 6.22],
						"7.5": [-6.54, -16.36, 6.22],
						"7.6458": [-6.7875, -16.625, 5.8875]
					},
					"scale": [1, 1.5, 1]
				},
				"constraint": {
					"rotation": [0.2, 0.2, 0.2],
					"position": [0.2, 0.2, 0.2]
				},
				"root": {
					"rotation": {
						"0.0": {
							"post": [0, 0, 0],
							"lerp_mode": "catmullrom"
						},
						"0.125": {
							"post": [0, 0, 2],
							"lerp_mode": "catmullrom"
						},
						"0.2917": {
							"post": [-2.30497, -11.53549, 21.35748],
							"lerp_mode": "catmullrom"
						},
						"0.4167": {
							"post": [-11.89357, -25.8102, 12.79249],
							"lerp_mode": "catmullrom"
						},
						"0.5208": {
							"post": [-2.79534, -40.48348, -45.04572],
							"lerp_mode": "catmullrom"
						},
						"0.5833": {
							"post": [1.30903, -45.52584, -60.19325],
							"lerp_mode": "catmullrom"
						},
						"0.7083": {
							"post": [1.51628, -51.59432, -66.84815],
							"lerp_mode": "catmullrom"
						},
						"0.75": {
							"post": [0.12, -51.6, -64.43],
							"lerp_mode": "catmullrom"
						},
						"0.7917": {
							"post": [-6.28747, -51.34553, -55.60706],
							"lerp_mode": "catmullrom"
						},
						"0.8333": {
							"post": [-6.32425, -52.71601, -47.54082],
							"lerp_mode": "catmullrom"
						},
						"0.9167": {
							"post": [15.98921, -57.81906, -70.74549],
							"lerp_mode": "catmullrom"
						},
						"1.0": {
							"post": [9.8114, -59.28273, -66.87682],
							"lerp_mode": "catmullrom"
						},
						"1.125": {
							"post": [-13.42118, -60.14953, -43.01873],
							"lerp_mode": "catmullrom"
						},
						"1.25": {
							"post": [-22.3775, -55.18, -29.3025],
							"lerp_mode": "catmullrom"
						},
						"1.4375": {
							"post": [-15.77844, -53.5167, -34.12292],
							"lerp_mode": "catmullrom"
						},
						"1.6875": {
							"post": [-13.62315, -52.64365, -35.31201],
							"lerp_mode": "catmullrom"
						},
						"1.9375": {
							"post": [-15.09831, -48.01163, -32.20295],
							"lerp_mode": "catmullrom"
						},
						"2.0833": {
							"post": [-18.76, -41.635, -27.46],
							"lerp_mode": "catmullrom"
						},
						"2.1875": {
							"post": [-21.36464, -38.43362, -24.45767],
							"lerp_mode": "catmullrom"
						},
						"2.2917": {
							"post": [-27.13397, -39.49976, -19.27339],
							"lerp_mode": "catmullrom"
						},
						"2.375": {
							"post": [-27.90174, -34.35985, -17.96712],
							"lerp_mode": "catmullrom"
						},
						"2.4583": {
							"post": [-26.68996, -37.93766, -18.50344],
							"lerp_mode": "catmullrom"
						},
						"2.5833": {
							"post": [-21.73102, -26.86835, -6.9364],
							"lerp_mode": "catmullrom"
						},
						"2.6667": {
							"post": [-21.25586, -17.85975, -7.98116],
							"lerp_mode": "catmullrom"
						},
						"2.7917": {
							"post": [-29.76202, 11.40404, 39.17651],
							"lerp_mode": "catmullrom"
						},
						"2.9167": {
							"post": [-30.79318, 25.43875, 68.27554],
							"lerp_mode": "catmullrom"
						},
						"3.0": {
							"post": [-31.1615, 24.9232, 67.32791],
							"lerp_mode": "catmullrom"
						},
						"3.0833": {
							"post": [-31.81403, 25.25365, 65.80963],
							"lerp_mode": "catmullrom"
						},
						"3.125": {
							"post": [-21.75284, 21.20986, 55.85153],
							"lerp_mode": "catmullrom"
						},
						"3.1667": {
							"post": [-15.38134, 7.89199, 73.37095],
							"lerp_mode": "catmullrom"
						},
						"3.25": {
							"post": [-16.93036, 14.46974, 67.20145],
							"lerp_mode": "catmullrom"
						},
						"3.3125": {
							"post": [-16.67276, 10.64035, 68.38579],
							"lerp_mode": "catmullrom"
						},
						"3.4167": {
							"post": [-16.30258, 11.20803, 70.33894],
							"lerp_mode": "catmullrom"
						},
						"3.5": {
							"post": [-18.53843, -3.4268, 60.2958],
							"lerp_mode": "catmullrom"
						},
						"3.5833": {
							"post": [-13.41281, -13.35599, 26.3139],
							"lerp_mode": "catmullrom"
						},
						"3.7083": {
							"post": [-11.90481, -16.77515, 9.06162],
							"lerp_mode": "catmullrom"
						},
						"3.8542": {
							"post": [-11.78599, -14.47112, 16.00489],
							"lerp_mode": "catmullrom"
						},
						"4.125": {
							"post": [-12.94989, -15.56769, 20.49382],
							"lerp_mode": "catmullrom"
						},
						"4.4375": {
							"post": [-12.33549, -14.05372, 18.02258],
							"lerp_mode": "catmullrom"
						},
						"4.7708": {
							"post": [-13.08972, -14.28229, 17.01851],
							"lerp_mode": "catmullrom"
						},
						"5.0833": {
							"post": [-13.41293, -15.02645, 18.26151],
							"lerp_mode": "catmullrom"
						},
						"5.1667": {
							"post": [-18.96382, -10.7907, 23.31554],
							"lerp_mode": "catmullrom"
						},
						"5.3125": {
							"post": [-31.03873, 2.13931, 43.00411],
							"lerp_mode": "catmullrom"
						},
						"5.4167": {
							"post": [-27.65341, 8.72623, 61.84321],
							"lerp_mode": "catmullrom"
						},
						"5.5208": {
							"post": [-25.85761, 10.10688, 71.35378],
							"lerp_mode": "catmullrom"
						},
						"5.6042": {
							"post": [-26.39172, 11.02198, 68.6316],
							"lerp_mode": "catmullrom"
						},
						"5.6875": {
							"post": [-28.32193, 11.75422, 56.76785],
							"lerp_mode": "catmullrom"
						},
						"5.7708": {
							"post": [-19.28591, 10.28679, 61.63611],
							"lerp_mode": "catmullrom"
						},
						"5.8542": {
							"post": [-17.54846, 9.97136, 70.30626],
							"lerp_mode": "catmullrom"
						},
						"6.0208": {
							"post": [-24.05166, 0.72803, 44.80871],
							"lerp_mode": "catmullrom"
						},
						"6.1042": {
							"post": [-24.03984, -0.39676, 39.83533],
							"lerp_mode": "catmullrom"
						},
						"6.2083": {
							"post": [-23.95983, 1.03087, 47.95688],
							"lerp_mode": "catmullrom"
						},
						"6.2292": {
							"post": [-23.95576, 0.11702, 48.36296],
							"lerp_mode": "catmullrom"
						},
						"6.2708": {
							"post": [-15.99048, -3.72866, 49.46405],
							"lerp_mode": "catmullrom"
						},
						"6.3125": {
							"post": [-16.64287, -8.64626, 54.05121],
							"lerp_mode": "catmullrom"
						},
						"6.3542": {
							"post": [-16.32792, -5.54741, 46.85064],
							"lerp_mode": "catmullrom"
						},
						"6.4167": {
							"post": [-17.20611, -5.61249, 60.50683],
							"lerp_mode": "catmullrom"
						},
						"6.5208": {
							"post": [-8.01257, -13.6461, 32.26861],
							"lerp_mode": "catmullrom"
						},
						"6.6458": {
							"post": [-9.44261, -9.70004, 16.20729],
							"lerp_mode": "catmullrom"
						},
						"6.7708": {
							"post": [-25.18932, -28.16907, -8.39258],
							"lerp_mode": "catmullrom"
						},
						"6.875": {
							"post": [-12.64198, -44.1263, -40.50261],
							"lerp_mode": "catmullrom"
						},
						"7.0": {
							"post": [-7.28251, -50.24421, -47.86956],
							"lerp_mode": "catmullrom"
						},
						"7.0833": {
							"post": [-9.81566, -49.77204, -43.25898],
							"lerp_mode": "catmullrom"
						},
						"7.125": {
							"post": [-11.12161, -49.39138, -40.23044],
							"lerp_mode": "catmullrom"
						},
						"7.2083": {
							"post": [-10.97119, -49.57442, -41.7437],
							"lerp_mode": "catmullrom"
						},
						"7.2292": {
							"post": [-11.85657, -49.83485, -42.74473],
							"lerp_mode": "catmullrom"
						},
						"7.2708": {
							"post": [-14.86872, -48.24361, -31.27817],
							"lerp_mode": "catmullrom"
						},
						"7.3542": {
							"post": [-25.40987, -41.04596, -7.9487],
							"lerp_mode": "catmullrom"
						},
						"7.3958": {
							"post": [-25.6213, -41.48459, -9.14429],
							"lerp_mode": "catmullrom"
						},
						"7.4792": {
							"post": [-22.7966, -30.66837, 3.29521],
							"lerp_mode": "catmullrom"
						},
						"7.625": {
							"post": [-0.51, -3.0575, -2.55],
							"lerp_mode": "catmullrom"
						},
						"7.75": {
							"post": [0.07, -0.39, 0.25],
							"lerp_mode": "catmullrom"
						},
						"7.8333": {
							"post": [0.04, -0.06, 0.14],
							"lerp_mode": "catmullrom"
						},
						"7.8958": {
							"post": [0, -0.5, 0],
							"lerp_mode": "catmullrom"
						},
						"7.9583": {
							"post": [0, -0.28, -0.01],
							"lerp_mode": "catmullrom"
						},
						"8.0208": {
							"post": [0, 0, 0],
							"lerp_mode": "catmullrom"
						}
					},
					"position": {
						"0.0": {
							"post": [0, 0, 0],
							"lerp_mode": "catmullrom"
						},
						"0.125": {
							"post": [-0.0625, 0, 0],
							"lerp_mode": "catmullrom"
						},
						"0.2917": {
							"post": [-0.81, 0.625, 0],
							"lerp_mode": "catmullrom"
						},
						"0.4167": {
							"post": [-1.20232, 1.36108, -0.06415],
							"lerp_mode": "catmullrom"
						},
						"0.5833": {
							"post": [-1.685, 2.63, 0],
							"lerp_mode": "catmullrom"
						},
						"0.7083": {
							"post": [-1.93, 2.9425, -0.375],
							"lerp_mode": "catmullrom"
						},
						"0.7917": {
							"post": [-1.925, 2.94, -0.62],
							"lerp_mode": "catmullrom"
						},
						"0.8333": {
							"post": [-1.6525, 2.7825, -0.67],
							"lerp_mode": "catmullrom"
						},
						"1.0": {
							"post": [-1.7325, 3.065, -0.87],
							"lerp_mode": "catmullrom"
						},
						"1.125": {
							"post": [-2.6675, 2.695, -1.12],
							"lerp_mode": "catmullrom"
						},
						"1.25": {
							"post": [-3.39, 2.165, -1.12],
							"lerp_mode": "catmullrom"
						},
						"1.4375": {
							"post": [-3.7275, 2.07, -1.12],
							"lerp_mode": "catmullrom"
						},
						"1.6875": {
							"post": [-3.7275, 2.0075, -1.37],
							"lerp_mode": "catmullrom"
						},
						"1.9375": {
							"post": [-3.7175, 2.0725, -1.4925],
							"lerp_mode": "catmullrom"
						},
						"2.0833": {
							"post": [-3.345, 2.15, -1.45],
							"lerp_mode": "catmullrom"
						},
						"2.1875": {
							"post": [-2.65, 2.2, -1.43],
							"lerp_mode": "catmullrom"
						},
						"2.2917": {
							"post": [-1.4325, 2.27, -1.43],
							"lerp_mode": "catmullrom"
						},
						"2.375": {
							"post": [-0.8375, 2.2, -1.43],
							"lerp_mode": "catmullrom"
						},
						"2.4583": {
							"post": [-0.65, 2.1975, -1.43],
							"lerp_mode": "catmullrom"
						},
						"2.5833": {
							"post": [-0.5275, 1.825, -1.43],
							"lerp_mode": "catmullrom"
						},
						"2.6667": {
							"post": [-0.1475, 1.33, -1.68],
							"lerp_mode": "catmullrom"
						},
						"2.7917": {
							"post": [0.475, 0.6425, -4.055],
							"lerp_mode": "catmullrom"
						},
						"2.9167": {
							"post": [1.285, 0.64, -4.7375],
							"lerp_mode": "catmullrom"
						},
						"3.0": {
							"post": [1.29, 0.89, -4.74],
							"lerp_mode": "catmullrom"
						},
						"3.0833": {
							"post": [1.29, 0.765, -4.4275],
							"lerp_mode": "catmullrom"
						},
						"3.125": {
							"post": [1.29, 0.03, -4.67],
							"lerp_mode": "catmullrom"
						},
						"3.1667": {
							"post": [1.29, 0.145, -8.4275],
							"lerp_mode": "catmullrom"
						},
						"3.25": {
							"post": [1.29, 0.5875, -8.43],
							"lerp_mode": "catmullrom"
						},
						"3.3125": {
							"post": [1.29, 1.09, -8.1175],
							"lerp_mode": "catmullrom"
						},
						"3.4167": {
							"post": [0.1025, -0.035, -8.12],
							"lerp_mode": "catmullrom"
						},
						"3.5": {
							"post": [-2.2125, -2.405, -5.8075],
							"lerp_mode": "catmullrom"
						},
						"3.5833": {
							"post": [-3.8975, -4.0975, -4.555],
							"lerp_mode": "catmullrom"
						},
						"3.7083": {
							"post": [-4.8375, -4.0375, -4.55],
							"lerp_mode": "catmullrom"
						},
						"3.8542": {
							"post": [-5.3975, -3.0375, -4.55],
							"lerp_mode": "catmullrom"
						},
						"4.125": {
							"post": [-5.275, -3.04, -4.55],
							"lerp_mode": "catmullrom"
						},
						"4.4375": {
							"post": [-5.3325, -3.23, -4.675],
							"lerp_mode": "catmullrom"
						},
						"4.7708": {
							"post": [-5.3925, -3.105, -4.67],
							"lerp_mode": "catmullrom"
						},
						"5.0833": {
							"post": [-5.14, -2.6625, -4.67],
							"lerp_mode": "catmullrom"
						},
						"5.1667": {
							"post": [-4.16, -2.0625, -4.15],
							"lerp_mode": "catmullrom"
						},
						"5.3125": {
							"post": [-2.36, -0.3475, -3.25],
							"lerp_mode": "catmullrom"
						},
						"5.4167": {
							"post": [-0.6425, -0.095, -2.6075],
							"lerp_mode": "catmullrom"
						},
						"5.5208": {
							"post": [-0.39, -0.225, -3.1725],
							"lerp_mode": "catmullrom"
						},
						"5.6042": {
							"post": [-0.39, -0.345, -3.545],
							"lerp_mode": "catmullrom"
						},
						"5.6875": {
							"post": [-0.64, -0.215, -3.7275],
							"lerp_mode": "catmullrom"
						},
						"5.7708": {
							"post": [-0.64, -0.22, -3.98],
							"lerp_mode": "catmullrom"
						},
						"5.8542": {
							"post": [-0.515, -0.2825, -3.98],
							"lerp_mode": "catmullrom"
						},
						"6.0208": {
							"post": [-1.0725, -0.03, -2.7925],
							"lerp_mode": "catmullrom"
						},
						"6.1042": {
							"post": [-1.1325, -0.03, -2.79],
							"lerp_mode": "catmullrom"
						},
						"6.2083": {
							"post": [-1.13, -0.0925, -2.79],
							"lerp_mode": "catmullrom"
						},
						"6.2292": {
							"post": [-1.13, -0.09, -2.8525],
							"lerp_mode": "catmullrom"
						},
						"6.2708": {
							"post": [-1.13, -0.09, -4.225],
							"lerp_mode": "catmullrom"
						},
						"6.3125": {
							"post": [-0.005, -0.5275, -4.72],
							"lerp_mode": "catmullrom"
						},
						"6.3542": {
							"post": [0, -0.8425, -4.72],
							"lerp_mode": "catmullrom"
						},
						"6.4167": {
							"post": [0.375, -1.2775, -4.72],
							"lerp_mode": "catmullrom"
						},
						"6.5208": {
							"post": [-0.1875, -0.5275, -4.72],
							"lerp_mode": "catmullrom"
						},
						"6.6458": {
							"post": [-0.81, 0.625, -0.5625],
							"lerp_mode": "catmullrom"
						},
						"6.7708": {
							"post": [-1.20232, 2.04858, -0.06415],
							"lerp_mode": "catmullrom"
						},
						"6.875": {
							"post": [-1.685, 2.63, 0],
							"lerp_mode": "catmullrom"
						},
						"7.0": {
							"post": [-2.43, 3.5675, 0],
							"lerp_mode": "catmullrom"
						},
						"7.0833": {
							"post": [-2.43, 4.0075, -0.1875],
							"lerp_mode": "catmullrom"
						},
						"7.125": {
							"post": [-2.555, 3.635, -0.1275],
							"lerp_mode": "catmullrom"
						},
						"7.2083": {
							"post": [-2.4975, 3.7025, -0.13],
							"lerp_mode": "catmullrom"
						},
						"7.2708": {
							"post": [-1.3125, 2.1375, -0.13],
							"lerp_mode": "catmullrom"
						},
						"7.3542": {
							"post": [-0.935, 1.5775, -1.005],
							"lerp_mode": "catmullrom"
						},
						"7.3958": {
							"post": [-0.9925, 1.705, -1],
							"lerp_mode": "catmullrom"
						},
						"7.4792": {
							"post": [-1.115, 1.21, -1],
							"lerp_mode": "catmullrom"
						},
						"7.625": {
							"post": [-0.08, -0.3, -0.45],
							"lerp_mode": "catmullrom"
						},
						"7.75": {
							"post": [0.02, -0.22, 0.16],
							"lerp_mode": "catmullrom"
						},
						"7.8333": {
							"post": [0, -0.14, -0.12],
							"lerp_mode": "catmullrom"
						},
						"7.8958": {
							"post": [0, -0.06, -0.08],
							"lerp_mode": "catmullrom"
						},
						"7.9583": {
							"post": [0, 0, 0],
							"lerp_mode": "catmullrom"
						}
					}
				},
				"mag_and_lefthand": {
					"rotation": {
						"0.9167": {
							"pre": [0, 0, 0],
							"post": [0, 0, 0],
							"lerp_mode": "catmullrom"
						},
						"1.0": {
							"post": [0.99985, -0.01745, 0.99985],
							"lerp_mode": "catmullrom"
						},
						"1.1458": {
							"post": [6.0166, 6.62336, 17.53231],
							"lerp_mode": "catmullrom"
						},
						"1.2917": {
							"post": [23.46935, 17.39083, 15.24014],
							"lerp_mode": "catmullrom"
						},
						"1.4792": {
							"post": [14.32416, 29.14262, 21.61703],
							"lerp_mode": "catmullrom"
						},
						"1.625": {
							"post": [9.94916, 29.14262, 24.36703],
							"lerp_mode": "catmullrom"
						},
						"1.8125": {
							"post": [8.95141, 28.21612, 27.21814],
							"lerp_mode": "catmullrom"
						},
						"1.9375": {
							"post": [7.88017, 23.32555, 26.07872],
							"lerp_mode": "catmullrom"
						},
						"2.0417": {
							"post": [4.29081, 21.45874, 9.408],
							"lerp_mode": "catmullrom"
						},
						"2.1667": {
							"post": [-5.99506, 18.98905, -5.33104],
							"lerp_mode": "catmullrom"
						},
						"2.3333": {
							"post": [6.77903, -0.39375, 0.25765],
							"lerp_mode": "catmullrom"
						},
						"2.4375": {
							"post": [12.77903, -0.39375, 0.25765],
							"lerp_mode": "catmullrom"
						},
						"6.7708": {
							"post": [12.78, -0.39, 0.26],
							"lerp_mode": "catmullrom"
						},
						"6.8125": {
							"post": [12.75919, -0.8321, 2.21064],
							"lerp_mode": "catmullrom"
						},
						"6.9375": {
							"post": [2.04618, -1.16628, -10.73588],
							"lerp_mode": "catmullrom"
						},
						"7.1042": {
							"post": [0.99985, -0.01745, 0.99985],
							"lerp_mode": "catmullrom"
						},
						"7.1875": {
							"post": [1, -0.02, 1],
							"lerp_mode": "catmullrom"
						},
						"7.2292": {
							"post": [0, 0, 0],
							"lerp_mode": "catmullrom"
						}
					},
					"position": {
						"0.9167": {
							"pre": [0, 0, 0],
							"post": [0, 0, 0],
							"lerp_mode": "catmullrom"
						},
						"1.0": {
							"post": [0, -1.92877, 0.43742],
							"lerp_mode": "catmullrom"
						},
						"1.1458": {
							"post": [-0.33606, -4.80046, 0.32216],
							"lerp_mode": "catmullrom"
						},
						"1.2917": {
							"post": [2.57045, -4.81753, -2.17471],
							"lerp_mode": "catmullrom"
						},
						"1.4792": {
							"post": [5.32678, -2.75401, -3.39058],
							"lerp_mode": "catmullrom"
						},
						"1.625": {
							"post": [6.04738, -2.16936, -3.53699],
							"lerp_mode": "catmullrom"
						},
						"1.8125": {
							"post": [6.34844, -1.89678, -3.50376],
							"lerp_mode": "catmullrom"
						},
						"1.9375": {
							"post": [6.34844, -1.89678, -3.50376],
							"lerp_mode": "catmullrom"
						},
						"2.0417": {
							"post": [6.20492, -1.79772, -3.57758],
							"lerp_mode": "catmullrom"
						},
						"2.1667": {
							"post": [4.60312, -1.68871, -3.6666],
							"lerp_mode": "catmullrom"
						},
						"2.25": {
							"post": [3.08, -0.76, -2.575],
							"lerp_mode": "catmullrom"
						},
						"2.3333": {
							"post": [1.71852, 1.73593, -1.5885],
							"lerp_mode": "catmullrom"
						},
						"2.4375": {
							"post": [1.3384, 2.30947, -0.53889],
							"lerp_mode": "catmullrom"
						},
						"6.7708": {
							"post": [1.34, 2.31, -0.54],
							"lerp_mode": "catmullrom"
						},
						"6.8125": {
							"post": [1.84, 1.8725, -0.54],
							"lerp_mode": "catmullrom"
						},
						"6.9375": {
							"post": [1.215, -3.005, 0.2725],
							"lerp_mode": "catmullrom"
						},
						"7.0208": {
							"post": [0.76, -3.0325, 0.35],
							"lerp_mode": "catmullrom"
						},
						"7.1042": {
							"post": [0, -1.92877, 0.68742],
							"lerp_mode": "catmullrom"
						},
						"7.1875": {
							"post": [0, -1.6175, 0.5025],
							"lerp_mode": "catmullrom"
						},
						"7.2292": {
							"post": [0, 0, 0],
							"lerp_mode": "catmullrom"
						}
					}
				},
				"mag_and_bullet": {
					"rotation": {
						"0.0": [0, 0, 0],
						"0.7917": [0, 0, 0],
						"0.8333": [0, 0, 0],
						"0.9167": [0, 0, 0],
						"7.25": [0, 0, 0],
						"7.2708": [0, 0, 0]
					},
					"position": {
						"0.0": [0, 0, 0],
						"0.7917": [0, 0, 0],
						"0.8333": [0, -0.6875, 0.0625],
						"0.9167": [0, -3.87, 0.81],
						"7.25": [0, -3.87, 0.81],
						"7.2708": [0, 0, 0]
					}
				},
				"release": {
					"rotation": {
						"3.125": [0, 0, 0],
						"3.1667": [7.5, 0, 0],
						"6.25": [7.5, 0, 0],
						"6.2917": [0, 0, 0]
					}
				},
				"slide2": {
					"position": {
						"0.0": [0, 0, 0],
						"3.0": [0, 0, 0],
						"3.0417": [0, 0, 0.125],
						"3.125": [0, 0, 2.5],
						"6.2083": [0, 0, 2.5],
						"6.2292": [0, 0, 1.875],
						"6.2708": [0, 0, 0]
					}
				},
				"bullet_in_barrel": {
					"rotation": {
						"3.0833": [0, 0, 0],
						"3.1042": [0, 17, 0],
						"3.1458": [-18, 55, 0],
						"3.2292": [-38.70676, -54.35486, 29.44908],
						"3.4375": [-169.70357, 48.08766, -187.52107],
						"3.4792": [-32.45314, 69.28408, 4.52945],
						"3.5417": [-32.45, 69.28, 4.53],
						"3.5625": [0, 0, 0]
					},
					"position": {
						"3.0833": [0, 0, 0],
						"3.1042": [-0.32508, 0.06997, 0.10235],
						"3.125": [-4.46, -0.7175, -0.13],
						"3.1458": [-8.59947, -2.1218, -0.36819],
						"3.1667": [-16.19192, -4.77181, 1.79515],
						"3.2292": [-29.32071, -2.39161, -3.18967],
						"3.3125": [-31.05301, 1.56588, -3.84145],
						"3.4375": [-16.02742, 2.87193, -1.4067],
						"3.5": [-2.78149, 6.69856, -0.95947],
						"3.5417": [-2.78, 6.7, -0.96],
						"3.5625": [0, 0, 0],
						"5.625": [0, 0, 0],
						"5.6458": [0, 0, -2.125],
						"6.2083": [0, 0, -2.12],
						"6.2292": [0, 0, -1.5575],
						"6.25": [0, 0, -0.6225],
						"6.2708": [0, 0, 0]
					},
					"scale": {
						"3.4792": [1, 1, 1],
						"3.5": [0, 0, 0],
						"3.9792": [0, 0, 0],
						"5.6667": [0, 0, 0],
						"5.6875": [1, 1, 1]
					}
				},
				"bullet_in_lefthand": {
					"rotation": {
						"3.7917": [0, 0, 0],
						"3.8125": [0, 0, 0],
						"3.875": [-105.50555, 15.59246, -113.38576],
						"3.8958": [-88.07849, 28.98216, -98.2578],
						"3.9583": [-106.47055, 40.15028, -69.53558],
						"4.0": [-101.42468, 41.59914, -61.83224],
						"4.1458": [-94.23066, 42.69312, -51.13369],
						"4.3125": [-105.23066, 42.69312, -51.13369],
						"4.5417": [-105.23, 42.69, -51.13],
						"4.9583": [-94.23, 42.69, -51.13],
						"5.2917": [-39.57633, 58.74004, -67.52115],
						"5.4167": [-10.2292, 35.48868, -73.6726],
						"5.4583": [1.77624, -1.21399, -70.48635],
						"5.5625": [1.78, -1.21, -70.49],
						"5.6458": [1.78, -1.21, -70.49],
						"5.6667": [0, 0, 0]
					},
					"position": {
						"3.7917": [0, 0, 0],
						"3.8125": [5.875, -0.125, 0],
						"3.875": [5.18337, 2.80847, 1.8608],
						"3.8958": [4.82708, 3.89909, 1.75179],
						"3.9583": [5.01231, 6.42231, 1.54536],
						"4.0": [5.2973, 7.61111, 0.92031],
						"4.1458": [5.25954, 9.0599, 0.33782],
						"4.3125": [6.18362, 9.87096, 0.7514],
						"4.5417": [6.22192, 10.02708, 0.85072],
						"4.9583": [5.86886, 9.65423, 0.57229],
						"5.2917": [0.82318, 4.9063, -0.54163],
						"5.4167": [0.16765, 3.53117, -1.38995],
						"5.4375": [0.03335, 3.22452, -1.39448],
						"5.4583": [-0.0845, 3.04172, -1.82908],
						"5.5208": [-0.04598, 3.04901, -2.76684],
						"5.5625": [-0.04093, 3.0524, -3.01982],
						"5.6458": [-0.04, 3.05, -3.02],
						"5.6667": [0, 0, 0]
					},
					"scale": {
						"3.8333": [0, 0, 0],
						"3.8958": [1, 1, 1],
						"4.0": [1, 1, 1],
						"5.5208": [1, 1, 1],
						"5.5625": [0, 0, 0],
						"5.7083": [0, 0, 0],
						"5.7292": [1, 1, 1]
					}
				},
				"camera": {
					"rotation": {
						"0.0": {
							"post": [0, 0, 0],
							"lerp_mode": "catmullrom"
						},
						"0.125": {
							"post": [-0.0875, 0, 0],
							"lerp_mode": "catmullrom"
						},
						"0.2292": {
							"post": [-0.25, 0, 0.1875],
							"lerp_mode": "catmullrom"
						},
						"0.5625": {
							"post": [-0.685, 0.25, -0.1875],
							"lerp_mode": "catmullrom"
						},
						"0.7917": {
							"post": [-0.86, 0.31, -0.21],
							"lerp_mode": "catmullrom"
						},
						"0.8542": {
							"post": [-0.8675, 0.3125, 0.0625],
							"lerp_mode": "catmullrom"
						},
						"0.9583": {
							"post": [-0.575, 0.3125, -0.0625],
							"lerp_mode": "catmullrom"
						},
						"1.1042": {
							"post": [-0.4325, 0.1875, 0],
							"lerp_mode": "catmullrom"
						},
						"1.2708": {
							"post": [-0.6225, 0, 0.125],
							"lerp_mode": "catmullrom"
						},
						"1.4167": {
							"post": [-0.68, -0.1875, 0.3125],
							"lerp_mode": "catmullrom"
						},
						"1.6458": {
							"post": [-0.4925, -0.21, 0.35],
							"lerp_mode": "catmullrom"
						},
						"1.9375": {
							"post": [-0.42, -0.1875, 0.3125],
							"lerp_mode": "catmullrom"
						},
						"2.1458": {
							"post": [-0.55, -0.08, 0.0075],
							"lerp_mode": "catmullrom"
						},
						"2.3125": {
							"post": [-0.65, 0, -0.3125],
							"lerp_mode": "catmullrom"
						},
						"2.4167": {
							"post": [-0.65, 0.01, -0.3525],
							"lerp_mode": "catmullrom"
						},
						"2.5": {
							"post": [-0.64, 0.01, -0.375],
							"lerp_mode": "catmullrom"
						},
						"2.7083": {
							"post": [-0.68, 0, -0.375],
							"lerp_mode": "catmullrom"
						},
						"3.0": {
							"post": [-1.055, 0, -0.5],
							"lerp_mode": "catmullrom"
						},
						"3.0625": {
							"post": [-1.49, 0, -0.26],
							"lerp_mode": "catmullrom"
						},
						"3.125": {
							"post": [-1.81, 0, 0.9375],
							"lerp_mode": "catmullrom"
						},
						"3.1667": {
							"post": [-1.65, 0, -0.885],
							"lerp_mode": "catmullrom"
						},
						"3.2292": {
							"post": [-1.31, 0, -0.4375],
							"lerp_mode": "catmullrom"
						},
						"3.3958": {
							"post": [-1.1225, 0, 0.1875],
							"lerp_mode": "catmullrom"
						},
						"3.5208": {
							"post": [-1.495, 0, 0.1875],
							"lerp_mode": "catmullrom"
						},
						"3.6042": {
							"post": [-0.6775, 0.1875, -0.125],
							"lerp_mode": "catmullrom"
						},
						"3.75": {
							"post": [0.0075, 0.3125, -0.5],
							"lerp_mode": "catmullrom"
						},
						"3.9583": {
							"post": [-0.1775, 0, -0.375],
							"lerp_mode": "catmullrom"
						},
						"4.1458": {
							"post": [-1.18, -0.25, 0.125],
							"lerp_mode": "catmullrom"
						},
						"4.3542": {
							"post": [-1.4675, -0.375, 0.3125],
							"lerp_mode": "catmullrom"
						},
						"4.7708": {
							"post": [-1.4775, -0.375, 0.3125],
							"lerp_mode": "catmullrom"
						},
						"4.9583": {
							"post": [-1.1825, -0.25, 0.3125],
							"lerp_mode": "catmullrom"
						},
						"5.2083": {
							"post": [-0.1825, 0, 0.3125],
							"lerp_mode": "catmullrom"
						},
						"5.5": {
							"post": [0.11, 0.1875, -0.1875],
							"lerp_mode": "catmullrom"
						},
						"5.6042": {
							"post": [0.14, 0.21, 0.025],
							"lerp_mode": "catmullrom"
						},
						"5.7083": {
							"post": [0.14, 0.2, -0.4175],
							"lerp_mode": "catmullrom"
						},
						"5.8333": {
							"post": [0.15, 0.2, -0.2025],
							"lerp_mode": "catmullrom"
						},
						"5.9583": {
							"post": [0.15, 0.2, -0.2525],
							"lerp_mode": "catmullrom"
						},
						"6.125": {
							"post": [0.14, 0.19, -0.26],
							"lerp_mode": "catmullrom"
						},
						"6.1875": {
							"post": [0.13, 0.1875, -0.5],
							"lerp_mode": "catmullrom"
						},
						"6.25": {
							"post": [0.1, 0.19, 0.5275],
							"lerp_mode": "catmullrom"
						},
						"6.3125": {
							"post": [0.07, 0.2, -1.5325],
							"lerp_mode": "catmullrom"
						},
						"6.375": {
							"post": [0.03, 0.2, -0.9325],
							"lerp_mode": "catmullrom"
						},
						"6.5625": {
							"post": [-0.1175, 0.1875, 0.125],
							"lerp_mode": "catmullrom"
						},
						"6.75": {
							"post": [-0.26, 0.08, 0.11],
							"lerp_mode": "catmullrom"
						},
						"6.8958": {
							"post": [-0.3675, 0, -0.1875],
							"lerp_mode": "catmullrom"
						},
						"7.0417": {
							"post": [-0.4, -0.01, -0.285],
							"lerp_mode": "catmullrom"
						},
						"7.1667": {
							"post": [-0.43, -0.01, 0.2375],
							"lerp_mode": "catmullrom"
						},
						"7.2292": {
							"post": [-0.44, -0.01, -0.22],
							"lerp_mode": "catmullrom"
						},
						"7.3125": {
							"post": [-0.46, -0.01, -0.9525],
							"lerp_mode": "catmullrom"
						},
						"7.3958": {
							"post": [-0.445, 0, 0.1875],
							"lerp_mode": "catmullrom"
						},
						"7.6042": {
							"post": [-0.18, 0, 0.125],
							"lerp_mode": "catmullrom"
						},
						"7.75": {
							"post": [0.07, 0, -0.0625],
							"lerp_mode": "catmullrom"
						},
						"7.8958": {
							"post": [0, 0, 0],
							"lerp_mode": "catmullrom"
						},
						"8.0208": {
							"post": [0, 0, 0],
							"lerp_mode": "catmullrom"
						}
					}
				},
				"bullet": {
					"scale": 0
				}
			},
			"sound_effects": {
				"0.0": {
					"effect": "bo6:handcannon/handcannon_inspect_mag_out"
				},
				"1.9583": {
					"effect": "bo6:handcannon/handcannon_inspect_slide_eject"
				},
				"5.0625": {
					"effect": "bo6:handcannon/handcannon_inspect_insert_bullet_slide"
				},
				"6.5833": {
					"effect": "bo6:handcannon/handcannon_inspect_mag_in"
				}
			}
		},
		"inspect_empty": {
			"loop": "hold_on_last_frame",
			"animation_length": 3.375,
			"bones": {
				"lefthand": {
					"rotation": {
						"0.0": {
							"post": [121.91487, -5.09179, -212.19165],
							"lerp_mode": "catmullrom"
						},
						"0.2708": {
							"post": [121.91487, -5.09179, -212.19165],
							"lerp_mode": "catmullrom"
						},
						"0.3958": {
							"post": [120.59723, -10.8125, -202.70065],
							"lerp_mode": "catmullrom"
						},
						"0.5833": {
							"post": [88.37966, -32.23977, -127.26649],
							"lerp_mode": "catmullrom"
						},
						"0.7917": {
							"post": [65.49426, -44.43462, -84.6528],
							"lerp_mode": "catmullrom"
						},
						"0.8333": {
							"post": [62.08085, -42.66645, -79.70081],
							"lerp_mode": "catmullrom"
						},
						"0.9167": {
							"post": [58.75079, -52.3538, -74.96573],
							"lerp_mode": "catmullrom"
						},
						"1.0": {
							"post": [93.57191, -58.45372, -116.61984],
							"lerp_mode": "catmullrom"
						},
						"1.1875": {
							"post": [98.66595, -46.87349, -124.36551],
							"lerp_mode": "catmullrom"
						},
						"1.3333": {
							"post": [98.66595, -46.87349, -124.36551],
							"lerp_mode": "catmullrom"
						},
						"2.6042": {
							"post": [98.66595, -46.87349, -124.36551],
							"lerp_mode": "catmullrom"
						},
						"2.625": {
							"post": [118.08489, -19.78678, -154.70893],
							"lerp_mode": "catmullrom"
						},
						"2.7292": {
							"post": [118.08489, -19.78678, -154.70893],
							"lerp_mode": "catmullrom"
						},
						"2.8958": {
							"post": [121.91487, -5.09179, -212.19165],
							"lerp_mode": "catmullrom"
						}
					},
					"position": {
						"0.0": {
							"post": [7.75, -17.2125, 4.46875],
							"lerp_mode": "catmullrom"
						},
						"0.2708": {
							"post": [7.75, -17.2125, 4.46875],
							"lerp_mode": "catmullrom"
						},
						"0.3958": {
							"post": [7.34, -17.885, 4.83],
							"lerp_mode": "catmullrom"
						},
						"0.5833": {
							"post": [6.09, -22.9525, 5.33],
							"lerp_mode": "catmullrom"
						},
						"0.7917": {
							"post": [5.7775, -22.95, 5.83],
							"lerp_mode": "catmullrom"
						},
						"0.8333": {
							"post": [5.78, -22.325, 5.3925],
							"lerp_mode": "catmullrom"
						},
						"0.9167": {
							"post": [5.75988, -21.61233, 5.6529],
							"lerp_mode": "catmullrom"
						},
						"1.0": {
							"post": [5.68588, -20.76103, 5.90064],
							"lerp_mode": "catmullrom"
						},
						"1.1875": {
							"post": [6.13754, -21.75859, 5.88296],
							"lerp_mode": "catmullrom"
						},
						"1.3333": {
							"post": [6.13754, -21.75859, 5.88296],
							"lerp_mode": "catmullrom"
						},
						"2.6042": {
							"post": [6.13754, -21.75859, 5.88296],
							"lerp_mode": "catmullrom"
						},
						"2.625": {
							"post": [6.14, -20.01, 4.945],
							"lerp_mode": "catmullrom"
						},
						"2.7292": {
							"post": [6.14, -20.1975, 4.82],
							"lerp_mode": "catmullrom"
						},
						"2.8958": {
							"post": [7.75, -17.2125, 4.46875],
							"lerp_mode": "catmullrom"
						}
					},
					"scale": [1, 1.5, 1]
				},
				"righthand": {
					"rotation": {
						"0.0": [-265.42379, 6.5923, -180.9525],
						"0.2292": [-265.42379, 6.5923, -180.9525],
						"0.4792": [-264.49986, 3.80587, -172.12817],
						"0.6458": [-262.8188, 5.00961, -155.85239],
						"0.75": [-262.8188, 5.00961, -155.85239],
						"0.8125": [-263.90261, 6.28534, -166.83185],
						"2.1042": [-263.9, 6.29, -166.83],
						"2.4792": [-258.60367, 13.25044, -176.80487],
						"2.8542": [-258.6, 13.25, -176.8],
						"3.0": [-265.42379, 6.5923, -180.9525]
					},
					"position": {
						"0.0": [-6.7875, -16.625, 5.8875],
						"0.2292": [-6.7875, -16.625, 5.8875],
						"0.4792": [-7.165, -16.995, 5.89],
						"0.6458": [-7.035, -16.1775, 5.89],
						"0.75": [-7.035, -16.1775, 5.89],
						"0.8125": [-7.035, -16.1775, 5.89],
						"2.1042": [-7.03, -16.18, 5.89],
						"2.4792": [-6.54, -16.36, 6.22],
						"2.8542": [-6.54, -16.36, 6.22],
						"3.0": [-6.7875, -16.625, 5.8875]
					},
					"scale": [1, 1.5, 1]
				},
				"constraint": {
					"rotation": [0.2, 0.2, 0.2],
					"position": [0.2, 0.2, 0.2]
				},
				"root": {
					"rotation": {
						"0.0": {
							"post": [0, 0, 0],
							"lerp_mode": "catmullrom"
						},
						"0.125": {
							"post": [0, 0, 2],
							"lerp_mode": "catmullrom"
						},
						"0.2917": {
							"post": [-2.30497, -11.53549, 21.35748],
							"lerp_mode": "catmullrom"
						},
						"0.4167": {
							"post": [-11.89357, -25.8102, 12.79249],
							"lerp_mode": "catmullrom"
						},
						"0.5208": {
							"post": [-2.79534, -40.48348, -45.04572],
							"lerp_mode": "catmullrom"
						},
						"0.5833": {
							"post": [1.30903, -45.52584, -60.19325],
							"lerp_mode": "catmullrom"
						},
						"0.7083": {
							"post": [1.51628, -51.59432, -66.84815],
							"lerp_mode": "catmullrom"
						},
						"0.75": {
							"post": [0.12, -51.6, -64.43],
							"lerp_mode": "catmullrom"
						},
						"0.7917": {
							"post": [-6.28747, -51.34553, -55.60706],
							"lerp_mode": "catmullrom"
						},
						"0.8333": {
							"post": [-6.32425, -52.71601, -47.54082],
							"lerp_mode": "catmullrom"
						},
						"0.9167": {
							"post": [15.98921, -57.81906, -70.74549],
							"lerp_mode": "catmullrom"
						},
						"1.0": {
							"post": [9.8114, -59.28273, -66.87682],
							"lerp_mode": "catmullrom"
						},
						"1.125": {
							"post": [-13.42118, -60.14953, -43.01873],
							"lerp_mode": "catmullrom"
						},
						"1.25": {
							"post": [-22.3775, -55.18, -29.3025],
							"lerp_mode": "catmullrom"
						},
						"1.4375": {
							"post": [-15.77844, -53.5167, -34.12292],
							"lerp_mode": "catmullrom"
						},
						"1.6875": {
							"post": [-13.62315, -52.64365, -35.31201],
							"lerp_mode": "catmullrom"
						},
						"1.9375": {
							"post": [-15.09831, -48.01163, -32.20295],
							"lerp_mode": "catmullrom"
						},
						"2.0833": {
							"post": [-18.76, -41.635, -27.46],
							"lerp_mode": "catmullrom"
						},
						"2.3542": {
							"post": [-7.28251, -50.24421, -47.86956],
							"lerp_mode": "catmullrom"
						},
						"2.4375": {
							"post": [-9.81566, -49.77204, -43.25898],
							"lerp_mode": "catmullrom"
						},
						"2.4792": {
							"post": [-11.12161, -49.39138, -40.23044],
							"lerp_mode": "catmullrom"
						},
						"2.5625": {
							"post": [-10.97119, -49.57442, -41.7437],
							"lerp_mode": "catmullrom"
						},
						"2.5833": {
							"post": [-11.85657, -49.83485, -42.74473],
							"lerp_mode": "catmullrom"
						},
						"2.625": {
							"post": [-14.86872, -48.24361, -31.27817],
							"lerp_mode": "catmullrom"
						},
						"2.7083": {
							"post": [-25.40987, -41.04596, -7.9487],
							"lerp_mode": "catmullrom"
						},
						"2.75": {
							"post": [-25.6213, -41.48459, -9.14429],
							"lerp_mode": "catmullrom"
						},
						"2.8333": {
							"post": [-22.7966, -30.66837, 3.29521],
							"lerp_mode": "catmullrom"
						},
						"2.9792": {
							"post": [-0.51, -3.0575, -2.55],
							"lerp_mode": "catmullrom"
						},
						"3.1042": {
							"post": [0.07, -0.39, 0.25],
							"lerp_mode": "catmullrom"
						},
						"3.1875": {
							"post": [0.04, -0.06, 0.14],
							"lerp_mode": "catmullrom"
						},
						"3.25": {
							"post": [0, -0.5, 0],
							"lerp_mode": "catmullrom"
						},
						"3.3125": {
							"post": [0, -0.28, -0.01],
							"lerp_mode": "catmullrom"
						},
						"3.375": {
							"post": [0, 0, 0],
							"lerp_mode": "catmullrom"
						}
					},
					"position": {
						"0.0": {
							"post": [0, 0, 0],
							"lerp_mode": "catmullrom"
						},
						"0.125": {
							"post": [-0.0625, 0, 0],
							"lerp_mode": "catmullrom"
						},
						"0.2917": {
							"post": [-0.81, 0.625, 0],
							"lerp_mode": "catmullrom"
						},
						"0.4167": {
							"post": [-1.20232, 1.36108, -0.06415],
							"lerp_mode": "catmullrom"
						},
						"0.5833": {
							"post": [-1.685, 2.63, 0],
							"lerp_mode": "catmullrom"
						},
						"0.7083": {
							"post": [-1.93, 2.9425, -0.375],
							"lerp_mode": "catmullrom"
						},
						"0.7917": {
							"post": [-1.925, 2.94, -0.62],
							"lerp_mode": "catmullrom"
						},
						"0.8333": {
							"post": [-1.6525, 2.7825, -0.67],
							"lerp_mode": "catmullrom"
						},
						"1.0": {
							"post": [-1.7325, 3.065, -0.87],
							"lerp_mode": "catmullrom"
						},
						"1.125": {
							"post": [-2.6675, 2.695, -1.12],
							"lerp_mode": "catmullrom"
						},
						"1.25": {
							"post": [-3.39, 2.165, -1.12],
							"lerp_mode": "catmullrom"
						},
						"1.4375": {
							"post": [-3.7275, 2.07, -1.12],
							"lerp_mode": "catmullrom"
						},
						"1.6875": {
							"post": [-3.7275, 2.0075, -1.37],
							"lerp_mode": "catmullrom"
						},
						"1.9375": {
							"post": [-3.7175, 2.0725, -1.4925],
							"lerp_mode": "catmullrom"
						},
						"2.0833": {
							"post": [-3.345, 2.15, -1.45],
							"lerp_mode": "catmullrom"
						},
						"2.3542": {
							"post": [-2.43, 3.5675, 0],
							"lerp_mode": "catmullrom"
						},
						"2.4375": {
							"post": [-2.43, 4.0075, -0.1875],
							"lerp_mode": "catmullrom"
						},
						"2.4792": {
							"post": [-2.555, 3.635, -0.1275],
							"lerp_mode": "catmullrom"
						},
						"2.5625": {
							"post": [-2.4975, 3.7025, -0.13],
							"lerp_mode": "catmullrom"
						},
						"2.625": {
							"post": [-1.3125, 2.1375, -0.13],
							"lerp_mode": "catmullrom"
						},
						"2.7083": {
							"post": [-0.935, 1.5775, -1.005],
							"lerp_mode": "catmullrom"
						},
						"2.75": {
							"post": [-0.9925, 1.705, -1],
							"lerp_mode": "catmullrom"
						},
						"2.8333": {
							"post": [-1.115, 1.21, -1],
							"lerp_mode": "catmullrom"
						},
						"2.9792": {
							"post": [-0.08, -0.3, -0.45],
							"lerp_mode": "catmullrom"
						},
						"3.1042": {
							"post": [0.02, -0.22, 0.16],
							"lerp_mode": "catmullrom"
						},
						"3.1875": {
							"post": [0, -0.14, -0.12],
							"lerp_mode": "catmullrom"
						},
						"3.25": {
							"post": [0, -0.06, -0.08],
							"lerp_mode": "catmullrom"
						},
						"3.3125": {
							"post": [0, 0, 0],
							"lerp_mode": "catmullrom"
						}
					}
				},
				"mag_and_lefthand": {
					"rotation": {
						"0.9167": {
							"pre": [0, 0, 0],
							"post": [0, 0, 0],
							"lerp_mode": "catmullrom"
						},
						"1.0": {
							"post": [0.99985, -0.01745, 0.99985],
							"lerp_mode": "catmullrom"
						},
						"1.1458": {
							"post": [6.0166, 6.62336, 17.53231],
							"lerp_mode": "catmullrom"
						},
						"1.2917": {
							"post": [23.46935, 17.39083, 15.24014],
							"lerp_mode": "catmullrom"
						},
						"1.4792": {
							"post": [14.32416, 29.14262, 21.61703],
							"lerp_mode": "catmullrom"
						},
						"1.625": {
							"post": [9.94916, 29.14262, 24.36703],
							"lerp_mode": "catmullrom"
						},
						"1.8125": {
							"post": [8.95141, 28.21612, 27.21814],
							"lerp_mode": "catmullrom"
						},
						"1.9375": {
							"post": [7.88017, 23.32555, 26.07872],
							"lerp_mode": "catmullrom"
						},
						"2.0417": {
							"post": [4.29081, 21.45874, 9.408],
							"lerp_mode": "catmullrom"
						},
						"2.1667": {
							"post": [-5.99506, 18.98905, -5.33104],
							"lerp_mode": "catmullrom"
						},
						"2.4583": {
							"post": [0.99985, -0.01745, 0.99985],
							"lerp_mode": "catmullrom"
						},
						"2.5417": {
							"post": [1, -0.02, 1],
							"lerp_mode": "catmullrom"
						},
						"2.5833": {
							"post": [0, 0, 0],
							"lerp_mode": "catmullrom"
						}
					},
					"position": {
						"0.9167": {
							"pre": [0, 0, 0],
							"post": [0, 0, 0],
							"lerp_mode": "catmullrom"
						},
						"1.0": {
							"post": [0, -1.92877, 0.43742],
							"lerp_mode": "catmullrom"
						},
						"1.1458": {
							"post": [-0.33606, -4.80046, 0.32216],
							"lerp_mode": "catmullrom"
						},
						"1.2917": {
							"post": [2.57045, -4.81753, -2.17471],
							"lerp_mode": "catmullrom"
						},
						"1.4792": {
							"post": [5.32678, -2.75401, -3.39058],
							"lerp_mode": "catmullrom"
						},
						"1.625": {
							"post": [6.04738, -2.16936, -3.53699],
							"lerp_mode": "catmullrom"
						},
						"1.8125": {
							"post": [6.34844, -1.89678, -3.50376],
							"lerp_mode": "catmullrom"
						},
						"1.9375": {
							"post": [6.34844, -1.89678, -3.50376],
							"lerp_mode": "catmullrom"
						},
						"2.0417": {
							"post": [6.20492, -1.79772, -3.57758],
							"lerp_mode": "catmullrom"
						},
						"2.1667": {
							"post": [4.60312, -1.68871, -3.6666],
							"lerp_mode": "catmullrom"
						},
						"2.375": {
							"post": [0.76, -3.0325, 0.35],
							"lerp_mode": "catmullrom"
						},
						"2.4583": {
							"post": [0, -1.92877, 0.68742],
							"lerp_mode": "catmullrom"
						},
						"2.5417": {
							"post": [0, -1.6175, 0.5025],
							"lerp_mode": "catmullrom"
						},
						"2.5833": {
							"post": [0, 0, 0],
							"lerp_mode": "catmullrom"
						}
					}
				},
				"mag_and_bullet": {
					"rotation": {
						"0.0": [0, 0, 0],
						"0.7917": [0, 0, 0],
						"0.8333": [0, 0, 0],
						"0.9167": [0, 0, 0],
						"2.6042": [0, 0, 0],
						"2.625": [0, 0, 0]
					},
					"position": {
						"0.0": [0, 0, 0],
						"0.7917": [0, 0, 0],
						"0.8333": [0, -0.6875, 0.0625],
						"0.9167": [0, -3.87, 0.81],
						"2.6042": [0, -3.87, 0.81],
						"2.625": [0, 0, 0]
					}
				},
				"release": {
					"rotation": [8.5, 0, 0]
				},
				"slide2": {
					"position": [0, 0, 3]
				},
				"camera": {
					"rotation": {
						"0.0": {
							"post": [0, 0, 0],
							"lerp_mode": "catmullrom"
						},
						"0.125": {
							"post": [-0.0875, 0, 0],
							"lerp_mode": "catmullrom"
						},
						"0.2292": {
							"post": [-0.25, 0, 0.1875],
							"lerp_mode": "catmullrom"
						},
						"0.5625": {
							"post": [-0.685, 0.25, -0.1875],
							"lerp_mode": "catmullrom"
						},
						"0.7917": {
							"post": [-0.86, 0.31, -0.21],
							"lerp_mode": "catmullrom"
						},
						"0.8542": {
							"post": [-0.8675, 0.3125, 0.0625],
							"lerp_mode": "catmullrom"
						},
						"0.9583": {
							"post": [-0.575, 0.3125, -0.0625],
							"lerp_mode": "catmullrom"
						},
						"1.1042": {
							"post": [-0.4325, 0.1875, 0],
							"lerp_mode": "catmullrom"
						},
						"1.2708": {
							"post": [-0.6225, 0, 0.125],
							"lerp_mode": "catmullrom"
						},
						"1.4167": {
							"post": [-0.68, -0.1875, 0.3125],
							"lerp_mode": "catmullrom"
						},
						"1.6458": {
							"post": [-0.4925, -0.21, 0.35],
							"lerp_mode": "catmullrom"
						},
						"1.9375": {
							"post": [-0.42, -0.1875, 0.3125],
							"lerp_mode": "catmullrom"
						},
						"2.1458": {
							"post": [-0.55, -0.08, 0.0075],
							"lerp_mode": "catmullrom"
						},
						"2.3958": {
							"post": [-0.4, -0.01, -0.285],
							"lerp_mode": "catmullrom"
						},
						"2.5208": {
							"post": [-0.43, -0.01, 0.2375],
							"lerp_mode": "catmullrom"
						},
						"2.5833": {
							"post": [-0.44, -0.01, -0.22],
							"lerp_mode": "catmullrom"
						},
						"2.6667": {
							"post": [-0.46, -0.01, -0.9525],
							"lerp_mode": "catmullrom"
						},
						"2.75": {
							"post": [-0.445, 0, 0.1875],
							"lerp_mode": "catmullrom"
						},
						"2.9583": {
							"post": [-0.18, 0, 0.125],
							"lerp_mode": "catmullrom"
						},
						"3.1042": {
							"post": [0.07, 0, -0.0625],
							"lerp_mode": "catmullrom"
						},
						"3.25": {
							"post": [0, 0, 0],
							"lerp_mode": "catmullrom"
						},
						"3.375": {
							"post": [0, 0, 0],
							"lerp_mode": "catmullrom"
						}
					}
				},
				"bullet": {
					"scale": 0
				}
			},
			"sound_effects": {
				"0.0": {
					"effect": "bo6:handcannon/handcannon_inspect_mag_out"
				},
				"1.9583": {
					"effect": "bo6:handcannon/handcannon_inspect_mag_in"
				}
			}
		},
		"shoot": {
			"loop": "hold_on_last_frame",
			"animation_length": 0.6,
			"bones": {
				"root": {
					"rotation": {
						"0.0": {
							"post": [0, 0, 0],
							"lerp_mode": "catmullrom"
						},
						"0.0333": {
							"post": [9.3773, -6.19981, 3.24459],
							"lerp_mode": "catmullrom"
						},
						"0.0667": {
							"post": [-47.44, 2.3625, -2.08],
							"lerp_mode": "catmullrom"
						},
						"0.1": {
							"post": [-29.4175, 2.75, -4.7675],
							"lerp_mode": "catmullrom"
						},
						"0.2": {
							"post": [-4.0225, 1.9375, 0.83],
							"lerp_mode": "catmullrom"
						},
						"0.3": {
							"post": [-1.71, 0.5, -0.17],
							"lerp_mode": "catmullrom"
						},
						"0.4": {
							"post": [-0.6225, -0.125, 0],
							"lerp_mode": "catmullrom"
						},
						"0.4667": {
							"post": [-0.0825, 0, 0.02],
							"lerp_mode": "catmullrom"
						},
						"0.6": {
							"post": [0, 0, 0],
							"lerp_mode": "catmullrom"
						}
					},
					"position": {
						"0.0": {
							"post": [0, 0, 0],
							"lerp_mode": "catmullrom"
						},
						"0.0333": {
							"post": [0, 0.3825, 0.8375],
							"lerp_mode": "catmullrom"
						},
						"0.0667": {
							"post": [0, 0.21, 1.2],
							"lerp_mode": "catmullrom"
						},
						"0.1333": {
							"post": [0, 0.25, 1.19],
							"lerp_mode": "catmullrom"
						},
						"0.2667": {
							"post": [0, 0, 0.125],
							"lerp_mode": "catmullrom"
						},
						"0.4": {
							"post": [0, -0.0625, 0],
							"lerp_mode": "catmullrom"
						},
						"0.6": {
							"post": [0, 0, 0],
							"lerp_mode": "catmullrom"
						}
					}
				},
				"slide2": {
					"position": {
						"0.0": [0, 0, 0],
						"0.0333": [0, 0, 3],
						"0.1": [0, 0, 0]
					}
				},
				"bullet_in_barrel": {
					"scale": {
						"0.0": [0, 0, 0],
						"0.0667": [0, 0, 0],
						"0.1": [1, 1, 1]
					}
				},
				"constraint": {
					"rotation": {
						"0.1667": [0.7, 0.4, 0.4],
						"0.2667": [0, 0, 0]
					},
					"position": {
						"0.1667": [0.2, 0.3, 1],
						"0.2667": [0, 0, 0]
					}
				},
				"camera": {
					"rotation": {
						"0.0": [0, 0, 0],
						"0.0333": [0, 0, 3.15],
						"0.0667": [0, 0, -2.29],
						"0.1": [0, 0, 1.94],
						"0.1333": [0, 0, -0.96],
						"0.1667": [0, 0, 0.6],
						"0.2": [0, 0, -0.32],
						"0.2333": [0, 0, 0]
					}
				},
				"trigger": {
					"rotation": {
						"0.0": [30, 0, 0],
						"0.1": [0, 0, 0]
					}
				},
				"hammer": {
					"rotation": {
						"0.0": [85, 0, 0],
						"0.0333": [0, 0, 0]
					}
				}
			}
		}
	}
}