{
  "slot": "emxarms:attachment/slot/grip_emx_double_rsi",
  // 配件的默认模型，不可为空
  "model": "emxarms:attachment/grip_emx_double_geo",
  // 配件默认模型使用的材质，不可为空
  "texture": "emxarms:attachment/uv/emx_double_rsi",
  "sounds": {
    "install": "tacz:attachments/laser_general",
    "uninstall": "tacz:attachments/attachment_general_uninstall"
  },
  "laser": {
    // 默认的镭射颜色 default laser color, 0x = #
    "default_color": "0xbaff00",
    // 是否允许在改装界面自定义该镭射的颜色 can be customized
    "can_edit": false,
    // 激光的长度（因为是渐变，末端可能实际完全看不见）laser length
    "length": 3
  }
}