{
  "slot": "emxarms:attachment/slot/sight_emx_return_yh",
  // 配件的默认模型，不可为空
  "model": "emxarms:attachment/sight_emx_return_yh_geo",
  // 配件默认模型使用的材质，不可为空
  "texture": "emxarms:attachment/uv/emx_return_yh",
  // 只有 瞄具 配件需要设置这个属性，表示瞄具的放大倍率。
  // 玩家可以在数组设置的几个倍率之间切换
  "zoom": [
    1.2,
	3.0,
	6.0
  ],
  // 如果配件是瞄具，且为筒状放大瞄具，此选项应为true
  "scope": true,
  // 如果配件是瞄具，且为红点或全息瞄具，此选项应为true
  // 只有 瞄具 配件需要设置这个属性，表示开镜后，枪身和瞄具渲染的fov。
  // 默认情况下，mc 渲染手部模型的 fov 为 70。
  "fov": 50.0,
  // 音效，只在装卸配件时自己能听到
  "sounds": {
    "install": "tacz:attachments/scope_general_e",
    "uninstall": "tacz:attachments/scope_general_e"
  },
  "laser": {
    // 默认的镭射颜色 default laser color, 0x = #
    "default_color": "0xd8b2ff",
    // 是否允许在改装界面自定义该镭射的颜色 can be customized
    "can_edit": true,
    // 激光的长度（因为是渐变，末端可能实际完全看不见）laser length
    "length": 20
  }
}