{
  "model": "nmw2:gun/chimera_phoenix_geo",
  "lod": {
    "model": "nmw2:gun/lod/chimera",
    "texture": "nmw2:gun/lod/chimera"
  },
  "texture": "nmw2:gun/uv/chimera",
  "hud": "nmw2:gun/hud/chimera_phoenix",
  "slot": "nmw2:gun/slot/chimera_phoenix",
  "animation": "nmw2:chimera",
  "state_machine": "nmw2:chimera_state_machine",
  "use_default_animation": "rifle",
  "default_animation": "wz:rifle_tac_rush_default",
  "third_person_animation": "default",
  "transform": {
    "scale": {
      "thirdperson": [0.6, 0.6, 0.6],
      "ground": [0.6, 0.6, 0.6],
      "fixed": [1.2, 1.2, 1.2]
    }
  },
  "muzzle_flash": {
    "texture": "wz:flash/common_muzzle_flash",
    "scale": 1.125
  },
  "shell": {
    "initial_velocity": [5, 2, 1],
    "random_velocity": [1, 1, 0.25],
    "acceleration": [0.0, -10, 0.0],
    "angular_velocity": [360, -1200, 90],
    "living_time": 1.0
  },
  "sounds": {
    "head_hit": "wz:head_hit",
    "flesh_hit": "wz:flesh_hit",
    "kill": "wz:kill",

    "shoot": "nmw2:chimera/chimera_shoot",
    "shoot_3p": "nmw2:chimera/chimera_shoot_3p",
    "silence": "nmw2:chimera/chimera_silence",
    "silence_3p": "nmw2:chimera/chimera_silence_3p",
    "draw": "nmw2:chimera/chimera_raise_rattle",
    "put_away": "nmw2:chimera/chimera_drop_rattle"
  }
}