{
  "model": "nmw2:gun/ebr14_geo",
  "texture": "nmw2:gun/uv/ebr14",
  "lod": {
    "model": "nmw2:gun/lod/ebr14",
    "texture": "nmw2:gun/lod/ebr14"
  },
  "hud": "nmw2:gun/hud/ebr14",
  "slot": "nmw2:gun/slot/ebr14",
  "animation": "nmw2:ebr14",
  "use_default_animation": "rifle",
  "default_animation": "wz:rifle_tac_rush_default",
  "third_person_animation": "default",
  "transform": {
    "scale": {
      "thirdperson": [0.6, 0.6, 0.6],
      "ground": [0.6, 0.6, 0.6],
      "fixed": [1.2, 1.2, 1.2]
    }
  },
  "muzzle_flash": {
    "texture": "wz:flash/common_muzzle_flash",
    "scale": 1.0
  },
  "iron_zoom": 1.5,
  "zoom_model_fov": 55,
  "shell": {
    "initial_velocity": [5, 2, 1],
    "random_velocity": [1, 1, 0.25],
    "acceleration": [0.0, -10, 0.0],
    "angular_velocity": [360, -1200, 90],
    "living_time": 1.0
  },
  "sounds": {
    "shoot": "nmw2:so14/so14_shoot",
    "shoot_3p": "nmw2:so14/so14_shoot_3p",
    "silence": "nmw2:so14/so14_silence",
    "silence_3p": "nmw2:so14/so14_silence_3p",
    "draw": "nmw2:so14/so14_raise",
    "put_away": "nmw2:so14/so14_drop"
  }
}