{
  "model": "nmw2:gun/iso45_geo",
  "lod": {
    "model": "nmw2:gun/lod/iso45",
    "texture": "nmw2:gun/lod/iso45"
  },
  "texture": "nmw2:gun/uv/iso45",
  "hud": "nmw2:gun/hud/iso45",
  "slot": "nmw2:gun/slot/iso45",
  "animation": "nmw2:iso45",
  "use_default_animation": "rifle",
  "default_animation": "wz:rifle_tac_rush_default",
  "third_person_animation": "default",
  "transform": {
    "scale": {
      "thirdperson": [0.6, 0.6, 0.6],
      "ground": [0.6, 0.6, 0.6],
      "fixed": [1.2, 1.2, 1.2]
    }
  },
  "muzzle_flash": {
    "texture": "wz:flash/common_muzzle_flash",
    "scale": 0.6
  },
  "shell": {
    "initial_velocity": [5, 2, 1],
    "random_velocity": [1, 1, 0.25],
    "acceleration": [0.0, -10, 0.0],
    "angular_velocity": [360, -1200, 90],
    "living_time": 1.0
  },
  "sounds": {
    "head_hit": "wz:head_hit",
    "flesh_hit": "wz:flesh_hit",
    "kill": "wz:kill",

    "shoot": "nmw2:iso45/iso45_shoot",
    "shoot_3p": "nmw2:iso45/iso45_shoot_3p",
    "silence": "nmw2:iso45/iso45_silence",
    "silence_3p": "nmw2:iso45/iso45_silence_3p",
    "draw": "nmw2:iso45/iso45_raise",
    "put_away": "nmw2:iso45/iso45_drop"
  }
}