{
  "model": "nmw2:gun/kv_broadside_geo",
  "texture": "nmw2:gun/uv/kv_broadside",
  "lod": {
    "model": "nmw2:gun/lod/kv_broadside",
    "texture": "nmw2:gun/lod/kv_broadside"
  },
  "hud": "nmw2:gun/hud/kv_broadside",
  "slot": "nmw2:gun/slot/kv_broadside",
  "animation": "nmw2:kv_broadside",
  "state_machine": "nmw2:kv_broadside_state_machine",
  "use_default_animation": "rifle",
  "default_animation": "wz:rifle_tac_rush_default",
  "third_person_animation": "default",
  "transform": {
    "scale": {
      "thirdperson": [0.6, 0.6, 0.6],
      "ground": [0.6, 0.6, 0.6],
      "fixed": [1.2, 1.2, 1.2]
    }
  },
  "muzzle_flash": {
    "texture": "wz:flash/common_muzzle_flash",
    "scale": 0.75
  },
  "iron_zoom": 1.1,
  "zoom_model_fov": 45,
  "shell": {
    "initial_velocity": [5, 2, 1],
    "random_velocity": [1, 1, 0.25],
    "acceleration": [0.0, -10, 0.0],
    "angular_velocity": [360, -1200, 90],
    "living_time": 1.0
  },
  "ammo": {
    "tracer_color": "#e3c372"
  },
  "sounds": {
    "kill": "wz:kill",

    "shoot": "nmw2:kv_broadside/kv_broadside_shoot",
    "shoot_3p": "nmw2:kv_broadside/kv_broadside_shoot_3p",
    "silence": "nmw2:kv_broadside/kv_broadside_silence",
    "silence_3p": "nmw2:kv_broadside/kv_broadside_silence_3p",
    "draw": "nmw2:kv_broadside/kv_broadside_raise",
    "put_away": "nmw2:kv_broadside/kv_broadside_drop"
  }
}