{
  "model": "nmw2:gun/m13b_fb_geo",
  "lod": {
    "model": "nmw2:gun/lod/m13b_fb",
    "texture": "nmw2:gun/lod/m13b_fb"
  },
  "texture": "nmw2:gun/uv/m13b",
  "hud": "nmw2:gun/hud/m13b_fb",
  "slot": "nmw2:gun/slot/m13b_fb",
  "animation": "nmw2:m13b",
  "state_machine": "nmw2:m13b_state_machine",
  "use_default_animation": "rifle",
  "default_animation": "wz:rifle_tac_rush_default",
  "third_person_animation": "default",
  "transform": {
    "scale": {
      "thirdperson": [0.6, 0.6, 0.6],
      "ground": [0.6, 0.6, 0.6],
      "fixed": [1.2, 1.2, 1.2]
    }
  },
  "shell": {
    "initial_velocity": [5, 2, 1],
    "random_velocity": [1, 1, 0.25],
    "acceleration": [0.0, -10, 0.0],
    "angular_velocity": [360, -1200, 90],
    "living_time": 1.0
  },
  "sounds": {
    "head_hit": "wz:head_hit",
    "flesh_hit": "wz:flesh_hit",
    "kill": "wz:kill",

    "shoot": "nmw2:m13b/m13b_shoot",
    "shoot_3p": "nmw2:m13b/m13b_shoot_3p",
    "silence": "nmw2:m13b/m13b_silence",
    "silence_3p": "nmw2:m13b/m13b_silence_3p",
    "draw": "nmw2:m13b/m13b_raise_rattle",
    "put_away": "nmw2:m13b/m13b_drop_rattle"
  }
}