{
  "model": "nmw2:gun/m4_nv4_geo",
  "texture": "nmw2:gun/uv/m4_nv4",
  "hud": "nmw2:gun/hud/m4_nv4",
  "slot": "nmw2:gun/slot/m4_nv4",
  "animation": "nmw2:m4",
  "use_default_animation": "rifle",
  "default_animation": "wz:rifle_tac_rush_default",
  "third_person_animation": "default",
  "transform": {
    "scale": {
      "thirdperson": [0.6, 0.6, 0.6],
      "ground": [0.6, 0.6, 0.6],
      "fixed": [1.2, 1.2, 1.2]
    }
  },
  "muzzle_flash": {
    "texture": "wz:flash/common_muzzle_flash",
    "scale": 0.75
  },
  "iron_zoom": 1.1,
  "zoom_model_fov": 45,
  "shell": {
    "initial_velocity": [5, 2, 1],
    "random_velocity": [1, 1, 0.25],
    "acceleration": [0.0, -10, 0.0],
    "angular_velocity": [360, -1200, 90],
    "living_time": 1.0
  },
  "text_show": {
    "ammo_count_text_pos": {
      "scale": 0.2,
      "align": "center",
      "shadow": false,
      "color": "#b9b9b9",
      "light": 15,
      "text": "%ammo_count%"
    }
  },
  "ammo": {
    "tracer_color": "#e3c372"
  },
  "sounds": {
    "head_hit": "wz:head_hit",
    "flesh_hit": "wz:flesh_hit",
    "kill": "wz:kill",

    "shoot": "nmw2:m4/nv4_shoot",
    "shoot_3p": "nmw2:m4/nv4_shoot_3p",
    "silence": "nmw2:m4/nv4_silence",
    "silence_3p": "nmw2:m4/nv4_silence_3p",
    "draw": "nmw2:m4/m4_raise",
    "put_away": "nmw2:m4/m4_drop"
  }
}