{
  "model": "nmw2:gun/raal_geo",
  "texture": "nmw2:gun/uv/raal",
  "hud": "nmw2:gun/hud/raal",
  "slot": "nmw2:gun/slot/raal",
  "animation": "nmw2:raal",
  "use_default_animation": "rifle",
  "third_person_animation": "default",
  "state_machine": "nmw2:raal_state_machine",
  "lod": {
    "model": "nmw2:gun/lod/raal",
    "texture": "nmw2:gun/lod/raal"
  },
  "transform": {
    "scale": {
      "thirdperson": [0.6, 0.6, 0.6],
      "ground": [0.6, 0.6, 0.6],
      "fixed": [1.2, 1.2, 1.2]
    }
  },
  "iron_zoom": 1.25,
  "muzzle_flash": {
    "texture": "wz:flash/common_muzzle_flash",
    "scale": 1
  },
  "shell": {
    "initial_velocity": [3, -0.5, 0.25],
    "random_velocity": [3, 0.5, 0.25],
    "acceleration": [0.0, -10, 0.0],
    "angular_velocity": [360, -3000, 90],
    "living_time": 1.0
  },
  "sounds": {
    "head_hit": "wz:head_hit",
    "flesh_hit": "wz:flesh_hit",
    "kill": "wz:kill",

    "shoot": "nmw2:raal/raal_shoot",
    "shoot_3p": "nmw2:raal/raal_shoot_3p",
    "silence": "nmw2:raal/raal_silence",
    "silence_3p": "nmw2:raal/raal_silence_3p",
    "draw": "nmw2:raal/raal_raise",
    "put_away": "nmw2:raal/raal_drop"
  }
}