{
  "model": "nmw2:gun/squall_hr68_geo",
  "texture": "nmw2:gun/uv/squall",
  "lod": {
    "model": "nmw2:gun/lod/squall_hr68",
    "texture": "nmw2:gun/lod/squall"
  },
  "hud": "nmw2:gun/hud/squall_hr68",
  "slot": "nmw2:gun/slot/squall_hr68",
  "animation": "nmw2:squall",
  "state_machine": "nmw2:squall_state_machine",
  "use_default_animation": "rifle",
  "default_animation": "wz:rifle_tac_rush_default",
  "third_person_animation": "default",
  "transform": {
    "scale": {
      "thirdperson": [0.6, 0.6, 0.6],
      "ground": [0.6, 0.6, 0.6],
      "fixed": [1.2, 1.2, 1.2]
    }
  },
  "muzzle_flash": {
    "texture": "wz:flash/common_muzzle_flash",
    "scale": 0.75
  },
  "iron_zoom": 1.25,
  "zoom_model_fov": 45,
  "shell": {
    "initial_velocity": [5, 2, 1],
    "random_velocity": [1, 1, 0.25],
    "acceleration": [0.0, -10, 0.0],
    "angular_velocity": [360, -1200, 90],
    "living_time": 1.0
  },
  "ammo": {
    "tracer_color": "#e3c372"
  },
  "sounds": {
    "head_hit": "wz:head_hit",
    "flesh_hit": "wz:flesh_hit",
    "kill": "wz:kill",

    "shoot": "nmw2:squall/squall_shoot",
    "shoot_3p": "nmw2:squall/squall_shoot_3p",
    "silence": "nmw2:squall/squall_silence",
    "silence_3p": "nmw2:squall/squall_silence_3p",
    "draw": "nmw2:squall/squall_raise",
    "put_away": "nmw2:squall/squall_drop"
  }
}