{
  "model": "bluearchive:blocks/workbench_geo",
  "texture": "bluearchive:blocks/uv/workbench",
  "transforms": {
    "thirdperson_righthand": {
      "rotation": [
        62,
        0,
        0
      ],
      "translation": [
        0,
        4,
        1.75
      ],
      "scale": [
        0.5,
        0.5,
        0.5
      ],
      "rotation_pivot": [
        0,
        0,
        0
      ],
      "scale_pivot": [
        0,
        0,
        0
      ]
    },
    "thirdperson_lefthand": {
      "rotation": [
        62,
        0,
        0
      ],
      "translation": [
        0,
        4,
        1.75
      ],
      "scale": [
        0.5,
        0.5,
        0.5
      ],
      "rotation_pivot": [
        0,
        0,
        0
      ],
      "scale_pivot": [
        0,
        0,
        0
      ]
    },
    "firstperson_righthand": {
      "rotation": [
        -8.5,
        0,
        7
      ],
      "translation": [
        3.75,
        -2.5,
        -3.75
      ],
      "scale": [
        0.7,
        0.7,
        0.7
      ],
      "rotation_pivot": [
        0,
        0,
        0
      ],
      "scale_pivot": [
        0,
        0,
        0
      ]
    },
    "firstperson_lefthand": {
      "rotation": [
        -8.5,
        0,
        7
      ],
      "translation": [
        3.75,
        -2.5,
        -3.75
      ],
      "scale": [
        0.7,
        0.7,
        0.7
      ],
      "rotation_pivot": [
        0,
        0,
        0
      ],
      "scale_pivot": [
        0,
        0,
        0
      ]
    },
    "ground": {
      "rotation": [
        0,
        0,
        0
      ],
      "translation": [
        0,
        2,
        0
      ],
      "scale": [
        0.5,
        0.5,
        0.5
      ],
      "rotation_pivot": [
        0,
        0,
        0
      ],
      "scale_pivot": [
        0,
        0,
        0
      ]
    },
    "gui": {
      "rotation": [
        9.15,
        36.31,
        0.55
      ],
      "translation": [
        0,
        -3.25,
        0
      ],
      "scale": [
        0.5,
        0.5,
        0.5
      ],
      "rotation_pivot": [
        0,
        0,
        0
      ],
      "scale_pivot": [
        0,
        0,
        0
      ],
      "fit_to_frame": false
    },
    "fixed": {
      "rotation": [
        0,
        0,
        0
      ],
      "translation": [
        0,
        -4.5,
        -3.75
      ],
      "scale": [
        1,
        1,
        1
      ],
      "rotation_pivot": [
        0,
        0,
        0
      ],
      "scale_pivot": [
        0,
        0,
        0
      ]
    }
  }
}