{
  // 配件的的显示名称和工具提示，支持本地化
  "name": "emxarms.attachment.sight_emx_integer.name",
  "tooltip": "emxarms.attachment.sight_emx_integer.tooltip",
  // 配件的客户端数据
  "display": "emxarms:sight_emx_integer_display",
  // 配件的属性
  "data": "emxarms:sight_emx_integer_data",
  // 配件的类型。scope、grip、muzzle、stock、laser、extended_mag
  // 枪械配件槽位能从中选择可以安装的类型
  "type": "scope",
  "sort": 24030
}