{
  "model": "bluearchive:attachment/laser_yukino_geo",
  "slot": "bluearchive:attachment/slot/yukinolaser",
  "texture": "bluearchive:attachment/uv/yukinolaser",
  "sounds": {
    "install": "tacz:attachments/attachment_general_b",
    "uninstall": "tacz:attachments/attachment_general_uninstall"
  },
  "adapter": "laser_adapter",
  "laser": {
    // 默认的镭射颜色 default laser color, 0x = #
    "default_color": "0x00FF00",
    // 是否允许在改装界面自定义该镭射的颜色 can be customized
    "can_edit": true,
    // 激光的长度（因为是渐变，末端可能实际完全看不见）laser length
    "length": 2,
    // 激光的宽度 laser width
    "width": 0.008
  }
}
