{
  "model": "emxcust:gun/m249_sam_geo",
  "texture": "emxcust:gun/uv/m249_sam",
  "hud": "emxcust:gun/hud/m249_sam",
  "slot": "emxcust:gun/slot/m249_sam",
  "animation": "emxcust:m249_sam",
  "use_default_animation": "rifle",
  "third_person_animation": "default",
  "state_machine": "tacz:m249_state_machine",
  "lod": {
    "model": "emxcust:gun/lod/m249_sam",
    "texture": "emxcust:gun/lod/m249_sam"
  },
  "transform": {
    "scale": {
      "thirdperson": [0.6, 0.6, 0.6],
      "ground": [0.6, 0.6, 0.6],
      "fixed": [1.2, 1.2, 1.2]
    }
  },
  "muzzle_flash": {
    "texture": "emxcust:flash/emx_muzzle_sam",
    "scale": 0.75
  },
  "iron_zoom": 1.33,
  "zoom_model_fov": 55,
  "shell": {
    "initial_velocity": [3, -0.5, 0.25],
    "random_velocity": [3, 0.5, 0.25],
    "acceleration": [0.0, -10, 0.0],
    "angular_velocity": [360, -3000, 90],
    "living_time": 1.0
  },
  "sounds": {
    "shoot": "emxcust:trisguns/sam_shoot03",
    "shoot_3p": "tacz:m249/m249_shoot_3p",
    "reload_empty": "tacz:m249/m249_reload_empty",
    "reload_tactical": "tacz:m249/m249_reload_tactical",
    "inspect": "tacz:m249/m249_inspect",
    "inspect_empty": "tacz:m249/m249_inspect_empty",
    "draw": "tacz:m249/m249_draw",
    "put_away": "tacz:m249/m249_put_away",
    "silence": "emxcust:trisguns/sam_shoot03",
    "silence_3p": "tacz:m249/m249_silence_3p",
    "melee_push": "tacz:melee_stock/melee_stock_02",
    "melee_stock": "tacz:melee_stock/melee_stock_03",
    "dry_fire": "emxcust:trisguns/emx_dw2",
    "fire_select": "emxcust:trisguns/emx_mode",
    "head_hit": "emxcust:head_hit",
    "flesh_hit": "emxcust:flesh_hit",
    "kill": "emxcust:kill"
  },
  // 枪械模型上的文本显示
  "text_show": {
    // 作用的组名，该组的旋转点决定文本的位置和朝向
    "ammo_text": {
      // 文本缩放，默认大小对于 BlockBench 里的 1
      "scale": 0.45,
      // 对齐方式：right，center，left
      "align": "center",
      // 阴影
      "shadow": false,
      // 文本颜色
      "color": "#f6ffd5",
      // 亮度：1-15
      "light": 15,
      // 本地化，且支持PlaceholderAPI 风格的占位符
      // 目前仅支持两个：%player_name% %ammo_count%
      "text": "%ammo_count%"
    }
  },
  "offhand_show": {
    "pos": [0, 18, 5],
    "rotate": [-20, 0, 30],
    "scale": [0.5, 0.5, 0.5]
  },
  "hotbar_show": {
    "0": {
      "pos": [-4, 24, 4],
      "rotate": [-90, -5, -90],
      "scale": [0.5, 0.5, 0.5]
    }
  }
}