{
  "model": "emxcust:gun/p90_deepseek_geo",
  "texture": "emxcust:gun/uv/p90_deepseek",
  "lod": {
    "model": "tacz:gun/lod/p90",
    "texture": "tacz:gun/lod/p90"
  },
  "hud": "emxcust:gun/hud/p90_deepseek",
  "slot": "emxcust:gun/slot/p90_deepseek",
  "animation": "tacz:p90",
  "use_default_animation": "rifle",
  "third_person_animation": "default",
  "transform": {
    "scale": {
      "thirdperson": [0.6, 0.6, 0.6],
      "ground": [0.6, 0.6, 0.6],
      "fixed": [1.2, 1.2, 1.2]
    }
  },
  "muzzle_flash": {
    "texture": "emxcust:flash/emx_muzzle_laffey",
    "scale": 0.75
  },
  "shell": {
    "initial_velocity": [0, -5, 0],
    "random_velocity": [1, 1, 0.25],
    "acceleration": [0.0, -10, 0.0],
    "angular_velocity": [360, -1200, 90],
    "living_time": 1.0
  },
  "sounds": {
    "reload_empty": "tacz:p90/p90_reload_empty",
    "reload_tactical": "tacz:p90/p90_reload_tactical",
    "inspect": "tacz:p90/p90_inspect",
    "inspect_empty": "tacz:p90/p90_inspect_empty",
    "draw": "tacz:p90/p90_draw",
    "put_away": "tacz:p90/p90_put_away",
    "shoot": "tacz:p90/p90_shoot",
    "shoot_3p": "tacz:p90/p90_shoot_3p",
    "silence": "tacz:p90/p90_silence",
    "silence_3p": "tacz:p90/p90_silence_3p",
    "melee_push": "tacz:melee_stock/melee_stock_03",
    "melee_stock": "tacz:melee_stock/melee_stock_01",
	"dry_fire": "emxcust:trisguns/emx_dw2",
    "fire_select": "emxcust:trisguns/emx_mode",
    "head_hit": "emxcust:head_hit",
    "flesh_hit": "emxcust:flesh_hit",
    "kill": "emxcust:kill"
  },
  "offhand_show": {
    "pos": [1, 19, 4],
    "rotate": [0, 0, 30],
    "scale": [0.5, 0.5, 0.5]
  },
  "hotbar_show": {
    "0": {
      "pos": [1, 16, -2],
    "rotate": [0, 0, 20],
    "scale": [0.5, 0.5, 0.5]
    }
  }
}