{
  "type": "minecraft:crafting_shaped",
  "result": {
    "item": "tacz:workbench_a",
    "nbt": {
      "BlockId": "bluearchive:workbench"
    }
  },
  "pattern": [
    "NXN",
    "IOI",
    "LLL"
  ],
  "key": {
    "L": {
      "item": "minecraft:lapis_block"
    },
    "I": {
      "tag": "forge:storage_blocks/iron"
    },
    "N": {
      "tag": "forge:ingots/iron"
    },
    "O": {
      "item": "minecraft:crying_obsidian"
    },
    "X": {
      "item": "minecraft:echo_shard"
    }
  }
}