{
  "ammo": "emxarms:402x31",
  "rpm": 230,
  "bullet": {
    "life": 0.6,
    "bullet_amount": 2,
    "damage": 21.4,
    "tracer_count_interval": 0,
    "extra_damage": {
      "armor_ignore": 0.0,
      "head_shot_multiplier": 1.5,
      "damage_adjust": [
        {"distance": 15.0, "damage": 21.4},
        {"distance": 44.5, "damage": 15.4},
        {"distance": "infinite", "damage": 13.5}
      ]
    },
    // 点燃目标
    "ignite": false,
    // 点燃时间，默认为 2 秒，仅用于实体
    "ignite_entity_time": 10,
    "speed": 150,
    "gravity": 0.0245,
    "knockback": 0,
    "friction": 0.012,
    "ignite": false,
    "pierce": 1
  },
  "ammo_amount": 18,
  "extended_mag_ammo_amount": [
    24,
    30,
    36
  ],
  // 是否允许趴下
  "can_crawl": true,
  // 是否允许斜握（仅视觉效果）
  "can_slide": false,
  "bolt": "closed_bolt",
  "reload": {
    "type": "magazine",
    "feed": {
      "empty": 1.53,
      "tactical": 1.05
    },
    "cooldown": {
      "empty": 1.88,
      "tactical": 1.5
    }
  },
  "draw_time": 0.32,
  "put_away_time": 0.35,
  "aim_time": 0.17,
  "sprint_time": 0.2,
  //重量
  "weight": 1.8,
  "movement_speed": {
    "base": 0.0,
    "aim": -0.1,
    "reload": 0.1
  },
  "fire_mode": [
	"auto"
  ],
  "allow_attachment_types": [
    "extended_mag"
  ],
  "recoil": {
    "pitch": [
      {"time": 0, "value": [0.55, 0.55]},
      {"time": 0.35, "value": [0.55, 0.55]},
      {"time": 0.6, "value": [-0.175, -0.175]},
      {"time": 0.8, "value": [0.05, 0.05]},
      {"time": 1.0, "value": [0, 0]}
    ],
    "yaw": [
      {"time": 0, "value": [-0.2, 0.2]},
      {"time": 0.45, "value": [0, 0]}
    ]
  },
  "inaccuracy": {
    "stand": 2.5,
    "move": 2.9,
    "sneak": 1.5,
    "lie": 0.7,
    "aim": 0.2
  }
}