{
  "ammo": "emxarms:1045x103belt",
  "ammo_amount": 160,
  "extended_mag_ammo_amount": [
    240,
    360,
    720
  ],
  // 是否允许趴下
  "can_crawl": false,
  // 是否允许斜握（仅视觉效果）
  "can_slide": false,
  "bolt": "open_bolt",
  "rpm": 240,
  "bullet": {
    "life": 0.75,
    "bullet_amount": 1,
    "damage": 45.5,
    "tracer_count_interval": 0,
    "extra_damage": {
      "armor_ignore": 0.50,
      "head_shot_multiplier": 1.20,
      "damage_adjust": [
        {"distance": 40, "damage": 45.5},
        {"distance": 80, "damage": 37.0},
        {"distance": "infinite", "damage": 31.8}
      ]
    },
    // 点燃目标
    "ignite": false,
    // 点燃时间，默认为 2 秒，仅用于实体
    "ignite_entity_time": 18,
    "speed": 240,
    "gravity": 0.0245,
    "knockback": 1.0,
    "friction": 0.01,
    "ignite": false,
    "pierce": 2
  },
  "heat":  {
    // 过热上限
    "max": 1500,
    // 每发子弹过热值
    "per_shot": 4,
    // 冷却倍率，过热值的减少速度会随着时间增加
    // t时间(秒)内可以冷却的过热值可以参考: max = cooling_multiplier * t^2
    "cooling_multiplier": 150,
    // 冷却延迟，ms
    "cooling_delay": 100,
    // 完全过热后，开始过热的延迟时间，ms
    "over_heat_time": 1000,
    // 以下将在使用过热进度(0-1)在最小值和最大值之间线性插值，然后与原始数值相乘
    // 最小不准确度影响
    "min_inaccuracy": 1,
    // 最大不准确度影响
    "max_inaccuracy": 1.2,
    // 最小射速影响
    "min_rpm_mod": 1,
    // 最大射速影响
    "max_rpm_mod": 1.0
  },
  "reload": {
    "type": "magazine",
    "feed": {
      "empty": 9.9,
      "tactical": 9.9
    },
    "cooldown": {
      "empty": 12.0,
      "tactical": 12.0
    }
  },
  "draw_time": 2.0,
  "put_away_time": 2.0,
  "aim_time": 0.65,
  "sprint_time": 0.21,
  "weight": 25.1,
  "movement_speed": {
    "base": 0.0,
    "aim": -0.25,
    "reload": -0.5
  },
  "fire_mode": [
    "auto",
    "burst"
  ],
  "burst_data": {
    "continuous_shoot": true,
    "count": 1,
    "bpm": 600,
    "min_interval": 0.1
  },
  "recoil": {
    "pitch": [
      {"time": 0, "value": [0.88, 0.98]},
      {"time": 0.3, "value": [0.65, 0.65]},
      {"time": 0.5, "value": [-0.125, -0.125]},
      {"time": 0.65, "value": [0, 0]}
    ],
    "yaw": [
      {"time": 0, "value": [-0.29, 0.29]},
      {"time": 0.3, "value": [-0.29, 0.29]},
      {"time": 0.5, "value": [0, 0]}
    ]
  },
  "inaccuracy": {
    "stand": 3.5,
    "move": 4.2,
    "sneak": 3.8,
    "lie": 3.6,
    "aim": 1.0
  },
  "melee": {
    // 枪械距离参数，用来延升近战攻击范围
    // 会与刺刀等配件的距离做加和
    "distance": 1,
    // 使用时的冷却时间
    "cooldown": 1.0
  },
  "allow_attachment_types": [
    "scope",
    "grip",
	"stock",
	"muzzle",
    "extended_mag"
  ],
  "script": "emxarms:emx_sf7b_logic",
  "exclusive_attachments": {
  }
}