{
  "ammo": "emxarms:402x31fmj",
  "rpm": 680,
  "bullet": {
    "life": 0.55,
    "bullet_amount": 1,
    "damage": 11.8,
    "tracer_count_interval": 0,
    "extra_damage": {
      "armor_ignore": 0.45,
      "head_shot_multiplier": 1.35,
      "damage_adjust": [
        {"distance": 30, "damage": 11.8},
        {"distance": 55, "damage": 8.0},
        {"distance": "infinite", "damage": 5.5}
      ]
    },
  "ammo_amount": 2,
    // 点燃目标
    "ignite": false,
    // 点燃时间，默认为 2 秒，仅用于实体
    "ignite_entity_time": 10,
    "speed": 210,
    "gravity": 0.098,
    "knockback": 0.1,
    "friction": 0.02,
    "ignite": false,
    "pierce": 3
  },
  "ammo_amount": 25,
  "extended_mag_ammo_amount": [
    30,
    35,
    45
  ],
  "bolt": "closed_bolt",
  "reload": {
    "type": "magazine",
    "feed": {
      "empty": 2.37,
      "tactical": 1.57
    },
    "cooldown": {
      "empty": 2.87,
      "tactical": 2.17
    }
  },
  "draw_time": 0.53,
  "put_away_time": 0.47,
  "aim_time": 0.12,
  "sprint_time": 0.15,
  //重量
  "weight": 2.35,
  "movement_speed": {
    "base": 0.0,
    "aim": -0.1,
    "reload": 0
  },
  "fire_mode": [
    "auto",
    "burst"
  ],
  "burst_data": {
    "continuous_shoot": true,
    "count": 3,
    "bpm": 900,
    "min_interval": 0.35
  },
  "allow_attachment_types": [
    "scope",
    "muzzle",
    "grip",
	"laser",
	"stock",
    "extended_mag"
  ],
  "recoil": {
    "pitch": [
      {"time": 0, "value": [0.5, 0.5]},
      {"time": 0.2, "value": [0.5, 0.5]},
      {"time": 0.55, "value": [-0.15, -0.15]},
      {"time": 0.7, "value": [0, 0]}
    ],
    "yaw": [
      {"time": 0, "value": [-0.2, 0.15]},
      {"time": 0.3, "value": [-0.2, 0.15]},
      {"time": 0.55, "value": [0, 0]}
    ]
  },
  "inaccuracy": {
    "stand": 2.25,
    "move": 3,
    "sneak": 1.75,
    "lie": 1.2,
    "aim": 0.1
  },
  // 近战相关
  "melee": {
    // 枪械距离参数，用来延升近战攻击范围
    // 会与刺刀等配件的距离做加和
    "distance": 1,
    // 使用时的冷却时间
    "cooldown": 0.5,
    // 默认近战数据，会被配件的数据替换掉
    "default": {
      // 动画类型：没有枪托的为 melee_push，有枪托的为 melee_stock
      "animation_type": "melee_stock",
      // 刺刀距离参数，枪械里还有个刺刀攻击距离参数，两者做加和
      "distance": 1,
      // 刺刀范围角度
      "range_angle": 30,
      // 伤害值
      "damage": 6,
      // 击退效果
      "knockback": 0.6,
      // 前摇时长，单位：秒
      "prep": 0.1
    }
  }
}