{
  "materials": [
    {
      "item": {
        "type": "forge:partial_nbt",
        "item": "tacz:ammo",
        "nbt": {
          "AmmoId": "emxcust:emx_cus_tool"
        }
      },
      "count": 10
    },
    {
      "item": {
        "type": "forge:partial_nbt",
        "item": "tacz:modern_kinetic_gun",
        "nbt": {
          "GunId": "tacz:ai_awp"
        }
      },
      "count": 1
    },
    {
      "item": {
        "item": "minecraft:glowstone_dust"
      },
      "count": 15
    },
    {
      "item": {
        "item": "minecraft:amethyst_shard"
      },
      "count": 10
    }
  ],
  "result": {
    "type": "gun",
    "id": "emxcust:ai_awp_miku"
  },
  "type": "tacz:gun_smith_table_crafting"
}