{
  "materials": [
    {
      "item": {
        "type": "forge:partial_nbt",
        "item": "tacz:ammo",
        "nbt": {
          "AmmoId": "emxcust:emx_cus_tool"
        }
      },
      "count": 12
    },
    {
      "item": {
        "type": "forge:partial_nbt",
        "item": "tacz:modern_kinetic_gun",
        "nbt": {
          "GunId": "tacz:m700"
        }
      },
      "count": 1
    },
    {
      "item": {
        "item": "minecraft:glowstone_dust"
      },
      "count": 10
    },
    {
      "item": {
        "item": "minecraft:amethyst_shard"
      },
      "count": 10
    }
  ],
  "result": {
    "type": "gun",
    "id": "emxcust:mk20_emx90"
  },
  "type": "tacz:gun_smith_table_crafting"
}