{
  "materials": [
    {
      "item": {
        "type": "forge:partial_nbt",
        "item": "tacz:ammo",
        "nbt": {
          "AmmoId": "emxcust:emx_cus_tool"
        }
      },
      "count": 5
    },
    {
      "item": {
        "type": "forge:partial_nbt",
        "item": "tacz:modern_kinetic_gun",
        "nbt": {
          "GunId": "tacz:p90"
        }
      },
      "count": 1
    }
  ],
  "result": {
    "type": "gun",
    "id": "emxcust:p90_deepseek"
  },
  "type": "tacz:gun_smith_table_crafting"
}