{
  "slot": "jak:attachment/slot/sight_msp12",
  "model": "jak:attachment/sight_msp12_geo",
  "texture": "jak:attachment/uv/sight_msp12",
  "lod": {
    "model": "jak:attachment/lod/sight_msp12_lod",
    "texture": "jak:attachment/lod/sight_msp12_lod"
  },
  "zoom": [
    1,
    1.25
  ],
  "views": [
    2,
    1
  ],
  "views_fov": [
    60.0,
    60.0
  ],
  "scope": false,
  "sight": true,
  "sounds": {
    "install": "tacz:attachments/scope_general_c",
    "uninstall": "tacz:attachments/scope_general_c"
  },
  "laser": {
    "default_color": "0x00ff00",
    "can_edit": false,
    "length": 75
  }
}