{
	"format_version": "1.12.0",
	"minecraft:geometry": [
		{
			"description": {
				"identifier": "geometry.unknown",
				"texture_width": 32,
				"texture_height": 32,
				"visible_bounds_width": 2,
				"visible_bounds_height": 1.5,
				"visible_bounds_offset": [0, 0.25, 0]
			},
			"bones": [
				{
					"name": "grip",
					"pivot": [-0.75, -0.25, 0.25],
					"cubes": [
						{
							"origin": [-0.20711, -5.5, 0.5],
							"size": [0.41421, 1, 1],
							"pivot": [0, -5, 1],
							"rotation": [0, 90, 0],
							"uv": {
								"north": {"uv": [10, 24], "uv_size": [0.5, 1]},
								"south": {"uv": [24, 10], "uv_size": [0.5, 1]},
								"down": {"uv": [24, 13], "uv_size": [0.5, -1]}
							}
						},
						{
							"origin": [-0.20711, -5.5, 0.5],
							"size": [0.41421, 1, 1],
							"pivot": [0, -5, 1],
							"rotation": [0, 45, 0],
							"uv": {
								"north": {"uv": [14, 24], "uv_size": [0.5, 1]},
								"south": {"uv": [16, 24], "uv_size": [0.5, 1]},
								"up": {"uv": [18, 24], "uv_size": [0.5, 1]},
								"down": {"uv": [24, 20], "uv_size": [0.5, -1]}
							}
						},
						{
							"origin": [-0.5, -5.5, 0.79289],
							"size": [1, 1, 0.41421],
							"pivot": [0, -5, 1],
							"rotation": [0, 90, 0],
							"uv": {
								"east": {"uv": [20, 24], "uv_size": [0.5, 1]},
								"west": {"uv": [25, 0], "uv_size": [0.5, 1]},
								"down": {"uv": [25, 2.5], "uv_size": [1, -0.5]}
							}
						},
						{
							"origin": [-0.5, -5.5, 0.79289],
							"size": [1, 1, 0.41421],
							"pivot": [0, -5, 1],
							"rotation": [0, 45, 0],
							"uv": {
								"east": {"uv": [25, 14], "uv_size": [0.5, 1]},
								"west": {"uv": [25, 16], "uv_size": [0.5, 1]},
								"up": {"uv": [25, 21], "uv_size": [1, 0.5]},
								"down": {"uv": [22, 25.5], "uv_size": [1, -0.5]}
							}
						},
						{
							"origin": [0.18707, -5.48796, 0.48082],
							"size": [0.25, 1.0625, 0.41421],
							"pivot": [0.31207, -4.98796, 0.68793],
							"rotation": [7.4366, 44.5119, 10.5468],
							"uv": {
								"north": {"uv": [25, 23], "uv_size": [0.5, 1]},
								"south": {"uv": [0, 26], "uv_size": [0.5, 1]},
								"west": {"uv": [4, 26], "uv_size": [0.5, 1]}
							}
						},
						{
							"origin": [-0.43707, -5.48796, 1.10496],
							"size": [0.25, 1.0625, 0.41421],
							"pivot": [-0.31207, -4.98796, 1.31207],
							"rotation": [-7.4366, 44.5119, -10.5468],
							"uv": {
								"north": {"uv": [26, 4], "uv_size": [0.5, 1]},
								"east": {"uv": [6, 26], "uv_size": [0.5, 1]},
								"south": {"uv": [26, 6], "uv_size": [0.5, 1]}
							}
						},
						{
							"origin": [-0.20711, -5.5, 0.5],
							"size": [0.25, 1.0625, 0.41421],
							"pivot": [-0.20711, -5.5, 0.5],
							"rotation": [7.4366, -44.5119, -10.5468],
							"uv": {
								"north": {"uv": [26, 12], "uv_size": [0.5, 1]},
								"east": {"uv": [14, 26], "uv_size": [0.5, 1]},
								"south": {"uv": [16, 26], "uv_size": [0.5, 1]}
							}
						},
						{
							"origin": [0.31256, -5.43036, 0.79289],
							"size": [0.25, 1.0625, 0.41421],
							"pivot": [0, -4.98796, 1],
							"rotation": [-7.4366, -44.5119, 10.5468],
							"uv": {
								"north": {"uv": [26, 8], "uv_size": [0.5, 1]},
								"south": {"uv": [26, 10], "uv_size": [0.5, 1]},
								"west": {"uv": [12, 26], "uv_size": [0.5, 1]}
							}
						},
						{
							"origin": [-0.75, -0.125, 0.875],
							"size": [1.5, 0.25, 0.25],
							"inflate": 0.01,
							"pivot": [0, 0, 1],
							"rotation": [45, 0, 0],
							"uv": {
								"north": {"uv": [19, 19], "uv_size": [1.5, 0.5]},
								"east": {"uv": [22, 29], "uv_size": [0.5, 0.5]},
								"south": {"uv": [2, 20], "uv_size": [1.5, 0.5]},
								"west": {"uv": [29, 22], "uv_size": [0.5, 0.5]},
								"up": {"uv": [20, 3], "uv_size": [1.5, 0.5]},
								"down": {"uv": [5, 20.5], "uv_size": [1.5, -0.5]}
							}
						},
						{
							"origin": [-0.75, -0.25, 0.25],
							"size": [1.5, 0.5, 1.5],
							"uv": {
								"east": {"uv": [15, 6], "uv_size": [1.5, 0.5]},
								"west": {"uv": [16, 2], "uv_size": [1.5, 0.5]},
								"up": {"uv": [2, 4], "uv_size": [1.5, 1.5]},
								"down": {"uv": [5, 5.5], "uv_size": [1.5, -1.5]}
							}
						},
						{
							"origin": [-0.375, -2.25, 0.5],
							"size": [0.75, 2, 1],
							"uv": {
								"north": {"uv": [6, 0], "uv_size": [1, 2]},
								"south": {"uv": [4, 7], "uv_size": [1, 2]}
							}
						},
						{
							"origin": [-0.375, -4.5, 0.375],
							"size": [0.75, 2.25, 1.25],
							"uv": {
								"north": {"uv": [0, 0], "uv_size": [1, 2.5]},
								"south": {"uv": [2, 0], "uv_size": [1, 2.5]},
								"down": {"uv": [10, 4.5], "uv_size": [1, -1.5]}
							}
						},
						{
							"origin": [-0.625, -4.5, 0.625],
							"size": [1.25, 2.25, 0.75],
							"uv": {
								"east": {"uv": [0, 4], "uv_size": [1, 2.5]},
								"west": {"uv": [4, 0], "uv_size": [1, 2.5]},
								"down": {"uv": [10, 7], "uv_size": [1.5, -1]}
							}
						},
						{
							"origin": [-0.17678, -4.5, 0.29289],
							"size": [0.35355, 2.25, 1.41421],
							"pivot": [0, -3.375, 1],
							"rotation": [0, -45, 0],
							"uv": {
								"north": {"uv": [12, 8], "uv_size": [0.5, 2.5]},
								"south": {"uv": [12, 12], "uv_size": [0.5, 2.5]},
								"down": {"uv": [11, 17.5], "uv_size": [0.5, -1.5]}
							}
						},
						{
							"origin": [-0.17678, -4.5, 0.29289],
							"size": [0.35355, 2.25, 1.41421],
							"pivot": [0, -3.375, 1],
							"rotation": [0, 45, 0],
							"uv": {
								"north": {"uv": [2, 13], "uv_size": [0.5, 2.5]},
								"south": {"uv": [0, 14], "uv_size": [0.5, 2.5]},
								"down": {"uv": [13, 17.5], "uv_size": [0.5, -1.5]}
							}
						},
						{
							"origin": [-0.375, -2.25925, 1.41308],
							"size": [0.75, 1.5, 0.125],
							"pivot": [0, -1.25925, 1.47558],
							"rotation": [5, 0, 0],
							"uv": {
								"south": {"uv": [0, 11], "uv_size": [1, 1.5]}
							}
						},
						{
							"origin": [-0.375, -2.25925, 0.46192],
							"size": [0.75, 1.5, 0.125],
							"pivot": [0, -1.25925, 0.52442],
							"rotation": [-5, 0, 0],
							"uv": {
								"north": {"uv": [10, 11], "uv_size": [1, 1.5]}
							}
						},
						{
							"origin": [-0.375, -2.30116, 1.42172],
							"size": [0.75, 1.5, 0.125],
							"pivot": [0, -1.37915, 1],
							"rotation": [0, 90, -5],
							"uv": {
								"south": {"uv": [4, 12], "uv_size": [1, 1.5]}
							}
						},
						{
							"origin": [-0.375, -2.25, 0.5],
							"size": [0.75, 2, 1],
							"pivot": [0, -1.37915, 1],
							"rotation": [0, 90, 0],
							"uv": {
								"north": {"uv": [0, 8], "uv_size": [1, 2]},
								"south": {"uv": [8, 3], "uv_size": [1, 2]}
							}
						},
						{
							"origin": [-0.375, -2.30116, 0.45328],
							"size": [0.75, 1.5, 0.125],
							"pivot": [0, -1.37915, 1],
							"rotation": [0, 90, 5],
							"uv": {
								"north": {"uv": [6, 12], "uv_size": [1, 1.5]}
							}
						},
						{
							"origin": [-0.08839, -2.25, 0.38128],
							"size": [0.17678, 2, 1.23744],
							"pivot": [0, -1.25, 1],
							"rotation": [0, 45, 0],
							"uv": {
								"north": {"uv": [26, 18], "uv_size": [0.5, 0.5]},
								"south": {"uv": [20, 26], "uv_size": [0.5, 0.5]}
							}
						},
						{
							"origin": [-0.08839, -2.25, 0.38128],
							"size": [0.17678, 2, 1.23744],
							"pivot": [0, -0.5625, 1],
							"rotation": [0, -45, 0],
							"uv": {
								"north": {"uv": [26, 25], "uv_size": [0.5, 0.5]},
								"south": {"uv": [27, 0], "uv_size": [0.5, 0.5]}
							}
						},
						{
							"origin": [-0.38644, -2.26458, 1.36152],
							"size": [0.09358, 1.49428, 0.125],
							"pivot": [-0.42357, -1.51161, 1.42407],
							"rotation": [6.96763, -44.68048, -4.91617],
							"uv": {
								"south": {"uv": [18, 11], "uv_size": [0.5, 1.5]}
							}
						},
						{
							"origin": [-0.5066, -2.26091, 1.36152],
							"size": [0.16605, 1.5, 0.125],
							"pivot": [-0.42357, -1.51161, 1.42407],
							"rotation": [3.5, -45, 0],
							"uv": {
								"south": {"uv": [17, 18], "uv_size": [0.5, 1.5]}
							}
						},
						{
							"origin": [-0.55428, -2.26458, 1.36152],
							"size": [0.09358, 1.49428, 0.125],
							"pivot": [-0.42357, -1.51161, 1.42407],
							"rotation": [-0.00654, -45.10677, 4.95284],
							"uv": {
								"south": {"uv": [19, 0], "uv_size": [0.5, 1.5]}
							}
						},
						{
							"origin": [0.34055, -2.26091, 1.36152],
							"size": [0.16605, 1.5, 0.125],
							"pivot": [0.42357, -1.51161, 1.42407],
							"rotation": [3.5, 45, 0],
							"uv": {
								"south": {"uv": [21, 0], "uv_size": [0.5, 1.5]}
							}
						},
						{
							"origin": [0.29287, -2.26458, 1.36152],
							"size": [0.09358, 1.49428, 0.125],
							"pivot": [0.42357, -1.51161, 1.42407],
							"rotation": [6.96763, 44.68048, 4.91617],
							"uv": {
								"south": {"uv": [0, 21], "uv_size": [0.5, 1.5]}
							}
						},
						{
							"origin": [0.4607, -2.26458, 1.36152],
							"size": [0.09358, 1.49428, 0.125],
							"pivot": [0.42357, -1.51161, 1.42407],
							"rotation": [-0.00654, 45.10677, -4.95284],
							"uv": {
								"south": {"uv": [20, 11], "uv_size": [0.5, 1.5]}
							}
						},
						{
							"origin": [0.34055, -2.26091, 0.51348],
							"size": [0.16605, 1.5, 0.125],
							"pivot": [0.42357, -1.51161, 0.57593],
							"rotation": [-3.5, -45, 0],
							"uv": {
								"north": {"uv": [2, 22], "uv_size": [0.5, 1.5]}
							}
						},
						{
							"origin": [0.4607, -2.26458, 0.51348],
							"size": [0.09358, 1.49428, 0.125],
							"pivot": [0.42357, -1.51161, 0.57593],
							"rotation": [0.00654, -45.10677, -4.95284],
							"uv": {
								"north": {"uv": [21, 21], "uv_size": [0.5, 1.5]}
							}
						},
						{
							"origin": [0.29287, -2.26458, 0.51348],
							"size": [0.09358, 1.49428, 0.125],
							"pivot": [0.42357, -1.51161, 0.57593],
							"rotation": [-6.96763, -44.68048, 4.91617],
							"uv": {
								"north": {"uv": [19, 21], "uv_size": [0.5, 1.5]}
							}
						},
						{
							"origin": [-0.38644, -2.26458, 0.51348],
							"size": [0.09358, 1.49428, 0.125],
							"pivot": [-0.42357, -1.51161, 0.57593],
							"rotation": [-6.96763, 44.68048, -4.91617],
							"uv": {
								"north": {"uv": [17, 21], "uv_size": [0.5, 1.5]}
							}
						},
						{
							"origin": [-0.5066, -2.26091, 0.51348],
							"size": [0.16605, 1.5, 0.125],
							"pivot": [-0.42357, -1.51161, 0.57593],
							"rotation": [-3.5, 45, 0],
							"uv": {
								"north": {"uv": [21, 16], "uv_size": [0.5, 1.5]}
							}
						},
						{
							"origin": [-0.55428, -2.26458, 0.51348],
							"size": [0.09358, 1.49428, 0.125],
							"pivot": [-0.42357, -1.51161, 0.57593],
							"rotation": [0.00654, 45.10677, 4.95284],
							"uv": {
								"north": {"uv": [8, 21], "uv_size": [0.5, 1.5]}
							}
						},
						{
							"origin": [-0.5, -0.25, 0],
							"size": [1, 0.5, 2],
							"inflate": 0.001,
							"uv": {
								"north": {"uv": [23, 17], "uv_size": [1, 0.5]},
								"south": {"uv": [23, 21], "uv_size": [1, 0.5]},
								"up": {"uv": [8, 9], "uv_size": [1, 2]},
								"down": {"uv": [10, 2], "uv_size": [1, -2]}
							}
						},
						{
							"origin": [0.36298, -0.25, 1.66919],
							"size": [0.35355, 0.5, 0.25],
							"inflate": -0.001,
							"pivot": [0.52903, 0, 1.79419],
							"rotation": [0, 45, 0],
							"uv": {
								"south": {"uv": [27, 14], "uv_size": [0.5, 0.5]},
								"up": {"uv": [27, 20], "uv_size": [0.5, 0.5]},
								"down": {"uv": [22, 27.5], "uv_size": [0.5, -0.5]}
							}
						},
						{
							"origin": [-0.71653, -0.25, 1.66919],
							"size": [0.35355, 0.5, 0.25],
							"inflate": -0.001,
							"pivot": [-0.52903, 0, 1.79419],
							"rotation": [0, -45, 0],
							"uv": {
								"south": {"uv": [26, 27], "uv_size": [0.5, 0.5]},
								"up": {"uv": [4, 28], "uv_size": [0.5, 0.5]},
								"down": {"uv": [28, 4.5], "uv_size": [0.5, -0.5]}
							}
						},
						{
							"origin": [0.36298, -0.25, 0.08081],
							"size": [0.35355, 0.5, 0.25],
							"inflate": -0.001,
							"pivot": [0.52903, 0, 0.20581],
							"rotation": [0, -45, 0],
							"uv": {
								"north": {"uv": [6, 28], "uv_size": [0.5, 0.5]},
								"up": {"uv": [10, 28], "uv_size": [0.5, 0.5]},
								"down": {"uv": [28, 10.5], "uv_size": [0.5, -0.5]}
							}
						},
						{
							"origin": [-0.71653, -0.25, 0.08081],
							"size": [0.35355, 0.5, 0.25],
							"inflate": -0.001,
							"pivot": [-0.52903, 0, 0.20581],
							"rotation": [0, 45, 0],
							"uv": {
								"north": {"uv": [12, 28], "uv_size": [0.5, 0.5]},
								"up": {"uv": [18, 28], "uv_size": [0.5, 0.5]},
								"down": {"uv": [28, 18.5], "uv_size": [0.5, -0.5]}
							}
						},
						{
							"origin": [-0.5, -0.78349, -0.00897],
							"size": [1, 0.5, 0.75],
							"inflate": -0.001,
							"pivot": [0, -0.53349, 0.99103],
							"rotation": [-30, 0, 0],
							"uv": {
								"east": {"uv": [0, 24], "uv_size": [1, 0.5]},
								"west": {"uv": [24, 4], "uv_size": [1, 0.5]},
								"down": {"uv": [14, 13], "uv_size": [1, -1]}
							}
						},
						{
							"origin": [-0.5, -0.78349, 1.25897],
							"size": [1, 0.5, 0.75],
							"inflate": -0.001,
							"pivot": [0, -0.53349, 1.00897],
							"rotation": [30, 0, 0],
							"uv": {
								"east": {"uv": [24, 6], "uv_size": [1, 0.5]},
								"west": {"uv": [24, 8], "uv_size": [1, 0.5]},
								"down": {"uv": [4, 16], "uv_size": [1, -1]}
							}
						},
						{
							"origin": [0.45313, -0.25, 0.25],
							"size": [0.29688, 0.25, 1.5],
							"pivot": [0.75, -0.25, 0.25],
							"rotation": [0, 0, -30],
							"uv": {
								"north": {"uv": [20, 28], "uv_size": [0.5, 0.5]},
								"south": {"uv": [28, 24], "uv_size": [0.5, 0.5]},
								"down": {"uv": [13, 20.5], "uv_size": [0.5, -1.5]}
							}
						},
						{
							"origin": [-0.75, -0.25, 0.25],
							"size": [0.29688, 0.25, 1.5],
							"pivot": [-0.75, -0.25, 0.25],
							"rotation": [0, 0, 30],
							"uv": {
								"north": {"uv": [28, 26], "uv_size": [0.5, 0.5]},
								"south": {"uv": [28, 28], "uv_size": [0.5, 0.5]},
								"down": {"uv": [19, 17.5], "uv_size": [0.5, -1.5]}
							}
						}
					]
				}
			]
		}
	]
}