{
	"format_version": "1.12.0",
	"minecraft:geometry": [
		{
			"description": {
				"identifier": "geometry.sight_coyote - Converted",
				"texture_width": 32,
				"texture_height": 32,
				"visible_bounds_width": 13,
				"visible_bounds_height": 2.5,
				"visible_bounds_offset": [0, 0.75, 0]
			},
			"bones": [
				{
					"name": "scope_body",
					"pivot": [0, 7.7, -0.25]
				},
				{
					"name": "bone",
					"parent": "scope_body",
					"pivot": [0, 7.7, -0.25],
					"cubes": [
						{
							"origin": [-0.9375, 0.24687, -2.29687],
							"size": [1.875, 0.1875, 0.4375],
							"uv": {
								"east": {"uv": [10, 18], "uv_size": [0.5, 0.5]},
								"west": {"uv": [18, 10], "uv_size": [0.5, 0.5]},
								"up": {"uv": [0, 7], "uv_size": [2, 0.5]},
								"down": {"uv": [7, 1.5], "uv_size": [2, -0.5]}
							}
						},
						{
							"origin": [-1.55578, 0.24687, -2.44666],
							"size": [0.1875, 0.1875, 0.4375],
							"inflate": -0.001,
							"pivot": [-0.43078, -0.3, -0.39978],
							"rotation": [0, -20, 0],
							"uv": {
								"east": {"uv": [11, 18], "uv_size": [0.5, 0.5]},
								"up": {"uv": [18, 11], "uv_size": [0.5, 0.5]},
								"down": {"uv": [12, 18.5], "uv_size": [0.5, -0.5]}
							}
						},
						{
							"origin": [1.36828, 0.24687, -2.44666],
							"size": [0.1875, 0.1875, 0.4375],
							"inflate": -0.001,
							"pivot": [0.43078, -0.3, -0.39978],
							"rotation": [0, 20, 0],
							"uv": {
								"west": {"uv": [18, 12], "uv_size": [0.5, 0.5]},
								"up": {"uv": [13, 18], "uv_size": [0.5, 0.5]},
								"down": {"uv": [18, 13.5], "uv_size": [0.5, -0.5]}
							}
						},
						{
							"origin": [-0.875, 0.43437, -1.92187],
							"size": [1.75, 0.5, 0.0625],
							"uv": {
								"north": {"uv": [3, 7], "uv_size": [2, 0.5]},
								"up": {"uv": [5, 7], "uv_size": [2, 0.5]},
								"down": {"uv": [7, 7.5], "uv_size": [2, -0.5]}
							}
						},
						{
							"origin": [0.8346, 0.43438, -1.88683],
							"size": [0.08839, 0.5, 0.0625],
							"inflate": -0.001,
							"pivot": [0.8971, 0.68438, -1.85558],
							"rotation": [0, -45, 0],
							"uv": {
								"north": {"uv": [14, 18], "uv_size": [0.5, 0.5]},
								"up": {"uv": [18, 14], "uv_size": [0.5, 0.5]},
								"down": {"uv": [15, 18.5], "uv_size": [0.5, -0.5]}
							}
						},
						{
							"origin": [-0.92299, 0.43438, -1.88683],
							"size": [0.08839, 0.5, 0.0625],
							"inflate": -0.001,
							"pivot": [-0.8971, 0.68438, -1.85558],
							"rotation": [0, 45, 0],
							"uv": {
								"north": {"uv": [18, 15], "uv_size": [0.5, 0.5]},
								"up": {"uv": [16, 18], "uv_size": [0.5, 0.5]},
								"down": {"uv": [18, 16.5], "uv_size": [0.5, -0.5]}
							}
						},
						{
							"origin": [-0.73744, 0.24687, -1.85937],
							"size": [0.59988, 0.6875, 1.42351],
							"uv": {
								"west": {"uv": [9, 3], "uv_size": [1.5, 0.5]},
								"up": {"uv": [4, 9], "uv_size": [0.5, 1.5]},
								"down": {"uv": [9, 5.5], "uv_size": [0.5, -1.5]}
							}
						},
						{
							"origin": [-0.13756, 0.68437, -0.60937],
							"size": [0.27512, 0.1875, 0.17351],
							"uv": {
								"up": {"uv": [17, 18], "uv_size": [0.5, 0.5]}
							}
						},
						{
							"origin": [-0.13756, 0.60625, -1.0625],
							"size": [0.27512, 0.1875, 0.17351],
							"uv": {
								"up": {"uv": [18, 17], "uv_size": [0.5, 0.5]}
							}
						},
						{
							"origin": [-0.13756, 0.66841, -0.92099],
							"size": [0.27512, 0.1842, 0.33884],
							"pivot": [0, 0.75887, -0.66891],
							"rotation": [15, 0, 0],
							"uv": {
								"up": {"uv": [18, 18], "uv_size": [0.5, 0.5]}
							}
						},
						{
							"origin": [-0.13756, 0.43437, -1.85937],
							"size": [0.27512, 0.5, 0.79851],
							"uv": {
								"south": {"uv": [0, 19], "uv_size": [0.5, 0.5]},
								"up": {"uv": [16, 14], "uv_size": [0.5, 1]},
								"down": {"uv": [16, 16], "uv_size": [0.5, -1]}
							}
						},
						{
							"origin": [0.13756, 0.24687, -1.85937],
							"size": [0.59988, 0.6875, 1.42351],
							"uv": {
								"east": {"uv": [5, 9], "uv_size": [1.5, 0.5]},
								"up": {"uv": [9, 6], "uv_size": [0.5, 1.5]},
								"down": {"uv": [7, 10.5], "uv_size": [0.5, -1.5]}
							}
						},
						{
							"origin": [-0.73744, 0.24687, -0.49411],
							"size": [1.47488, 0.5625, 0.05824],
							"uv": {
								"north": {"uv": [8, 9], "uv_size": [1.5, 0.5]},
								"east": {"uv": [19, 0], "uv_size": [0.5, 0.5]},
								"south": {"uv": [9, 8], "uv_size": [1.5, 0.5]},
								"west": {"uv": [1, 19], "uv_size": [0.5, 0.5]},
								"up": {"uv": [0, 10], "uv_size": [1.5, 0.5]},
								"down": {"uv": [10, 0.5], "uv_size": [1.5, -0.5]}
							}
						},
						{
							"origin": [-0.73744, 0.2965, -0.46527],
							"size": [1.47488, 0.5625, 1.25],
							"inflate": -0.001,
							"pivot": [0, 0.57775, 0.06598],
							"rotation": [5.5, 0, 0],
							"uv": {
								"east": {"uv": [2, 10], "uv_size": [1.5, 0.5]},
								"west": {"uv": [10, 4], "uv_size": [1.5, 0.5]},
								"down": {"uv": [0, 6.5], "uv_size": [1.5, -1.5]}
							}
						},
						{
							"origin": [-0.73744, 0.76895, -0.46938],
							"size": [1.47488, 0.125, 0.625],
							"pivot": [0, 0.4877, 0.06187],
							"rotation": [-4.5, 0, 0],
							"uv": {
								"north": {"uv": [5, 10], "uv_size": [1.5, 0.5]},
								"east": {"uv": [19, 1], "uv_size": [0.5, 0.5]},
								"west": {"uv": [2, 19], "uv_size": [0.5, 0.5]},
								"up": {"uv": [10, 5], "uv_size": [1.5, 0.5]}
							}
						},
						{
							"origin": [-0.73744, 0.44222, 0.75447],
							"size": [1.47488, 0.60938, 0.1875],
							"uv": {
								"west": {"uv": [19, 2], "uv_size": [0.5, 0.5]},
								"up": {"uv": [10, 6], "uv_size": [1.5, 0.5]},
								"down": {"uv": [10, 7.5], "uv_size": [1.5, -0.5]}
							}
						},
						{
							"origin": [-0.86244, 0.56722, 0.31697],
							"size": [0.125, 0.35938, 0.6875],
							"uv": {
								"north": {"uv": [3, 19], "uv_size": [0.5, 0.5]},
								"east": {"uv": [19, 3], "uv_size": [0.5, 0.5]},
								"south": {"uv": [4, 19], "uv_size": [0.5, 0.5]}
							}
						},
						{
							"origin": [-0.8828, 0.88325, 0.31697],
							"size": [0.125, 0.17678, 0.6875],
							"inflate": -0.001,
							"pivot": [-0.8203, 0.88034, 0.84822],
							"rotation": [0, 0, 45],
							"uv": {
								"north": {"uv": [19, 4], "uv_size": [0.5, 0.5]},
								"east": {"uv": [5, 19], "uv_size": [0.5, 0.5]},
								"south": {"uv": [19, 5], "uv_size": [0.5, 0.5]}
							}
						},
						{
							"origin": [-0.75369, 0.48726, 0.31697],
							"size": [0.125, 0.17678, 0.6875],
							"inflate": -0.001,
							"pivot": [-0.69119, 0.48435, 0.84822],
							"rotation": [0, 0, -45],
							"uv": {
								"north": {"uv": [6, 19], "uv_size": [0.5, 0.5]},
								"east": {"uv": [19, 6], "uv_size": [0.5, 0.5]},
								"south": {"uv": [7, 19], "uv_size": [0.5, 0.5]}
							}
						},
						{
							"origin": [-0.73744, 0.81722, 0.06697],
							"size": [1.47488, 0.23438, 0.6875],
							"inflate": 0.001,
							"uv": {
								"east": {"uv": [19, 7], "uv_size": [0.5, 0.5]},
								"west": {"uv": [8, 19], "uv_size": [0.5, 0.5]},
								"up": {"uv": [8, 10], "uv_size": [1.5, 0.5]}
							}
						},
						{
							"origin": [-0.23744, 1.05159, -0.10491],
							"size": [0.47488, 0.0625, 0.54688],
							"uv": {
								"east": {"uv": [19, 8], "uv_size": [0.5, 0.5]},
								"west": {"uv": [9, 19], "uv_size": [0.5, 0.5]},
								"up": {"uv": [19, 9], "uv_size": [0.5, 0.5]}
							}
						},
						{
							"origin": [-0.23744, 0.74792, -0.31751],
							"size": [0.47488, 0.1875, 0.3125],
							"inflate": -0.001,
							"pivot": [0, 0.90417, -0.27064],
							"rotation": [45, 0, 0],
							"uv": {
								"east": {"uv": [10, 19], "uv_size": [0.5, 0.5]},
								"west": {"uv": [19, 10], "uv_size": [0.5, 0.5]},
								"up": {"uv": [11, 19], "uv_size": [0.5, 0.5]}
							}
						},
						{
							"origin": [-0.11244, 1.05159, 0.44197],
							"size": [0.22488, 0.0625, 0.125],
							"uv": {
								"south": {"uv": [19, 11], "uv_size": [0.5, 0.5]},
								"up": {"uv": [12, 19], "uv_size": [0.5, 0.5]}
							}
						},
						{
							"origin": [0.58774, 1.05159, 0.73199],
							"size": [0.17678, 0.0625, 0.125],
							"inflate": -0.001,
							"pivot": [0, 0.64534, 1.28572],
							"rotation": [0, 45, 0],
							"uv": {
								"south": {"uv": [19, 12], "uv_size": [0.5, 0.5]},
								"up": {"uv": [13, 19], "uv_size": [0.5, 0.5]}
							}
						},
						{
							"origin": [-0.76452, 1.05159, 0.73199],
							"size": [0.17678, 0.0625, 0.125],
							"inflate": -0.001,
							"pivot": [0, 0.64534, 1.28572],
							"rotation": [0, -45, 0],
							"uv": {
								"south": {"uv": [19, 13], "uv_size": [0.5, 0.5]},
								"up": {"uv": [14, 19], "uv_size": [0.5, 0.5]}
							}
						},
						{
							"origin": [-0.19697, 0.81722, -0.12975],
							"size": [0.39395, 0.23438, 0.19671],
							"uv": {
								"north": {"uv": [19, 14], "uv_size": [0.5, 0.5]},
								"east": {"uv": [15, 19], "uv_size": [0.5, 0.5]},
								"south": {"uv": [19, 15], "uv_size": [0.5, 0.5]},
								"west": {"uv": [16, 19], "uv_size": [0.5, 0.5]},
								"up": {"uv": [19, 16], "uv_size": [0.5, 0.5]},
								"down": {"uv": [17, 19.5], "uv_size": [0.5, -0.5]}
							}
						},
						{
							"origin": [-0.65021, 0.81722, -0.17771],
							"size": [0.57515, 0.23438, 0.25],
							"pivot": [0, 0.93441, 0.19197],
							"rotation": [0, 20, 0],
							"uv": {
								"north": {"uv": [19, 17], "uv_size": [0.5, 0.5]},
								"up": {"uv": [18, 19], "uv_size": [0.5, 0.5]}
							}
						},
						{
							"origin": [0.07506, 0.81722, -0.17771],
							"size": [0.57515, 0.23438, 0.25],
							"pivot": [0, 0.93441, 0.19197],
							"rotation": [0, -20, 0],
							"uv": {
								"north": {"uv": [19, 18], "uv_size": [0.5, 0.5]},
								"up": {"uv": [19, 19], "uv_size": [0.5, 0.5]}
							}
						},
						{
							"origin": [-0.73744, 0.44222, 0.94197],
							"size": [1.41238, 0.60938, 0.0625],
							"uv": {
								"south": {"uv": [10, 9], "uv_size": [1.5, 0.5]},
								"up": {"uv": [10, 10], "uv_size": [1.5, 0.5]},
								"down": {"uv": [0, 11.5], "uv_size": [1.5, -0.5]}
							}
						},
						{
							"origin": [1.04561, 0.44222, 1.27434],
							"size": [0.08839, 0.60938, 0.0625],
							"inflate": -0.001,
							"pivot": [0.45906, 0.64534, 1.61809],
							"rotation": [0, 45, 0],
							"uv": {
								"south": {"uv": [0, 20], "uv_size": [0.5, 0.5]},
								"up": {"uv": [20, 0], "uv_size": [0.5, 0.5]},
								"down": {"uv": [1, 20.5], "uv_size": [0.5, -0.5]}
							}
						},
						{
							"origin": [-0.73744, 0.10831, 0.74464],
							"size": [1.47488, 0.125, 0.125],
							"pivot": [0, 0.31144, 1.15089],
							"rotation": [-45, 0, 0],
							"uv": {
								"north": {"uv": [11, 1], "uv_size": [1.5, 0.5]},
								"east": {"uv": [20, 1], "uv_size": [0.5, 0.5]},
								"south": {"uv": [2, 11], "uv_size": [1.5, 0.5]},
								"west": {"uv": [2, 20], "uv_size": [0.5, 0.5]},
								"up": {"uv": [11, 2], "uv_size": [1.5, 0.5]},
								"down": {"uv": [11, 3.5], "uv_size": [1.5, -0.5]}
							}
						},
						{
							"origin": [-0.31615, 0.24688, -1.14459],
							"size": [1.4375, 0.6875, 0.375],
							"pivot": [0.62135, 0.34063, -0.95709],
							"rotation": [0, -98, 0],
							"uv": {
								"north": {"uv": [4, 11], "uv_size": [1.5, 0.5]},
								"up": {"uv": [6, 11], "uv_size": [1.5, 0.5]},
								"down": {"uv": [8, 11.5], "uv_size": [1.5, -0.5]}
							}
						},
						{
							"origin": [0.70383, 0.93438, -1.22787],
							"size": [0.20332, 0.125, 0.18836],
							"inflate": 0.001,
							"pivot": [0.86257, 0.99688, -1.53172],
							"rotation": [0, -32.5, 0],
							"uv": {
								"north": {"uv": [20, 2], "uv_size": [0.5, 0.5]},
								"east": {"uv": [3, 20], "uv_size": [0.5, 0.5]},
								"south": {"uv": [20, 3], "uv_size": [0.5, 0.5]},
								"west": {"uv": [4, 20], "uv_size": [0.5, 0.5]},
								"up": {"uv": [20, 4], "uv_size": [0.5, 0.5]},
								"down": {"uv": [5, 20.5], "uv_size": [0.5, -0.5]}
							}
						},
						{
							"origin": [0.58819, 0.93438, -1.31076],
							"size": [0.25088, 0.125, 0.18838],
							"inflate": -0.001,
							"pivot": [0.74762, 0.99688, -1.61461],
							"rotation": [0, -45, 0],
							"uv": {
								"south": {"uv": [20, 5], "uv_size": [0.5, 0.5]},
								"up": {"uv": [6, 20], "uv_size": [0.5, 0.5]}
							}
						},
						{
							"origin": [0.67652, 0.93438, -1.10364],
							"size": [0.30145, 0.125, 0.17365],
							"inflate": -0.001,
							"pivot": [0.77942, 0.99688, -1.40823],
							"rotation": [0, -130.5, 0],
							"uv": {
								"south": {"uv": [20, 6], "uv_size": [0.5, 0.5]},
								"up": {"uv": [7, 20], "uv_size": [0.5, 0.5]}
							}
						},
						{
							"origin": [0.61981, 0.93438, -1.10438],
							"size": [0.18856, 0.125, 0.18875],
							"pivot": [0.77942, 0.99688, -1.40823],
							"rotation": [0, -90, 0],
							"uv": {
								"south": {"uv": [20, 7], "uv_size": [0.5, 0.5]},
								"up": {"uv": [8, 20], "uv_size": [0.5, 0.5]}
							}
						},
						{
							"origin": [-0.76563, 1.7625, -1.9375],
							"size": [0.1875, 0.25, 0.25],
							"pivot": [0.09375, 1.7625, -0.9375],
							"rotation": [-45, 0, -90],
							"uv": {
								"north": {"uv": [28, 8], "uv_size": [0.5, 0.5]},
								"east": {"uv": [9, 28], "uv_size": [0.5, 0.5]},
								"south": {"uv": [28, 9], "uv_size": [0.5, 0.5]},
								"west": {"uv": [10, 28], "uv_size": [0.5, 0.5]},
								"up": {"uv": [28, 10], "uv_size": [0.5, 0.5]},
								"down": {"uv": [11, 28.5], "uv_size": [0.5, -0.5]}
							}
						},
						{
							"origin": [-0.97797, 0.93438, -1.10364],
							"size": [0.30145, 0.125, 0.17365],
							"inflate": -0.001,
							"pivot": [-0.77942, 0.99688, -1.40823],
							"rotation": [0, 130.5, 0],
							"uv": {
								"south": {"uv": [28, 7], "uv_size": [0.5, 0.5]},
								"up": {"uv": [8, 28], "uv_size": [0.5, 0.5]}
							}
						},
						{
							"origin": [-0.70742, 0.93438, -1.63956],
							"size": [0.08839, 0.125, 0.0625],
							"inflate": -0.001,
							"pivot": [-0.84365, 0.34063, -1.45206],
							"rotation": [0, 53, 0],
							"uv": {
								"north": {"uv": [28, 6], "uv_size": [0.5, 0.5]},
								"up": {"uv": [7, 28], "uv_size": [0.5, 0.5]}
							}
						},
						{
							"origin": [-0.48512, 0.93438, -1.14459],
							"size": [0.61377, 0.125, 0.0625],
							"pivot": [-0.62135, 0.34063, -0.95709],
							"rotation": [0, 98, 0],
							"uv": {
								"north": {"uv": [5, 28], "uv_size": [0.5, 0.5]},
								"east": {"uv": [28, 5], "uv_size": [0.5, 0.5]},
								"up": {"uv": [6, 28], "uv_size": [0.5, 0.5]}
							}
						},
						{
							"origin": [-0.48512, 0.93438, -1.08209],
							"size": [0.67627, 0.125, 0.12966],
							"pivot": [-0.62135, 0.34063, -0.95709],
							"rotation": [0, 98, 0],
							"uv": {
								"east": {"uv": [28, 3], "uv_size": [0.5, 0.5]},
								"west": {"uv": [4, 28], "uv_size": [0.5, 0.5]},
								"up": {"uv": [28, 4], "uv_size": [0.5, 0.5]}
							}
						},
						{
							"origin": [-0.90715, 0.93438, -1.22787],
							"size": [0.20332, 0.125, 0.18836],
							"inflate": 0.001,
							"pivot": [-0.86257, 0.99688, -1.53172],
							"rotation": [0, 32.5, 0],
							"uv": {
								"north": {"uv": [28, 0], "uv_size": [0.5, 0.5]},
								"east": {"uv": [1, 28], "uv_size": [0.5, 0.5]},
								"south": {"uv": [28, 1], "uv_size": [0.5, 0.5]},
								"west": {"uv": [2, 28], "uv_size": [0.5, 0.5]},
								"up": {"uv": [28, 2], "uv_size": [0.5, 0.5]},
								"down": {"uv": [3, 28.5], "uv_size": [0.5, -0.5]}
							}
						},
						{
							"origin": [-0.29684, 0.93438, -0.95279],
							"size": [0.48799, 0.125, 0.25],
							"pivot": [-0.62135, 0.34063, -0.95709],
							"rotation": [0, 98, 0],
							"uv": {
								"west": {"uv": [27, 27], "uv_size": [0.5, 0.5]},
								"up": {"uv": [0, 28], "uv_size": [0.5, 0.5]}
							}
						},
						{
							"origin": [-0.83907, 0.93438, -1.31076],
							"size": [0.25088, 0.125, 0.18838],
							"inflate": -0.001,
							"pivot": [-0.74762, 0.99688, -1.61461],
							"rotation": [0, 45, 0],
							"uv": {
								"south": {"uv": [26, 27], "uv_size": [0.5, 0.5]},
								"up": {"uv": [27, 26], "uv_size": [0.5, 0.5]}
							}
						},
						{
							"origin": [-0.80837, 0.93438, -1.10438],
							"size": [0.18856, 0.125, 0.18875],
							"pivot": [-0.77942, 0.99688, -1.40823],
							"rotation": [0, 90, 0],
							"uv": {
								"south": {"uv": [25, 27], "uv_size": [0.5, 0.5]},
								"up": {"uv": [27, 25], "uv_size": [0.5, 0.5]}
							}
						},
						{
							"origin": [-0.19115, 0.93438, -0.95279],
							"size": [0.48799, 0.125, 0.25],
							"pivot": [0.62135, 0.34063, -0.95709],
							"rotation": [0, -98, 0],
							"uv": {
								"east": {"uv": [20, 8], "uv_size": [0.5, 0.5]},
								"up": {"uv": [9, 20], "uv_size": [0.5, 0.5]}
							}
						},
						{
							"origin": [-0.12865, 0.93438, -1.14459],
							"size": [0.61377, 0.125, 0.0625],
							"pivot": [0.62135, 0.34063, -0.95709],
							"rotation": [0, -98, 0],
							"uv": {
								"north": {"uv": [20, 9], "uv_size": [0.5, 0.5]},
								"west": {"uv": [10, 20], "uv_size": [0.5, 0.5]},
								"up": {"uv": [20, 10], "uv_size": [0.5, 0.5]}
							}
						},
						{
							"origin": [-0.19115, 0.93438, -1.08209],
							"size": [0.67627, 0.125, 0.12966],
							"pivot": [0.62135, 0.34063, -0.95709],
							"rotation": [0, -98, 0],
							"uv": {
								"east": {"uv": [11, 20], "uv_size": [0.5, 0.5]},
								"west": {"uv": [20, 11], "uv_size": [0.5, 0.5]},
								"up": {"uv": [12, 20], "uv_size": [0.5, 0.5]}
							}
						},
						{
							"origin": [0.61903, 0.93438, -1.63956],
							"size": [0.08839, 0.125, 0.0625],
							"inflate": -0.001,
							"pivot": [0.84365, 0.34063, -1.45206],
							"rotation": [0, -53, 0],
							"uv": {
								"north": {"uv": [20, 12], "uv_size": [0.5, 0.5]},
								"up": {"uv": [13, 20], "uv_size": [0.5, 0.5]}
							}
						},
						{
							"origin": [-1.12135, 0.24688, -1.14459],
							"size": [1.4375, 0.6875, 0.375],
							"pivot": [-0.62135, 0.34063, -0.95709],
							"rotation": [0, 98, 0],
							"uv": {
								"north": {"uv": [11, 8], "uv_size": [1.5, 0.5]},
								"up": {"uv": [10, 11], "uv_size": [1.5, 0.5]},
								"down": {"uv": [0, 12.5], "uv_size": [1.5, -0.5]}
							}
						},
						{
							"origin": [-0.79687, 0.24687, -4.17187],
							"size": [1.59375, 0.1875, 1.875],
							"uv": {
								"east": {"uv": [0, 8], "uv_size": [2, 0.5]},
								"west": {"uv": [2, 8], "uv_size": [2, 0.5]},
								"up": {"uv": [4, 0], "uv_size": [1.5, 2]},
								"down": {"uv": [4, 4], "uv_size": [1.5, -2]}
							}
						},
						{
							"origin": [-0.67187, 0.24687, -4.29687],
							"size": [1.34375, 0.1875, 0.125],
							"uv": {
								"north": {"uv": [12, 0], "uv_size": [1.5, 0.5]},
								"up": {"uv": [2, 12], "uv_size": [1.5, 0.5]},
								"down": {"uv": [4, 12.5], "uv_size": [1.5, -0.5]}
							}
						},
						{
							"origin": [2.19952, 0.24687, -4.93707],
							"size": [0.17678, 0.1875, 0.125],
							"inflate": -0.001,
							"pivot": [1.625, -0.3, -0.9375],
							"rotation": [0, 45, 0],
							"uv": {
								"north": {"uv": [20, 13], "uv_size": [0.5, 0.5]},
								"up": {"uv": [14, 20], "uv_size": [0.5, 0.5]},
								"down": {"uv": [20, 14.5], "uv_size": [0.5, -0.5]}
							}
						},
						{
							"origin": [-2.3763, 0.24687, -4.93707],
							"size": [0.17678, 0.1875, 0.125],
							"inflate": -0.001,
							"pivot": [-1.625, -0.3, -0.9375],
							"rotation": [0, -45, 0],
							"uv": {
								"north": {"uv": [15, 20], "uv_size": [0.5, 0.5]},
								"up": {"uv": [20, 15], "uv_size": [0.5, 0.5]},
								"down": {"uv": [16, 20.5], "uv_size": [0.5, -0.5]}
							}
						},
						{
							"origin": [-0.28125, 0.24687, -0.79687],
							"size": [0.5625, 0.14063, 1.6875],
							"uv": {
								"east": {"uv": [12, 4], "uv_size": [1.5, 0.5]},
								"south": {"uv": [20, 16], "uv_size": [0.5, 0.5]},
								"west": {"uv": [12, 5], "uv_size": [1.5, 0.5]},
								"up": {"uv": [6, 12], "uv_size": [0.5, 1.5]}
							}
						}
					]
				},
				{
					"name": "bone2",
					"parent": "scope_body",
					"pivot": [0, 7.7, -0.25],
					"cubes": [
						{
							"origin": [0.59375, -0.19062, -0.82812],
							"size": [0.125, 0.3125, 1.71875],
							"uv": {
								"north": {"uv": [17, 20], "uv_size": [0.5, 0.5]},
								"south": {"uv": [20, 17], "uv_size": [0.5, 0.5]},
								"west": {"uv": [12, 6], "uv_size": [1.5, 0.5]}
							}
						},
						{
							"origin": [0.5, -0.08125, -1.76562],
							"size": [0.15625, 0.32812, 0.34375],
							"inflate": -0.001,
							"uv": {
								"north": {"uv": [18, 20], "uv_size": [0.5, 0.5]},
								"south": {"uv": [20, 18], "uv_size": [0.5, 0.5]},
								"west": {"uv": [19, 20], "uv_size": [0.5, 0.5]},
								"up": {"uv": [20, 19], "uv_size": [0.5, 0.5]},
								"down": {"uv": [20, 20.5], "uv_size": [0.5, -0.5]}
							}
						},
						{
							"origin": [0.51563, -0.31562, -0.82812],
							"size": [0.07813, 0.5625, 1.71875],
							"uv": {
								"north": {"uv": [0, 21], "uv_size": [0.5, 0.5]},
								"south": {"uv": [21, 0], "uv_size": [0.5, 0.5]},
								"up": {"uv": [7, 12], "uv_size": [0.5, 1.5]},
								"down": {"uv": [8, 13.5], "uv_size": [0.5, -1.5]}
							}
						},
						{
							"origin": [0.50709, 0.0342, -0.82812],
							"size": [0.125, 0.17677, 1.71875],
							"inflate": -0.001,
							"pivot": [0.56959, 0.18264, 0.03125],
							"rotation": [0, 0, -45],
							"uv": {
								"north": {"uv": [1, 21], "uv_size": [0.5, 0.5]},
								"south": {"uv": [21, 1], "uv_size": [0.5, 0.5]},
								"west": {"uv": [12, 7], "uv_size": [1.5, 0.5]}
							}
						},
						{
							"origin": [-0.6321, -0.27972, -0.82812],
							"size": [0.125, 0.17677, 1.71875],
							"inflate": -0.001,
							"pivot": [-0.56959, -0.2514, 0.03125],
							"rotation": [0, 0, -45],
							"uv": {
								"north": {"uv": [20, 27], "uv_size": [0.5, 0.5]},
								"east": {"uv": [16, 7], "uv_size": [1.5, 0.5]},
								"south": {"uv": [27, 20], "uv_size": [0.5, 0.5]}
							}
						},
						{
							"origin": [-0.71875, -0.19062, -0.82812],
							"size": [0.125, 0.3125, 1.71875],
							"uv": {
								"north": {"uv": [19, 27], "uv_size": [0.5, 0.5]},
								"east": {"uv": [16, 4], "uv_size": [1.5, 0.5]},
								"south": {"uv": [27, 19], "uv_size": [0.5, 0.5]}
							}
						},
						{
							"origin": [-0.59376, -0.31562, -0.82812],
							"size": [0.07813, 0.5625, 1.71875],
							"uv": {
								"north": {"uv": [18, 27], "uv_size": [0.5, 0.5]},
								"south": {"uv": [27, 18], "uv_size": [0.5, 0.5]},
								"up": {"uv": [6, 16], "uv_size": [0.5, 1.5]},
								"down": {"uv": [7, 17.5], "uv_size": [0.5, -1.5]}
							}
						},
						{
							"origin": [-0.6321, 0.0342, -0.82812],
							"size": [0.125, 0.17677, 1.71875],
							"inflate": -0.001,
							"pivot": [-0.56959, 0.18264, 0.03125],
							"rotation": [0, 0, 45],
							"uv": {
								"north": {"uv": [17, 27], "uv_size": [0.5, 0.5]},
								"east": {"uv": [4, 16], "uv_size": [1.5, 0.5]},
								"south": {"uv": [27, 17], "uv_size": [0.5, 0.5]}
							}
						},
						{
							"origin": [0.55129, -0.26141, -0.82812],
							"size": [0.125, 0.17677, 1.71875],
							"inflate": -0.001,
							"pivot": [0.56959, -0.18889, 0.03125],
							"rotation": [0, 0, 45],
							"uv": {
								"north": {"uv": [2, 21], "uv_size": [0.5, 0.5]},
								"south": {"uv": [21, 2], "uv_size": [0.5, 0.5]},
								"west": {"uv": [9, 12], "uv_size": [1.5, 0.5]}
							}
						},
						{
							"origin": [-0.51562, -0.31562, -4.29687],
							"size": [1.03126, 0.5625, 5.1875],
							"uv": {
								"north": {"uv": [16, 16], "uv_size": [1, 0.5]},
								"east": {"uv": [4, 4], "uv_size": [5, 0.5]},
								"south": {"uv": [0, 17], "uv_size": [1, 0.5]},
								"west": {"uv": [4, 5], "uv_size": [5, 0.5]},
								"up": {"uv": [0, 0], "uv_size": [1, 5]},
								"down": {"uv": [1, 5], "uv_size": [1, -5]}
							}
						},
						{
							"origin": [0.51563, -0.31562, -3.98437],
							"size": [0.07813, 0.5625, 1.71875],
							"uv": {
								"north": {"uv": [3, 21], "uv_size": [0.5, 0.5]},
								"south": {"uv": [21, 3], "uv_size": [0.5, 0.5]},
								"up": {"uv": [12, 9], "uv_size": [0.5, 1.5]},
								"down": {"uv": [11, 13.5], "uv_size": [0.5, -1.5]}
							}
						},
						{
							"origin": [0.5071, -0.27972, -3.98437],
							"size": [0.125, 0.17677, 1.71875],
							"inflate": -0.001,
							"pivot": [0.56959, -0.2514, -3.125],
							"rotation": [0, 0, 45],
							"uv": {
								"north": {"uv": [4, 21], "uv_size": [0.5, 0.5]},
								"south": {"uv": [21, 4], "uv_size": [0.5, 0.5]},
								"west": {"uv": [12, 11], "uv_size": [1.5, 0.5]}
							}
						},
						{
							"origin": [0.59375, -0.19062, -3.98437],
							"size": [0.125, 0.3125, 1.71875],
							"uv": {
								"north": {"uv": [5, 21], "uv_size": [0.5, 0.5]},
								"south": {"uv": [21, 5], "uv_size": [0.5, 0.5]},
								"west": {"uv": [12, 12], "uv_size": [1.5, 0.5]}
							}
						},
						{
							"origin": [-0.6321, -0.27972, -3.98437],
							"size": [0.125, 0.17677, 1.71875],
							"inflate": -0.001,
							"pivot": [-0.56959, -0.2514, -3.125],
							"rotation": [0, 0, -45],
							"uv": {
								"north": {"uv": [24, 27], "uv_size": [0.5, 0.5]},
								"east": {"uv": [14, 16], "uv_size": [1.5, 0.5]},
								"south": {"uv": [27, 24], "uv_size": [0.5, 0.5]}
							}
						},
						{
							"origin": [-0.6321, 0.0342, -3.98437],
							"size": [0.125, 0.17677, 1.71875],
							"inflate": -0.001,
							"pivot": [-0.56959, 0.18264, -3.125],
							"rotation": [0, 0, 45],
							"uv": {
								"north": {"uv": [23, 27], "uv_size": [0.5, 0.5]},
								"east": {"uv": [16, 13], "uv_size": [1.5, 0.5]},
								"south": {"uv": [27, 23], "uv_size": [0.5, 0.5]}
							}
						},
						{
							"origin": [-0.59376, -0.31562, -3.98437],
							"size": [0.07813, 0.5625, 1.71875],
							"uv": {
								"north": {"uv": [22, 27], "uv_size": [0.5, 0.5]},
								"east": {"uv": [16, 9], "uv_size": [1.5, 0.5]},
								"south": {"uv": [27, 22], "uv_size": [0.5, 0.5]},
								"west": {"uv": [11, 16], "uv_size": [1.5, 0.5]},
								"up": {"uv": [8, 16], "uv_size": [0.5, 1.5]},
								"down": {"uv": [13, 17.5], "uv_size": [0.5, -1.5]}
							}
						},
						{
							"origin": [-0.71875, -0.19062, -3.98437],
							"size": [0.125, 0.3125, 1.71875],
							"uv": {
								"north": {"uv": [21, 27], "uv_size": [0.5, 0.5]},
								"east": {"uv": [16, 8], "uv_size": [1.5, 0.5]},
								"south": {"uv": [27, 21], "uv_size": [0.5, 0.5]}
							}
						},
						{
							"origin": [0.5071, 0.0342, -3.98437],
							"size": [0.125, 0.17677, 1.71875],
							"inflate": -0.001,
							"pivot": [0.56959, 0.18264, -3.125],
							"rotation": [0, 0, -45],
							"uv": {
								"north": {"uv": [6, 21], "uv_size": [0.5, 0.5]},
								"south": {"uv": [21, 6], "uv_size": [0.5, 0.5]},
								"west": {"uv": [0, 13], "uv_size": [1.5, 0.5]}
							}
						}
					]
				},
				{
					"name": "bone3",
					"parent": "scope_body",
					"pivot": [0, 7.7, -0.25],
					"cubes": [
						{
							"origin": [-0.78125, 0.43437, -3.67187],
							"size": [1.5625, 0.04688, 0.5],
							"uv": {
								"east": {"uv": [7, 21], "uv_size": [0.5, 0.5]},
								"south": {"uv": [13, 1], "uv_size": [1.5, 0.5]},
								"west": {"uv": [21, 7], "uv_size": [0.5, 0.5]},
								"up": {"uv": [2, 13], "uv_size": [1.5, 0.5]},
								"down": {"uv": [13, 2.5], "uv_size": [1.5, -0.5]}
							}
						},
						{
							"origin": [-0.53125, 0.43437, -4.67187],
							"size": [1.0625, 0.04688, 1],
							"uv": {
								"east": {"uv": [1, 17], "uv_size": [1, 0.5]},
								"west": {"uv": [17, 1], "uv_size": [1, 0.5]},
								"up": {"uv": [8, 2], "uv_size": [1, 1]},
								"down": {"uv": [4, 9], "uv_size": [1, -1]}
							}
						},
						{
							"origin": [-0.53125, 0.47811, -4.7726],
							"size": [1.0625, 0.04688, 0.125],
							"inflate": 0.001,
							"pivot": [0, 0.50155, -4.74135],
							"rotation": [-30, 0, 0],
							"uv": {
								"east": {"uv": [8, 21], "uv_size": [0.5, 0.5]},
								"west": {"uv": [21, 8], "uv_size": [0.5, 0.5]},
								"up": {"uv": [2, 17], "uv_size": [1, 0.5]},
								"down": {"uv": [17, 2.5], "uv_size": [1, -0.5]}
							}
						},
						{
							"origin": [-0.53125, 0.56719, -4.77232],
							"size": [1.0625, 0.0625, 0.10938],
							"pivot": [0, 0.59063, -4.75669],
							"rotation": [-90, 0, 0],
							"uv": {
								"east": {"uv": [9, 21], "uv_size": [0.5, 0.5]},
								"west": {"uv": [21, 9], "uv_size": [0.5, 0.5]},
								"up": {"uv": [3, 17], "uv_size": [1, 0.5]},
								"down": {"uv": [17, 3.5], "uv_size": [1, -0.5]}
							}
						},
						{
							"origin": [-0.53125, 0.62512, -4.86512],
							"size": [1.0625, 0.0625, 0.26563],
							"inflate": 0.001,
							"pivot": [0, 0.64856, -4.69325],
							"rotation": [-140, 0, 0],
							"uv": {
								"east": {"uv": [10, 21], "uv_size": [0.5, 0.5]},
								"west": {"uv": [21, 10], "uv_size": [0.5, 0.5]},
								"up": {"uv": [4, 17], "uv_size": [1, 0.5]},
								"down": {"uv": [5, 17.5], "uv_size": [1, -0.5]}
							}
						},
						{
							"origin": [-0.53125, 0.79943, -4.59116],
							"size": [1.0625, 0.125, 0.10938],
							"pivot": [0, 0.82286, -4.57554],
							"rotation": [-90, 0, 0],
							"uv": {
								"north": {"uv": [17, 5], "uv_size": [1, 0.5]},
								"east": {"uv": [11, 21], "uv_size": [0.5, 0.5]},
								"west": {"uv": [21, 11], "uv_size": [0.5, 0.5]},
								"down": {"uv": [17, 6.5], "uv_size": [1, -0.5]}
							}
						},
						{
							"origin": [-0.53125, 0.62187, -4.65625],
							"size": [1.0625, 0.0625, 2.01563],
							"pivot": [0, 0.66094, -4.125],
							"rotation": [-1.5, 0, 0],
							"uv": {
								"east": {"uv": [5, 8], "uv_size": [2, 0.5]},
								"south": {"uv": [9, 17], "uv_size": [1, 0.5]},
								"west": {"uv": [7, 8], "uv_size": [2, 0.5]},
								"up": {"uv": [6, 0], "uv_size": [1, 2]},
								"down": {"uv": [2, 8], "uv_size": [1, -2]}
							}
						},
						{
							"origin": [0.3125, 0.62187, -2.64062],
							"size": [0.40625, 0.0625, 0.125],
							"pivot": [0, 0.66094, -4.125],
							"rotation": [-1.5, 0, 0],
							"uv": {
								"north": {"uv": [12, 21], "uv_size": [0.5, 0.5]},
								"east": {"uv": [21, 12], "uv_size": [0.5, 0.5]},
								"south": {"uv": [13, 21], "uv_size": [0.5, 0.5]},
								"west": {"uv": [21, 13], "uv_size": [0.5, 0.5]},
								"up": {"uv": [14, 21], "uv_size": [0.5, 0.5]},
								"down": {"uv": [21, 14.5], "uv_size": [0.5, -0.5]}
							}
						},
						{
							"origin": [0.3125, 0.43437, -3.17187],
							"size": [0.46875, 0.04688, 0.875],
							"uv": {
								"east": {"uv": [10, 17], "uv_size": [1, 0.5]},
								"west": {"uv": [17, 10], "uv_size": [1, 0.5]},
								"up": {"uv": [11, 17], "uv_size": [0.5, 1]},
								"down": {"uv": [17, 12], "uv_size": [0.5, -1]}
							}
						},
						{
							"origin": [0.44226, 0.43438, -3.77538],
							"size": [0.1875, 0.04688, 0.3125],
							"pivot": [0.50476, 0.45781, -3.71288],
							"rotation": [0, 55, 0],
							"uv": {
								"west": {"uv": [15, 21], "uv_size": [0.5, 0.5]},
								"up": {"uv": [21, 15], "uv_size": [0.5, 0.5]},
								"down": {"uv": [16, 21.5], "uv_size": [0.5, -0.5]}
							}
						},
						{
							"origin": [-0.62976, 0.43438, -3.77538],
							"size": [0.1875, 0.04688, 0.3125],
							"pivot": [-0.50476, 0.45781, -3.71288],
							"rotation": [0, -55, 0],
							"uv": {
								"east": {"uv": [21, 16], "uv_size": [0.5, 0.5]},
								"up": {"uv": [17, 21], "uv_size": [0.5, 0.5]},
								"down": {"uv": [21, 17.5], "uv_size": [0.5, -0.5]}
							}
						},
						{
							"origin": [0.375, 0.43437, -2.29687],
							"size": [0.34375, 0.04688, 0.0625],
							"uv": {
								"south": {"uv": [18, 21], "uv_size": [0.5, 0.5]},
								"up": {"uv": [21, 18], "uv_size": [0.5, 0.5]},
								"down": {"uv": [19, 21.5], "uv_size": [0.5, -0.5]}
							}
						},
						{
							"origin": [0.35905, 0.43438, -2.40926],
							"size": [0.08839, 0.04688, 0.0625],
							"inflate": -0.001,
							"pivot": [0.27556, 0.45781, -2.37801],
							"rotation": [0, -45, 0],
							"uv": {
								"south": {"uv": [21, 19], "uv_size": [0.5, 0.5]},
								"up": {"uv": [20, 21], "uv_size": [0.5, 0.5]},
								"down": {"uv": [21, 20.5], "uv_size": [0.5, -0.5]}
							}
						},
						{
							"origin": [0.64631, 0.43438, -2.40926],
							"size": [0.08839, 0.04688, 0.0625],
							"inflate": -0.001,
							"pivot": [0.81819, 0.45781, -2.37801],
							"rotation": [0, 45, 0],
							"uv": {
								"south": {"uv": [21, 21], "uv_size": [0.5, 0.5]},
								"up": {"uv": [0, 22], "uv_size": [0.5, 0.5]},
								"down": {"uv": [22, 0.5], "uv_size": [0.5, -0.5]}
							}
						},
						{
							"origin": [-0.78125, 0.43437, -3.17187],
							"size": [0.46875, 0.04688, 0.875],
							"uv": {
								"east": {"uv": [12, 17], "uv_size": [1, 0.5]},
								"west": {"uv": [17, 12], "uv_size": [1, 0.5]},
								"up": {"uv": [14, 17], "uv_size": [0.5, 1]},
								"down": {"uv": [17, 15], "uv_size": [0.5, -1]}
							}
						},
						{
							"origin": [-0.7347, 0.43438, -2.40926],
							"size": [0.08839, 0.04688, 0.0625],
							"inflate": -0.001,
							"pivot": [-0.81819, 0.45781, -2.37801],
							"rotation": [0, -45, 0],
							"uv": {
								"south": {"uv": [1, 22], "uv_size": [0.5, 0.5]},
								"up": {"uv": [22, 1], "uv_size": [0.5, 0.5]},
								"down": {"uv": [2, 22.5], "uv_size": [0.5, -0.5]}
							}
						},
						{
							"origin": [-0.71875, 0.43437, -2.29687],
							"size": [0.34375, 0.04688, 0.0625],
							"uv": {
								"south": {"uv": [22, 2], "uv_size": [0.5, 0.5]},
								"up": {"uv": [3, 22], "uv_size": [0.5, 0.5]},
								"down": {"uv": [22, 3.5], "uv_size": [0.5, -0.5]}
							}
						},
						{
							"origin": [-0.44744, 0.43438, -2.40926],
							"size": [0.08839, 0.04688, 0.0625],
							"inflate": -0.001,
							"pivot": [-0.27556, 0.45781, -2.37801],
							"rotation": [0, 45, 0],
							"uv": {
								"south": {"uv": [4, 22], "uv_size": [0.5, 0.5]},
								"up": {"uv": [22, 4], "uv_size": [0.5, 0.5]},
								"down": {"uv": [5, 22.5], "uv_size": [0.5, -0.5]}
							}
						},
						{
							"origin": [0.3125, 0.62187, -2.51562],
							"size": [0.53125, 0.0625, 0.375],
							"pivot": [0, 0.66094, -4.125],
							"rotation": [-1.5, 0, 0],
							"uv": {
								"north": {"uv": [22, 5], "uv_size": [0.5, 0.5]},
								"east": {"uv": [6, 22], "uv_size": [0.5, 0.5]},
								"south": {"uv": [22, 6], "uv_size": [0.5, 0.5]},
								"west": {"uv": [7, 22], "uv_size": [0.5, 0.5]},
								"up": {"uv": [22, 7], "uv_size": [0.5, 0.5]},
								"down": {"uv": [8, 22.5], "uv_size": [0.5, -0.5]}
							}
						},
						{
							"origin": [0.63337, 0.5683, -2.0604],
							"size": [0.17678, 0.0625, 0.125],
							"inflate": -0.001,
							"pivot": [0.57812, 0.59955, -2.07903],
							"rotation": [-2.12084, 44.98037, -1.49949],
							"uv": {
								"south": {"uv": [22, 8], "uv_size": [0.5, 0.5]},
								"up": {"uv": [9, 22], "uv_size": [0.5, 0.5]},
								"down": {"uv": [22, 9.5], "uv_size": [0.5, -0.5]}
							}
						},
						{
							"origin": [0.34611, 0.5683, -2.0604],
							"size": [0.17678, 0.0625, 0.125],
							"inflate": -0.001,
							"pivot": [0.57812, 0.59955, -2.07903],
							"rotation": [-2.12084, -44.98037, 1.49949],
							"uv": {
								"south": {"uv": [10, 22], "uv_size": [0.5, 0.5]},
								"up": {"uv": [22, 10], "uv_size": [0.5, 0.5]},
								"down": {"uv": [11, 22.5], "uv_size": [0.5, -0.5]}
							}
						},
						{
							"origin": [0.63337, 0.57926, -2.56026],
							"size": [0.17678, 0.0625, 0.125],
							"inflate": -0.001,
							"pivot": [0.77399, 0.61051, -2.49776],
							"rotation": [-2.12084, -44.98037, 1.49949],
							"uv": {
								"north": {"uv": [22, 11], "uv_size": [0.5, 0.5]},
								"up": {"uv": [12, 22], "uv_size": [0.5, 0.5]},
								"down": {"uv": [22, 12.5], "uv_size": [0.5, -0.5]}
							}
						},
						{
							"origin": [-0.71875, 0.62187, -2.64062],
							"size": [0.40625, 0.0625, 0.125],
							"pivot": [0, 0.66094, -4.125],
							"rotation": [-1.5, 0, 0],
							"uv": {
								"north": {"uv": [13, 22], "uv_size": [0.5, 0.5]},
								"east": {"uv": [22, 13], "uv_size": [0.5, 0.5]},
								"south": {"uv": [14, 22], "uv_size": [0.5, 0.5]},
								"west": {"uv": [22, 14], "uv_size": [0.5, 0.5]},
								"up": {"uv": [15, 22], "uv_size": [0.5, 0.5]},
								"down": {"uv": [22, 15.5], "uv_size": [0.5, -0.5]}
							}
						},
						{
							"origin": [-0.84375, 0.62187, -2.51562],
							"size": [0.53125, 0.0625, 0.375],
							"pivot": [0, 0.66094, -4.125],
							"rotation": [-1.5, 0, 0],
							"uv": {
								"north": {"uv": [16, 22], "uv_size": [0.5, 0.5]},
								"east": {"uv": [22, 16], "uv_size": [0.5, 0.5]},
								"south": {"uv": [17, 22], "uv_size": [0.5, 0.5]},
								"west": {"uv": [22, 17], "uv_size": [0.5, 0.5]},
								"up": {"uv": [18, 22], "uv_size": [0.5, 0.5]},
								"down": {"uv": [22, 18.5], "uv_size": [0.5, -0.5]}
							}
						},
						{
							"origin": [-0.81014, 0.57926, -2.56026],
							"size": [0.17678, 0.0625, 0.125],
							"inflate": -0.001,
							"pivot": [-0.77399, 0.61051, -2.49776],
							"rotation": [-2.12084, 44.98037, -1.49949],
							"uv": {
								"north": {"uv": [19, 22], "uv_size": [0.5, 0.5]},
								"up": {"uv": [22, 19], "uv_size": [0.5, 0.5]},
								"down": {"uv": [20, 22.5], "uv_size": [0.5, -0.5]}
							}
						},
						{
							"origin": [-0.81014, 0.5683, -2.0604],
							"size": [0.17678, 0.0625, 0.125],
							"inflate": -0.001,
							"pivot": [-0.57812, 0.59955, -2.07903],
							"rotation": [-2.12084, -44.98037, 1.49949],
							"uv": {
								"south": {"uv": [22, 20], "uv_size": [0.5, 0.5]},
								"up": {"uv": [21, 22], "uv_size": [0.5, 0.5]},
								"down": {"uv": [22, 21.5], "uv_size": [0.5, -0.5]}
							}
						},
						{
							"origin": [-0.52288, 0.5683, -2.0604],
							"size": [0.17678, 0.0625, 0.125],
							"inflate": -0.001,
							"pivot": [-0.57812, 0.59955, -2.07903],
							"rotation": [-2.12084, 44.98037, -1.49949],
							"uv": {
								"south": {"uv": [22, 22], "uv_size": [0.5, 0.5]},
								"up": {"uv": [0, 23], "uv_size": [0.5, 0.5]},
								"down": {"uv": [23, 0.5], "uv_size": [0.5, -0.5]}
							}
						},
						{
							"origin": [-0.96875, 0.68437, -4.53373],
							"size": [1.82553, 0.23438, 0.1431],
							"pivot": [0, 0.66094, -4.125],
							"rotation": [-1.5, 0, 0],
							"uv": {
								"north": {"uv": [0, 9], "uv_size": [2, 0.5]},
								"west": {"uv": [1, 23], "uv_size": [0.5, 0.5]},
								"up": {"uv": [9, 1], "uv_size": [2, 0.5]},
								"down": {"uv": [2, 9.5], "uv_size": [2, -0.5]}
							}
						},
						{
							"origin": [-0.96875, 0.68437, -4.39062],
							"size": [1.875, 0.23438, 2.25],
							"pivot": [0, 0.66094, -4.125],
							"rotation": [-1.5, 0, 0],
							"uv": {
								"north": {"uv": [9, 2], "uv_size": [2, 0.5]},
								"east": {"uv": [3, 6], "uv_size": [2.5, 0.5]},
								"west": {"uv": [6, 3], "uv_size": [2.5, 0.5]},
								"up": {"uv": [2, 0], "uv_size": [2, 2.5]},
								"down": {"uv": [2, 5.5], "uv_size": [2, -2.5]}
							}
						},
						{
							"origin": [-0.96875, 0.91875, -4.53373],
							"size": [0.10938, 0.4375, 1.4556],
							"pivot": [0, 0.66094, -4.125],
							"rotation": [-1.5, 0, 0],
							"uv": {
								"north": {"uv": [23, 1], "uv_size": [0.5, 0.5]},
								"east": {"uv": [13, 3], "uv_size": [1.5, 0.5]},
								"south": {"uv": [2, 23], "uv_size": [0.5, 0.5]},
								"west": {"uv": [4, 13], "uv_size": [1.5, 0.5]},
								"up": {"uv": [13, 8], "uv_size": [0.5, 1.5]},
								"down": {"uv": [9, 14.5], "uv_size": [0.5, -1.5]}
							}
						},
						{
							"origin": [-1.09375, 0.80937, -4.53373],
							"size": [0.125, 0.42187, 1.4556],
							"pivot": [0, 0.66094, -4.125],
							"rotation": [-1.5, 0, 0],
							"uv": {
								"north": {"uv": [23, 2], "uv_size": [0.5, 0.5]},
								"east": {"uv": [13, 10], "uv_size": [1.5, 0.5]},
								"south": {"uv": [3, 23], "uv_size": [0.5, 0.5]},
								"west": {"uv": [12, 13], "uv_size": [1.5, 0.5]},
								"up": {"uv": [10, 13], "uv_size": [0.5, 1.5]},
								"down": {"uv": [0, 15.5], "uv_size": [0.5, -1.5]}
							}
						},
						{
							"origin": [-0.9629, 1.11669, -4.51616],
							"size": [0.125, 0.17678, 1.4556],
							"pivot": [-0.9004, 1.32763, -3.78836],
							"rotation": [-1.06078, 1.0606, 44.99018],
							"uv": {
								"north": {"uv": [23, 3], "uv_size": [0.5, 0.5]},
								"east": {"uv": [14, 0], "uv_size": [1.5, 0.5]},
								"south": {"uv": [4, 23], "uv_size": [0.5, 0.5]},
								"west": {"uv": [1, 14], "uv_size": [1.5, 0.5]},
								"up": {"uv": [3, 14], "uv_size": [0.5, 1.5]},
								"down": {"uv": [4, 15.5], "uv_size": [0.5, -1.5]}
							}
						},
						{
							"origin": [-1.04956, 0.69428, -4.53043],
							"size": [0.125, 0.17678, 1.4556],
							"pivot": [-0.98706, 0.78267, -3.80263],
							"rotation": [-1.06078, -1.0606, -44.99018],
							"uv": {
								"north": {"uv": [23, 4], "uv_size": [0.5, 0.5]},
								"east": {"uv": [14, 4], "uv_size": [1.5, 0.5]},
								"south": {"uv": [5, 23], "uv_size": [0.5, 0.5]},
								"west": {"uv": [5, 14], "uv_size": [1.5, 0.5]},
								"up": {"uv": [14, 5], "uv_size": [0.5, 1.5]},
								"down": {"uv": [7, 15.5], "uv_size": [0.5, -1.5]}
							}
						},
						{
							"origin": [-1.29, 1.46147, -4.52136],
							"size": [0.125, 0.12597, 1.4556],
							"pivot": [-1.22656, 1.12936, -3.80794],
							"rotation": [-0.73876, 1.3055, 60.49158],
							"uv": {
								"north": {"uv": [23, 5], "uv_size": [0.5, 0.5]},
								"east": {"uv": [14, 7], "uv_size": [1.5, 0.5]},
								"south": {"uv": [6, 23], "uv_size": [0.5, 0.5]},
								"west": {"uv": [14, 8], "uv_size": [1.5, 0.5]},
								"up": {"uv": [8, 14], "uv_size": [0.5, 1.5]},
								"down": {"uv": [11, 15.5], "uv_size": [0.5, -1.5]}
							}
						},
						{
							"origin": [-0.96875, 0.91875, -3.20313],
							"size": [0.47098, 0.1875, 1.0625],
							"pivot": [0, 0.66094, -4.125],
							"rotation": [-1.5, 0, 0],
							"uv": {
								"north": {"uv": [23, 6], "uv_size": [0.5, 0.5]},
								"east": {"uv": [15, 17], "uv_size": [1, 0.5]},
								"south": {"uv": [7, 23], "uv_size": [0.5, 0.5]},
								"west": {"uv": [17, 15], "uv_size": [1, 0.5]},
								"up": {"uv": [16, 17], "uv_size": [0.5, 1]},
								"down": {"uv": [17, 17], "uv_size": [0.5, -1]}
							}
						},
						{
							"origin": [-0.71875, 0.91875, -4.53373],
							"size": [0.22098, 0.1875, 1.3306],
							"pivot": [0, 0.66094, -4.125],
							"rotation": [-1.5, 0, 0],
							"uv": {
								"north": {"uv": [23, 7], "uv_size": [0.5, 0.5]},
								"west": {"uv": [14, 9], "uv_size": [1.5, 0.5]}
							}
						},
						{
							"origin": [0.49777, 0.91875, -3.07812],
							"size": [0.40848, 0.1875, 1.0145],
							"pivot": [0, 0.66094, -4.125],
							"rotation": [-1.5, 0, 0],
							"uv": {
								"west": {"uv": [9, 18], "uv_size": [1, 0.5]},
								"up": {"uv": [18, 9], "uv_size": [0.5, 1]}
							}
						},
						{
							"origin": [0.49626, 0.91875, -4.53372],
							"size": [0.22249, 0.18622, 1.45559],
							"pivot": [0, 0.66094, -4.125],
							"rotation": [-1.5, 0, 0],
							"uv": {
								"north": {"uv": [8, 23], "uv_size": [0.5, 0.5]},
								"up": {"uv": [14, 11], "uv_size": [0.5, 1.5]}
							}
						},
						{
							"origin": [-0.96985, 0.62972, -2.13766],
							"size": [0.26673, 0.42187, 0.20089],
							"inflate": -0.001,
							"pivot": [-0.76562, 0.74691, -2.0361],
							"rotation": [-2.46306, -52.47442, 1.95386],
							"uv": {
								"south": {"uv": [23, 8], "uv_size": [0.5, 0.5]},
								"up": {"uv": [9, 23], "uv_size": [0.5, 0.5]},
								"down": {"uv": [23, 9.5], "uv_size": [0.5, -0.5]}
							}
						},
						{
							"origin": [0.70183, 0.62972, -2.13766],
							"size": [0.16761, 0.42187, 0.19954],
							"inflate": -0.001,
							"pivot": [0.76562, 0.74691, -2.0361],
							"rotation": [-2.50597, 53.22372, -2.00769],
							"uv": {
								"south": {"uv": [28, 11], "uv_size": [0.5, 0.5]},
								"up": {"uv": [12, 28], "uv_size": [0.5, 0.5]},
								"down": {"uv": [28, 12.5], "uv_size": [0.5, -0.5]}
							}
						},
						{
							"origin": [0.71875, 0.91875, -4.53373],
							"size": [0.13803, 0.50713, 1.4556],
							"pivot": [0, 0.66094, -4.125],
							"rotation": [-1.5, 0, 0],
							"uv": {
								"north": {"uv": [10, 23], "uv_size": [0.5, 0.5]},
								"east": {"uv": [12, 14], "uv_size": [1.5, 0.5]},
								"south": {"uv": [23, 10], "uv_size": [0.5, 0.5]},
								"west": {"uv": [14, 13], "uv_size": [1.5, 0.5]}
							}
						},
						{
							"origin": [1.14346, 1.69617, -4.26089],
							"size": [0.14062, 0.3338, 0.875],
							"pivot": [0.42471, 1.43836, -4.10464],
							"rotation": [0, -1.5, -90],
							"uv": {
								"north": {"uv": [11, 23], "uv_size": [0.5, 0.5]},
								"east": {"uv": [17, 17], "uv_size": [1, 0.5]},
								"south": {"uv": [23, 11], "uv_size": [0.5, 0.5]},
								"west": {"uv": [0, 18], "uv_size": [1, 0.5]}
							}
						},
						{
							"origin": [-1.20954, 1.57435, -4.26408],
							"size": [0.14063, 0.25, 0.875],
							"pivot": [-0.35016, 1.31654, -4.10783],
							"rotation": [-0.51313, 1.40952, 69.99369],
							"uv": {
								"north": {"uv": [12, 23], "uv_size": [0.5, 0.5]},
								"east": {"uv": [18, 0], "uv_size": [1, 0.5]},
								"south": {"uv": [23, 12], "uv_size": [0.5, 0.5]},
								"west": {"uv": [1, 18], "uv_size": [1, 0.5]}
							}
						},
						{
							"origin": [-1.10099, 1.415, -3.39326],
							"size": [0.14063, 0.0625, 0.10938],
							"pivot": [-0.24162, 1.15719, -4.11201],
							"rotation": [-1.06078, 1.0606, 44.99018],
							"uv": {
								"east": {"uv": [13, 23], "uv_size": [0.5, 0.5]},
								"south": {"uv": [23, 13], "uv_size": [0.5, 0.5]},
								"west": {"uv": [14, 23], "uv_size": [0.5, 0.5]}
							}
						},
						{
							"origin": [-0.61961, 1.89055, -3.38242],
							"size": [0.14062, 0.32709, 0.10309],
							"inflate": -0.001,
							"pivot": [-0.5493, 1.94515, -3.32773],
							"rotation": [19.93922, 1.0606, 44.99018],
							"uv": {
								"east": {"uv": [23, 14], "uv_size": [0.5, 0.5]},
								"south": {"uv": [15, 23], "uv_size": [0.5, 0.5]},
								"west": {"uv": [23, 15], "uv_size": [0.5, 0.5]}
							}
						},
						{
							"origin": [1.06891, 1.57435, -4.26408],
							"size": [0.14063, 0.25, 0.875],
							"pivot": [0.35016, 1.31654, -4.10783],
							"rotation": [-0.51313, -1.40952, -69.99369],
							"uv": {
								"north": {"uv": [16, 23], "uv_size": [0.5, 0.5]},
								"east": {"uv": [18, 1], "uv_size": [1, 0.5]},
								"south": {"uv": [23, 16], "uv_size": [0.5, 0.5]},
								"west": {"uv": [2, 18], "uv_size": [1, 0.5]}
							}
						},
						{
							"origin": [0.47899, 1.89055, -3.38242],
							"size": [0.14062, 0.32709, 0.10309],
							"inflate": -0.001,
							"pivot": [0.5493, 1.94515, -3.32773],
							"rotation": [19.93922, -1.0606, -44.99018],
							"uv": {
								"east": {"uv": [17, 23], "uv_size": [0.5, 0.5]},
								"south": {"uv": [23, 17], "uv_size": [0.5, 0.5]},
								"west": {"uv": [18, 23], "uv_size": [0.5, 0.5]}
							}
						},
						{
							"origin": [0.96037, 1.415, -4.26826],
							"size": [0.14063, 0.375, 0.875],
							"pivot": [0.24162, 1.15719, -4.11201],
							"rotation": [-1.06078, -1.0606, -44.99018],
							"uv": {
								"north": {"uv": [23, 18], "uv_size": [0.5, 0.5]},
								"east": {"uv": [18, 2], "uv_size": [1, 0.5]},
								"south": {"uv": [19, 23], "uv_size": [0.5, 0.5]},
								"west": {"uv": [3, 18], "uv_size": [1, 0.5]}
							}
						},
						{
							"origin": [0.96037, 1.415, -4.36201],
							"size": [0.14063, 0.0625, 0.09375],
							"pivot": [0.24162, 1.15719, -4.11201],
							"rotation": [-1.06078, -1.0606, -44.99018],
							"uv": {
								"north": {"uv": [23, 19], "uv_size": [0.5, 0.5]},
								"east": {"uv": [20, 23], "uv_size": [0.5, 0.5]},
								"west": {"uv": [23, 20], "uv_size": [0.5, 0.5]}
							}
						},
						{
							"origin": [1.00304, 1.43766, -4.47098],
							"size": [0.14063, 0.32813, 0.09375],
							"inflate": -0.001,
							"pivot": [0.28429, 1.11735, -4.22098],
							"rotation": [-18.56078, -1.0606, -44.99018],
							"uv": {
								"north": {"uv": [21, 23], "uv_size": [0.5, 0.5]},
								"east": {"uv": [23, 21], "uv_size": [0.5, 0.5]},
								"west": {"uv": [22, 23], "uv_size": [0.5, 0.5]}
							}
						},
						{
							"origin": [0.96037, 1.415, -3.39326],
							"size": [0.14063, 0.0625, 0.10938],
							"pivot": [0.24162, 1.15719, -4.11201],
							"rotation": [-1.06078, -1.0606, -44.99018],
							"uv": {
								"east": {"uv": [23, 22], "uv_size": [0.5, 0.5]},
								"south": {"uv": [23, 23], "uv_size": [0.5, 0.5]},
								"west": {"uv": [0, 24], "uv_size": [0.5, 0.5]}
							}
						},
						{
							"origin": [0.85875, 1.1403, -3.29107],
							"size": [0.14063, 0.0625, 0.21875],
							"pivot": [0.14, 0.88249, -4.1192],
							"rotation": [-1.40958, -0.51298, -19.99369],
							"uv": {
								"north": {"uv": [24, 0], "uv_size": [0.5, 0.5]},
								"east": {"uv": [1, 24], "uv_size": [0.5, 0.5]},
								"south": {"uv": [24, 1], "uv_size": [0.5, 0.5]},
								"west": {"uv": [2, 24], "uv_size": [0.5, 0.5]},
								"up": {"uv": [24, 2], "uv_size": [0.5, 0.5]},
								"down": {"uv": [3, 24.5], "uv_size": [0.5, -0.5]}
							}
						},
						{
							"origin": [0.69127, 1.39383, -3.32752],
							"size": [0.14063, 0.53125, 0.25],
							"inflate": -0.001,
							"pivot": [0.76159, 1.45633, -3.14002],
							"rotation": [23.59042, -0.51298, -19.99369],
							"uv": {
								"north": {"uv": [24, 3], "uv_size": [0.5, 0.5]},
								"east": {"uv": [4, 24], "uv_size": [0.5, 0.5]},
								"south": {"uv": [24, 4], "uv_size": [0.5, 0.5]},
								"west": {"uv": [5, 24], "uv_size": [0.5, 0.5]},
								"up": {"uv": [24, 5], "uv_size": [0.5, 0.5]},
								"down": {"uv": [6, 24.5], "uv_size": [0.5, -0.5]}
							}
						},
						{
							"origin": [0.85616, 1.13909, -4.52775],
							"size": [0.14063, 0.22634, 0.15873],
							"pivot": [0.13741, 0.88886, -4.09025],
							"rotation": [-1.40958, -0.51298, -19.99369],
							"uv": {
								"north": {"uv": [24, 6], "uv_size": [0.5, 0.5]},
								"east": {"uv": [7, 24], "uv_size": [0.5, 0.5]},
								"west": {"uv": [24, 7], "uv_size": [0.5, 0.5]}
							}
						},
						{
							"origin": [0.84047, 1.19417, -4.69504],
							"size": [0.14063, 0.34375, 0.1875],
							"inflate": -0.001,
							"pivot": [0.12172, 0.93636, -4.25754],
							"rotation": [-28.90958, -0.51298, -19.99369],
							"uv": {
								"north": {"uv": [8, 24], "uv_size": [0.5, 0.5]},
								"east": {"uv": [24, 8], "uv_size": [0.5, 0.5]},
								"west": {"uv": [9, 24], "uv_size": [0.5, 0.5]}
							}
						},
						{
							"origin": [-0.74381, 1.24442, -4.51098],
							"size": [0.0981, 0.32625, 1.36185],
							"pivot": [-0.69711, 1.52567, -3.79429],
							"rotation": [-1.49429, -0.13072, -4.9983],
							"uv": {
								"north": {"uv": [24, 9], "uv_size": [0.5, 0.5]},
								"south": {"uv": [10, 24], "uv_size": [0.5, 0.5]},
								"west": {"uv": [14, 14], "uv_size": [1.5, 0.5]}
							}
						},
						{
							"origin": [-0.99938, 1.1403, -4.3692],
							"size": [0.14063, 0.5625, 1.07813],
							"pivot": [-0.14, 0.88249, -4.1192],
							"rotation": [-1.40958, 0.51298, 19.99369],
							"uv": {
								"north": {"uv": [24, 10], "uv_size": [0.5, 0.5]},
								"east": {"uv": [18, 3], "uv_size": [1, 0.5]},
								"south": {"uv": [11, 24], "uv_size": [0.5, 0.5]},
								"west": {"uv": [4, 18], "uv_size": [1, 0.5]}
							}
						},
						{
							"origin": [-0.99679, 1.13909, -4.52775],
							"size": [0.14064, 0.22634, 0.15873],
							"pivot": [-0.13741, 0.88886, -4.09025],
							"rotation": [-1.40958, 0.51298, 19.99369],
							"uv": {
								"north": {"uv": [24, 11], "uv_size": [0.5, 0.5]},
								"east": {"uv": [12, 24], "uv_size": [0.5, 0.5]},
								"west": {"uv": [24, 12], "uv_size": [0.5, 0.5]}
							}
						},
						{
							"origin": [-0.9811, 1.19417, -4.69504],
							"size": [0.14063, 0.34375, 0.1875],
							"inflate": -0.001,
							"pivot": [-0.12172, 0.93636, -4.25754],
							"rotation": [-28.90958, 0.51298, 19.99369],
							"uv": {
								"north": {"uv": [13, 24], "uv_size": [0.5, 0.5]},
								"east": {"uv": [24, 13], "uv_size": [0.5, 0.5]},
								"west": {"uv": [14, 24], "uv_size": [0.5, 0.5]}
							}
						},
						{
							"origin": [-1.10099, 1.415, -4.36201],
							"size": [0.14063, 0.0625, 0.09375],
							"pivot": [-0.24162, 1.15719, -4.11201],
							"rotation": [-1.06078, 1.0606, 44.99018],
							"uv": {
								"north": {"uv": [24, 14], "uv_size": [0.5, 0.5]},
								"east": {"uv": [15, 24], "uv_size": [0.5, 0.5]},
								"south": {"uv": [24, 15], "uv_size": [0.5, 0.5]},
								"west": {"uv": [16, 24], "uv_size": [0.5, 0.5]},
								"up": {"uv": [24, 16], "uv_size": [0.5, 0.5]},
								"down": {"uv": [17, 24.5], "uv_size": [0.5, -0.5]}
							}
						},
						{
							"origin": [-1.14367, 1.43766, -4.47098],
							"size": [0.14063, 0.32813, 0.09375],
							"inflate": -0.001,
							"pivot": [-0.28429, 1.11735, -4.22098],
							"rotation": [-18.56078, 1.0606, 44.99018],
							"uv": {
								"north": {"uv": [24, 17], "uv_size": [0.5, 0.5]},
								"east": {"uv": [18, 24], "uv_size": [0.5, 0.5]},
								"south": {"uv": [24, 18], "uv_size": [0.5, 0.5]},
								"west": {"uv": [19, 24], "uv_size": [0.5, 0.5]},
								"up": {"uv": [24, 19], "uv_size": [0.5, 0.5]},
								"down": {"uv": [20, 24.5], "uv_size": [0.5, -0.5]}
							}
						},
						{
							"origin": [-1.10099, 1.415, -4.26826],
							"size": [0.14063, 0.375, 0.875],
							"pivot": [-0.24162, 1.15719, -4.11201],
							"rotation": [-1.06078, 1.0606, 44.99018],
							"uv": {
								"north": {"uv": [24, 20], "uv_size": [0.5, 0.5]},
								"east": {"uv": [18, 4], "uv_size": [1, 0.5]},
								"south": {"uv": [21, 24], "uv_size": [0.5, 0.5]},
								"west": {"uv": [5, 18], "uv_size": [1, 0.5]}
							}
						},
						{
							"origin": [0.85875, 1.1403, -4.3692],
							"size": [0.14063, 0.5625, 1.07813],
							"pivot": [0.14, 0.88249, -4.1192],
							"rotation": [-1.40958, -0.51298, -19.99369],
							"uv": {
								"north": {"uv": [24, 21], "uv_size": [0.5, 0.5]},
								"east": {"uv": [18, 5], "uv_size": [1, 0.5]},
								"south": {"uv": [22, 24], "uv_size": [0.5, 0.5]},
								"west": {"uv": [6, 18], "uv_size": [1, 0.5]}
							}
						},
						{
							"origin": [-0.99938, 1.1403, -3.29107],
							"size": [0.14063, 0.0625, 0.21875],
							"pivot": [-0.14, 0.88249, -4.1192],
							"rotation": [-1.40958, 0.51298, 19.99369],
							"uv": {
								"east": {"uv": [24, 22], "uv_size": [0.5, 0.5]},
								"south": {"uv": [23, 24], "uv_size": [0.5, 0.5]},
								"west": {"uv": [24, 23], "uv_size": [0.5, 0.5]}
							}
						},
						{
							"origin": [-0.8319, 1.39383, -3.32752],
							"size": [0.14063, 0.53125, 0.25],
							"inflate": -0.001,
							"pivot": [-0.76159, 1.45633, -3.14002],
							"rotation": [23.59042, 0.51298, 19.99369],
							"uv": {
								"east": {"uv": [24, 24], "uv_size": [0.5, 0.5]},
								"south": {"uv": [0, 25], "uv_size": [0.5, 0.5]},
								"west": {"uv": [25, 0], "uv_size": [0.5, 0.5]}
							}
						},
						{
							"origin": [-0.85937, 0.91875, -4.53373],
							"size": [0.14063, 0.5, 1.4556],
							"pivot": [0, 0.66094, -4.125],
							"rotation": [-1.5, 0, 0],
							"uv": {
								"north": {"uv": [1, 25], "uv_size": [0.5, 0.5]},
								"south": {"uv": [25, 1], "uv_size": [0.5, 0.5]},
								"west": {"uv": [1, 15], "uv_size": [1.5, 0.5]}
							}
						},
						{
							"origin": [-0.53332, 1.54689, -4.52055],
							"size": [0.33006, 0.30675, 2.3931],
							"pivot": [0.45105, 1.16407, -4.11182],
							"rotation": [-0.96431, -1.14901, -49.99033],
							"uv": {
								"north": {"uv": [2, 25], "uv_size": [0.5, 0.5]},
								"west": {"uv": [6, 6], "uv_size": [2.5, 0.5]}
							}
						},
						{
							"origin": [0.38507, 1.41498, -4.52461],
							"size": [0.21317, 0.3509, 1.36185],
							"pivot": [-0.25878, 1.00916, -4.11588],
							"rotation": [-1.35952, 0.63387, 24.99248],
							"uv": {
								"north": {"uv": [25, 2], "uv_size": [0.5, 0.5]},
								"east": {"uv": [15, 1], "uv_size": [1.5, 0.5]},
								"south": {"uv": [3, 25], "uv_size": [0.5, 0.5]}
							}
						},
						{
							"origin": [0.20327, 1.54689, -4.52055],
							"size": [0.32839, 0.30476, 2.3931],
							"pivot": [-0.45105, 1.16407, -4.11182],
							"rotation": [-0.96431, 1.14901, 49.99033],
							"uv": {
								"north": {"uv": [25, 3], "uv_size": [0.5, 0.5]},
								"east": {"uv": [7, 0], "uv_size": [2.5, 0.5]}
							}
						},
						{
							"origin": [-0.6006, 1.41678, -4.52461],
							"size": [0.21469, 0.3502, 1.36185],
							"pivot": [0.25878, 1.00916, -4.11588],
							"rotation": [-1.35952, -0.63387, -24.99248],
							"uv": {
								"north": {"uv": [4, 25], "uv_size": [0.5, 0.5]},
								"south": {"uv": [25, 4], "uv_size": [0.5, 0.5]},
								"west": {"uv": [15, 2], "uv_size": [1.5, 0.5]}
							}
						},
						{
							"origin": [0.6457, 1.24442, -4.51098],
							"size": [0.0981, 0.32625, 1.36185],
							"pivot": [0.69711, 1.52567, -3.79429],
							"rotation": [-1.49429, 0.13072, 4.9983],
							"uv": {
								"north": {"uv": [5, 25], "uv_size": [0.5, 0.5]},
								"east": {"uv": [15, 3], "uv_size": [1.5, 0.5]},
								"south": {"uv": [25, 5], "uv_size": [0.5, 0.5]}
							}
						},
						{
							"origin": [0.72393, 1.28825, -4.36834],
							"size": [0.0625, 0.125, 1.3125],
							"pivot": [0.75518, 1.507, -3.71209],
							"rotation": [-1.22882, -0.8603, -34.99077],
							"uv": {
								"north": {"uv": [6, 25], "uv_size": [0.5, 0.5]},
								"east": {"uv": [5, 15], "uv_size": [1.5, 0.5]},
								"south": {"uv": [25, 6], "uv_size": [0.5, 0.5]},
								"west": {"uv": [15, 5], "uv_size": [1.5, 0.5]},
								"up": {"uv": [9, 15], "uv_size": [0.5, 1.5]},
								"down": {"uv": [10, 16.5], "uv_size": [0.5, -1.5]}
							}
						},
						{
							"origin": [0.84375, 0.91875, -4.39062],
							"size": [0.0625, 0.4375, 1.3125],
							"pivot": [0, 0.66094, -4.125],
							"rotation": [-1.5, 0, 0],
							"uv": {
								"north": {"uv": [7, 25], "uv_size": [0.5, 0.5]},
								"west": {"uv": [15, 6], "uv_size": [1.5, 0.5]}
							}
						},
						{
							"origin": [0.71875, 0.89569, -3.15174],
							"size": [0.1875, 0.23829, 1.04079],
							"inflate": -0.001,
							"pivot": [0.78906, 1.02069, -2.65782],
							"rotation": [-24.5, 0, 0],
							"uv": {
								"north": {"uv": [25, 7], "uv_size": [0.5, 0.5]},
								"east": {"uv": [18, 6], "uv_size": [1, 0.5]},
								"south": {"uv": [8, 25], "uv_size": [0.5, 0.5]},
								"west": {"uv": [7, 18], "uv_size": [1, 0.5]},
								"up": {"uv": [18, 7], "uv_size": [0.5, 1]},
								"down": {"uv": [8, 19], "uv_size": [0.5, -1]}
							}
						},
						{
							"origin": [-0.96875, 0.89569, -3.15174],
							"size": [0.25, 0.23829, 0.72829],
							"inflate": -0.001,
							"pivot": [-0.78906, 1.02069, -2.65782],
							"rotation": [-24.5, 0, 0],
							"uv": {
								"north": {"uv": [25, 8], "uv_size": [0.5, 0.5]},
								"east": {"uv": [9, 25], "uv_size": [0.5, 0.5]},
								"south": {"uv": [25, 9], "uv_size": [0.5, 0.5]},
								"west": {"uv": [10, 25], "uv_size": [0.5, 0.5]},
								"up": {"uv": [25, 10], "uv_size": [0.5, 0.5]},
								"down": {"uv": [11, 25.5], "uv_size": [0.5, -0.5]}
							}
						},
						{
							"origin": [-0.80638, 0.68437, -2.14063],
							"size": [1.61275, 0.42188, 0.21161],
							"inflate": 0.001,
							"pivot": [0, 0.66094, -4.125],
							"rotation": [-1.5, 0, 0],
							"uv": {
								"south": {"uv": [15, 10], "uv_size": [1.5, 0.5]},
								"up": {"uv": [15, 11], "uv_size": [1.5, 0.5]},
								"down": {"uv": [12, 15.5], "uv_size": [1.5, -0.5]}
							}
						},
						{
							"origin": [-0.80638, -0.47028, -1.75239],
							"size": [1.61275, 0.125, 0.375],
							"pivot": [0, -0.65156, -3.625],
							"rotation": [41, 0, 0],
							"uv": {
								"up": {"uv": [15, 12], "uv_size": [1.5, 0.5]}
							}
						},
						{
							"origin": [0.78125, 0.68437, -2.14062],
							"size": [0.125, 0.23438, 0.077],
							"pivot": [0, 0.66094, -4.125],
							"rotation": [-1.5, 0, 0],
							"uv": {
								"west": {"uv": [25, 11], "uv_size": [0.5, 0.5]},
								"down": {"uv": [12, 25.5], "uv_size": [0.5, -0.5]}
							}
						},
						{
							"origin": [0.4375, 0.5683, -2.14153],
							"size": [0.28125, 0.0625, 0.125],
							"pivot": [0.57812, 0.59955, -2.07903],
							"rotation": [-1.5, 0, 0],
							"uv": {
								"north": {"uv": [25, 12], "uv_size": [0.5, 0.5]},
								"east": {"uv": [13, 25], "uv_size": [0.5, 0.5]},
								"south": {"uv": [25, 13], "uv_size": [0.5, 0.5]},
								"west": {"uv": [14, 25], "uv_size": [0.5, 0.5]},
								"up": {"uv": [25, 14], "uv_size": [0.5, 0.5]},
								"down": {"uv": [15, 25.5], "uv_size": [0.5, -0.5]}
							}
						},
						{
							"origin": [-0.71875, 0.5683, -2.14153],
							"size": [0.28125, 0.0625, 0.125],
							"pivot": [-0.57812, 0.59955, -2.07903],
							"rotation": [-1.5, 0, 0],
							"uv": {
								"north": {"uv": [25, 15], "uv_size": [0.5, 0.5]},
								"east": {"uv": [16, 25], "uv_size": [0.5, 0.5]},
								"south": {"uv": [25, 16], "uv_size": [0.5, 0.5]},
								"west": {"uv": [17, 25], "uv_size": [0.5, 0.5]},
								"up": {"uv": [25, 17], "uv_size": [0.5, 0.5]},
								"down": {"uv": [18, 25.5], "uv_size": [0.5, -0.5]}
							}
						}
					]
				},
				{
					"name": "bone4",
					"parent": "scope_body",
					"pivot": [0, 7.7, -0.25],
					"cubes": [
						{
							"origin": [-0.76562, 0.0125, 0.0625],
							"size": [1.54688, 0.25, 0.25],
							"pivot": [0, 0.0125, 1.0625],
							"rotation": [-45, 0, 0],
							"uv": {
								"north": {"uv": [14, 15], "uv_size": [1.5, 0.5]},
								"south": {"uv": [0, 16], "uv_size": [1.5, 0.5]},
								"west": {"uv": [25, 18], "uv_size": [0.5, 0.5]},
								"up": {"uv": [16, 0], "uv_size": [1.5, 0.5]},
								"down": {"uv": [2, 16.5], "uv_size": [1.5, -0.5]}
							}
						},
						{
							"origin": [0.8125, -0.81562, -0.32812],
							"size": [0.375, 0.5, 0.5],
							"pivot": [1.48438, -0.56562, 0.67188],
							"rotation": [-45, 0, 0],
							"uv": {
								"north": {"uv": [19, 25], "uv_size": [0.5, 0.5]},
								"east": {"uv": [25, 19], "uv_size": [0.5, 0.5]},
								"south": {"uv": [20, 25], "uv_size": [0.5, 0.5]},
								"west": {"uv": [25, 20], "uv_size": [0.5, 0.5]},
								"up": {"uv": [21, 25], "uv_size": [0.5, 0.5]},
								"down": {"uv": [25, 21.5], "uv_size": [0.5, -0.5]}
							}
						},
						{
							"origin": [0.71875, -0.69062, -0.20312],
							"size": [0.09375, 0.25, 0.25],
							"pivot": [1.48438, -0.56562, 0.67188],
							"rotation": [-45, 0, 0],
							"uv": {
								"north": {"uv": [22, 25], "uv_size": [0.5, 0.5]},
								"south": {"uv": [25, 22], "uv_size": [0.5, 0.5]},
								"up": {"uv": [23, 25], "uv_size": [0.5, 0.5]},
								"down": {"uv": [25, 23.5], "uv_size": [0.5, -0.5]}
							}
						},
						{
							"origin": [0.8125, -0.81562, -3.39062],
							"size": [0.375, 0.5, 0.5],
							"pivot": [1.48438, -0.56562, -2.39062],
							"rotation": [-45, 0, 0],
							"uv": {
								"north": {"uv": [24, 25], "uv_size": [0.5, 0.5]},
								"east": {"uv": [25, 24], "uv_size": [0.5, 0.5]},
								"south": {"uv": [25, 25], "uv_size": [0.5, 0.5]},
								"west": {"uv": [0, 26], "uv_size": [0.5, 0.5]},
								"up": {"uv": [26, 0], "uv_size": [0.5, 0.5]},
								"down": {"uv": [1, 26.5], "uv_size": [0.5, -0.5]}
							}
						},
						{
							"origin": [0.71875, -0.69062, -3.26562],
							"size": [0.09375, 0.25, 0.25],
							"pivot": [1.48438, -0.56562, -2.39062],
							"rotation": [-45, 0, 0],
							"uv": {
								"north": {"uv": [26, 1], "uv_size": [0.5, 0.5]},
								"south": {"uv": [2, 26], "uv_size": [0.5, 0.5]},
								"up": {"uv": [26, 2], "uv_size": [0.5, 0.5]},
								"down": {"uv": [3, 26.5], "uv_size": [0.5, -0.5]}
							}
						},
						{
							"origin": [-1.25, 1.7625, -2.59375],
							"size": [0.5625, 0.1875, 0.1875],
							"pivot": [-0.01562, 1.7625, -1.65625],
							"rotation": [-45, 0, -90],
							"uv": {
								"north": {"uv": [26, 3], "uv_size": [0.5, 0.5]},
								"east": {"uv": [4, 26], "uv_size": [0.5, 0.5]},
								"south": {"uv": [26, 4], "uv_size": [0.5, 0.5]},
								"west": {"uv": [5, 26], "uv_size": [0.5, 0.5]},
								"up": {"uv": [26, 5], "uv_size": [0.5, 0.5]},
								"down": {"uv": [6, 26.5], "uv_size": [0.5, -0.5]}
							}
						},
						{
							"origin": [-0.6875, 1.2, -2.96875],
							"size": [0.10938, 0.1875, 0.1875],
							"pivot": [0.10938, 1.2, -2.03125],
							"rotation": [-45, 0, -90],
							"uv": {
								"north": {"uv": [26, 6], "uv_size": [0.5, 0.5]},
								"east": {"uv": [7, 26], "uv_size": [0.5, 0.5]},
								"south": {"uv": [26, 7], "uv_size": [0.5, 0.5]},
								"west": {"uv": [8, 26], "uv_size": [0.5, 0.5]},
								"up": {"uv": [26, 8], "uv_size": [0.5, 0.5]},
								"down": {"uv": [9, 26.5], "uv_size": [0.5, -0.5]}
							}
						},
						{
							"origin": [-0.6875, 1.2, -4.03125],
							"size": [0.10938, 0.1875, 0.1875],
							"pivot": [0.10938, 1.2, -3.09375],
							"rotation": [-45, 0, -90],
							"uv": {
								"north": {"uv": [26, 9], "uv_size": [0.5, 0.5]},
								"east": {"uv": [10, 26], "uv_size": [0.5, 0.5]},
								"south": {"uv": [26, 10], "uv_size": [0.5, 0.5]},
								"west": {"uv": [11, 26], "uv_size": [0.5, 0.5]},
								"up": {"uv": [26, 11], "uv_size": [0.5, 0.5]},
								"down": {"uv": [12, 26.5], "uv_size": [0.5, -0.5]}
							}
						},
						{
							"origin": [0.57813, 1.2, -2.96875],
							"size": [0.10938, 0.1875, 0.1875],
							"pivot": [-0.10937, 1.2, -2.03125],
							"rotation": [-45, 0, 90],
							"uv": {
								"north": {"uv": [26, 12], "uv_size": [0.5, 0.5]},
								"east": {"uv": [13, 26], "uv_size": [0.5, 0.5]},
								"south": {"uv": [26, 13], "uv_size": [0.5, 0.5]},
								"west": {"uv": [14, 26], "uv_size": [0.5, 0.5]},
								"up": {"uv": [26, 14], "uv_size": [0.5, 0.5]},
								"down": {"uv": [15, 26.5], "uv_size": [0.5, -0.5]}
							}
						},
						{
							"origin": [0.57813, 1.2, -4.03125],
							"size": [0.10938, 0.1875, 0.1875],
							"pivot": [-0.10937, 1.2, -3.09375],
							"rotation": [-45, 0, 90],
							"uv": {
								"north": {"uv": [26, 15], "uv_size": [0.5, 0.5]},
								"east": {"uv": [16, 26], "uv_size": [0.5, 0.5]},
								"south": {"uv": [26, 16], "uv_size": [0.5, 0.5]},
								"west": {"uv": [17, 26], "uv_size": [0.5, 0.5]},
								"up": {"uv": [26, 17], "uv_size": [0.5, 0.5]},
								"down": {"uv": [18, 26.5], "uv_size": [0.5, -0.5]}
							}
						},
						{
							"origin": [0.6875, 1.7625, -2.59375],
							"size": [0.5625, 0.1875, 0.1875],
							"pivot": [0.01563, 1.7625, -1.65625],
							"rotation": [-45, 0, 90],
							"uv": {
								"north": {"uv": [26, 18], "uv_size": [0.5, 0.5]},
								"east": {"uv": [19, 26], "uv_size": [0.5, 0.5]},
								"south": {"uv": [26, 19], "uv_size": [0.5, 0.5]},
								"west": {"uv": [20, 26], "uv_size": [0.5, 0.5]},
								"up": {"uv": [26, 20], "uv_size": [0.5, 0.5]},
								"down": {"uv": [21, 26.5], "uv_size": [0.5, -0.5]}
							}
						},
						{
							"origin": [0.12102, 1.73125, -3.1875],
							"size": [0.03125, 0.32812, 0.32813],
							"pivot": [-0.70711, 1.7625, -2.15625],
							"rotation": [-45, 0, 90],
							"uv": {
								"north": {"uv": [26, 21], "uv_size": [0.5, 0.5]},
								"east": {"uv": [22, 26], "uv_size": [0.5, 0.5]},
								"south": {"uv": [26, 22], "uv_size": [0.5, 0.5]},
								"west": {"uv": [23, 26], "uv_size": [0.5, 0.5]},
								"up": {"uv": [26, 23], "uv_size": [0.5, 0.5]},
								"down": {"uv": [24, 26.5], "uv_size": [0.5, -0.5]}
							}
						},
						{
							"origin": [0.57813, 1.7625, -1.9375],
							"size": [0.1875, 0.25, 0.25],
							"pivot": [-0.09375, 1.7625, -0.9375],
							"rotation": [-45, 0, 90],
							"uv": {
								"north": {"uv": [26, 24], "uv_size": [0.5, 0.5]},
								"east": {"uv": [25, 26], "uv_size": [0.5, 0.5]},
								"south": {"uv": [26, 25], "uv_size": [0.5, 0.5]},
								"west": {"uv": [26, 26], "uv_size": [0.5, 0.5]},
								"up": {"uv": [0, 27], "uv_size": [0.5, 0.5]},
								"down": {"uv": [27, 0.5], "uv_size": [0.5, -0.5]}
							}
						}
					]
				},
				{
					"name": "bone5",
					"parent": "scope_body",
					"pivot": [0, 7.7, -0.25],
					"cubes": [
						{
							"origin": [-0.674, 0.534, 0.91053],
							"size": [0.625, 0.432, 0.17894],
							"pivot": [-0.5625, 0.75, 1],
							"rotation": [0, 90, 0],
							"uv": {
								"east": {"uv": [1, 27], "uv_size": [0.5, 0.5]},
								"up": {"uv": [27, 1], "uv_size": [0.5, 0.5]},
								"down": {"uv": [2, 27.5], "uv_size": [0.5, -0.5]}
							}
						},
						{
							"origin": [-0.674, 0.534, 0.91053],
							"size": [0.625, 0.432, 0.17894],
							"inflate": -0.001,
							"pivot": [-0.5625, 0.75, 1],
							"rotation": [0, 90, 45],
							"uv": {
								"east": {"uv": [27, 2], "uv_size": [0.5, 0.5]},
								"up": {"uv": [3, 27], "uv_size": [0.5, 0.5]},
								"down": {"uv": [27, 3.5], "uv_size": [0.5, -0.5]}
							}
						},
						{
							"origin": [-0.674, 0.66053, 0.784],
							"size": [0.625, 0.17894, 0.432],
							"inflate": 0.001,
							"pivot": [-0.5625, 0.75, 1],
							"rotation": [0, 90, 0],
							"uv": {
								"north": {"uv": [4, 27], "uv_size": [0.5, 0.5]},
								"east": {"uv": [27, 4], "uv_size": [0.5, 0.5]},
								"south": {"uv": [5, 27], "uv_size": [0.5, 0.5]}
							}
						},
						{
							"origin": [-0.674, 0.66053, 0.784],
							"size": [0.625, 0.17894, 0.432],
							"inflate": -0.001,
							"pivot": [-0.5625, 0.75, 1],
							"rotation": [0, 90, 45],
							"uv": {
								"north": {"uv": [27, 5], "uv_size": [0.5, 0.5]},
								"east": {"uv": [6, 27], "uv_size": [0.5, 0.5]},
								"south": {"uv": [27, 6], "uv_size": [0.5, 0.5]}
							}
						},
						{
							"origin": [-1.09572, 0.94375, -4.57172],
							"size": [0.625, 0.175, 0.175],
							"pivot": [-0.81447, 1.03125, -4.48422],
							"rotation": [0, 90, 45],
							"uv": {
								"north": {"uv": [7, 27], "uv_size": [0.5, 0.5]},
								"south": {"uv": [27, 7], "uv_size": [0.5, 0.5]},
								"west": {"uv": [8, 27], "uv_size": [0.5, 0.5]},
								"up": {"uv": [27, 8], "uv_size": [0.5, 0.5]},
								"down": {"uv": [9, 27.5], "uv_size": [0.5, -0.5]}
							}
						},
						{
							"origin": [-0.924, 0.81525, -4.40197],
							"size": [0.5625, 0.432, 0.17894],
							"pivot": [-0.8125, 1.03125, -4.3125],
							"rotation": [0, 90, 0],
							"uv": {
								"west": {"uv": [27, 9], "uv_size": [0.5, 0.5]},
								"up": {"uv": [10, 27], "uv_size": [0.5, 0.5]},
								"down": {"uv": [27, 10.5], "uv_size": [0.5, -0.5]}
							}
						},
						{
							"origin": [-0.924, 0.81525, -4.40197],
							"size": [0.5625, 0.432, 0.17894],
							"inflate": -0.001,
							"pivot": [-0.8125, 1.03125, -4.3125],
							"rotation": [0, 90, 45],
							"uv": {
								"west": {"uv": [11, 27], "uv_size": [0.5, 0.5]},
								"up": {"uv": [27, 11], "uv_size": [0.5, 0.5]},
								"down": {"uv": [12, 27.5], "uv_size": [0.5, -0.5]}
							}
						},
						{
							"origin": [-0.924, 0.94178, -4.5285],
							"size": [0.5625, 0.17894, 0.432],
							"inflate": 0.001,
							"pivot": [-0.8125, 1.03125, -4.3125],
							"rotation": [0, 90, 0],
							"uv": {
								"north": {"uv": [27, 12], "uv_size": [0.5, 0.5]},
								"south": {"uv": [13, 27], "uv_size": [0.5, 0.5]},
								"west": {"uv": [27, 13], "uv_size": [0.5, 0.5]}
							}
						},
						{
							"origin": [-0.924, 0.94178, -4.5285],
							"size": [0.5625, 0.17894, 0.432],
							"inflate": -0.001,
							"pivot": [-0.8125, 1.03125, -4.3125],
							"rotation": [0, 90, 45],
							"uv": {
								"north": {"uv": [14, 27], "uv_size": [0.5, 0.5]},
								"south": {"uv": [27, 14], "uv_size": [0.5, 0.5]},
								"west": {"uv": [15, 27], "uv_size": [0.5, 0.5]}
							}
						}
					]
				},
				{
					"name": "division",
					"pivot": [0.05, 0.7625, -55.25]
				},
				{
					"name": "division_illuminated",
					"parent": "division",
					"pivot": [0.05, 0.8625, -55.25],
					"cubes": [
						{
							"origin": [-0.25, 1.2825, -55.7],
							"size": [0.5, 0.5, 0.3],
							"pivot": [0, 1.5325, -55.55],
							"rotation": [0, 0, 45],
							"uv": {
								"south": {"uv": [27, 15], "uv_size": [0.5, 0.5]}
							}
						}
					]
				},
				{
					"name": "ocular",
					"pivot": [0, 0.875, -1.975],
					"cubes": [
						{
							"origin": [-0.60363, 1.93516, -3.669],
							"size": [0.35382, 0.1875, 0.02463],
							"pivot": [-0.37481, 1.9974, -3.65669],
							"rotation": [0, 0, -45],
							"uv": {
								"south": {"uv": [16, 27], "uv_size": [0.5, 0.5]}
							}
						},
						{
							"origin": [0.24981, 1.93516, -3.669],
							"size": [0.35382, 0.1875, 0.02463],
							"pivot": [0.37481, 1.9974, -3.65669],
							"rotation": [0, 0, 45],
							"uv": {
								"south": {"uv": [27, 16], "uv_size": [0.5, 0.5]}
							}
						},
						{
							"origin": [-0.37481, 1.92418, -3.669],
							"size": [0.75, 0.25, 0.02463],
							"uv": {
								"south": {"uv": [18, 8], "uv_size": [1, 0.5]}
							}
						},
						{
							"origin": [-0.62518, 0.89927, -3.669],
							"size": [1.25, 1.02491, 0.02463],
							"uv": {
								"south": {"uv": [6, 2], "uv_size": [1.5, 1]}
							}
						}
					]
				},
				{
					"name": "scope_view",
					"pivot": [0, 1.5125, 6.75]
				}
			]
		}
	]
}