{
	"format_version": "1.12.0",
	"minecraft:geometry": [
		{
			"description": {
				"identifier": "geometry.unknown",
				"texture_width": 32,
				"texture_height": 32,
				"visible_bounds_width": 13,
				"visible_bounds_height": 1.5,
				"visible_bounds_offset": [0, 0.25, 0]
			},
			"bones": [
				{
					"name": "scope_body",
					"pivot": [0, 0, 0.625]
				},
				{
					"name": "base",
					"parent": "scope_body",
					"pivot": [-0.5, -0.22411, -0.875],
					"cubes": [
						{
							"origin": [-0.61428, -0.28661, -1.9375],
							"size": [0.17678, 0.125, 2.125],
							"inflate": -0.001,
							"pivot": [-0.5, -0.22411, -0.875],
							"rotation": [0, 0, 45],
							"uv": {
								"north": {"uv": [17, 6], "uv_size": [0.5, 0.5]},
								"south": {"uv": [7, 17], "uv_size": [0.5, 0.5]},
								"down": {"uv": [9, 2], "uv_size": [0.5, -2]}
							}
						},
						{
							"origin": [-0.625, 0.0625, -2.25],
							"size": [1.25, 0.125, 2.6875],
							"uv": {
								"east": {"uv": [7, 2], "uv_size": [2.5, 0.5]},
								"west": {"uv": [7, 3], "uv_size": [2.5, 0.5]},
								"down": {"uv": [0, 5.5], "uv_size": [1.5, -2.5]}
							}
						},
						{
							"origin": [-0.4375, 0.0625, 0.4375],
							"size": [0.875, 0.125, 0.1875],
							"uv": {
								"south": {"uv": [1, 7], "uv_size": [1, 0.5]},
								"down": {"uv": [3, 9.5], "uv_size": [1, -0.5]}
							}
						},
						{
							"origin": [0.42168, 0.0625, 0.58682],
							"size": [0.26517, 0.125, 0.1875],
							"inflate": -0.001,
							"pivot": [0.24935, 0.125, 0.68057],
							"rotation": [0, 45, 0],
							"uv": {
								"south": {"uv": [18, 12], "uv_size": [0.5, 0.5]},
								"down": {"uv": [13, 18.5], "uv_size": [0.5, -0.5]}
							}
						},
						{
							"origin": [-0.68685, 0.0625, 0.58682],
							"size": [0.26517, 0.125, 0.1875],
							"inflate": -0.001,
							"pivot": [-0.24935, 0.125, 0.68057],
							"rotation": [0, -45, 0],
							"uv": {
								"south": {"uv": [18, 13], "uv_size": [0.5, 0.5]},
								"down": {"uv": [14, 18.5], "uv_size": [0.5, -0.5]}
							}
						},
						{
							"origin": [-0.4375, 0.0625, -2.4375],
							"size": [0.875, 0.125, 0.1875],
							"uv": {
								"north": {"uv": [7, 9], "uv_size": [1, 0.5]},
								"down": {"uv": [15, 4.5], "uv_size": [1, -0.5]}
							}
						},
						{
							"origin": [0.24307, 0.0625, -2.1556],
							"size": [0.26517, 0.125, 0.1875],
							"inflate": -0.001,
							"pivot": [0.68057, 0.125, -2.06185],
							"rotation": [0, -45, 0],
							"uv": {
								"north": {"uv": [18, 10], "uv_size": [0.5, 0.5]},
								"down": {"uv": [11, 18.5], "uv_size": [0.5, -0.5]}
							}
						},
						{
							"origin": [-0.50823, 0.0625, -2.1556],
							"size": [0.26517, 0.125, 0.1875],
							"inflate": -0.001,
							"pivot": [-0.68057, 0.125, -2.06185],
							"rotation": [0, 45, 0],
							"uv": {
								"north": {"uv": [18, 11], "uv_size": [0.5, 0.5]},
								"down": {"uv": [12, 18.5], "uv_size": [0.5, -0.5]}
							}
						},
						{
							"origin": [0.375, -0.1875, -1.6875],
							"size": [0.25, 0.25, 1.6875],
							"uv": {
								"north": {"uv": [17, 3], "uv_size": [0.5, 0.5]},
								"east": {"uv": [6, 11], "uv_size": [1.5, 0.5]},
								"south": {"uv": [4, 17], "uv_size": [0.5, 0.5]},
								"west": {"uv": [11, 7], "uv_size": [1.5, 0.5]}
							}
						},
						{
							"origin": [0.625, -0.1875, -1.6875],
							"size": [0.03125, 0.25, 0.125],
							"uv": {
								"north": {"uv": [17, 11], "uv_size": [0.5, 0.5]},
								"south": {"uv": [12, 17], "uv_size": [0.5, 0.5]},
								"west": {"uv": [17, 12], "uv_size": [0.5, 0.5]}
							}
						},
						{
							"origin": [0.625, -0.1875, -0.125],
							"size": [0.03125, 0.25, 0.125],
							"uv": {
								"north": {"uv": [13, 17], "uv_size": [0.5, 0.5]},
								"south": {"uv": [17, 13], "uv_size": [0.5, 0.5]},
								"west": {"uv": [14, 17], "uv_size": [0.5, 0.5]}
							}
						},
						{
							"origin": [0.625, -0.1875, -0.5625],
							"size": [0.03125, 0.1875, 0.125],
							"uv": {
								"north": {"uv": [18, 7], "uv_size": [0.5, 0.5]},
								"south": {"uv": [8, 18], "uv_size": [0.5, 0.5]},
								"west": {"uv": [18, 8], "uv_size": [0.5, 0.5]}
							}
						},
						{
							"origin": [0.625, -0.1875, -1.25],
							"size": [0.03125, 0.1875, 0.125],
							"uv": {
								"north": {"uv": [9, 18], "uv_size": [0.5, 0.5]},
								"south": {"uv": [18, 9], "uv_size": [0.5, 0.5]},
								"west": {"uv": [10, 18], "uv_size": [0.5, 0.5]}
							}
						},
						{
							"origin": [0.625, 0, -1.5625],
							"size": [0.03125, 0.0625, 1.4375],
							"uv": {
								"west": {"uv": [11, 9], "uv_size": [1.5, 0.5]},
								"down": {"uv": [0, 13.5], "uv_size": [0.5, -1.5]}
							}
						},
						{
							"origin": [0.51373, 0.0423, -1.6875],
							"size": [0.125, 0.125, 1.6875],
							"inflate": -0.001,
							"pivot": [0.6231, 0.07355, -0.71875],
							"rotation": [0, 0, -45],
							"uv": {
								"north": {"uv": [17, 14], "uv_size": [0.5, 0.5]},
								"south": {"uv": [15, 17], "uv_size": [0.5, 0.5]},
								"west": {"uv": [12, 0], "uv_size": [1.5, 0.5]}
							}
						},
						{
							"origin": [0.375, -0.3125, -1.5625],
							"size": [0.28125, 0.125, 1.4375],
							"uv": {
								"east": {"uv": [8, 11], "uv_size": [1.5, 0.5]},
								"west": {"uv": [11, 8], "uv_size": [1.5, 0.5]},
								"up": {"uv": [10, 11], "uv_size": [0.5, 1.5]},
								"down": {"uv": [11, 12.5], "uv_size": [0.5, -1.5]}
							}
						},
						{
							"origin": [0.375, 0.17743, -0.37971],
							"size": [0.28125, 0.125, 0.17678],
							"inflate": 0.001,
							"pivot": [0.5, 0.23993, 0.33904],
							"rotation": [45, 0, 0],
							"uv": {
								"east": {"uv": [17, 7], "uv_size": [0.5, 0.5]},
								"west": {"uv": [8, 17], "uv_size": [0.5, 0.5]},
								"up": {"uv": [17, 8], "uv_size": [0.5, 0.5]},
								"down": {"uv": [9, 17.5], "uv_size": [0.5, -0.5]}
							}
						},
						{
							"origin": [0.375, -0.26831, -1.66919],
							"size": [0.28125, 0.125, 0.17678],
							"inflate": 0.001,
							"pivot": [0.5, -0.20581, -1.58081],
							"rotation": [-45, 0, 0],
							"uv": {
								"east": {"uv": [17, 9], "uv_size": [0.5, 0.5]},
								"west": {"uv": [10, 17], "uv_size": [0.5, 0.5]},
								"up": {"uv": [17, 10], "uv_size": [0.5, 0.5]},
								"down": {"uv": [11, 17.5], "uv_size": [0.5, -0.5]}
							}
						},
						{
							"origin": [-0.625, -0.1875, -1.9375],
							"size": [0.25, 0.25, 2.125],
							"uv": {
								"north": {"uv": [17, 4], "uv_size": [0.5, 0.5]},
								"east": {"uv": [8, 4], "uv_size": [2, 0.5]},
								"south": {"uv": [5, 17], "uv_size": [0.5, 0.5]},
								"west": {"uv": [8, 5], "uv_size": [2, 0.5]}
							}
						},
						{
							"origin": [-0.5, -0.3125, -1.9375],
							"size": [0.125, 0.125, 2.125],
							"uv": {
								"north": {"uv": [17, 5], "uv_size": [0.5, 0.5]},
								"south": {"uv": [6, 17], "uv_size": [0.5, 0.5]},
								"west": {"uv": [6, 8], "uv_size": [2, 0.5]},
								"down": {"uv": [8, 10], "uv_size": [0.5, -2]}
							}
						}
					]
				},
				{
					"name": "bone4",
					"parent": "base",
					"pivot": [0.69866, -0.09375, -0.84375],
					"rotation": [0, -30, 90],
					"cubes": [
						{
							"origin": [0.59474, -0.16741, -1.02375],
							"size": [0.20785, 0.15625, 0.0625],
							"inflate": -0.001,
							"uv": {
								"north": {"uv": [17, 15], "uv_size": [0.5, 0.5]},
								"south": {"uv": [16, 17], "uv_size": [0.5, 0.5]},
								"up": {"uv": [17, 16], "uv_size": [0.5, 0.5]}
							}
						},
						{
							"origin": [0.72356, -0.16741, -0.94937],
							"size": [0.20785, 0.15625, 0.0625],
							"pivot": [0.82748, -0.08929, -0.91812],
							"rotation": [0, -60, 0],
							"uv": {
								"north": {"uv": [17, 17], "uv_size": [0.5, 0.5]},
								"south": {"uv": [0, 18], "uv_size": [0.5, 0.5]},
								"up": {"uv": [18, 0], "uv_size": [0.5, 0.5]}
							}
						},
						{
							"origin": [0.56349, -0.16741, -0.96125],
							"size": [0.27035, 0.09375, 0.235],
							"pivot": [0.69866, -0.12054, -0.84375],
							"rotation": [0, -60, 0],
							"uv": {
								"up": {"uv": [7, 18], "uv_size": [0.5, 0.5]}
							}
						},
						{
							"origin": [0.46592, -0.16741, -0.94937],
							"size": [0.20785, 0.15625, 0.0625],
							"pivot": [0.56984, -0.08929, -0.91812],
							"rotation": [0, -120, 0],
							"uv": {
								"north": {"uv": [1, 18], "uv_size": [0.5, 0.5]},
								"south": {"uv": [18, 1], "uv_size": [0.5, 0.5]},
								"up": {"uv": [2, 18], "uv_size": [0.5, 0.5]}
							}
						},
						{
							"origin": [0.72356, -0.16741, -0.80062],
							"size": [0.20785, 0.15625, 0.0625],
							"inflate": -0.001,
							"pivot": [0.82748, -0.08929, -0.76937],
							"rotation": [0, -120, 0],
							"uv": {
								"north": {"uv": [18, 5], "uv_size": [0.5, 0.5]},
								"south": {"uv": [6, 18], "uv_size": [0.5, 0.5]},
								"up": {"uv": [18, 6], "uv_size": [0.5, 0.5]}
							}
						},
						{
							"origin": [0.46592, -0.16741, -0.80062],
							"size": [0.20785, 0.15625, 0.0625],
							"inflate": -0.001,
							"pivot": [0.56984, -0.08929, -0.76937],
							"rotation": [0, -60, 0],
							"uv": {
								"north": {"uv": [4, 18], "uv_size": [0.5, 0.5]},
								"south": {"uv": [18, 4], "uv_size": [0.5, 0.5]},
								"up": {"uv": [5, 18], "uv_size": [0.5, 0.5]}
							}
						},
						{
							"origin": [0.59474, -0.16741, -0.72625],
							"size": [0.20785, 0.15625, 0.0625],
							"uv": {
								"north": {"uv": [18, 2], "uv_size": [0.5, 0.5]},
								"south": {"uv": [3, 18], "uv_size": [0.5, 0.5]},
								"up": {"uv": [18, 3], "uv_size": [0.5, 0.5]}
							}
						}
					]
				},
				{
					"name": "sight",
					"parent": "scope_body",
					"pivot": [0, 0, 0.625]
				},
				{
					"name": "bone11",
					"parent": "sight",
					"pivot": [0, 0, 0.625],
					"cubes": [
						{
							"origin": [-0.8125, 0.1875, -2.4375],
							"size": [1.625, 0.1875, 3.125],
							"uv": {
								"north": {"uv": [1, 12], "uv_size": [1.5, 0.5]},
								"south": {"uv": [12, 1], "uv_size": [1.5, 0.5]},
								"down": {"uv": [2, 3], "uv_size": [1.5, -3]}
							}
						},
						{
							"origin": [-0.8125, 0.1875, -2.625],
							"size": [1.625, 0.125, 0.1875],
							"uv": {
								"north": {"uv": [12, 6], "uv_size": [1.5, 0.5]},
								"up": {"uv": [12, 10], "uv_size": [1.5, 0.5]},
								"down": {"uv": [12, 11.5], "uv_size": [1.5, -0.5]}
							}
						},
						{
							"origin": [-1, 0.25, -2.125],
							"size": [2, 0.125, 1.25],
							"inflate": 0.001,
							"uv": {
								"north": {"uv": [5, 9], "uv_size": [2, 0.5]},
								"east": {"uv": [12, 2], "uv_size": [1.5, 0.5]},
								"south": {"uv": [9, 7], "uv_size": [2, 0.5]},
								"west": {"uv": [3, 12], "uv_size": [1.5, 0.5]}
							}
						},
						{
							"origin": [-0.9375, 0.1875, -2.125],
							"size": [1.875, 0.0625, 1.25],
							"inflate": 0.001,
							"uv": {
								"north": {"uv": [9, 8], "uv_size": [2, 0.5]},
								"south": {"uv": [9, 9], "uv_size": [2, 0.5]},
								"down": {"uv": [2, 4.5], "uv_size": [2, -1.5]}
							}
						},
						{
							"origin": [1.1641, -0.42207, -2.125],
							"size": [0.08839, 0.0625, 1.25],
							"pivot": [0.31499, -0.39082, -1.5],
							"rotation": [0, 0, -45],
							"uv": {
								"north": {"uv": [18, 16], "uv_size": [0.5, 0.5]},
								"south": {"uv": [17, 18], "uv_size": [0.5, 0.5]},
								"down": {"uv": [12, 4.5], "uv_size": [0.5, -1.5]}
							}
						},
						{
							"origin": [-1.25249, -0.42207, -2.125],
							"size": [0.08839, 0.0625, 1.25],
							"pivot": [-0.31499, -0.39082, -1.5],
							"rotation": [0, 0, 45],
							"uv": {
								"north": {"uv": [18, 17], "uv_size": [0.5, 0.5]},
								"south": {"uv": [18, 18], "uv_size": [0.5, 0.5]},
								"down": {"uv": [5, 13.5], "uv_size": [0.5, -1.5]}
							}
						},
						{
							"origin": [0.70738, 0.25379, -2.4375],
							"size": [0.26517, 0.1875, 3.125],
							"inflate": -0.001,
							"pivot": [0.83996, 0.34754, -0.875],
							"rotation": [0, 0, -45],
							"uv": {
								"north": {"uv": [18, 14], "uv_size": [0.5, 0.5]},
								"south": {"uv": [15, 18], "uv_size": [0.5, 0.5]},
								"down": {"uv": [4, 7], "uv_size": [0.5, -3]}
							}
						},
						{
							"origin": [0.50823, 0.73457, -2.625],
							"size": [0.11049, 0.125, 0.1875],
							"inflate": -0.001,
							"pivot": [1.32073, 0.82832, -0.875],
							"rotation": [0, 0, -45],
							"uv": {
								"north": {"uv": [15, 19], "uv_size": [0.5, 0.5]},
								"down": {"uv": [19, 15.5], "uv_size": [0.5, -0.5]}
							}
						},
						{
							"origin": [-0.61872, 0.73457, -2.625],
							"size": [0.11049, 0.125, 0.1875],
							"inflate": -0.001,
							"pivot": [-1.32073, 0.82832, -0.875],
							"rotation": [0, 0, 45],
							"uv": {
								"north": {"uv": [16, 19], "uv_size": [0.5, 0.5]},
								"down": {"uv": [19, 16.5], "uv_size": [0.5, -0.5]}
							}
						},
						{
							"origin": [-0.97254, 0.25379, -2.4375],
							"size": [0.26517, 0.1875, 3.125],
							"inflate": -0.001,
							"pivot": [-0.83996, 0.34754, -0.875],
							"rotation": [0, 0, 45],
							"uv": {
								"north": {"uv": [18, 15], "uv_size": [0.5, 0.5]},
								"south": {"uv": [16, 18], "uv_size": [0.5, 0.5]},
								"down": {"uv": [2, 8], "uv_size": [0.5, -3]}
							}
						},
						{
							"origin": [-1, 0.375, -2.4375],
							"size": [2, 0.3125, 3.125],
							"uv": {
								"north": {"uv": [8, 6], "uv_size": [2, 0.5]},
								"east": {"uv": [4, 2], "uv_size": [3, 0.5]},
								"south": {"uv": [1, 9], "uv_size": [2, 0.5]},
								"west": {"uv": [4, 3], "uv_size": [3, 0.5]},
								"up": {"uv": [0, 0], "uv_size": [2, 3]}
							}
						},
						{
							"origin": [-0.625, 0.6875, -2.4375],
							"size": [1.25, 0.1875, 1.3125],
							"uv": {
								"north": {"uv": [6, 13], "uv_size": [1.5, 0.5]},
								"south": {"uv": [13, 7], "uv_size": [1.5, 0.5]},
								"up": {"uv": [4, 0], "uv_size": [1.5, 1.5]}
							}
						},
						{
							"origin": [0.3125, 0.80492, -1.20581],
							"size": [0.125, 0.1875, 0.375],
							"inflate": -0.001,
							"pivot": [0.03125, 0.92992, -1.08081],
							"rotation": [-45, 0, 0],
							"uv": {
								"east": {"uv": [6, 22], "uv_size": [0.5, 0.5]},
								"west": {"uv": [22, 6], "uv_size": [0.5, 0.5]},
								"up": {"uv": [7, 22], "uv_size": [0.5, 0.5]}
							}
						},
						{
							"origin": [-0.4375, 0.875, -1.375],
							"size": [0.875, 0.125, 0.25],
							"uv": {
								"north": {"uv": [1, 17], "uv_size": [1, 0.5]},
								"east": {"uv": [22, 28], "uv_size": [0.5, 0.5]},
								"south": {"uv": [17, 1], "uv_size": [1, 0.5]},
								"west": {"uv": [28, 22], "uv_size": [0.5, 0.5]},
								"up": {"uv": [2, 17], "uv_size": [1, 0.5]}
							}
						},
						{
							"origin": [-0.4375, 0.80492, -1.20581],
							"size": [0.125, 0.1875, 0.375],
							"inflate": -0.001,
							"pivot": [-0.03125, 0.92992, -1.08081],
							"rotation": [-45, 0, 0],
							"uv": {
								"east": {"uv": [22, 7], "uv_size": [0.5, 0.5]},
								"west": {"uv": [8, 22], "uv_size": [0.5, 0.5]},
								"up": {"uv": [22, 8], "uv_size": [0.5, 0.5]}
							}
						},
						{
							"origin": [-0.625, 0.67264, -1.1427],
							"size": [0.1875, 0.1875, 1.25],
							"pivot": [0, 0.76639, -1.04895],
							"rotation": [-10, 0, 0],
							"uv": {
								"south": {"uv": [16, 21], "uv_size": [0.5, 0.5]},
								"west": {"uv": [13, 8], "uv_size": [1.5, 0.5]},
								"up": {"uv": [10, 13], "uv_size": [0.5, 1.5]}
							}
						},
						{
							"origin": [0.4375, 0.67264, -1.1427],
							"size": [0.1875, 0.1875, 1.25],
							"pivot": [0, 0.76639, -1.04895],
							"rotation": [-10, 0, 0],
							"uv": {
								"east": {"uv": [13, 9], "uv_size": [1.5, 0.5]},
								"south": {"uv": [21, 16], "uv_size": [0.5, 0.5]},
								"up": {"uv": [11, 13], "uv_size": [0.5, 1.5]}
							}
						},
						{
							"origin": [-0.4375, 0.67264, -1.1427],
							"size": [0.875, 0.1875, 0.375],
							"pivot": [0, 0.76639, -1.04895],
							"rotation": [-10, 0, 0],
							"uv": {
								"south": {"uv": [7, 15], "uv_size": [1, 0.5]},
								"up": {"uv": [15, 7], "uv_size": [1, 0.5]}
							}
						},
						{
							"origin": [0.625, 0.6875, -2.4375],
							"size": [0.1875, 0.1875, 2.625],
							"uv": {
								"north": {"uv": [21, 4], "uv_size": [0.5, 0.5]},
								"east": {"uv": [6, 7], "uv_size": [2.5, 0.5]},
								"south": {"uv": [5, 21], "uv_size": [0.5, 0.5]},
								"up": {"uv": [0, 7], "uv_size": [0.5, 2.5]}
							}
						},
						{
							"origin": [-0.8125, 0.6875, -2.4375],
							"size": [0.1875, 0.1875, 2.625],
							"uv": {
								"north": {"uv": [26, 20], "uv_size": [0.5, 0.5]},
								"south": {"uv": [21, 26], "uv_size": [0.5, 0.5]},
								"west": {"uv": [1, 8], "uv_size": [2.5, 0.5]},
								"up": {"uv": [4, 7], "uv_size": [0.5, 2.5]}
							}
						},
						{
							"origin": [0.8125, 0.4375, 0.6875],
							"size": [0.1875, 0.375, 0.1875],
							"uv": {
								"east": {"uv": [20, 1], "uv_size": [0.5, 0.5]},
								"south": {"uv": [2, 20], "uv_size": [0.5, 0.5]},
								"west": {"uv": [20, 2], "uv_size": [0.5, 0.5]},
								"down": {"uv": [3, 20.5], "uv_size": [0.5, -0.5]}
							}
						},
						{
							"origin": [0.70619, 0.45925, 0.6875],
							"size": [0.1875, 0.32476, 0.1875],
							"inflate": -0.001,
							"pivot": [0.79994, 0.64675, 0.78125],
							"rotation": [0, 0, -30],
							"uv": {
								"east": {"uv": [27, 22], "uv_size": [0.5, 0.5]},
								"south": {"uv": [23, 27], "uv_size": [0.5, 0.5]}
							}
						},
						{
							"origin": [0.53225, 0.64912, 0.6875],
							"size": [0.1875, 0.19976, 0.1875],
							"pivot": [0.626, 0.8115, 0.78125],
							"rotation": [0, 0, -60],
							"uv": {
								"east": {"uv": [27, 24], "uv_size": [0.5, 0.5]},
								"south": {"uv": [25, 27], "uv_size": [0.5, 0.5]},
								"west": {"uv": [27, 25], "uv_size": [0.5, 0.5]},
								"up": {"uv": [26, 27], "uv_size": [0.5, 0.5]}
							}
						},
						{
							"origin": [-0.71975, 0.64912, 0.6875],
							"size": [0.1875, 0.19976, 0.1875],
							"pivot": [-0.626, 0.8115, 0.78125],
							"rotation": [0, 0, 60],
							"uv": {
								"east": {"uv": [27, 26], "uv_size": [0.5, 0.5]},
								"south": {"uv": [27, 27], "uv_size": [0.5, 0.5]},
								"west": {"uv": [0, 28], "uv_size": [0.5, 0.5]},
								"up": {"uv": [28, 0], "uv_size": [0.5, 0.5]}
							}
						},
						{
							"origin": [-0.89369, 0.45925, 0.6875],
							"size": [0.1875, 0.32476, 0.1875],
							"inflate": -0.001,
							"pivot": [-0.79994, 0.64675, 0.78125],
							"rotation": [0, 0, 30],
							"uv": {
								"south": {"uv": [27, 23], "uv_size": [0.5, 0.5]},
								"west": {"uv": [24, 27], "uv_size": [0.5, 0.5]}
							}
						},
						{
							"origin": [-1, 0.4375, 0.6875],
							"size": [0.1875, 0.375, 0.1875],
							"uv": {
								"east": {"uv": [6, 25], "uv_size": [0.5, 0.5]},
								"south": {"uv": [25, 6], "uv_size": [0.5, 0.5]},
								"west": {"uv": [7, 25], "uv_size": [0.5, 0.5]},
								"down": {"uv": [25, 7.5], "uv_size": [0.5, -0.5]}
							}
						},
						{
							"origin": [-0.6875, 0.3125, 0.6875],
							"size": [1.375, 0.125, 0.125],
							"uv": {
								"east": {"uv": [5, 25], "uv_size": [0.5, 0.5]},
								"south": {"uv": [8, 14], "uv_size": [1.5, 0.5]},
								"west": {"uv": [25, 5], "uv_size": [0.5, 0.5]},
								"down": {"uv": [14, 10.5], "uv_size": [1.5, -0.5]}
							}
						},
						{
							"origin": [-0.125, 0.375, 0.8125],
							"size": [0.25, 0.25, 0.09375],
							"uv": {
								"south": {"uv": [8, 25], "uv_size": [0.5, 0.5]},
								"up": {"uv": [25, 8], "uv_size": [0.5, 0.5]},
								"down": {"uv": [9, 25.5], "uv_size": [0.5, -0.5]}
							}
						},
						{
							"origin": [-0.33482, 0.375, 0.75628],
							"size": [0.25, 0.25, 0.09375],
							"inflate": -0.001,
							"pivot": [-0.20982, 0.5, 0.80316],
							"rotation": [0, -30, 0],
							"uv": {
								"south": {"uv": [25, 9], "uv_size": [0.5, 0.5]},
								"up": {"uv": [10, 25], "uv_size": [0.5, 0.5]},
								"down": {"uv": [25, 10.5], "uv_size": [0.5, -0.5]}
							}
						},
						{
							"origin": [0.08482, 0.375, 0.75628],
							"size": [0.25, 0.25, 0.09375],
							"inflate": -0.001,
							"pivot": [0.20982, 0.5, 0.80316],
							"rotation": [0, 30, 0],
							"uv": {
								"south": {"uv": [11, 25], "uv_size": [0.5, 0.5]},
								"up": {"uv": [25, 11], "uv_size": [0.5, 0.5]},
								"down": {"uv": [12, 25.5], "uv_size": [0.5, -0.5]}
							}
						},
						{
							"origin": [-0.8125, 0.4375, 0.6875],
							"size": [1.625, 0.5625, 0.125],
							"uv": {
								"south": {"uv": [14, 11], "uv_size": [1.5, 0.5]},
								"down": {"uv": [12, 14.5], "uv_size": [1.5, -0.5]}
							}
						},
						{
							"origin": [-0.4375, 0.6875, 0.8125],
							"size": [0.875, 0.375, 0.0625],
							"uv": {
								"south": {"uv": [16, 13], "uv_size": [1, 0.5]},
								"up": {"uv": [14, 16], "uv_size": [1, 0.5]},
								"down": {"uv": [16, 14.5], "uv_size": [1, -0.5]}
							}
						},
						{
							"origin": [-0.03125, 0.76563, 0.875],
							"size": [0.0625, 0.21875, 0.03125],
							"uv": {
								"east": {"uv": [15, 27], "uv_size": [0.5, 0.5]},
								"south": {"uv": [27, 15], "uv_size": [0.5, 0.5]},
								"west": {"uv": [16, 27], "uv_size": [0.5, 0.5]},
								"up": {"uv": [27, 16], "uv_size": [0.5, 0.5]},
								"down": {"uv": [17, 27.5], "uv_size": [0.5, -0.5]}
							}
						},
						{
							"origin": [0.0625, 0.75, 0.875],
							"size": [0.3125, 0.25, 0.04688],
							"uv": {
								"east": {"uv": [13, 27], "uv_size": [0.5, 0.5]},
								"south": {"uv": [27, 13], "uv_size": [0.5, 0.5]},
								"up": {"uv": [14, 27], "uv_size": [0.5, 0.5]},
								"down": {"uv": [27, 14.5], "uv_size": [0.5, -0.5]}
							}
						},
						{
							"origin": [0.33343, 0.81138, 0.875],
							"size": [0.125, 0.21651, 0.04688],
							"inflate": -0.001,
							"pivot": [0.30218, 0.93638, 0.89844],
							"rotation": [0, 0, 30],
							"uv": {
								"south": {"uv": [27, 17], "uv_size": [0.5, 0.5]},
								"west": {"uv": [18, 27], "uv_size": [0.5, 0.5]},
								"up": {"uv": [27, 18], "uv_size": [0.5, 0.5]}
							}
						},
						{
							"origin": [-0.375, 0.75, 0.875],
							"size": [0.3125, 0.25, 0.04688],
							"uv": {
								"south": {"uv": [27, 20], "uv_size": [0.5, 0.5]},
								"west": {"uv": [21, 27], "uv_size": [0.5, 0.5]},
								"up": {"uv": [27, 21], "uv_size": [0.5, 0.5]},
								"down": {"uv": [22, 27.5], "uv_size": [0.5, -0.5]}
							}
						},
						{
							"origin": [-0.45843, 0.81138, 0.875],
							"size": [0.125, 0.21651, 0.04688],
							"inflate": -0.001,
							"pivot": [-0.30218, 0.93638, 0.89844],
							"rotation": [0, 0, -30],
							"uv": {
								"east": {"uv": [19, 27], "uv_size": [0.5, 0.5]},
								"south": {"uv": [27, 19], "uv_size": [0.5, 0.5]},
								"up": {"uv": [20, 27], "uv_size": [0.5, 0.5]}
							}
						},
						{
							"origin": [0.40236, 0.88113, 0.8125],
							"size": [0.1875, 0.32476, 0.0625],
							"inflate": -0.001,
							"pivot": [0.15236, 1.06863, 0.78125],
							"rotation": [0, 0, 30],
							"uv": {
								"north": {"uv": [25, 12], "uv_size": [0.5, 0.5]},
								"east": {"uv": [13, 25], "uv_size": [0.5, 0.5]},
								"south": {"uv": [25, 13], "uv_size": [0.5, 0.5]},
								"west": {"uv": [14, 25], "uv_size": [0.5, 0.5]},
								"up": {"uv": [25, 14], "uv_size": [0.5, 0.5]}
							}
						},
						{
							"origin": [-0.58986, 0.88113, 0.8125],
							"size": [0.1875, 0.32476, 0.0625],
							"inflate": -0.001,
							"pivot": [-0.15236, 1.06863, 0.78125],
							"rotation": [0, 0, -30],
							"uv": {
								"north": {"uv": [15, 25], "uv_size": [0.5, 0.5]},
								"east": {"uv": [25, 15], "uv_size": [0.5, 0.5]},
								"south": {"uv": [16, 25], "uv_size": [0.5, 0.5]},
								"west": {"uv": [25, 16], "uv_size": [0.5, 0.5]},
								"up": {"uv": [17, 25], "uv_size": [0.5, 0.5]}
							}
						},
						{
							"origin": [0.50823, 0.26543, 0.6875],
							"size": [0.26517, 0.1875, 0.125],
							"inflate": -0.001,
							"pivot": [1.32073, 0.35918, 0.78125],
							"rotation": [0, 0, 45],
							"uv": {
								"south": {"uv": [8, 20], "uv_size": [0.5, 0.5]},
								"up": {"uv": [20, 8], "uv_size": [0.5, 0.5]}
							}
						},
						{
							"origin": [-0.7734, 0.26543, 0.6875],
							"size": [0.26517, 0.1875, 0.125],
							"inflate": -0.001,
							"pivot": [-1.32073, 0.35918, 0.78125],
							"rotation": [0, 0, -45],
							"uv": {
								"south": {"uv": [9, 20], "uv_size": [0.5, 0.5]},
								"up": {"uv": [20, 9], "uv_size": [0.5, 0.5]}
							}
						},
						{
							"origin": [-0.1875, 1, 0.6875],
							"size": [0.375, 0.1875, 0.125],
							"uv": {
								"north": {"uv": [20, 3], "uv_size": [0.5, 0.5]},
								"south": {"uv": [4, 20], "uv_size": [0.5, 0.5]},
								"up": {"uv": [20, 4], "uv_size": [0.5, 0.5]}
							}
						},
						{
							"origin": [-0.3125, 0.75, 0.4375],
							"size": [0.625, 0.3125, 0.25],
							"uv": {
								"up": {"uv": [20, 11], "uv_size": [0.5, 0.5]}
							}
						},
						{
							"origin": [-0.3125, 0.6875, 0.1875],
							"size": [0.125, 0.375, 0.25],
							"uv": {
								"north": {"uv": [12, 20], "uv_size": [0.5, 0.5]},
								"west": {"uv": [20, 12], "uv_size": [0.5, 0.5]},
								"up": {"uv": [13, 20], "uv_size": [0.5, 0.5]}
							}
						},
						{
							"origin": [0.1875, 0.6875, 0.1875],
							"size": [0.125, 0.375, 0.25],
							"uv": {
								"north": {"uv": [20, 13], "uv_size": [0.5, 0.5]},
								"east": {"uv": [14, 20], "uv_size": [0.5, 0.5]},
								"up": {"uv": [20, 14], "uv_size": [0.5, 0.5]}
							}
						},
						{
							"origin": [0.3125, 0.6875, 0.1875],
							"size": [0.5, 0.3125, 0.5],
							"uv": {
								"north": {"uv": [21, 3], "uv_size": [0.5, 0.5]},
								"up": {"uv": [4, 21], "uv_size": [0.5, 0.5]}
							}
						},
						{
							"origin": [-0.1875, 0.6875, 0.1875],
							"size": [0.375, 0.125, 0.25],
							"uv": {
								"north": {"uv": [15, 20], "uv_size": [0.5, 0.5]}
							}
						},
						{
							"origin": [-0.1875, 0.79576, 0.14266],
							"size": [0.375, 0.1875, 0.35355],
							"pivot": [-0.125, 0.95201, 0.37121],
							"rotation": [45, 0, 0],
							"uv": {
								"up": {"uv": [20, 15], "uv_size": [0.5, 0.5]}
							}
						},
						{
							"origin": [-0.84002, 1, 0.6875],
							"size": [0.65252, 0.1875, 0.125],
							"inflate": -0.001,
							"pivot": [-0.1875, 1.1875, 0.875],
							"rotation": [0, 0, -16.69924],
							"uv": {
								"north": {"uv": [5, 20], "uv_size": [0.5, 0.5]},
								"south": {"uv": [20, 5], "uv_size": [0.5, 0.5]},
								"up": {"uv": [6, 20], "uv_size": [0.5, 0.5]}
							}
						},
						{
							"origin": [0.1875, 1, 0.6875],
							"size": [0.65252, 0.1875, 0.125],
							"inflate": -0.001,
							"pivot": [0.1875, 1.1875, 0.875],
							"rotation": [0, 0, 16.69924],
							"uv": {
								"north": {"uv": [20, 6], "uv_size": [0.5, 0.5]},
								"south": {"uv": [7, 20], "uv_size": [0.5, 0.5]},
								"up": {"uv": [20, 7], "uv_size": [0.5, 0.5]}
							}
						},
						{
							"origin": [-0.84002, 1.0625, -2.625],
							"size": [0.65252, 0.125, 0.1875],
							"inflate": -0.001,
							"pivot": [-0.1875, 1.1875, -2.4375],
							"rotation": [0, 0, -16.69924],
							"uv": {
								"north": {"uv": [21, 9], "uv_size": [0.5, 0.5]},
								"south": {"uv": [10, 21], "uv_size": [0.5, 0.5]},
								"up": {"uv": [21, 10], "uv_size": [0.5, 0.5]},
								"down": {"uv": [11, 21.5], "uv_size": [0.5, -0.5]}
							}
						},
						{
							"origin": [-0.1875, 1.0625, -2.625],
							"size": [0.375, 0.125, 0.1875],
							"uv": {
								"north": {"uv": [21, 7], "uv_size": [0.5, 0.5]},
								"south": {"uv": [8, 21], "uv_size": [0.5, 0.5]},
								"up": {"uv": [21, 8], "uv_size": [0.5, 0.5]},
								"down": {"uv": [9, 21.5], "uv_size": [0.5, -0.5]}
							}
						},
						{
							"origin": [0.1875, 1.0625, -2.625],
							"size": [0.65252, 0.125, 0.1875],
							"inflate": -0.001,
							"pivot": [0.1875, 1.1875, -2.4375],
							"rotation": [0, 0, 16.69924],
							"uv": {
								"north": {"uv": [21, 5], "uv_size": [0.5, 0.5]},
								"south": {"uv": [6, 21], "uv_size": [0.5, 0.5]},
								"up": {"uv": [21, 6], "uv_size": [0.5, 0.5]},
								"down": {"uv": [7, 21.5], "uv_size": [0.5, -0.5]}
							}
						},
						{
							"origin": [-0.8605, 0.90122, -1.5625],
							"size": [0.71502, 0.1875, 0.1875],
							"inflate": -0.001,
							"pivot": [-0.50299, 0.99497, -1.46875],
							"rotation": [0, 0, -16.69924],
							"uv": {
								"north": {"uv": [21, 14], "uv_size": [0.5, 0.5]},
								"south": {"uv": [15, 21], "uv_size": [0.5, 0.5]},
								"up": {"uv": [21, 15], "uv_size": [0.5, 0.5]}
							}
						},
						{
							"origin": [-0.1875, 1, -1.5625],
							"size": [0.375, 0.1875, 0.1875],
							"uv": {
								"north": {"uv": [13, 21], "uv_size": [0.5, 0.5]},
								"south": {"uv": [21, 13], "uv_size": [0.5, 0.5]},
								"up": {"uv": [14, 21], "uv_size": [0.5, 0.5]}
							}
						},
						{
							"origin": [0.14548, 0.90122, -1.5625],
							"size": [0.71502, 0.1875, 0.1875],
							"inflate": -0.001,
							"pivot": [0.50299, 0.99497, -1.46875],
							"rotation": [0, 0, 16.69924],
							"uv": {
								"north": {"uv": [21, 11], "uv_size": [0.5, 0.5]},
								"south": {"uv": [12, 21], "uv_size": [0.5, 0.5]},
								"up": {"uv": [21, 12], "uv_size": [0.5, 0.5]}
							}
						},
						{
							"origin": [0.34002, 1, 0.1875],
							"size": [0.5, 0.1875, 0.125],
							"pivot": [0.1875, 1.1875, 0.875],
							"rotation": [0, 0, 16.69924],
							"uv": {
								"north": {"uv": [16, 20], "uv_size": [0.5, 0.5]},
								"east": {"uv": [20, 16], "uv_size": [0.5, 0.5]},
								"south": {"uv": [17, 20], "uv_size": [0.5, 0.5]},
								"west": {"uv": [20, 17], "uv_size": [0.5, 0.5]},
								"up": {"uv": [18, 20], "uv_size": [0.5, 0.5]},
								"down": {"uv": [20, 18.5], "uv_size": [0.5, -0.5]}
							}
						},
						{
							"origin": [0.56245, 0.81525, 0.56751],
							"size": [0.375, 0.1875, 0.125],
							"inflate": -0.0015,
							"pivot": [0.78957, 0.909, 0.7405],
							"rotation": [0, 30, 16.69924],
							"uv": {
								"north": {"uv": [21, 1], "uv_size": [0.5, 0.5]},
								"up": {"uv": [2, 21], "uv_size": [0.5, 0.5]}
							}
						},
						{
							"origin": [0.34937, 0.89106, 0.26401],
							"size": [0.375, 0.1875, 0.125],
							"inflate": -0.001,
							"pivot": [0.53687, 0.98481, 0.32651],
							"rotation": [0, 22.5, 16.69924],
							"uv": {
								"south": {"uv": [21, 2], "uv_size": [0.5, 0.5]},
								"up": {"uv": [3, 21], "uv_size": [0.5, 0.5]}
							}
						},
						{
							"origin": [-1, 1, -2.1875],
							"size": [0.1875, 0.125, 0.25],
							"uv": {
								"north": {"uv": [26, 18], "uv_size": [0.5, 0.5]},
								"east": {"uv": [19, 26], "uv_size": [0.5, 0.5]},
								"south": {"uv": [26, 19], "uv_size": [0.5, 0.5]},
								"west": {"uv": [20, 26], "uv_size": [0.5, 0.5]}
							}
						},
						{
							"origin": [-1, 1, -1.3125],
							"size": [0.1875, 0.0625, 0.3125],
							"uv": {
								"east": {"uv": [17, 26], "uv_size": [0.5, 0.5]},
								"west": {"uv": [26, 17], "uv_size": [0.5, 0.5]},
								"up": {"uv": [18, 26], "uv_size": [0.5, 0.5]}
							}
						},
						{
							"origin": [-1, 1, -1.4375],
							"size": [0.1875, 0.25, 0.125],
							"uv": {
								"north": {"uv": [15, 26], "uv_size": [0.5, 0.5]},
								"east": {"uv": [26, 15], "uv_size": [0.5, 0.5]},
								"south": {"uv": [16, 26], "uv_size": [0.5, 0.5]},
								"west": {"uv": [26, 16], "uv_size": [0.5, 0.5]}
							}
						},
						{
							"origin": [-1, 1.25, -1.625],
							"size": [0.1875, 0.125, 1.4375],
							"uv": {
								"east": {"uv": [14, 12], "uv_size": [1.5, 0.5]},
								"west": {"uv": [14, 13], "uv_size": [1.5, 0.5]},
								"up": {"uv": [14, 14], "uv_size": [0.5, 1.5]},
								"down": {"uv": [0, 16.5], "uv_size": [0.5, -1.5]}
							}
						},
						{
							"origin": [-1, 1, 0.0625],
							"size": [0.1875, 0.25, 0.125],
							"uv": {
								"north": {"uv": [13, 26], "uv_size": [0.5, 0.5]},
								"east": {"uv": [26, 13], "uv_size": [0.5, 0.5]},
								"south": {"uv": [14, 26], "uv_size": [0.5, 0.5]},
								"west": {"uv": [26, 14], "uv_size": [0.5, 0.5]}
							}
						},
						{
							"origin": [-0.8125, 0.6875, 0.1875],
							"size": [0.5, 0.3125, 0.5],
							"uv": {
								"north": {"uv": [12, 26], "uv_size": [0.5, 0.5]},
								"up": {"uv": [26, 12], "uv_size": [0.5, 0.5]}
							}
						},
						{
							"origin": [-0.46502, 1, 0.3125],
							"size": [0.125, 0.1875, 0.375],
							"pivot": [-0.1875, 1.1875, 0.875],
							"rotation": [0, 0, -16.69924],
							"uv": {
								"north": {"uv": [9, 26], "uv_size": [0.5, 0.5]},
								"east": {"uv": [26, 9], "uv_size": [0.5, 0.5]},
								"south": {"uv": [10, 26], "uv_size": [0.5, 0.5]},
								"west": {"uv": [26, 10], "uv_size": [0.5, 0.5]},
								"up": {"uv": [11, 26], "uv_size": [0.5, 0.5]},
								"down": {"uv": [26, 11.5], "uv_size": [0.5, -0.5]}
							}
						},
						{
							"origin": [-0.84002, 1, 0.1875],
							"size": [0.5, 0.1875, 0.125],
							"pivot": [-0.1875, 1.1875, 0.875],
							"rotation": [0, 0, -16.69924],
							"uv": {
								"north": {"uv": [6, 26], "uv_size": [0.5, 0.5]},
								"east": {"uv": [26, 6], "uv_size": [0.5, 0.5]},
								"south": {"uv": [7, 26], "uv_size": [0.5, 0.5]},
								"west": {"uv": [26, 7], "uv_size": [0.5, 0.5]},
								"up": {"uv": [8, 26], "uv_size": [0.5, 0.5]},
								"down": {"uv": [26, 8.5], "uv_size": [0.5, -0.5]}
							}
						},
						{
							"origin": [-1, 0.6875, -2.4375],
							"size": [0.1875, 0.3125, 3.125],
							"uv": {
								"east": {"uv": [6, 0], "uv_size": [3, 0.5]},
								"west": {"uv": [6, 1], "uv_size": [3, 0.5]},
								"up": {"uv": [5, 6], "uv_size": [0.5, 3]}
							}
						},
						{
							"origin": [-2.0774, 0.375, -2.10106],
							"size": [0.125, 0.625, 0.1875],
							"inflate": -0.001,
							"pivot": [-0.90625, 0.84375, -0.875],
							"rotation": [0, -45, 0],
							"uv": {
								"east": {"uv": [26, 4], "uv_size": [0.5, 0.5]},
								"up": {"uv": [5, 26], "uv_size": [0.5, 0.5]},
								"down": {"uv": [26, 5.5], "uv_size": [0.5, -0.5]}
							}
						},
						{
							"origin": [-1, 1.25, -2.24055],
							"size": [0.1875, 0.125, 0.61555],
							"inflate": -0.001,
							"pivot": [-1, 1.375, -1.625],
							"rotation": [23.96249, 0, 0],
							"uv": {
								"east": {"uv": [26, 2], "uv_size": [0.5, 0.5]},
								"west": {"uv": [3, 26], "uv_size": [0.5, 0.5]},
								"up": {"uv": [26, 3], "uv_size": [0.5, 0.5]},
								"down": {"uv": [4, 26.5], "uv_size": [0.5, -0.5]}
							}
						},
						{
							"origin": [-1, 0.89867, -1.06786],
							"size": [0.1875, 0.0625, 0.125],
							"inflate": -0.001,
							"pivot": [-0.90625, 0.92992, -0.91161],
							"rotation": [-45, 0, 0],
							"uv": {
								"east": {"uv": [1, 26], "uv_size": [0.5, 0.5]},
								"west": {"uv": [26, 1], "uv_size": [0.5, 0.5]},
								"up": {"uv": [2, 26], "uv_size": [0.5, 0.5]}
							}
						},
						{
							"origin": [-1, 1.01981, -1.25531],
							"size": [0.1875, 0.125, 0.60938],
							"inflate": -0.001,
							"pivot": [-0.90625, 1.11356, -1.09906],
							"rotation": [30, 0, 0],
							"uv": {
								"east": {"uv": [25, 24], "uv_size": [0.5, 0.5]},
								"west": {"uv": [25, 25], "uv_size": [0.5, 0.5]},
								"up": {"uv": [0, 26], "uv_size": [0.5, 0.5]},
								"down": {"uv": [26, 0.5], "uv_size": [0.5, -0.5]}
							}
						},
						{
							"origin": [-1, 1.25, -0.1875],
							"size": [0.1875, 0.125, 0.39528],
							"inflate": -0.001,
							"pivot": [-1, 1.375, -0.1875],
							"rotation": [-18.43495, 0, 0],
							"uv": {
								"east": {"uv": [25, 22], "uv_size": [0.5, 0.5]},
								"west": {"uv": [23, 25], "uv_size": [0.5, 0.5]},
								"up": {"uv": [25, 23], "uv_size": [0.5, 0.5]},
								"down": {"uv": [24, 25.5], "uv_size": [0.5, -0.5]}
							}
						},
						{
							"origin": [-1, -0.31824, 0.14147],
							"size": [0.1875, 0.25, 0.26517],
							"inflate": -0.001,
							"pivot": [-0.90625, -0.19324, 1.70397],
							"rotation": [-45, 0, 0],
							"uv": {
								"east": {"uv": [21, 25], "uv_size": [0.5, 0.5]},
								"west": {"uv": [25, 21], "uv_size": [0.5, 0.5]},
								"up": {"uv": [22, 25], "uv_size": [0.5, 0.5]}
							}
						},
						{
							"origin": [-0.93745, 0.81525, 0.56751],
							"size": [0.375, 0.1875, 0.125],
							"inflate": -0.0015,
							"pivot": [-0.78957, 0.909, 0.7405],
							"rotation": [0, -30, -16.69924],
							"uv": {
								"north": {"uv": [20, 25], "uv_size": [0.5, 0.5]},
								"up": {"uv": [25, 20], "uv_size": [0.5, 0.5]}
							}
						},
						{
							"origin": [-0.72437, 0.89106, 0.26401],
							"size": [0.375, 0.1875, 0.125],
							"inflate": -0.001,
							"pivot": [-0.53687, 0.98481, 0.32651],
							"rotation": [0, -22.5, -16.69924],
							"uv": {
								"south": {"uv": [19, 25], "uv_size": [0.5, 0.5]},
								"up": {"uv": [25, 19], "uv_size": [0.5, 0.5]}
							}
						},
						{
							"origin": [0.34002, 1, 0.3125],
							"size": [0.125, 0.1875, 0.375],
							"pivot": [0.1875, 1.1875, 0.875],
							"rotation": [0, 0, 16.69924],
							"uv": {
								"north": {"uv": [19, 20], "uv_size": [0.5, 0.5]},
								"east": {"uv": [20, 19], "uv_size": [0.5, 0.5]},
								"south": {"uv": [20, 20], "uv_size": [0.5, 0.5]},
								"west": {"uv": [0, 21], "uv_size": [0.5, 0.5]},
								"up": {"uv": [21, 0], "uv_size": [0.5, 0.5]},
								"down": {"uv": [1, 21.5], "uv_size": [0.5, -0.5]}
							}
						},
						{
							"origin": [-0.76562, 0.8125, -2.5625],
							"size": [1.53125, 0.125, 0.125],
							"uv": {
								"north": {"uv": [12, 12], "uv_size": [1.5, 0.5]},
								"up": {"uv": [1, 13], "uv_size": [1.5, 0.5]},
								"down": {"uv": [3, 13.5], "uv_size": [1.5, -0.5]}
							}
						},
						{
							"origin": [-0.76562, 0.3125, -2.5625],
							"size": [1.53125, 0.125, 0.125],
							"uv": {
								"north": {"uv": [1, 15], "uv_size": [1.5, 0.5]},
								"up": {"uv": [3, 15], "uv_size": [1.5, 0.5]},
								"down": {"uv": [15, 3.5], "uv_size": [1.5, -0.5]}
							}
						},
						{
							"origin": [-0.76562, 0.4375, -2.5625],
							"size": [0.09375, 0.375, 0.125],
							"uv": {
								"north": {"uv": [13, 28], "uv_size": [0.5, 0.5]},
								"west": {"uv": [28, 13], "uv_size": [0.5, 0.5]}
							}
						},
						{
							"origin": [0.67188, 0.4375, -2.5625],
							"size": [0.09375, 0.375, 0.125],
							"uv": {
								"north": {"uv": [19, 28], "uv_size": [0.5, 0.5]},
								"east": {"uv": [28, 19], "uv_size": [0.5, 0.5]}
							}
						},
						{
							"origin": [-0.51562, 0.53125, -2.46875],
							"size": [0.1875, 0.1875, 0.125],
							"pivot": [-0.42187, 0.625, -2.40625],
							"rotation": [0, 0, 45],
							"uv": {
								"north": {"uv": [16, 28], "uv_size": [0.5, 0.5]},
								"east": {"uv": [28, 16], "uv_size": [0.5, 0.5]},
								"west": {"uv": [17, 28], "uv_size": [0.5, 0.5]},
								"up": {"uv": [28, 17], "uv_size": [0.5, 0.5]},
								"down": {"uv": [18, 28.5], "uv_size": [0.5, -0.5]}
							}
						},
						{
							"origin": [-0.75948, 0.34944, -2.5625],
							"size": [0.09375, 0.1875, 0.125],
							"inflate": -0.001,
							"pivot": [-0.7126, 0.53694, -2.5],
							"rotation": [0, 0, -45],
							"uv": {
								"north": {"uv": [14, 28], "uv_size": [0.5, 0.5]},
								"west": {"uv": [28, 14], "uv_size": [0.5, 0.5]}
							}
						},
						{
							"origin": [-0.75948, 0.71306, -2.5625],
							"size": [0.09375, 0.1875, 0.125],
							"inflate": -0.001,
							"pivot": [-0.7126, 0.71306, -2.5],
							"rotation": [0, 0, 45],
							"uv": {
								"north": {"uv": [15, 28], "uv_size": [0.5, 0.5]},
								"west": {"uv": [28, 15], "uv_size": [0.5, 0.5]}
							}
						},
						{
							"origin": [-0.23437, 0.4375, -2.75],
							"size": [0.125, 0.3125, 0.3125],
							"uv": {
								"north": {"uv": [1, 28], "uv_size": [0.5, 0.5]},
								"east": {"uv": [28, 1], "uv_size": [0.5, 0.5]},
								"west": {"uv": [2, 28], "uv_size": [0.5, 0.5]}
							}
						},
						{
							"origin": [-0.23817, 0.31093, -2.75],
							"size": [0.125, 0.17678, 0.3125],
							"inflate": -0.001,
							"pivot": [-0.17567, 0.46718, -2.59375],
							"rotation": [0, 0, -45],
							"uv": {
								"north": {"uv": [10, 28], "uv_size": [0.5, 0.5]},
								"east": {"uv": [28, 10], "uv_size": [0.5, 0.5]},
								"west": {"uv": [11, 28], "uv_size": [0.5, 0.5]}
							}
						},
						{
							"origin": [0.61317, 0.31093, -2.75],
							"size": [0.125, 0.17678, 0.3125],
							"inflate": -0.001,
							"pivot": [0.67567, 0.46718, -2.59375],
							"rotation": [0, 0, 45],
							"uv": {
								"north": {"uv": [28, 11], "uv_size": [0.5, 0.5]},
								"east": {"uv": [12, 28], "uv_size": [0.5, 0.5]},
								"west": {"uv": [28, 12], "uv_size": [0.5, 0.5]}
							}
						},
						{
							"origin": [-0.10937, 0.3125, -2.75],
							"size": [0.71875, 0.125, 0.3125],
							"uv": {
								"north": {"uv": [4, 28], "uv_size": [0.5, 0.5]},
								"up": {"uv": [28, 4], "uv_size": [0.5, 0.5]},
								"down": {"uv": [5, 28.5], "uv_size": [0.5, -0.5]}
							}
						},
						{
							"origin": [-0.10937, 0.4375, -2.625],
							"size": [0.71875, 0.375, 0.1875],
							"uv": {
								"north": {"uv": [28, 18], "uv_size": [0.5, 0.5]}
							}
						},
						{
							"origin": [-0.07812, 0.8125, -2.75],
							"size": [0.65625, 0.09375, 0.3125],
							"uv": {
								"north": {"uv": [28, 5], "uv_size": [0.5, 0.5]},
								"up": {"uv": [6, 28], "uv_size": [0.5, 0.5]},
								"down": {"uv": [28, 6.5], "uv_size": [0.5, -0.5]}
							}
						},
						{
							"origin": [0.60938, 0.4375, -2.75],
							"size": [0.125, 0.3125, 0.3125],
							"uv": {
								"north": {"uv": [28, 2], "uv_size": [0.5, 0.5]},
								"east": {"uv": [3, 28], "uv_size": [0.5, 0.5]},
								"west": {"uv": [28, 3], "uv_size": [0.5, 0.5]}
							}
						},
						{
							"origin": [0.58192, 0.68685, -2.75],
							"size": [0.125, 0.22097, 0.3125],
							"inflate": -0.001,
							"pivot": [0.64442, 0.75157, -2.59375],
							"rotation": [0, 0, -45],
							"uv": {
								"north": {"uv": [7, 28], "uv_size": [0.5, 0.5]},
								"east": {"uv": [28, 7], "uv_size": [0.5, 0.5]},
								"west": {"uv": [8, 28], "uv_size": [0.5, 0.5]}
							}
						},
						{
							"origin": [-0.20692, 0.68685, -2.75],
							"size": [0.125, 0.22097, 0.3125],
							"inflate": -0.001,
							"pivot": [-0.14442, 0.75157, -2.59375],
							"rotation": [0, 0, 45],
							"uv": {
								"north": {"uv": [28, 8], "uv_size": [0.5, 0.5]},
								"east": {"uv": [9, 28], "uv_size": [0.5, 0.5]},
								"west": {"uv": [28, 9], "uv_size": [0.5, 0.5]}
							}
						},
						{
							"origin": [-0.59375, 0.9375, -2.5625],
							"size": [1.1875, 0.125, 0.125],
							"uv": {
								"north": {"uv": [0, 17], "uv_size": [1, 0.5]},
								"south": {"uv": [17, 0], "uv_size": [1, 0.5]}
							}
						},
						{
							"origin": [-0.8125, 0.85938, -2.4375],
							"size": [1.625, 0.07813, 1.0625],
							"uv": {
								"north": {"uv": [13, 3], "uv_size": [1.5, 0.5]},
								"east": {"uv": [5, 15], "uv_size": [1, 0.5]},
								"south": {"uv": [13, 4], "uv_size": [1.5, 0.5]},
								"west": {"uv": [6, 15], "uv_size": [1, 0.5]},
								"up": {"uv": [0, 6], "uv_size": [1.5, 1]}
							}
						},
						{
							"origin": [-0.5, 0.9375, -1.75],
							"size": [1, 0.0625, 0.375],
							"uv": {
								"east": {"uv": [22, 13], "uv_size": [0.5, 0.5]},
								"west": {"uv": [14, 22], "uv_size": [0.5, 0.5]},
								"up": {"uv": [13, 15], "uv_size": [1, 0.5]}
							}
						},
						{
							"origin": [-0.3125, 0.9375, -2.3125],
							"size": [0.625, 0.0625, 0.4375],
							"uv": {
								"east": {"uv": [22, 14], "uv_size": [0.5, 0.5]},
								"west": {"uv": [15, 22], "uv_size": [0.5, 0.5]},
								"up": {"uv": [22, 15], "uv_size": [0.5, 0.5]}
							}
						},
						{
							"origin": [-0.8125, 0.9375, -2.4375],
							"size": [1.625, 0.0625, 0.125],
							"uv": {
								"north": {"uv": [14, 1], "uv_size": [1.5, 0.5]},
								"south": {"uv": [2, 14], "uv_size": [1.5, 0.5]},
								"up": {"uv": [14, 2], "uv_size": [1.5, 0.5]}
							}
						},
						{
							"origin": [-0.8125, 0.9375, -1.875],
							"size": [1.625, 0.0625, 0.125],
							"uv": {
								"north": {"uv": [12, 13], "uv_size": [1.5, 0.5]},
								"south": {"uv": [0, 14], "uv_size": [1.5, 0.5]},
								"up": {"uv": [14, 0], "uv_size": [1.5, 0.5]}
							}
						},
						{
							"origin": [-0.89062, 0.26563, -2.625],
							"size": [0.125, 0.73438, 0.1875],
							"uv": {
								"north": {"uv": [17, 19], "uv_size": [0.5, 0.5]},
								"east": {"uv": [19, 17], "uv_size": [0.5, 0.5]},
								"west": {"uv": [18, 19], "uv_size": [0.5, 0.5]},
								"up": {"uv": [19, 18], "uv_size": [0.5, 0.5]}
							}
						},
						{
							"origin": [-0.89062, 0.4039, -2.69198],
							"size": [0.125, 0.5, 0.15882],
							"inflate": -0.001,
							"pivot": [-0.82812, 0.62106, -2.62948],
							"rotation": [-15, 0, 0],
							"uv": {
								"north": {"uv": [24, 19], "uv_size": [0.5, 0.5]},
								"east": {"uv": [20, 24], "uv_size": [0.5, 0.5]},
								"west": {"uv": [24, 20], "uv_size": [0.5, 0.5]}
							}
						},
						{
							"origin": [-0.89062, 0.26563, -2.625],
							"size": [0.125, 0.20211, 0.15882],
							"inflate": -0.0015,
							"pivot": [-0.89062, 0.26563, -2.625],
							"rotation": [36.79537, 0, 0],
							"uv": {
								"north": {"uv": [21, 24], "uv_size": [0.5, 0.5]},
								"east": {"uv": [24, 21], "uv_size": [0.5, 0.5]},
								"west": {"uv": [22, 24], "uv_size": [0.5, 0.5]}
							}
						},
						{
							"origin": [0.76563, 0.4039, -2.69198],
							"size": [0.125, 0.5, 0.15882],
							"inflate": -0.001,
							"pivot": [0.82813, 0.62106, -2.62948],
							"rotation": [-15, 0, 0],
							"uv": {
								"north": {"uv": [24, 24], "uv_size": [0.5, 0.5]},
								"east": {"uv": [0, 25], "uv_size": [0.5, 0.5]},
								"west": {"uv": [25, 0], "uv_size": [0.5, 0.5]}
							}
						},
						{
							"origin": [0.76563, 0.26563, -2.625],
							"size": [0.125, 0.20211, 0.15882],
							"inflate": -0.0015,
							"pivot": [0.89063, 0.26563, -2.625],
							"rotation": [36.79537, 0, 0],
							"uv": {
								"north": {"uv": [24, 22], "uv_size": [0.5, 0.5]},
								"east": {"uv": [23, 24], "uv_size": [0.5, 0.5]},
								"west": {"uv": [24, 23], "uv_size": [0.5, 0.5]}
							}
						},
						{
							"origin": [0.76563, 0.26563, -2.625],
							"size": [0.125, 0.73438, 0.1875],
							"uv": {
								"north": {"uv": [19, 19], "uv_size": [0.5, 0.5]},
								"east": {"uv": [0, 20], "uv_size": [0.5, 0.5]},
								"west": {"uv": [20, 0], "uv_size": [0.5, 0.5]},
								"up": {"uv": [1, 20], "uv_size": [0.5, 0.5]}
							}
						},
						{
							"origin": [0.8125, 0.6875, -2.4375],
							"size": [0.1875, 0.3125, 3.125],
							"uv": {
								"east": {"uv": [5, 4], "uv_size": [3, 0.5]},
								"west": {"uv": [5, 5], "uv_size": [3, 0.5]},
								"up": {"uv": [3, 5], "uv_size": [0.5, 3]}
							}
						},
						{
							"origin": [1.9524, 0.375, -2.10106],
							"size": [0.125, 0.625, 0.1875],
							"inflate": -0.001,
							"pivot": [0.90625, 0.84375, -0.875],
							"rotation": [0, 45, 0],
							"uv": {
								"west": {"uv": [25, 17], "uv_size": [0.5, 0.5]},
								"up": {"uv": [18, 25], "uv_size": [0.5, 0.5]},
								"down": {"uv": [25, 18.5], "uv_size": [0.5, -0.5]}
							}
						},
						{
							"origin": [0.8125, -0.31824, 0.14147],
							"size": [0.1875, 0.25, 0.26517],
							"inflate": -0.001,
							"pivot": [0.90625, -0.19324, 1.70397],
							"rotation": [-45, 0, 0],
							"uv": {
								"east": {"uv": [10, 20], "uv_size": [0.5, 0.5]},
								"west": {"uv": [20, 10], "uv_size": [0.5, 0.5]},
								"up": {"uv": [11, 20], "uv_size": [0.5, 0.5]}
							}
						},
						{
							"origin": [0.8125, 1, 0.0625],
							"size": [0.1875, 0.25, 0.125],
							"uv": {
								"north": {"uv": [0, 19], "uv_size": [0.5, 0.5]},
								"east": {"uv": [19, 0], "uv_size": [0.5, 0.5]},
								"south": {"uv": [1, 19], "uv_size": [0.5, 0.5]},
								"west": {"uv": [19, 1], "uv_size": [0.5, 0.5]}
							}
						},
						{
							"origin": [0.8125, 1, -2.1875],
							"size": [0.1875, 0.125, 0.25],
							"uv": {
								"north": {"uv": [2, 19], "uv_size": [0.5, 0.5]},
								"east": {"uv": [19, 2], "uv_size": [0.5, 0.5]},
								"south": {"uv": [3, 19], "uv_size": [0.5, 0.5]},
								"west": {"uv": [19, 3], "uv_size": [0.5, 0.5]}
							}
						},
						{
							"origin": [0.8125, 1.25, -1.625],
							"size": [0.1875, 0.125, 1.4375],
							"uv": {
								"east": {"uv": [12, 5], "uv_size": [1.5, 0.5]},
								"west": {"uv": [6, 12], "uv_size": [1.5, 0.5]},
								"up": {"uv": [8, 12], "uv_size": [0.5, 1.5]},
								"down": {"uv": [9, 13.5], "uv_size": [0.5, -1.5]}
							}
						},
						{
							"origin": [0.8125, 1.25, -2.24055],
							"size": [0.1875, 0.125, 0.61555],
							"inflate": -0.001,
							"pivot": [1, 1.375, -1.625],
							"rotation": [23.96249, 0, 0],
							"uv": {
								"east": {"uv": [13, 19], "uv_size": [0.5, 0.5]},
								"west": {"uv": [19, 13], "uv_size": [0.5, 0.5]},
								"up": {"uv": [14, 19], "uv_size": [0.5, 0.5]},
								"down": {"uv": [19, 14.5], "uv_size": [0.5, -0.5]}
							}
						},
						{
							"origin": [0.8125, 1.25, -0.1875],
							"size": [0.1875, 0.125, 0.39528],
							"inflate": -0.001,
							"pivot": [1, 1.375, -0.1875],
							"rotation": [-18.43495, 0, 0],
							"uv": {
								"east": {"uv": [11, 19], "uv_size": [0.5, 0.5]},
								"west": {"uv": [19, 11], "uv_size": [0.5, 0.5]},
								"up": {"uv": [12, 19], "uv_size": [0.5, 0.5]},
								"down": {"uv": [19, 12.5], "uv_size": [0.5, -0.5]}
							}
						},
						{
							"origin": [0.8125, 1, -1.4375],
							"size": [0.1875, 0.25, 0.125],
							"uv": {
								"north": {"uv": [4, 19], "uv_size": [0.5, 0.5]},
								"east": {"uv": [19, 4], "uv_size": [0.5, 0.5]},
								"south": {"uv": [5, 19], "uv_size": [0.5, 0.5]},
								"west": {"uv": [19, 5], "uv_size": [0.5, 0.5]}
							}
						},
						{
							"origin": [0.8125, 1, -1.3125],
							"size": [0.1875, 0.0625, 0.3125],
							"uv": {
								"east": {"uv": [6, 19], "uv_size": [0.5, 0.5]},
								"west": {"uv": [19, 6], "uv_size": [0.5, 0.5]},
								"up": {"uv": [7, 19], "uv_size": [0.5, 0.5]}
							}
						},
						{
							"origin": [0.8125, 0.89867, -1.06786],
							"size": [0.1875, 0.0625, 0.125],
							"inflate": -0.001,
							"pivot": [0.90625, 0.92992, -0.91161],
							"rotation": [-45, 0, 0],
							"uv": {
								"east": {"uv": [19, 9], "uv_size": [0.5, 0.5]},
								"west": {"uv": [10, 19], "uv_size": [0.5, 0.5]},
								"up": {"uv": [19, 10], "uv_size": [0.5, 0.5]}
							}
						},
						{
							"origin": [0.8125, 1.01981, -1.25531],
							"size": [0.1875, 0.125, 0.60938],
							"inflate": -0.001,
							"pivot": [0.90625, 1.11356, -1.09906],
							"rotation": [30, 0, 0],
							"uv": {
								"east": {"uv": [19, 7], "uv_size": [0.5, 0.5]},
								"west": {"uv": [8, 19], "uv_size": [0.5, 0.5]},
								"up": {"uv": [19, 8], "uv_size": [0.5, 0.5]},
								"down": {"uv": [9, 19.5], "uv_size": [0.5, -0.5]}
							}
						}
					]
				},
				{
					"name": "bone6",
					"parent": "sight",
					"pivot": [0, 0, 0.625],
					"cubes": [
						{
							"origin": [-0.14062, 0.6875, -0.625],
							"size": [0.28125, 0.125, 0.6875],
							"uv": {
								"north": {"uv": [17, 21], "uv_size": [0.5, 0.5]},
								"south": {"uv": [21, 17], "uv_size": [0.5, 0.5]},
								"up": {"uv": [18, 21], "uv_size": [0.5, 0.5]}
							}
						},
						{
							"origin": [-0.14062, 0.8125, -0.42187],
							"size": [0.28125, 0.03125, 0.28125],
							"pivot": [0, 0.82813, -0.28125],
							"rotation": [0, 45, 0],
							"uv": {
								"north": {"uv": [22, 1], "uv_size": [0.5, 0.5]},
								"east": {"uv": [2, 22], "uv_size": [0.5, 0.5]},
								"south": {"uv": [22, 2], "uv_size": [0.5, 0.5]},
								"west": {"uv": [3, 22], "uv_size": [0.5, 0.5]},
								"up": {"uv": [22, 3], "uv_size": [0.5, 0.5]}
							}
						},
						{
							"origin": [-0.34375, 0.6875, -0.42187],
							"size": [0.6875, 0.125, 0.28125],
							"inflate": 0.001,
							"uv": {
								"east": {"uv": [21, 18], "uv_size": [0.5, 0.5]},
								"west": {"uv": [19, 21], "uv_size": [0.5, 0.5]},
								"up": {"uv": [21, 19], "uv_size": [0.5, 0.5]}
							}
						},
						{
							"origin": [-0.3425, 0.6875, -0.42488],
							"size": [0.68501, 0.125, 0.28726],
							"inflate": -0.001,
							"pivot": [0, 0.75, -0.28125],
							"rotation": [0, 45, 0],
							"uv": {
								"east": {"uv": [0, 22], "uv_size": [0.5, 0.5]},
								"west": {"uv": [22, 0], "uv_size": [0.5, 0.5]},
								"up": {"uv": [1, 22], "uv_size": [0.5, 0.5]}
							}
						},
						{
							"origin": [-0.3425, 0.6875, -0.42488],
							"size": [0.68501, 0.125, 0.28726],
							"inflate": -0.001,
							"pivot": [0, 0.75, -0.28125],
							"rotation": [0, -45, 0],
							"uv": {
								"east": {"uv": [20, 21], "uv_size": [0.5, 0.5]},
								"west": {"uv": [21, 20], "uv_size": [0.5, 0.5]},
								"up": {"uv": [21, 21], "uv_size": [0.5, 0.5]}
							}
						}
					]
				},
				{
					"name": "bone7",
					"parent": "sight",
					"pivot": [-0.0625, 1.09375, 0.5625],
					"cubes": [
						{
							"origin": [-0.1875, 1.0625, 0.5],
							"size": [0.25, 0.0625, 0.125],
							"uv": {
								"north": {"uv": [22, 10], "uv_size": [0.5, 0.5]},
								"south": {"uv": [11, 22], "uv_size": [0.5, 0.5]},
								"up": {"uv": [22, 11], "uv_size": [0.5, 0.5]}
							}
						},
						{
							"origin": [0.05492, 1.0625, 0.57008],
							"size": [0.08839, 0.0625, 0.08839],
							"pivot": [0.01831, 1.09375, 0.63258],
							"rotation": [0, 45, 0],
							"uv": {
								"south": {"uv": [12, 22], "uv_size": [0.5, 0.5]},
								"west": {"uv": [22, 12], "uv_size": [0.5, 0.5]},
								"up": {"uv": [13, 22], "uv_size": [0.5, 0.5]}
							}
						},
						{
							"origin": [-0.26831, 1.0625, 0.57008],
							"size": [0.08839, 0.0625, 0.08839],
							"pivot": [-0.14331, 1.09375, 0.63258],
							"rotation": [0, -45, 0],
							"uv": {
								"east": {"uv": [9, 22], "uv_size": [0.5, 0.5]},
								"south": {"uv": [22, 9], "uv_size": [0.5, 0.5]},
								"up": {"uv": [10, 22], "uv_size": [0.5, 0.5]}
							}
						}
					]
				},
				{
					"name": "bone8",
					"parent": "sight",
					"pivot": [0.66919, 1.03125, -2.07322],
					"cubes": [
						{
							"origin": [0.51072, 0.9375, -2.22947],
							"size": [0.22097, 0.125, 0.22097],
							"inflate": -0.001,
							"pivot": [0.63794, 1.03125, -2.07322],
							"rotation": [0, 45, 0],
							"uv": {
								"south": {"uv": [14, 24], "uv_size": [0.5, 0.5]},
								"west": {"uv": [24, 14], "uv_size": [0.5, 0.5]},
								"up": {"uv": [15, 24], "uv_size": [0.5, 0.5]}
							}
						},
						{
							"origin": [-0.73169, 0.9375, -2.22947],
							"size": [0.22097, 0.125, 0.22097],
							"inflate": -0.001,
							"pivot": [-0.63794, 1.03125, -2.07322],
							"rotation": [0, -45, 0],
							"uv": {
								"east": {"uv": [18, 24], "uv_size": [0.5, 0.5]},
								"south": {"uv": [24, 18], "uv_size": [0.5, 0.5]},
								"up": {"uv": [19, 24], "uv_size": [0.5, 0.5]}
							}
						},
						{
							"origin": [0.375, 0.9375, -2.25],
							"size": [0.21875, 0.125, 0.3125],
							"uv": {
								"north": {"uv": [24, 11], "uv_size": [0.5, 0.5]},
								"east": {"uv": [12, 24], "uv_size": [0.5, 0.5]},
								"south": {"uv": [24, 12], "uv_size": [0.5, 0.5]},
								"west": {"uv": [13, 24], "uv_size": [0.5, 0.5]},
								"up": {"uv": [24, 13], "uv_size": [0.5, 0.5]}
							}
						},
						{
							"origin": [-0.59375, 0.9375, -2.25],
							"size": [0.21875, 0.125, 0.3125],
							"uv": {
								"north": {"uv": [24, 15], "uv_size": [0.5, 0.5]},
								"east": {"uv": [16, 24], "uv_size": [0.5, 0.5]},
								"south": {"uv": [24, 16], "uv_size": [0.5, 0.5]},
								"west": {"uv": [17, 24], "uv_size": [0.5, 0.5]},
								"up": {"uv": [24, 17], "uv_size": [0.5, 0.5]}
							}
						},
						{
							"origin": [-0.1875, 1, -2.25],
							"size": [0.375, 0.0625, 0.3125],
							"uv": {
								"north": {"uv": [9, 24], "uv_size": [0.5, 0.5]},
								"east": {"uv": [24, 9], "uv_size": [0.5, 0.5]},
								"south": {"uv": [10, 24], "uv_size": [0.5, 0.5]},
								"west": {"uv": [24, 10], "uv_size": [0.5, 0.5]},
								"up": {"uv": [11, 24], "uv_size": [0.5, 0.5]}
							}
						}
					]
				},
				{
					"name": "bone9",
					"parent": "sight",
					"pivot": [0, 0.375, -1.875],
					"cubes": [
						{
							"origin": [-1.03125, 0.3125, -1.92187],
							"size": [2.0625, 0.10938, 0.10938],
							"pivot": [0, 0.375, -1.875],
							"rotation": [-45, 0, 0],
							"uv": {
								"north": {"uv": [0, 10], "uv_size": [2, 0.5]},
								"east": {"uv": [1, 25], "uv_size": [0.5, 0.5]},
								"south": {"uv": [10, 0], "uv_size": [2, 0.5]},
								"west": {"uv": [25, 1], "uv_size": [0.5, 0.5]},
								"up": {"uv": [10, 1], "uv_size": [2, 0.5]},
								"down": {"uv": [2, 10.5], "uv_size": [2, -0.5]}
							}
						},
						{
							"origin": [-1.03125, 0.59375, -2.23437],
							"size": [2.0625, 0.14063, 0.14063],
							"pivot": [0, 0.6875, -2.1875],
							"rotation": [-45, 0, 0],
							"uv": {
								"north": {"uv": [10, 5], "uv_size": [2, 0.5]},
								"east": {"uv": [3, 25], "uv_size": [0.5, 0.5]},
								"south": {"uv": [6, 10], "uv_size": [2, 0.5]},
								"west": {"uv": [25, 3], "uv_size": [0.5, 0.5]},
								"up": {"uv": [10, 6], "uv_size": [2, 0.5]},
								"down": {"uv": [8, 10.5], "uv_size": [2, -0.5]}
							}
						},
						{
							"origin": [-1.03125, 0.3125, -1.17187],
							"size": [2.0625, 0.10938, 0.10938],
							"pivot": [0, 0.375, -1.125],
							"rotation": [-45, 0, 0],
							"uv": {
								"north": {"uv": [10, 2], "uv_size": [2, 0.5]},
								"east": {"uv": [2, 25], "uv_size": [0.5, 0.5]},
								"south": {"uv": [10, 3], "uv_size": [2, 0.5]},
								"west": {"uv": [25, 2], "uv_size": [0.5, 0.5]},
								"up": {"uv": [4, 10], "uv_size": [2, 0.5]},
								"down": {"uv": [10, 4.5], "uv_size": [2, -0.5]}
							}
						},
						{
							"origin": [-1.03125, 0.46875, 0.26563],
							"size": [2.0625, 0.14063, 0.14063],
							"pivot": [0, 0.5625, 0.3125],
							"rotation": [-45, 0, 0],
							"uv": {
								"north": {"uv": [10, 10], "uv_size": [2, 0.5]},
								"east": {"uv": [4, 25], "uv_size": [0.5, 0.5]},
								"south": {"uv": [0, 11], "uv_size": [2, 0.5]},
								"west": {"uv": [25, 4], "uv_size": [0.5, 0.5]},
								"up": {"uv": [2, 11], "uv_size": [2, 0.5]},
								"down": {"uv": [4, 11.5], "uv_size": [2, -0.5]}
							}
						}
					]
				},
				{
					"name": "bone12",
					"parent": "sight",
					"pivot": [0.899, 0.6875, 0.14145],
					"cubes": [
						{
							"origin": [0.8365, 0.46875, -0.2023],
							"size": [0.125, 0.46875, 0.3125],
							"inflate": -0.001,
							"pivot": [0.899, 0.6875, 0.14145],
							"rotation": [0, -30, 0],
							"uv": {
								"west": {"uv": [23, 20], "uv_size": [0.5, 0.5]},
								"up": {"uv": [21, 23], "uv_size": [0.5, 0.5]},
								"down": {"uv": [23, 21.5], "uv_size": [0.5, -0.5]}
							}
						},
						{
							"origin": [1, 0.46875, -1.04687],
							"size": [0.125, 0.46875, 0.92188],
							"uv": {
								"west": {"uv": [12, 16], "uv_size": [1, 0.5]},
								"up": {"uv": [16, 12], "uv_size": [0.5, 1]},
								"down": {"uv": [13, 17], "uv_size": [0.5, -1]}
							}
						},
						{
							"origin": [1, 0.42188, -0.5],
							"size": [0.15625, 0.5625, 0.25],
							"uv": {
								"west": {"uv": [23, 14], "uv_size": [0.5, 0.5]},
								"up": {"uv": [15, 23], "uv_size": [0.5, 0.5]},
								"down": {"uv": [23, 15.5], "uv_size": [0.5, -0.5]}
							}
						},
						{
							"origin": [1, 0.41586, -0.48549],
							"size": [0.15625, 0.57452, 0.22097],
							"inflate": -0.001,
							"pivot": [1.07813, 0.70313, -0.375],
							"rotation": [45, 0, 0],
							"uv": {
								"west": {"uv": [23, 17], "uv_size": [0.5, 0.5]},
								"up": {"uv": [18, 23], "uv_size": [0.5, 0.5]},
								"down": {"uv": [23, 18.5], "uv_size": [0.5, -0.5]}
							}
						},
						{
							"origin": [1, 0.57813, -0.65625],
							"size": [0.15625, 0.25, 0.5625],
							"inflate": 0.001,
							"uv": {
								"north": {"uv": [19, 23], "uv_size": [0.5, 0.5]},
								"south": {"uv": [23, 19], "uv_size": [0.5, 0.5]},
								"west": {"uv": [20, 23], "uv_size": [0.5, 0.5]}
							}
						},
						{
							"origin": [1, 0.41586, -0.48549],
							"size": [0.15625, 0.57452, 0.22097],
							"inflate": -0.001,
							"pivot": [1.07813, 0.70313, -0.375],
							"rotation": [-45, 0, 0],
							"uv": {
								"west": {"uv": [16, 23], "uv_size": [0.5, 0.5]},
								"up": {"uv": [23, 16], "uv_size": [0.5, 0.5]},
								"down": {"uv": [17, 23.5], "uv_size": [0.5, -0.5]}
							}
						},
						{
							"origin": [1.15625, 0.57813, -0.5],
							"size": [0.03125, 0.25, 0.25],
							"pivot": [1.17188, 0.70313, -0.375],
							"rotation": [-45, 0, 0],
							"uv": {
								"north": {"uv": [6, 24], "uv_size": [0.5, 0.5]},
								"east": {"uv": [24, 6], "uv_size": [0.5, 0.5]},
								"south": {"uv": [7, 24], "uv_size": [0.5, 0.5]},
								"west": {"uv": [24, 7], "uv_size": [0.5, 0.5]},
								"up": {"uv": [8, 24], "uv_size": [0.5, 0.5]},
								"down": {"uv": [24, 8.5], "uv_size": [0.5, -0.5]}
							}
						},
						{
							"origin": [0.86125, 0.84375, -1.49441],
							"size": [0.125, 0.09375, 0.5],
							"inflate": -0.001,
							"pivot": [0.92375, 1.0625, -1.36941],
							"rotation": [0, 22.5, 0],
							"uv": {
								"west": {"uv": [1, 24], "uv_size": [0.5, 0.5]},
								"up": {"uv": [24, 1], "uv_size": [0.5, 0.5]},
								"down": {"uv": [2, 24.5], "uv_size": [0.5, -0.5]}
							}
						},
						{
							"origin": [0.86125, 0.5625, -1.11941],
							"size": [0.125, 0.28125, 0.125],
							"pivot": [0.92375, 1.0625, -1.36941],
							"rotation": [0, 22.5, 0],
							"uv": {
								"north": {"uv": [0, 24], "uv_size": [0.5, 0.5]},
								"west": {"uv": [24, 0], "uv_size": [0.5, 0.5]}
							}
						},
						{
							"origin": [0.86125, 0.46875, -1.49441],
							"size": [0.125, 0.09375, 0.5],
							"inflate": -0.001,
							"pivot": [0.92375, 0.71875, -1.36941],
							"rotation": [0, 22.5, 0],
							"uv": {
								"west": {"uv": [22, 23], "uv_size": [0.5, 0.5]},
								"up": {"uv": [23, 22], "uv_size": [0.5, 0.5]},
								"down": {"uv": [23, 23.5], "uv_size": [0.5, -0.5]}
							}
						},
						{
							"origin": [1, 0.59375, -1.4375],
							"size": [0.0625, 0.21875, 0.25],
							"uv": {
								"south": {"uv": [24, 2], "uv_size": [0.5, 0.5]},
								"west": {"uv": [3, 24], "uv_size": [0.5, 0.5]},
								"up": {"uv": [24, 3], "uv_size": [0.5, 0.5]},
								"down": {"uv": [4, 24.5], "uv_size": [0.5, -0.5]}
							}
						},
						{
							"origin": [1, 0.63637, -1.5404],
							"size": [0.0625, 0.15468, 0.15468],
							"inflate": -0.001,
							"pivot": [1.03125, 0.73928, -1.4375],
							"rotation": [45, 0, 0],
							"uv": {
								"north": {"uv": [24, 4], "uv_size": [0.5, 0.5]},
								"west": {"uv": [5, 24], "uv_size": [0.5, 0.5]},
								"up": {"uv": [24, 5], "uv_size": [0.5, 0.5]}
							}
						}
					]
				},
				{
					"name": "bone13",
					"parent": "sight",
					"pivot": [-0.899, 0.6875, 0.14145],
					"cubes": [
						{
							"origin": [-0.9615, 0.46875, -0.2023],
							"size": [0.125, 0.46875, 0.3125],
							"inflate": -0.001,
							"pivot": [-0.899, 0.6875, 0.14145],
							"rotation": [0, 30, 0],
							"uv": {
								"east": {"uv": [26, 21], "uv_size": [0.5, 0.5]},
								"up": {"uv": [22, 26], "uv_size": [0.5, 0.5]},
								"down": {"uv": [26, 22.5], "uv_size": [0.5, -0.5]}
							}
						},
						{
							"origin": [-1.125, 0.46875, -1.04687],
							"size": [0.125, 0.46875, 0.92188],
							"uv": {
								"east": {"uv": [15, 16], "uv_size": [1, 0.5]},
								"up": {"uv": [16, 15], "uv_size": [0.5, 1]},
								"down": {"uv": [16, 17], "uv_size": [0.5, -1]}
							}
						},
						{
							"origin": [-1.15625, 0.42188, -0.5],
							"size": [0.15625, 0.5625, 0.25],
							"uv": {
								"east": {"uv": [23, 26], "uv_size": [0.5, 0.5]},
								"up": {"uv": [26, 23], "uv_size": [0.5, 0.5]},
								"down": {"uv": [24, 26.5], "uv_size": [0.5, -0.5]}
							}
						},
						{
							"origin": [-1.15625, 0.41586, -0.48549],
							"size": [0.15625, 0.57452, 0.22097],
							"inflate": -0.001,
							"pivot": [-1.07812, 0.70313, -0.375],
							"rotation": [45, 0, 0],
							"uv": {
								"east": {"uv": [26, 24], "uv_size": [0.5, 0.5]},
								"up": {"uv": [25, 26], "uv_size": [0.5, 0.5]},
								"down": {"uv": [26, 25.5], "uv_size": [0.5, -0.5]}
							}
						},
						{
							"origin": [-1.15625, 0.57813, -0.65625],
							"size": [0.15625, 0.25, 0.5625],
							"inflate": 0.001,
							"uv": {
								"north": {"uv": [26, 26], "uv_size": [0.5, 0.5]},
								"east": {"uv": [0, 27], "uv_size": [0.5, 0.5]},
								"south": {"uv": [27, 0], "uv_size": [0.5, 0.5]}
							}
						},
						{
							"origin": [-1.15625, 0.41586, -0.48549],
							"size": [0.15625, 0.57452, 0.22097],
							"inflate": -0.001,
							"pivot": [-1.07812, 0.70313, -0.375],
							"rotation": [-45, 0, 0],
							"uv": {
								"east": {"uv": [1, 27], "uv_size": [0.5, 0.5]},
								"up": {"uv": [27, 1], "uv_size": [0.5, 0.5]},
								"down": {"uv": [2, 27.5], "uv_size": [0.5, -0.5]}
							}
						},
						{
							"origin": [-1.1875, 0.57813, -0.5],
							"size": [0.03125, 0.25, 0.25],
							"pivot": [-1.17187, 0.70313, -0.375],
							"rotation": [-45, 0, 0],
							"uv": {
								"north": {"uv": [27, 2], "uv_size": [0.5, 0.5]},
								"east": {"uv": [3, 27], "uv_size": [0.5, 0.5]},
								"south": {"uv": [27, 3], "uv_size": [0.5, 0.5]},
								"west": {"uv": [4, 27], "uv_size": [0.5, 0.5]},
								"up": {"uv": [27, 4], "uv_size": [0.5, 0.5]},
								"down": {"uv": [5, 27.5], "uv_size": [0.5, -0.5]}
							}
						},
						{
							"origin": [-0.98625, 0.84375, -1.49441],
							"size": [0.125, 0.09375, 0.5],
							"inflate": -0.001,
							"pivot": [-0.92375, 1.0625, -1.36941],
							"rotation": [0, -22.5, 0],
							"uv": {
								"east": {"uv": [27, 5], "uv_size": [0.5, 0.5]},
								"up": {"uv": [6, 27], "uv_size": [0.5, 0.5]},
								"down": {"uv": [27, 6.5], "uv_size": [0.5, -0.5]}
							}
						},
						{
							"origin": [-0.98625, 0.5625, -1.11941],
							"size": [0.125, 0.28125, 0.125],
							"pivot": [-0.92375, 1.0625, -1.36941],
							"rotation": [0, -22.5, 0],
							"uv": {
								"north": {"uv": [7, 27], "uv_size": [0.5, 0.5]},
								"east": {"uv": [27, 7], "uv_size": [0.5, 0.5]}
							}
						},
						{
							"origin": [-0.98625, 0.46875, -1.49441],
							"size": [0.125, 0.09375, 0.5],
							"inflate": -0.001,
							"pivot": [-0.92375, 0.71875, -1.36941],
							"rotation": [0, -22.5, 0],
							"uv": {
								"east": {"uv": [8, 27], "uv_size": [0.5, 0.5]},
								"up": {"uv": [27, 8], "uv_size": [0.5, 0.5]},
								"down": {"uv": [9, 27.5], "uv_size": [0.5, -0.5]}
							}
						},
						{
							"origin": [-1.0625, 0.59375, -1.4375],
							"size": [0.0625, 0.21875, 0.25],
							"uv": {
								"east": {"uv": [27, 9], "uv_size": [0.5, 0.5]},
								"south": {"uv": [10, 27], "uv_size": [0.5, 0.5]},
								"up": {"uv": [27, 10], "uv_size": [0.5, 0.5]},
								"down": {"uv": [11, 27.5], "uv_size": [0.5, -0.5]}
							}
						},
						{
							"origin": [-1.0625, 0.63637, -1.5404],
							"size": [0.0625, 0.15468, 0.15468],
							"inflate": -0.001,
							"pivot": [-1.03125, 0.73928, -1.4375],
							"rotation": [45, 0, 0],
							"uv": {
								"north": {"uv": [27, 11], "uv_size": [0.5, 0.5]},
								"east": {"uv": [12, 27], "uv_size": [0.5, 0.5]},
								"up": {"uv": [27, 12], "uv_size": [0.5, 0.5]}
							}
						}
					]
				},
				{
					"name": "bone",
					"parent": "sight",
					"pivot": [0, 1.0377, -1.25],
					"cubes": [
						{
							"origin": [-0.5, 2.0625, -1.40625],
							"size": [1, 0.0625, 0.34375],
							"uv": {
								"north": {"uv": [15, 14], "uv_size": [1, 0.5]},
								"east": {"uv": [16, 22], "uv_size": [0.5, 0.5]},
								"south": {"uv": [15, 15], "uv_size": [1, 0.5]},
								"up": {"uv": [16, 0], "uv_size": [1, 0.5]},
								"down": {"uv": [1, 16.5], "uv_size": [1, -0.5]}
							}
						},
						{
							"origin": [0.25, 2.125, -1.40625],
							"size": [0.25, 0.0625, 0.34375],
							"uv": {
								"north": {"uv": [22, 16], "uv_size": [0.5, 0.5]},
								"east": {"uv": [17, 22], "uv_size": [0.5, 0.5]},
								"south": {"uv": [22, 17], "uv_size": [0.5, 0.5]},
								"up": {"uv": [18, 22], "uv_size": [0.5, 0.5]}
							}
						},
						{
							"origin": [-0.5, 2.125, -1.40625],
							"size": [0.25, 0.0625, 0.34375],
							"uv": {
								"north": {"uv": [22, 18], "uv_size": [0.5, 0.5]},
								"south": {"uv": [19, 22], "uv_size": [0.5, 0.5]},
								"west": {"uv": [22, 19], "uv_size": [0.5, 0.5]},
								"up": {"uv": [20, 22], "uv_size": [0.5, 0.5]}
							}
						},
						{
							"origin": [-0.25, 2.125, -1.28125],
							"size": [0.5, 0.0625, 0.15625],
							"uv": {
								"north": {"uv": [22, 20], "uv_size": [0.5, 0.5]},
								"south": {"uv": [21, 22], "uv_size": [0.5, 0.5]},
								"up": {"uv": [22, 21], "uv_size": [0.5, 0.5]}
							}
						},
						{
							"origin": [-0.21685, 2.125, -1.3682],
							"size": [0.125, 0.0625, 0.1875],
							"inflate": -0.001,
							"pivot": [-0.21685, 2.15625, -1.19633],
							"rotation": [0, 45, 0],
							"uv": {
								"west": {"uv": [22, 22], "uv_size": [0.5, 0.5]},
								"up": {"uv": [0, 23], "uv_size": [0.5, 0.5]}
							}
						},
						{
							"origin": [0.09185, 2.125, -1.3682],
							"size": [0.125, 0.0625, 0.1875],
							"inflate": -0.001,
							"pivot": [0.21685, 2.15625, -1.19633],
							"rotation": [0, -45, 0],
							"uv": {
								"east": {"uv": [23, 0], "uv_size": [0.5, 0.5]},
								"up": {"uv": [1, 23], "uv_size": [0.5, 0.5]}
							}
						},
						{
							"origin": [0.44129, 1.98326, -1.40625],
							"size": [0.1875, 0.125, 0.34375],
							"inflate": 0.001,
							"pivot": [0.56629, 2.07701, -1.23437],
							"rotation": [0, 0, 45],
							"uv": {
								"north": {"uv": [23, 1], "uv_size": [0.5, 0.5]},
								"south": {"uv": [2, 23], "uv_size": [0.5, 0.5]},
								"west": {"uv": [23, 2], "uv_size": [0.5, 0.5]},
								"up": {"uv": [3, 23], "uv_size": [0.5, 0.5]},
								"down": {"uv": [23, 3.5], "uv_size": [0.5, -0.5]}
							}
						},
						{
							"origin": [0.73549, 1.32924, -1.40625],
							"size": [0.76389, 0.09375, 0.34375],
							"pivot": [0.73549, 1.29799, -1.0625],
							"rotation": [0, 0, -97.74175],
							"uv": {
								"north": {"uv": [16, 1], "uv_size": [1, 0.5]},
								"south": {"uv": [2, 16], "uv_size": [1, 0.5]},
								"up": {"uv": [16, 2], "uv_size": [1, 0.5]},
								"down": {"uv": [3, 16.5], "uv_size": [1, -0.5]}
							}
						},
						{
							"origin": [0.73549, 1.29799, -1.14062],
							"size": [0.76389, 0.03125, 0.07813],
							"pivot": [0.73549, 1.29799, -1.0625],
							"rotation": [0, 0, -97.74175],
							"uv": {
								"north": {"uv": [4, 16], "uv_size": [1, 0.5]},
								"south": {"uv": [16, 4], "uv_size": [1, 0.5]},
								"down": {"uv": [5, 16.5], "uv_size": [1, -0.5]}
							}
						},
						{
							"origin": [0.73549, 1.29799, -1.29687],
							"size": [0.76389, 0.03125, 0.07813],
							"pivot": [0.73549, 1.29799, -1.21875],
							"rotation": [0, 0, -97.74175],
							"uv": {
								"north": {"uv": [16, 5], "uv_size": [1, 0.5]},
								"south": {"uv": [6, 16], "uv_size": [1, 0.5]},
								"down": {"uv": [16, 6.5], "uv_size": [1, -0.5]}
							}
						},
						{
							"origin": [1.20424, 1.29799, -1.21875],
							"size": [0.07639, 0.03125, 0.07813],
							"pivot": [0.73549, 1.29799, -1.0625],
							"rotation": [0, 0, -97.74175],
							"uv": {
								"east": {"uv": [23, 6], "uv_size": [0.5, 0.5]},
								"west": {"uv": [7, 23], "uv_size": [0.5, 0.5]},
								"down": {"uv": [23, 7.5], "uv_size": [0.5, -0.5]}
							}
						},
						{
							"origin": [-0.62879, 1.98326, -1.40625],
							"size": [0.1875, 0.125, 0.34375],
							"inflate": 0.001,
							"pivot": [-0.56629, 2.07701, -1.23437],
							"rotation": [0, 0, -45],
							"uv": {
								"north": {"uv": [8, 23], "uv_size": [0.5, 0.5]},
								"east": {"uv": [23, 8], "uv_size": [0.5, 0.5]},
								"south": {"uv": [9, 23], "uv_size": [0.5, 0.5]},
								"up": {"uv": [23, 9], "uv_size": [0.5, 0.5]},
								"down": {"uv": [10, 23.5], "uv_size": [0.5, -0.5]}
							}
						},
						{
							"origin": [-1.49938, 1.32924, -1.40625],
							"size": [0.76389, 0.09375, 0.34375],
							"pivot": [-0.73549, 1.29799, -1.0625],
							"rotation": [0, 0, 97.74175],
							"uv": {
								"north": {"uv": [7, 16], "uv_size": [1, 0.5]},
								"south": {"uv": [16, 7], "uv_size": [1, 0.5]},
								"up": {"uv": [8, 16], "uv_size": [1, 0.5]},
								"down": {"uv": [16, 8.5], "uv_size": [1, -0.5]}
							}
						},
						{
							"origin": [-1.49938, 1.29799, -1.29687],
							"size": [0.76389, 0.03125, 0.07813],
							"pivot": [-0.73549, 1.29799, -1.21875],
							"rotation": [0, 0, 97.74175],
							"uv": {
								"north": {"uv": [9, 16], "uv_size": [1, 0.5]},
								"south": {"uv": [16, 9], "uv_size": [1, 0.5]},
								"down": {"uv": [10, 16.5], "uv_size": [1, -0.5]}
							}
						},
						{
							"origin": [-1.28063, 1.29799, -1.21875],
							"size": [0.07639, 0.03125, 0.07813],
							"pivot": [-0.73549, 1.29799, -1.0625],
							"rotation": [0, 0, 97.74175],
							"uv": {
								"east": {"uv": [13, 23], "uv_size": [0.5, 0.5]},
								"west": {"uv": [23, 13], "uv_size": [0.5, 0.5]},
								"down": {"uv": [14, 23.5], "uv_size": [0.5, -0.5]}
							}
						},
						{
							"origin": [-1.49938, 1.29799, -1.14062],
							"size": [0.76389, 0.03125, 0.07813],
							"pivot": [-0.73549, 1.29799, -1.0625],
							"rotation": [0, 0, 97.74175],
							"uv": {
								"north": {"uv": [16, 10], "uv_size": [1, 0.5]},
								"south": {"uv": [11, 16], "uv_size": [1, 0.5]},
								"down": {"uv": [16, 11.5], "uv_size": [1, -0.5]}
							}
						},
						{
							"origin": [-0.554, 1.61114, -1.40625],
							"size": [0.15625, 0.125, 0.34375],
							"inflate": 0.001,
							"pivot": [-1.02275, 1.67364, -1.23437],
							"rotation": [0, 0, 45],
							"uv": {
								"north": {"uv": [23, 10], "uv_size": [0.5, 0.5]},
								"east": {"uv": [11, 23], "uv_size": [0.5, 0.5]},
								"south": {"uv": [23, 11], "uv_size": [0.5, 0.5]},
								"up": {"uv": [12, 23], "uv_size": [0.5, 0.5]},
								"down": {"uv": [23, 12.5], "uv_size": [0.5, -0.5]}
							}
						},
						{
							"origin": [-0.625, 1.1875, -1.40625],
							"size": [1.25, 0.125, 0.34375],
							"uv": {
								"north": {"uv": [4, 14], "uv_size": [1.5, 0.5]},
								"south": {"uv": [14, 5], "uv_size": [1.5, 0.5]},
								"up": {"uv": [6, 14], "uv_size": [1.5, 0.5]},
								"down": {"uv": [14, 6.5], "uv_size": [1.5, -0.5]}
							}
						},
						{
							"origin": [0.39775, 1.61114, -1.40625],
							"size": [0.15625, 0.125, 0.34375],
							"inflate": 0.001,
							"pivot": [1.02275, 1.67364, -1.23437],
							"rotation": [0, 0, -45],
							"uv": {
								"north": {"uv": [4, 23], "uv_size": [0.5, 0.5]},
								"south": {"uv": [23, 4], "uv_size": [0.5, 0.5]},
								"west": {"uv": [5, 23], "uv_size": [0.5, 0.5]},
								"up": {"uv": [23, 5], "uv_size": [0.5, 0.5]},
								"down": {"uv": [6, 23.5], "uv_size": [0.5, -0.5]}
							}
						},
						{
							"origin": [-0.5625, 1, -1.375],
							"size": [1.125, 0.1875, 0.25],
							"uv": {
								"north": {"uv": [8, 15], "uv_size": [1, 0.5]},
								"east": {"uv": [4, 22], "uv_size": [0.5, 0.5]},
								"south": {"uv": [15, 8], "uv_size": [1, 0.5]},
								"west": {"uv": [22, 4], "uv_size": [0.5, 0.5]},
								"up": {"uv": [9, 15], "uv_size": [1, 0.5]}
							}
						},
						{
							"origin": [-0.5625, 0.93907, -1.33146],
							"size": [1.125, 0.17678, 0.17678],
							"inflate": -0.001,
							"pivot": [0, 1.0221, -1.27968],
							"rotation": [-45, 0, 0],
							"uv": {
								"east": {"uv": [23, 28], "uv_size": [0.5, 0.5]},
								"south": {"uv": [17, 2], "uv_size": [1, 0.5]},
								"west": {"uv": [28, 23], "uv_size": [0.5, 0.5]},
								"down": {"uv": [3, 17.5], "uv_size": [1, -0.5]}
							}
						},
						{
							"origin": [-0.59375, 0.9596, -1.32812],
							"size": [1.1875, 0.15625, 0.15625],
							"pivot": [0, 1.03772, -1.25],
							"rotation": [45, 0, 0],
							"uv": {
								"north": {"uv": [15, 9], "uv_size": [1, 0.5]},
								"east": {"uv": [5, 22], "uv_size": [0.5, 0.5]},
								"south": {"uv": [10, 15], "uv_size": [1, 0.5]},
								"west": {"uv": [22, 5], "uv_size": [0.5, 0.5]},
								"up": {"uv": [11, 15], "uv_size": [1, 0.5]},
								"down": {"uv": [12, 15.5], "uv_size": [1, -0.5]}
							}
						},
						{
							"origin": [-0.85876, 1.29799, -1.21875],
							"size": [0.12327, 0.03125, 0.07813],
							"pivot": [-0.73549, 1.29799, -1.0625],
							"rotation": [0, 0, 97.74175],
							"uv": {
								"east": {"uv": [20, 28], "uv_size": [0.5, 0.5]},
								"down": {"uv": [28, 20.5], "uv_size": [0.5, -0.5]}
							}
						},
						{
							"origin": [0.73549, 1.29799, -1.21875],
							"size": [0.12327, 0.03125, 0.07813],
							"pivot": [0.73549, 1.29799, -1.0625],
							"rotation": [0, 0, -97.74175],
							"uv": {
								"west": {"uv": [21, 28], "uv_size": [0.5, 0.5]},
								"down": {"uv": [28, 21.5], "uv_size": [0.5, -0.5]}
							}
						}
					]
				},
				{
					"name": "division",
					"pivot": [0, 1.6875, -30],
					"cubes": [
						{
							"origin": [-1.625, 0.64063, -30],
							"size": [0.25, 0.09375, 0],
							"uv": {
								"south": {"uv": [0, 29], "uv_size": [0.5, 0.5]}
							}
						},
						{
							"origin": [-1.54687, 0.5625, -30],
							"size": [0.09375, 0.25, 0],
							"uv": {
								"south": {"uv": [29, 0], "uv_size": [0.5, 0.5]}
							}
						},
						{
							"origin": [1.375, 0.64063, -30],
							"size": [0.25, 0.09375, 0],
							"uv": {
								"south": {"uv": [28, 28], "uv_size": [0.5, 0.5]}
							}
						},
						{
							"origin": [-0.3125, 1.65625, -30],
							"size": [0.25, 0.0625, 0],
							"uv": {
								"south": {"uv": [28, 25], "uv_size": [0.5, 0.5]}
							}
						},
						{
							"origin": [-0.04799, 1.71718, -30],
							"size": [0.04419, 0.04419, 0],
							"pivot": [-0.10669, 1.75758, -30],
							"rotation": [0, 0, 45],
							"uv": {
								"south": {"uv": [28, 26], "uv_size": [0.5, 0.5]}
							}
						},
						{
							"origin": [0.0625, 1.65625, -30],
							"size": [0.25, 0.0625, 0],
							"uv": {
								"south": {"uv": [25, 28], "uv_size": [0.5, 0.5]}
							}
						},
						{
							"origin": [0.07701, 1.61363, -30],
							"size": [0.04419, 0.04419, 0],
							"pivot": [0.01831, 1.61742, -30],
							"rotation": [0, 0, -45],
							"uv": {
								"south": {"uv": [28, 27], "uv_size": [0.5, 0.5]}
							}
						},
						{
							"origin": [-0.03125, 1.375, -30],
							"size": [0.0625, 0.25, 0],
							"uv": {
								"south": {"uv": [28, 24], "uv_size": [0.5, 0.5]}
							}
						},
						{
							"origin": [-0.07387, 1.56629, -30],
							"size": [0.04419, 0.04419, 0],
							"pivot": [-0.07008, 1.66919, -30],
							"rotation": [0, 0, -45],
							"uv": {
								"south": {"uv": [26, 28], "uv_size": [0.5, 0.5]}
							}
						},
						{
							"origin": [-0.03125, 1.75, -30],
							"size": [0.0625, 0.25, 0],
							"uv": {
								"south": {"uv": [24, 28], "uv_size": [0.5, 0.5]}
							}
						},
						{
							"origin": [-0.07387, 1.69129, -30],
							"size": [0.04419, 0.04419, 0],
							"pivot": [-0.07008, 1.79419, -30],
							"rotation": [0, 0, -45],
							"uv": {
								"south": {"uv": [27, 28], "uv_size": [0.5, 0.5]}
							}
						}
					]
				},
				{
					"name": "ocular",
					"pivot": [0, 2.3125, -1.225],
					"cubes": [
						{
							"origin": [-0.625, 1.3125, -1.225],
							"size": [1.25, 0.75, 0],
							"uv": {
								"south": {"uv": [6, 6], "uv_size": [1.5, 1]}
							}
						}
					]
				},
				{
					"name": "scope_view",
					"pivot": [0, 1.6875, 3.25]
				}
			]
		}
	]
}