{
  "slot": "nmw2:attachment/slot/laser_laz44",
  "model": "nmw2:attachment/laser_laz44_geo",
  "texture": "nmw2:attachment/uv/laser_laz44",
  "sounds": {
    "install": "tacz:attachments/attachment_general_b",
    "uninstall": "tacz:attachments/attachment_general_uninstall"
  },
  "laser": {
    // 默认的镭射颜色
    "default_color": "0x00ff00",
    // 是否允许在改装界面自定义该镭射的颜色
    "can_edit": true,
    // 激光的长度（因为是渐变，末端可能实际完全看不见）
    "length": 75
  }
}