{
  "slot": "nmw2:attachment/slot/sight_cd00_crater_maker",
  "model": "nmw2:attachment/sight_cd00_crater_maker_geo",
  "texture": "nmw2:attachment/uv/sight_cd00_crater_maker",
  "lod": {
    "model": "nmw2:attachment/lod/sight_cd00_crater_maker",
    "texture": "nmw2:attachment/lod/sight_cd00_crater_maker"
  },
  "zoom": [
    1.25
  ],
  "scope": false,
  "sight": true,
  "fov": 45.0,
  "sounds": {
    "install": "tacz:attachments/scope_general_c",
    "uninstall": "tacz:attachments/scope_general_c"
  }
}