{
	"format_version": "1.8.0",
	"animations": {
		"static_idle": {
			"loop": true,
			"animation_length": 0.125,
			"bones": {
				"lefthand": {
					"rotation": [96.3949, -30.74097, -137.03831],
					"position": [8.05, -11.75, -5],
					"scale": [1, 1.5, 1]
				},
				"righthand": {
					"rotation": [91.51126, 6.99759, -179.81584],
					"position": [-6.875, -13.825, 6.8],
					"scale": [1, 1.5, 1]
				},
				"constraint": {
					"rotation": [0.1, 0.1, 0.1],
					"position": [0.1, 0.1, 0.4]
				}
			}
		},
		"shoot": {
			"animation_length": 0.6333,
			"bones": {
				"bolt": {
					"position": {
						"0.0": [0, 0, 0],
						"0.0333": [0, 0, 5],
						"0.0667": [0, 0, 0]
					}
				},
				"root": {
					"rotation": {
						"0.0": [0, 0, 0],
						"0.0333": [1.225, 0, 0.725],
						"0.0667": [-0.595, 0, -1.175],
						"0.1": [-0.72, 0, -1.225],
						"0.1667": [0.18, 0, 0.525],
						"0.2667": [0.45, 0, -0.25],
						"0.3667": [0.225, -0.2, 0.25],
						"0.5": [0.055, -0.075, -0.075],
						"0.6333": [0, 0, 0]
					},
					"position": {
						"0.0": [0, 0, 0],
						"0.0333": [0, -0.025, 1.725],
						"0.0667": [0, -0.05, 1.38],
						"0.1333": [0, -0.05, -0.045],
						"0.2667": [0, -0.025, 0.1],
						"0.3667": [0, 0, 0]
					}
				},
				"camera": {
					"rotation": {
						"0.0": [0, 0, 0],
						"0.0333": [0, 0, 0.65],
						"0.0667": [0, 0, -0.37],
						"0.1": [0, 0, 0.41],
						"0.1333": [0, 0, -0.185],
						"0.1667": [0, 0, 0.2],
						"0.2": [0, 0, 0]
					}
				}
			}
		},
		"draw": {
			"animation_length": 0.8235,
			"bones": {
				"root": {
					"rotation": {
						"0.0": [30.00673, -2.0705, -27.00752],
						"0.3137": {
							"pre": [1.26636, -2.72255, -1.21189],
							"post": [1.26636, -2.72255, -1.21189],
							"lerp_mode": "catmullrom"
						},
						"0.549": {
							"post": [-0.065, -0.095, 0.79],
							"lerp_mode": "catmullrom"
						},
						"0.6667": {
							"post": [0, -0.03, 0.1],
							"lerp_mode": "catmullrom"
						},
						"0.7843": [0, 0, 0]
					},
					"position": {
						"0.0": [0.0625, -3.14062, 13.32813],
						"0.1961": {
							"pre": [0.275, -1.45, -0.38438],
							"post": [0.275, -1.45, -0.38438],
							"lerp_mode": "catmullrom"
						},
						"0.3529": {
							"post": [0.09, -0.56, -1.2],
							"lerp_mode": "catmullrom"
						},
						"0.4706": {
							"post": [-0.05, -0.075, 0.265],
							"lerp_mode": "catmullrom"
						},
						"0.5882": {
							"post": [0, 0, 0],
							"lerp_mode": "catmullrom"
						},
						"0.7451": {
							"post": [0, 0, 0],
							"lerp_mode": "catmullrom"
						}
					}
				},
				"lefthand": {
					"rotation": {
						"0.0": [92.44585, -22.23047, -119.50882],
						"0.2353": [96.3949, -30.74097, -137.03831]
					},
					"position": {
						"0.0": [15.57, -23.23, -4.95],
						"0.2353": [8.05, -11.75, -5]
					},
					"scale": [1, 1.5, 1]
				},
				"righthand": {
					"rotation": [91.51126, 6.99759, -179.81584],
					"position": [-6.875, -13.825, 6.8],
					"scale": [1, 1.5, 1]
				},
				"camera": {
					"rotation": {
						"0.0": [0, 0, 0],
						"0.2745": [2.47178, -0.65182, 1.95744],
						"0.5098": [0, 0, 0]
					}
				}
			}
		},
		"put_away": {
			"animation_length": 0.5,
			"bones": {
				"root": {
					"rotation": {
						"0.0": {
							"post": [0, 0, 0],
							"lerp_mode": "catmullrom"
						},
						"0.0667": {
							"post": [-0.51171, -0.5301, -4.19401],
							"lerp_mode": "catmullrom"
						},
						"0.1333": {
							"post": [2.46882, -5.40679, -3.99382],
							"lerp_mode": "catmullrom"
						},
						"0.2333": {
							"post": [12.74519, -25.35519, 12.7657],
							"lerp_mode": "catmullrom"
						},
						"0.4": {
							"post": [32.04283, -33.29116, 21.60153],
							"lerp_mode": "catmullrom"
						},
						"0.5": [49.81196, -45.49555, 20.27054]
					},
					"position": {
						"0.0": {
							"post": [0, 0, 0],
							"lerp_mode": "catmullrom"
						},
						"0.0667": {
							"post": [-0.075, -0.49, 0.28],
							"lerp_mode": "catmullrom"
						},
						"0.1333": {
							"post": [-0.57, -1.47, 0.34],
							"lerp_mode": "catmullrom"
						},
						"0.2333": {
							"post": [-2.51, -3.42, 0.06],
							"lerp_mode": "catmullrom"
						},
						"0.4": {
							"post": [-2.23, -7.375, -0.335],
							"lerp_mode": "catmullrom"
						},
						"0.5333": {
							"post": [-2.55, -13.425, -0.35],
							"lerp_mode": "catmullrom"
						}
					}
				},
				"lefthand": {
					"rotation": {
						"0.0": [96.3949, -30.74097, -137.03831],
						"0.2": [156.62844, -0.35344, -245.73276]
					},
					"position": {
						"0.0": [8.05, -11.75, -5],
						"0.1": [9.745, -10.635, -4.995],
						"0.2": [8.42, -7.92, -1.745]
					},
					"scale": [1, 1.5, 1]
				},
				"righthand": {
					"rotation": [91.51126, 6.99759, -179.81584],
					"position": [-6.875, -13.825, 6.8],
					"scale": [1, 1.5, 1]
				},
				"camera": {
					"rotation": {
						"0.0": [0, 0, 0],
						"0.2333": [2, 1, 1],
						"0.4": [0, 0, 0]
					}
				}
			}
		},
		"reload_tactical": {
			"loop": "hold_on_last_frame",
			"animation_length": 3,
			"bones": {
				"lefthand": {
					"rotation": {
						"0.0": [96.3949, -30.74097, -137.03831],
						"0.2": [119.40904, -10.62656, -196.47479],
						"2.3667": [119.40904, -10.62656, -196.47479],
						"2.5333": [96.3949, -30.74097, -137.03831]
					},
					"position": {
						"0.0": [8.05, -11.75, -5],
						"0.2": [9.05, -9.375, 3.875],
						"2.3667": [9.05, -9.375, 3.875],
						"2.5333": [8.05, -11.75, -5]
					},
					"scale": {
						"0.0": [1, 1.5, 1],
						"2.5333": [1, 1.5, 1]
					}
				},
				"righthand": {
					"rotation": {
						"0.0": [91.51126, 6.99759, -179.81584],
						"0.2": [91.51126, 6.99759, -179.81584],
						"0.3333": [91.51, 7, -179.82],
						"0.4667": [112.59039, 20.81952, -107.26188],
						"2.1333": [112.59039, 20.81952, -107.26188],
						"2.3333": [109.12256, 17.75813, -165.75552],
						"2.4333": [91.51126, 6.99759, -179.81584]
					},
					"position": {
						"0.0": [-6.875, -13.825, 6.8],
						"0.2": [-6.875, -13.825, 6.8],
						"0.3333": [-10.87, -13.82, 0.8],
						"0.4667": [-8.87, -6.22, 0.8],
						"2.1333": [-8.87, -6.22, 0.8],
						"2.2333": [-11.87, -7.82, 0.8],
						"2.4333": [-6.875, -13.825, 6.8]
					},
					"scale": [1, 1.5, 1]
				},
				"constraint": {
					"rotation": [0.1, 0.1, 0.1],
					"position": [0.1, 0.1, 0.4]
				},
				"root": {
					"rotation": {
						"0.0333": [0, 0, 0],
						"0.2": [-30.38126, -8.64917, 5.03837],
						"0.2667": [-33.38, -8.65, 5.04],
						"0.6": [-29, -8.17, 5.89],
						"0.6333": [-32.81727, -6.83003, 8.00242],
						"0.7": [-28.58855, -9.61526, 3.22901],
						"0.8": [-27.13, -8.19, 5.86],
						"0.8667": {
							"pre": [-29.09, -8.21, 7.13],
							"post": [-29.09, -8.21, 7.13],
							"lerp_mode": "catmullrom"
						},
						"0.9667": {
							"post": [-29.19, -8.37, 5.55],
							"lerp_mode": "catmullrom"
						},
						"1.1333": {
							"post": [-29.05223, -10.83736, 1.01317],
							"lerp_mode": "catmullrom"
						},
						"1.3333": {
							"post": [-37.28, -10.16, 2.25],
							"lerp_mode": "catmullrom"
						},
						"1.4667": {
							"post": [-36.19, -8.37, 2.55],
							"lerp_mode": "catmullrom"
						},
						"1.5333": {
							"post": [-36.2, -8.39, 2.52],
							"lerp_mode": "catmullrom"
						},
						"1.6333": {
							"post": [-35.69, -8.4, 2.49],
							"lerp_mode": "catmullrom"
						},
						"1.8333": {
							"post": [-36.08, -8.42, 2.45],
							"lerp_mode": "catmullrom"
						},
						"1.8667": {
							"post": [-41.2, -8.43, 2.43],
							"lerp_mode": "catmullrom"
						},
						"1.9667": {
							"post": [-37.055, -8.45, 2.4],
							"lerp_mode": "catmullrom"
						},
						"2.1": {
							"post": [-36.43, -6.555, 3.64],
							"lerp_mode": "catmullrom"
						},
						"2.2667": [-34.38, -8.65, 5.04],
						"2.4": [-12.23, -3.71, 2.16],
						"2.5333": [0, 0, 0]
					},
					"position": {
						"0.0": [0, 0, 0],
						"0.1333": [1.02, -0.955, 0.23],
						"0.2": {
							"pre": [1.385, -0.42, 0.5],
							"post": [1.385, -0.42, 0.5],
							"lerp_mode": "catmullrom"
						},
						"0.3": {
							"post": [1.035, -0.42, 0.8],
							"lerp_mode": "catmullrom"
						},
						"0.5333": [1.035, -0.42, 0.5],
						"0.6667": [1.035, -0.22, 0.5],
						"0.7333": {
							"pre": [1.035, -0.63, 0.39],
							"post": [1.035, -0.63, 0.39],
							"lerp_mode": "catmullrom"
						},
						"1.0": {
							"post": [1.035, -0.63, 0.39],
							"lerp_mode": "catmullrom"
						},
						"1.3": {
							"post": [1.035, -1.54, 0.4],
							"lerp_mode": "catmullrom"
						},
						"1.5": {
							"post": [1.035, -0.245, 0.43],
							"lerp_mode": "catmullrom"
						},
						"1.8": [1.035, -0.32, 0.45],
						"1.8667": [1.035, -1.79, 0.95],
						"2.0333": [1.035, -0.44, 0.4],
						"2.1667": [1.035, -0.43, 0.44],
						"2.3333": {
							"pre": [1.385, -1.42, 1.5],
							"post": [1.385, -1.42, 1.5],
							"lerp_mode": "catmullrom"
						},
						"2.5": {
							"post": [0, 0, -1],
							"lerp_mode": "catmullrom"
						},
						"2.6333": [0, -0.4, -0.7],
						"2.7667": [0, 0, 0]
					}
				},
				"magazine_and_hand": {
					"rotation": {
						"0.6": [0, 0, 0],
						"0.8": [12.79362, -12.19908, -2.74715],
						"1.0": [-22.21, -12.2, -2.75],
						"1.3": {
							"pre": [-22.21, -12.2, -2.75],
							"post": [-22.21, -12.2, -2.75],
							"lerp_mode": "catmullrom"
						},
						"1.4667": {
							"post": [20.29, -12.2, -2.75],
							"lerp_mode": "catmullrom"
						},
						"1.7": [12.79, -12.2, -2.75],
						"1.8": [12.79, -12.2, -2.75],
						"1.8667": [0, 0, 0]
					},
					"position": {
						"0.6": [0, 0, 0],
						"0.7": [-0.25, 1.49, 0],
						"0.8": [-4, -1.6, 3],
						"0.8667": [-6, -7.1, 6],
						"1.1333": [-6, -9.1, 19],
						"1.2667": {
							"pre": [-6, -9.1, 19],
							"post": [-6, -9.1, 19],
							"lerp_mode": "catmullrom"
						},
						"1.4667": {
							"post": [0, 1.9, 2],
							"lerp_mode": "catmullrom"
						},
						"1.5333": [0, 0.23, 1.3],
						"1.6333": [0, 0.23, 1.3],
						"1.7333": [0, 0, 0]
					}
				},
				"camera": {
					"rotation": {
						"0.0": {
							"post": [0, 0, 0],
							"lerp_mode": "catmullrom"
						},
						"0.0333": {
							"post": [-0.32, 0, 0.39],
							"lerp_mode": "catmullrom"
						},
						"0.1333": {
							"post": [1.25, 0.25, 0.22],
							"lerp_mode": "catmullrom"
						},
						"0.2": {
							"post": [2.3, 0.59, -0.06],
							"lerp_mode": "catmullrom"
						},
						"0.3": {
							"post": [3.185, 0.82, -0.24],
							"lerp_mode": "catmullrom"
						},
						"0.3667": {
							"post": [3.35, 0.81, -0.07],
							"lerp_mode": "catmullrom"
						},
						"0.6": {
							"post": [3.01, 0.62, -0.02],
							"lerp_mode": "catmullrom"
						},
						"0.6333": {
							"post": [2.94, 0.01, -1.15],
							"lerp_mode": "catmullrom"
						},
						"0.6667": {
							"post": [2.9, 0.27, 0.505],
							"lerp_mode": "catmullrom"
						},
						"0.7333": {
							"post": [2.84, 0.49, -0.46],
							"lerp_mode": "catmullrom"
						},
						"0.8333": {
							"post": [3.05, 0.67, 0.21],
							"lerp_mode": "catmullrom"
						},
						"0.9": {
							"post": [3.12, 0.5, 0.065],
							"lerp_mode": "catmullrom"
						},
						"1.3": {
							"post": [3.24, 2.08, 1.22],
							"lerp_mode": "catmullrom"
						},
						"1.7": {
							"post": [3.48, 1.19, 0.62],
							"lerp_mode": "catmullrom"
						},
						"1.7333": {
							"post": [3.46, 1.16, 0.71],
							"lerp_mode": "catmullrom"
						},
						"1.8": {
							"post": [3.45, 1.43, 1.6],
							"lerp_mode": "catmullrom"
						},
						"1.8333": {
							"post": [3.64, 1.51, 1.185],
							"lerp_mode": "catmullrom"
						},
						"1.8667": {
							"post": [3.45, 1.43, 0.07],
							"lerp_mode": "catmullrom"
						},
						"1.9667": {
							"post": [2.91, 1.49, 1.025],
							"lerp_mode": "catmullrom"
						},
						"2.0333": {
							"post": [2.39, 1.61, 0.41],
							"lerp_mode": "catmullrom"
						},
						"2.2667": {
							"post": [1.65, 1.68, 0.27],
							"lerp_mode": "catmullrom"
						},
						"2.5333": {
							"post": [0.97, -0.21, 0.12],
							"lerp_mode": "catmullrom"
						},
						"2.6333": {
							"post": [-0.23, -0.04, -0.19],
							"lerp_mode": "catmullrom"
						},
						"2.6667": {
							"post": [-0.62, 0.015, 0.62],
							"lerp_mode": "catmullrom"
						},
						"2.7667": {
							"post": [-0.15, -0.005, -0.385],
							"lerp_mode": "catmullrom"
						},
						"2.8333": {
							"post": [0.18, -0.06, 0.06],
							"lerp_mode": "catmullrom"
						},
						"2.9667": {
							"post": [0, 0, 0],
							"lerp_mode": "catmullrom"
						}
					}
				}
			},
			"sound_effects": {
				"0.0": {
					"effect": "nmw2:fss/fss_reload_down"
				},
				"0.5": {
					"effect": "nmw2:fss/fss_reload_magout"
				},
				"1.0667": {
					"effect": "nmw2:fss/fss_reload_rattle"
				},
				"1.4333": {
					"effect": "nmw2:fss/fss_reload_maghit"
				},
				"1.7667": {
					"effect": "nmw2:fss/fss_reload_magin"
				},
				"1.9667": {
					"effect": "nmw2:fss/fss_reload_adjust"
				},
				"2.4667": {
					"effect": "nmw2:fss/fss_inspect_end"
				}
			}
		},
		"reload_empty": {
			"loop": "hold_on_last_frame",
			"animation_length": 4,
			"bones": {
				"lefthand": {
					"rotation": {
						"0.0": [96.3949, -30.74097, -137.03831],
						"0.2667": [96.39, -30.74, -137.04],
						"0.6333": [124.9889, -39.65423, -202.66822],
						"1.1": [96.39, -30.74, -137.04]
					},
					"position": {
						"0.0": [8.05, -11.75, -5],
						"0.2667": [8.05, -11.75, -5],
						"0.6333": [16.05, -32.75, 12],
						"1.1": [8.05, -11.75, -5]
					},
					"scale": [1, 1.5, 1]
				},
				"righthand": {
					"rotation": {
						"0.0": [91.51126, 6.99759, -179.81584],
						"0.2667": [94.79252, 17.96874, -151.15092],
						"1.3": [94.79, 17.97, -151.15],
						"1.6667": [118.615, 8.62, -103.15],
						"2.2667": [118.615, 8.62, -103.15],
						"2.3333": [122.14636, 17.21632, -87.49154],
						"2.4667": [118.615, 8.62, -103.15],
						"2.6333": [108.31944, -8.41271, -121.7567],
						"2.8": [108.32, -8.41, -121.76],
						"2.8333": [125.81063, 8.21619, -116.27995],
						"3.0": [125.81063, 8.21619, -116.27995],
						"3.0333": [98.78743, 10.35591, -128.76121],
						"3.2667": [91.51126, 6.99759, -179.81584]
					},
					"position": {
						"0.0": [-6.875, -13.825, 6.8],
						"0.1333": [-6.87, -13.82, 6.8],
						"0.2667": [-8.87, -8.84, 3.8],
						"1.1": [-9.06, -8.84, 3.8],
						"1.3": [-8.87, -8.84, 3.8],
						"1.6667": [-8.26, -6.07, 0.8],
						"2.2667": [-8.26, -6.07, 0.8],
						"2.4667": [-8.26, -6.07, 0.8],
						"2.5333": [-9.9, -5.37, 4.4],
						"2.5667": [-10.56, -5.85, 7.2],
						"2.6333": [-7.87, -6.82, 9.8],
						"2.8": [-8.87, -6.82, 9.8],
						"2.8333": [-8.87, -6.695, 11.8],
						"3.0": [-7.87, -6.82, 13.8],
						"3.0333": [-10.17, -6.82, 15.265],
						"3.1667": [-10.29, -11.82, 10.43],
						"3.2667": [-6.875, -13.825, 6.8]
					},
					"scale": [1, 1.5, 1]
				},
				"constraint": {
					"rotation": {
						"0.0": [0.6, 0.6, 0.6],
						"3.9667": [0.6, 0.6, 0.6],
						"4.0": [0.1, 0.1, 0.1]
					},
					"position": {
						"0.0": [0.3, 0.1, 0.6],
						"3.9667": [0.3, 0.1, 0.6],
						"4.0": [0.1, 0.1, 0.4]
					}
				},
				"root": {
					"rotation": {
						"0.0": [0, 0, 0],
						"0.1667": {
							"pre": [-15.65909, 3.54771, -9.95493],
							"post": [-15.65909, 3.54771, -9.95493],
							"lerp_mode": "catmullrom"
						},
						"0.3667": {
							"post": [-10.65214, 4.99286, -10.32746],
							"lerp_mode": "catmullrom"
						},
						"0.5333": {
							"post": [-9.9983, 7.68132, -5.39722],
							"lerp_mode": "catmullrom"
						},
						"0.6333": {
							"post": [-11.48489, -16.47053, 10.85151],
							"lerp_mode": "catmullrom"
						},
						"0.7": {
							"post": [-4.00449, -24.76859, 27.95331],
							"lerp_mode": "catmullrom"
						},
						"0.8333": {
							"post": [1.315, -24.095, 25.48],
							"lerp_mode": "catmullrom"
						},
						"0.9667": {
							"post": [1.315, -24.78, 26.735],
							"lerp_mode": "catmullrom"
						},
						"1.1": {
							"post": [-4.005, -24.77, 26.685],
							"lerp_mode": "catmullrom"
						},
						"1.4": {
							"post": [-14.66273, -11.84406, -6.96341],
							"lerp_mode": "catmullrom"
						},
						"1.7333": {
							"post": [-15.33016, -7.57649, -0.24163],
							"lerp_mode": "catmullrom"
						},
						"1.9667": {
							"post": [-17.63179, -9.12091, 2.65675],
							"lerp_mode": "catmullrom"
						},
						"2.1": {
							"post": [-18.245, -9.18, 2.41],
							"lerp_mode": "catmullrom"
						},
						"2.2667": {
							"post": [-25.325, -9.12, 1.295],
							"lerp_mode": "catmullrom"
						},
						"2.3333": {
							"post": [-24.76838, -9.88646, -1.23042],
							"lerp_mode": "catmullrom"
						},
						"2.3667": {
							"post": [-27.8851, -7.95167, 4.38529],
							"lerp_mode": "catmullrom"
						},
						"2.5": {
							"post": [-25.92512, -8.34379, -0.58024],
							"lerp_mode": "catmullrom"
						},
						"2.6333": {
							"post": [-25.92512, -8.34379, -0.58024],
							"lerp_mode": "catmullrom"
						},
						"2.8": [-11.04, -8.55, 9.22],
						"2.8667": [-11.05, -9.565, 9.19],
						"3.0": [-11.06, -9.125, 9.16],
						"3.1": [-11.07, -7.87, 9.15],
						"3.1333": [-11.09, -7.81, 9.11],
						"3.3333": {
							"pre": [-17.28512, -8.34379, 3.83976],
							"post": [-17.28512, -8.34379, 3.83976],
							"lerp_mode": "catmullrom"
						},
						"3.4667": {
							"post": [0.2285, -4.89061, 7.41403],
							"lerp_mode": "catmullrom"
						},
						"3.6": {
							"post": [0, 0, 0],
							"lerp_mode": "catmullrom"
						},
						"3.7": {
							"post": [0, -0.735, -0.14],
							"lerp_mode": "catmullrom"
						},
						"3.8333": {
							"post": [0.03492, 0.2803, -1.00061],
							"lerp_mode": "catmullrom"
						},
						"3.9667": {
							"post": [0, 0, 0],
							"lerp_mode": "catmullrom"
						}
					},
					"position": {
						"0.0": [0, 0, 0],
						"0.2": [0.225, -2.03, 0.705],
						"0.4": [-1, 1, 0],
						"0.6": {
							"pre": [-1, 1, 0],
							"post": [-1, 1, 0],
							"lerp_mode": "catmullrom"
						},
						"0.6667": {
							"post": [0.185, -1, 0],
							"lerp_mode": "catmullrom"
						},
						"0.8667": {
							"post": [-0.185, -1.62, 0],
							"lerp_mode": "catmullrom"
						},
						"1.0333": {
							"post": [-0.185, -2.14, 0],
							"lerp_mode": "catmullrom"
						},
						"1.3": {
							"post": [1.42, -3.795, 0],
							"lerp_mode": "catmullrom"
						},
						"1.6667": {
							"post": [1.42, -2.415, -1.16],
							"lerp_mode": "catmullrom"
						},
						"1.8667": {
							"post": [1.42, -2.2, -1.16],
							"lerp_mode": "catmullrom"
						},
						"2.1": {
							"post": [1.25, -2.235, -1.14],
							"lerp_mode": "catmullrom"
						},
						"2.1667": {
							"post": [1.2, -1.87, -1.16],
							"lerp_mode": "catmullrom"
						},
						"2.3333": {
							"post": [1.015, -1.83, -1.39],
							"lerp_mode": "catmullrom"
						},
						"2.4": {
							"post": [1.15, -2.32, -1.145],
							"lerp_mode": "catmullrom"
						},
						"2.5": {
							"post": [1.295, -2.23, -1.16],
							"lerp_mode": "catmullrom"
						},
						"2.6333": {
							"post": [1.295, -2.305, -1.16],
							"lerp_mode": "catmullrom"
						},
						"2.8": [0.235, -1.26, -2.625],
						"2.8667": [0.235, -1.26, -3.175],
						"2.9": [0.235, -1.26, -4.13],
						"3.0": [0.235, -1.26, -4.13],
						"3.0333": {
							"pre": [0.265, -1.655, -3.385],
							"post": [0.265, -1.655, -3.385],
							"lerp_mode": "catmullrom"
						},
						"3.3": {
							"post": [0.095, -1.715, -3.53],
							"lerp_mode": "catmullrom"
						},
						"3.4333": {
							"post": [-0.22, 0.56, -2.91],
							"lerp_mode": "catmullrom"
						},
						"3.6333": {
							"post": [0, 0, 0.235],
							"lerp_mode": "catmullrom"
						},
						"3.7667": {
							"post": [0, 0, -0.095],
							"lerp_mode": "catmullrom"
						},
						"3.8667": {
							"post": [0, 0, 0],
							"lerp_mode": "catmullrom"
						}
					}
				},
				"fss_pull": {
					"position": {
						"2.8": [0, 0, 0],
						"2.8333": [0, 0, 3.5],
						"3.0": [0, 0, 3.5],
						"3.0333": [0, 0, 0]
					}
				},
				"fss_bolt": {
					"position": {
						"2.8333": [0, 0, 5],
						"2.8667": [0, 0, 0]
					}
				},
				"magazine_and_hand": {
					"rotation": {
						"1.2667": [0, 0, 0],
						"1.7": [0, 0, 0],
						"2.0": [15.18664, -9.76061, -2.18558],
						"2.1667": [7, 0, 0],
						"2.2": [7, 0, 0],
						"2.3": [7.335, 0, 0],
						"2.3333": [0, 0, 0]
					},
					"position": {
						"1.2667": [0, 0, 0],
						"1.7": [-18, -36, 7],
						"1.9667": [-4, 1, 5],
						"2.1667": [0, 0, 1],
						"2.2": [0, 0, 0],
						"2.3": [0, 0, 0]
					}
				},
				"magazine_bullet": {
					"rotation": {
						"0.4": [0, 0, 0],
						"0.5": [5, 0, 0],
						"0.6667": [5, 0, 0],
						"1.0333": [0, 360, 0],
						"1.1": [0, 0, 0]
					},
					"position": {
						"0.4": [0, 0, 0],
						"0.4667": [0, 0.195, 0],
						"0.6667": [0, 0.195, 0],
						"0.8333": [15, 0.2, 0],
						"1.0": [26, -12.8, 0],
						"1.1": [0, 0, 0]
					},
					"scale": {
						"0.6667": [1, 1, 1],
						"1.0333": [0, 0, 0],
						"1.6333": {
							"pre": [0, 0, 0],
							"post": [1, 1, 1]
						}
					}
				},
				"camera": {
					"rotation": {
						"0.0": {
							"post": [0, 0, 0],
							"lerp_mode": "catmullrom"
						},
						"0.1": {
							"post": [-0.32, 0, 0.39],
							"lerp_mode": "catmullrom"
						},
						"0.1667": {
							"post": [-1.98, 0.25, 0.22],
							"lerp_mode": "catmullrom"
						},
						"0.2667": {
							"post": [-3.7, 1.58, 2.38],
							"lerp_mode": "catmullrom"
						},
						"0.3333": {
							"post": [-2.815, 1.81, 2.2],
							"lerp_mode": "catmullrom"
						},
						"0.3667": {
							"post": [-2.65, 1.8, 2.37],
							"lerp_mode": "catmullrom"
						},
						"0.5333": {
							"post": [-2.84, 3.485, 2.49],
							"lerp_mode": "catmullrom"
						},
						"0.6": {
							"post": [-2.99, 1.61, 2.42],
							"lerp_mode": "catmullrom"
						},
						"0.6333": {
							"post": [-3.06, 1, 1.29],
							"lerp_mode": "catmullrom"
						},
						"0.6667": {
							"post": [-3.1, 1.26, 2.945],
							"lerp_mode": "catmullrom"
						},
						"0.7333": {
							"post": [-3.16, 1.48, 1.98],
							"lerp_mode": "catmullrom"
						},
						"0.8": {
							"post": [-2.95, 1.66, 2.65],
							"lerp_mode": "catmullrom"
						},
						"0.8667": {
							"post": [-2.88, 1.49, 2.505],
							"lerp_mode": "catmullrom"
						},
						"1.5": {
							"post": [1.87, 2.08, 1.22],
							"lerp_mode": "catmullrom"
						},
						"2.2": {
							"post": [1.305, -0.81, 0.62],
							"lerp_mode": "catmullrom"
						},
						"2.2667": {
							"post": [1.285, -0.84, 0.71],
							"lerp_mode": "catmullrom"
						},
						"2.3": {
							"post": [1.465, -0.49, 1.185],
							"lerp_mode": "catmullrom"
						},
						"2.3333": {
							"post": [1.275, -0.57, 0.07],
							"lerp_mode": "catmullrom"
						},
						"2.4": {
							"post": [0.735, -0.51, 1.025],
							"lerp_mode": "catmullrom"
						},
						"2.5": {
							"post": [0.215, -0.39, 0.41],
							"lerp_mode": "catmullrom"
						},
						"2.7": {
							"post": [1.65, -0.32, 0.27],
							"lerp_mode": "catmullrom"
						},
						"2.8667": {
							"post": [1.11, -0.04, -0.19],
							"lerp_mode": "catmullrom"
						},
						"2.9": {
							"post": [0.72, 0.015, 0.62],
							"lerp_mode": "catmullrom"
						},
						"3.0": {
							"post": [1.19, -0.005, -0.385],
							"lerp_mode": "catmullrom"
						},
						"3.1": {
							"post": [1.52, -0.06, 0.06],
							"lerp_mode": "catmullrom"
						},
						"3.5": {
							"post": [0, 0, 0],
							"lerp_mode": "catmullrom"
						},
						"3.6": {
							"post": [0.97, -0.21, 0.12],
							"lerp_mode": "catmullrom"
						},
						"3.6667": {
							"post": [-0.23, -0.04, -0.19],
							"lerp_mode": "catmullrom"
						},
						"3.7": {
							"post": [-0.62, 0.015, 0.62],
							"lerp_mode": "catmullrom"
						},
						"3.8": {
							"post": [-0.15, -0.005, -0.385],
							"lerp_mode": "catmullrom"
						},
						"3.8667": {
							"post": [0.18, -0.06, 0.06],
							"lerp_mode": "catmullrom"
						},
						"3.9667": {
							"post": [0, 0, 0],
							"lerp_mode": "catmullrom"
						}
					}
				}
			},
			"sound_effects": {
				"0.0": {
					"effect": "nmw2:fss/fss_reload_empty_down"
				},
				"0.5": {
					"effect": "nmw2:fss/fss_reload_empty_magout"
				},
				"0.5667": {
					"effect": "nmw2:fss/fss_reload_empty_mvmnt"
				},
				"0.7333": {
					"effect": "nmw2:fss/ar_mag_drop"
				},
				"1.3": {
					"effect": "nmw2:fss/fss_reload_empty_adjust"
				},
				"2.1333": {
					"effect": "nmw2:fss/fss_reload_empty_maghit"
				},
				"2.3": {
					"effect": "nmw2:fss/fss_reload_empty_magin"
				},
				"2.4667": {
					"effect": "nmw2:fss/fss_reload_empty_lower"
				},
				"2.7": {
					"effect": "nmw2:fss/fss_reload_empty_rattle"
				},
				"2.7667": {
					"effect": "nmw2:fss/fss_reload_empty_charge"
				},
				"3.2667": {
					"effect": "nmw2:fss/fss_reload_empty_end"
				}
			}
		},
		"inspect": {
			"animation_length": 7.625,
			"bones": {
				"lefthand": {
					"rotation": {
						"0.0": [96.3949, -30.74097, -137.03831],
						"0.2083": [113.94322, -57.52409, -190.84892],
						"0.4167": [126.31217, -68.40922, -204.65911],
						"1.75": [126.31217, -68.40922, -204.65911],
						"1.9167": [107.47048, -43.46086, -182.52844],
						"2.0833": [103.35063, -19.31775, -174.80188],
						"3.9167": [103.35063, -19.31775, -174.80188],
						"4.25": [98.78594, -50.49821, -139.97012],
						"5.3333": [98.78594, -50.49821, -139.97012],
						"5.75": [163.19158, -64.9785, -218.32822],
						"6.2917": [163.19158, -64.9785, -218.32822],
						"6.5417": [96.3949, -30.74097, -137.03831]
					},
					"position": {
						"0.0": [8.05, -11.75, -5],
						"0.1667": [7.15, -12.21, -7.63],
						"0.2917": [7.15, -12.21, -1.63],
						"0.4167": [7.15, -12.21, -1.1925],
						"1.75": [7.15, -12.21, -1.1925],
						"1.9167": [11.775, -12.21, -1.19],
						"2.0833": [11.78, -35.21, 9.81],
						"3.9583": [11.78, -35.21, 9.81],
						"4.25": [6.275, -12.21, -1.755],
						"5.3333": [6.275, -12.21, -1.755],
						"5.75": [6.275, -11.7725, -2.505],
						"6.2917": [6.275, -11.7725, -2.505],
						"6.5417": [8.05, -11.75, -5]
					},
					"scale": {
						"0.0": [1, 1.5, 1],
						"6.5417": [1, 1.5, 1]
					}
				},
				"righthand": {
					"rotation": {
						"0.0": [91.51126, 6.99759, -179.81584],
						"5.4167": [91.51126, 6.99759, -179.81584],
						"5.6667": [95.83064, -30.86602, -183.0043],
						"5.875": [96.02702, -33.84998, -183.3711],
						"6.25": [96.02702, -33.84998, -183.3711],
						"6.4583": [91.51126, 6.99759, -179.81584]
					},
					"position": {
						"0.0": [-6.875, -13.825, 6.8],
						"5.4167": [-6.875, -13.825, 6.8],
						"5.5417": [-7.1875, -14.00625, 9.25],
						"5.6667": [-8.7, -12.1, 9.8225],
						"5.875": [-9.2, -12.1, 9.82],
						"6.25": [-9.2, -12.1, 9.82],
						"6.4583": [-6.875, -13.825, 6.8]
					},
					"scale": {
						"0.0": [1, 1.5, 1],
						"6.4583": [1, 1.5, 1]
					}
				},
				"root": {
					"rotation": {
						"0.0": {
							"post": [0, 0, 0],
							"lerp_mode": "catmullrom"
						},
						"0.125": {
							"post": [-3.69506, -0.4781, 13.18822],
							"lerp_mode": "catmullrom"
						},
						"0.3333": {
							"post": [-20.75881, 18.22227, 54.18887],
							"lerp_mode": "catmullrom"
						},
						"0.4583": {
							"post": [-24.82956, 18.54215, 56.16321],
							"lerp_mode": "catmullrom"
						},
						"0.625": {
							"post": [-24.97514, 17.91992, 54.38781],
							"lerp_mode": "catmullrom"
						},
						"0.75": {
							"post": [-24.84373, 18.00281, 54.43768],
							"lerp_mode": "catmullrom"
						},
						"1.0417": {
							"post": [-25.38124, 16.90679, 51.8027],
							"lerp_mode": "catmullrom"
						},
						"1.375": {
							"post": [-25.38124, 16.90679, 51.8027],
							"lerp_mode": "catmullrom"
						},
						"1.7083": {
							"post": [-28.54085, 15.05341, 47.55826],
							"lerp_mode": "catmullrom"
						},
						"1.9167": {
							"post": [-31.05821, -7.73224, 9.45789],
							"lerp_mode": "catmullrom"
						},
						"2.125": {
							"post": [-29.89167, -26.54774, -36.72191],
							"lerp_mode": "catmullrom"
						},
						"2.2917": {
							"post": [-25.88364, -34.56135, -45.07181],
							"lerp_mode": "catmullrom"
						},
						"2.4167": {
							"post": [-27.53419, -29.00694, -41.65613],
							"lerp_mode": "catmullrom"
						},
						"2.5417": {
							"post": [-28.37759, -28.18584, -39.89409],
							"lerp_mode": "catmullrom"
						},
						"2.875": {
							"post": [-26.39926, -30.02688, -43.95928],
							"lerp_mode": "catmullrom"
						},
						"3.2083": {
							"post": [-27.89917, -28.65876, -40.89933],
							"lerp_mode": "catmullrom"
						},
						"3.625": {
							"post": [-25.33943, -30.90076, -46.04957],
							"lerp_mode": "catmullrom"
						},
						"4.0833": {
							"post": [-34.05414, -20.60007, -26.22844],
							"lerp_mode": "catmullrom"
						},
						"4.25": {
							"post": [-18.65775, -23.80092, -10.47493],
							"lerp_mode": "catmullrom"
						},
						"4.4167": {
							"post": [-22.03949, -52.59021, -0.46992],
							"lerp_mode": "catmullrom"
						},
						"4.5417": {
							"post": [-7.85629, -54.05513, -9.98818],
							"lerp_mode": "catmullrom"
						},
						"4.6667": {
							"post": [-14.81181, -58.20625, -8.13088],
							"lerp_mode": "catmullrom"
						},
						"4.8333": {
							"post": [-14.99109, -58.47374, -7.10282],
							"lerp_mode": "catmullrom"
						},
						"5.4167": {
							"post": [-14.99109, -58.47374, -7.10282],
							"lerp_mode": "catmullrom"
						},
						"5.7083": {
							"post": [-18.70915, -66.66913, 7.17791],
							"lerp_mode": "catmullrom"
						},
						"6.2083": {
							"post": [-22.27392, -70.41803, 11.0059],
							"lerp_mode": "catmullrom"
						},
						"6.5417": {
							"post": [-22.27392, -70.41803, 11.0059],
							"lerp_mode": "catmullrom"
						},
						"6.6667": {
							"post": [2.51044, -56.78982, -13.34354],
							"lerp_mode": "catmullrom"
						},
						"6.9167": {
							"post": [-6.86413, -13.01468, 12.59187],
							"lerp_mode": "catmullrom"
						},
						"7.125": [0.78, -0.17, -3.2],
						"7.1667": [0.3889, 0.15987, 0.62995],
						"7.25": [0.00175, -0.19999, -0.5],
						"7.375": [0, 0, 0]
					},
					"position": {
						"0.0": {
							"post": [0, 0, 0],
							"lerp_mode": "catmullrom"
						},
						"0.125": {
							"post": [0, -1.5625, 0.8125],
							"lerp_mode": "catmullrom"
						},
						"0.2083": {
							"post": [0.8125, 0.4975, 0.81],
							"lerp_mode": "catmullrom"
						},
						"0.2917": {
							"post": [0.88, 2.07125, 0.81],
							"lerp_mode": "catmullrom"
						},
						"0.375": {
							"post": [0.81, 2.1225, 0.81],
							"lerp_mode": "catmullrom"
						},
						"0.5": {
							"post": [0.85688, 2.49, 1.1175],
							"lerp_mode": "catmullrom"
						},
						"0.7917": {
							"post": [0.81, 2.14313, 0.81],
							"lerp_mode": "catmullrom"
						},
						"1.0": {
							"post": [0.81, 2.14313, 0.81],
							"lerp_mode": "catmullrom"
						},
						"1.1667": {
							"post": [0.81, 2.26813, 0.81],
							"lerp_mode": "catmullrom"
						},
						"1.5417": {
							"post": [0.81, 2.14313, 0.81],
							"lerp_mode": "catmullrom"
						},
						"1.7917": {
							"post": [0.51313, 1.44688, 0.47],
							"lerp_mode": "catmullrom"
						},
						"1.9167": {
							"post": [-0.2525, -1.1575, -0.42062],
							"lerp_mode": "catmullrom"
						},
						"2.0417": {
							"post": [-0.25, 2.095, -0.42],
							"lerp_mode": "catmullrom"
						},
						"2.1667": {
							"post": [-0.25, 2.3475, -0.31062],
							"lerp_mode": "catmullrom"
						},
						"2.2917": {
							"post": [-0.25, 2.00625, 0.39313],
							"lerp_mode": "catmullrom"
						},
						"2.4583": {
							"post": [-0.25, 2.3975, 0.56188],
							"lerp_mode": "catmullrom"
						},
						"2.7917": {
							"post": [-0.25, 2.4625, 0.66938],
							"lerp_mode": "catmullrom"
						},
						"3.0833": {
							"post": [-0.25, 2.3975, 0.67],
							"lerp_mode": "catmullrom"
						},
						"3.2917": {
							"post": [-0.25, 2.32188, 0.67],
							"lerp_mode": "catmullrom"
						},
						"3.4583": {
							"post": [-0.25, 2.41375, 0.67],
							"lerp_mode": "catmullrom"
						},
						"3.5833": {
							"post": [-0.25, 2.31625, 0.51375],
							"lerp_mode": "catmullrom"
						},
						"3.75": {
							"post": [-0.25, 2.49187, 0.51],
							"lerp_mode": "catmullrom"
						},
						"3.9583": {
							"post": [-0.25, 1.615, 0.51],
							"lerp_mode": "catmullrom"
						},
						"4.2083": {
							"post": [-0.325, -2.4675, -1.23],
							"lerp_mode": "catmullrom"
						},
						"4.375": {
							"post": [0.2425, -1.595, -1.23],
							"lerp_mode": "catmullrom"
						},
						"4.5417": {
							"post": [2.05, 1.2675, -0.10625],
							"lerp_mode": "catmullrom"
						},
						"4.7917": {
							"post": [2.45, 1.83, -0.125],
							"lerp_mode": "catmullrom"
						},
						"5.375": {
							"post": [2.45, 1.83, -0.125],
							"lerp_mode": "catmullrom"
						},
						"5.7083": {
							"post": [3.555, 1.625, -0.6425],
							"lerp_mode": "catmullrom"
						},
						"6.2083": {
							"post": [4.02375, 1.91125, -0.77],
							"lerp_mode": "catmullrom"
						},
						"6.5417": {
							"post": [4.02375, 1.91125, -0.77],
							"lerp_mode": "catmullrom"
						},
						"6.6667": {
							"post": [2.955, 2.0125, -0.77],
							"lerp_mode": "catmullrom"
						},
						"6.8333": {
							"post": [0.21, -0.25, -1.41],
							"lerp_mode": "catmullrom"
						},
						"7.0": {
							"post": [0, -1.3625, -1.775],
							"lerp_mode": "catmullrom"
						},
						"7.125": [0, -0.15, 0.375],
						"7.2083": [0, -0.025, -0.04375],
						"7.2917": [0, 0, 0.025],
						"7.375": [0, 0, 0]
					}
				},
				"bolt": {
					"rotation": [0, 0, 0],
					"position": [0, 0, 5]
				},
				"camera": {
					"rotation": {
						"0.0": {
							"post": [0, 0, 0],
							"lerp_mode": "catmullrom"
						},
						"0.1667": {
							"post": [0.5, 0, -0.75],
							"lerp_mode": "catmullrom"
						},
						"0.375": {
							"post": [3.99942, -0.02399, 1.9999],
							"lerp_mode": "catmullrom"
						},
						"0.7917": {
							"post": [3.999, 0.06319, 0.75294],
							"lerp_mode": "catmullrom"
						},
						"1.5": {
							"post": [8.74923, 0.04576, 1.00233],
							"lerp_mode": "catmullrom"
						},
						"1.7917": {
							"post": [6.74358, 0.28073, -0.98383],
							"lerp_mode": "catmullrom"
						},
						"2.0417": {
							"post": [0, 0.37076, -0.99976],
							"lerp_mode": "catmullrom"
						},
						"2.25": {
							"post": [0.75636, 0.35761, 0.00018],
							"lerp_mode": "catmullrom"
						},
						"2.3333": {
							"post": [1.75575, 0.3925, 0.00094],
							"lerp_mode": "catmullrom"
						},
						"2.4583": {
							"post": [0.25165, 0.36094, -0.74983],
							"lerp_mode": "catmullrom"
						},
						"2.625": {
							"post": [0.75636, 0.35761, 0.00018],
							"lerp_mode": "catmullrom"
						},
						"2.9167": {
							"post": [3.76279, 0.37926, 0.99996],
							"lerp_mode": "catmullrom"
						},
						"3.3333": {
							"post": [10.76279, 0.37926, 0.99996],
							"lerp_mode": "catmullrom"
						},
						"3.9583": {
							"post": [0.76944, 0.38334, 1.99998],
							"lerp_mode": "catmullrom"
						},
						"4.2083": {
							"post": [4.205, -0.05, -0.4],
							"lerp_mode": "catmullrom"
						},
						"4.5": {
							"post": [1.96274, -0.50139, -0.83412],
							"lerp_mode": "catmullrom"
						},
						"4.7083": {
							"post": [2.75, -1.15, -1.9],
							"lerp_mode": "catmullrom"
						},
						"5.0417": {
							"post": [3.4, -1.2, -2.1],
							"lerp_mode": "catmullrom"
						},
						"5.5": {
							"post": [3.25, -0.425, -2.35],
							"lerp_mode": "catmullrom"
						},
						"5.8333": {
							"post": [5.70865, 10.40959, -2.26729],
							"lerp_mode": "catmullrom"
						},
						"6.2917": {
							"post": [5.6913, 9.41454, -2.36812],
							"lerp_mode": "catmullrom"
						},
						"6.5417": {
							"post": [1.76812, -0.42179, -1.0856],
							"lerp_mode": "catmullrom"
						},
						"6.6667": {
							"post": [-0.225, 0, 0.125],
							"lerp_mode": "catmullrom"
						},
						"6.75": {
							"post": [-0.35, 0, 0.2],
							"lerp_mode": "catmullrom"
						},
						"6.8333": {
							"post": [0.25, 0, -0.25],
							"lerp_mode": "catmullrom"
						},
						"6.9167": {
							"post": [-0.075, 0, 0.075],
							"lerp_mode": "catmullrom"
						},
						"7.0": {
							"post": [0, 0, 0],
							"lerp_mode": "catmullrom"
						}
					}
				}
			},
			"sound_effects": {
				"0.0": {
					"effect": "tacz:spr15hb/spr15hb_inspect_raise"
				},
				"1.7083": {
					"effect": "tacz:spr15hb/spr15hb_inspect_rotate"
				},
				"4.0417": {
					"effect": "tacz:spr15hb/spr15hb_inspect_rotate2"
				},
				"5.5": {
					"effect": "tacz:spr15hb/spr15hb_inspect_rattle"
				},
				"6.0833": {
					"effect": "tacz:spr15hb/spr15hb_inspect_rattle2"
				},
				"6.8333": {
					"effect": "tacz:spr15hb/spr15hb_inspect_end"
				}
			}
		},
		"inspect_empty": {
			"animation_length": 7.625,
			"bones": {
				"lefthand": {
					"rotation": {
						"0.0": [96.3949, -30.74097, -137.03831],
						"0.2083": [113.94322, -57.52409, -190.84892],
						"0.4167": [126.31217, -68.40922, -204.65911],
						"1.75": [126.31217, -68.40922, -204.65911],
						"1.9167": [107.47048, -43.46086, -182.52844],
						"2.0833": [103.35063, -19.31775, -174.80188],
						"3.9167": [103.35063, -19.31775, -174.80188],
						"4.25": [98.78594, -50.49821, -139.97012],
						"5.3333": [98.78594, -50.49821, -139.97012],
						"5.75": [163.19158, -64.9785, -218.32822],
						"6.2917": [163.19158, -64.9785, -218.32822],
						"6.5417": [96.3949, -30.74097, -137.03831]
					},
					"position": {
						"0.0": [8.05, -11.75, -5],
						"0.1667": [7.15, -12.21, -7.63],
						"0.2917": [7.15, -12.21, -1.63],
						"0.4167": [7.15, -12.21, -1.1925],
						"1.75": [7.15, -12.21, -1.1925],
						"1.9167": [11.775, -12.21, -1.19],
						"2.0833": [11.78, -35.21, 9.81],
						"3.9583": [11.78, -35.21, 9.81],
						"4.25": [6.275, -12.21, -1.755],
						"5.3333": [6.275, -12.21, -1.755],
						"5.75": [6.275, -11.7725, -2.505],
						"6.2917": [6.275, -11.7725, -2.505],
						"6.5417": [8.05, -11.75, -5]
					},
					"scale": {
						"0.0": [1, 1.5, 1],
						"6.5417": [1, 1.5, 1]
					}
				},
				"righthand": {
					"rotation": {
						"0.0": [91.51126, 6.99759, -179.81584],
						"5.4167": [91.51126, 6.99759, -179.81584],
						"5.6667": [95.83064, -30.86602, -183.0043],
						"5.875": [96.02702, -33.84998, -183.3711],
						"6.25": [96.02702, -33.84998, -183.3711],
						"6.4583": [91.51126, 6.99759, -179.81584]
					},
					"position": {
						"0.0": [-6.875, -13.825, 6.8],
						"5.4167": [-6.875, -13.825, 6.8],
						"5.5417": [-7.1875, -14.00625, 9.25],
						"5.6667": [-8.7, -12.1, 9.8225],
						"5.875": [-9.2, -12.1, 9.82],
						"6.25": [-9.2, -12.1, 9.82],
						"6.4583": [-6.875, -13.825, 6.8]
					},
					"scale": {
						"0.0": [1, 1.5, 1],
						"6.4583": [1, 1.5, 1]
					}
				},
				"root": {
					"rotation": {
						"0.0": {
							"post": [0, 0, 0],
							"lerp_mode": "catmullrom"
						},
						"0.125": {
							"post": [-3.69506, -0.4781, 13.18822],
							"lerp_mode": "catmullrom"
						},
						"0.3333": {
							"post": [-20.75881, 18.22227, 54.18887],
							"lerp_mode": "catmullrom"
						},
						"0.4583": {
							"post": [-24.82956, 18.54215, 56.16321],
							"lerp_mode": "catmullrom"
						},
						"0.625": {
							"post": [-24.97514, 17.91992, 54.38781],
							"lerp_mode": "catmullrom"
						},
						"0.75": {
							"post": [-24.84373, 18.00281, 54.43768],
							"lerp_mode": "catmullrom"
						},
						"1.0417": {
							"post": [-25.38124, 16.90679, 51.8027],
							"lerp_mode": "catmullrom"
						},
						"1.375": {
							"post": [-25.38124, 16.90679, 51.8027],
							"lerp_mode": "catmullrom"
						},
						"1.7083": {
							"post": [-28.54085, 15.05341, 47.55826],
							"lerp_mode": "catmullrom"
						},
						"1.9167": {
							"post": [-31.05821, -7.73224, 9.45789],
							"lerp_mode": "catmullrom"
						},
						"2.125": {
							"post": [-29.89167, -26.54774, -36.72191],
							"lerp_mode": "catmullrom"
						},
						"2.2917": {
							"post": [-25.88364, -34.56135, -45.07181],
							"lerp_mode": "catmullrom"
						},
						"2.4167": {
							"post": [-27.53419, -29.00694, -41.65613],
							"lerp_mode": "catmullrom"
						},
						"2.5417": {
							"post": [-28.37759, -28.18584, -39.89409],
							"lerp_mode": "catmullrom"
						},
						"2.875": {
							"post": [-26.39926, -30.02688, -43.95928],
							"lerp_mode": "catmullrom"
						},
						"3.2083": {
							"post": [-27.89917, -28.65876, -40.89933],
							"lerp_mode": "catmullrom"
						},
						"3.625": {
							"post": [-25.33943, -30.90076, -46.04957],
							"lerp_mode": "catmullrom"
						},
						"4.0833": {
							"post": [-34.05414, -20.60007, -26.22844],
							"lerp_mode": "catmullrom"
						},
						"4.25": {
							"post": [-18.65775, -23.80092, -10.47493],
							"lerp_mode": "catmullrom"
						},
						"4.4167": {
							"post": [-22.03949, -52.59021, -0.46992],
							"lerp_mode": "catmullrom"
						},
						"4.5417": {
							"post": [-7.85629, -54.05513, -9.98818],
							"lerp_mode": "catmullrom"
						},
						"4.6667": {
							"post": [-14.81181, -58.20625, -8.13088],
							"lerp_mode": "catmullrom"
						},
						"4.8333": {
							"post": [-14.99109, -58.47374, -7.10282],
							"lerp_mode": "catmullrom"
						},
						"5.4167": {
							"post": [-14.99109, -58.47374, -7.10282],
							"lerp_mode": "catmullrom"
						},
						"5.7083": {
							"post": [-18.70915, -66.66913, 7.17791],
							"lerp_mode": "catmullrom"
						},
						"6.2083": {
							"post": [-22.27392, -70.41803, 11.0059],
							"lerp_mode": "catmullrom"
						},
						"6.5417": {
							"post": [-22.27392, -70.41803, 11.0059],
							"lerp_mode": "catmullrom"
						},
						"6.6667": {
							"post": [2.51044, -56.78982, -13.34354],
							"lerp_mode": "catmullrom"
						},
						"6.9167": {
							"post": [-6.86413, -13.01468, 12.59187],
							"lerp_mode": "catmullrom"
						},
						"7.125": [0.78, -0.17, -3.2],
						"7.1667": [0.3889, 0.15987, 0.62995],
						"7.25": [0.00175, -0.19999, -0.5],
						"7.375": [0, 0, 0]
					},
					"position": {
						"0.0": {
							"post": [0, 0, 0],
							"lerp_mode": "catmullrom"
						},
						"0.125": {
							"post": [0, -1.5625, 0.8125],
							"lerp_mode": "catmullrom"
						},
						"0.2083": {
							"post": [0.8125, 0.4975, 0.81],
							"lerp_mode": "catmullrom"
						},
						"0.2917": {
							"post": [0.88, 2.07125, 0.81],
							"lerp_mode": "catmullrom"
						},
						"0.375": {
							"post": [0.81, 2.1225, 0.81],
							"lerp_mode": "catmullrom"
						},
						"0.5": {
							"post": [0.85688, 2.49, 1.1175],
							"lerp_mode": "catmullrom"
						},
						"0.7917": {
							"post": [0.81, 2.14313, 0.81],
							"lerp_mode": "catmullrom"
						},
						"1.0": {
							"post": [0.81, 2.14313, 0.81],
							"lerp_mode": "catmullrom"
						},
						"1.1667": {
							"post": [0.81, 2.26813, 0.81],
							"lerp_mode": "catmullrom"
						},
						"1.5417": {
							"post": [0.81, 2.14313, 0.81],
							"lerp_mode": "catmullrom"
						},
						"1.7917": {
							"post": [0.51313, 1.44688, 0.47],
							"lerp_mode": "catmullrom"
						},
						"1.9167": {
							"post": [-0.2525, -1.1575, -0.42062],
							"lerp_mode": "catmullrom"
						},
						"2.0417": {
							"post": [-0.25, 2.095, -0.42],
							"lerp_mode": "catmullrom"
						},
						"2.1667": {
							"post": [-0.25, 2.3475, -0.31062],
							"lerp_mode": "catmullrom"
						},
						"2.2917": {
							"post": [-0.25, 2.00625, 0.39313],
							"lerp_mode": "catmullrom"
						},
						"2.4583": {
							"post": [-0.25, 2.3975, 0.56188],
							"lerp_mode": "catmullrom"
						},
						"2.7917": {
							"post": [-0.25, 2.4625, 0.66938],
							"lerp_mode": "catmullrom"
						},
						"3.0833": {
							"post": [-0.25, 2.3975, 0.67],
							"lerp_mode": "catmullrom"
						},
						"3.2917": {
							"post": [-0.25, 2.32188, 0.67],
							"lerp_mode": "catmullrom"
						},
						"3.4583": {
							"post": [-0.25, 2.41375, 0.67],
							"lerp_mode": "catmullrom"
						},
						"3.5833": {
							"post": [-0.25, 2.31625, 0.51375],
							"lerp_mode": "catmullrom"
						},
						"3.75": {
							"post": [-0.25, 2.49187, 0.51],
							"lerp_mode": "catmullrom"
						},
						"3.9583": {
							"post": [-0.25, 1.615, 0.51],
							"lerp_mode": "catmullrom"
						},
						"4.2083": {
							"post": [-0.325, -2.4675, -1.23],
							"lerp_mode": "catmullrom"
						},
						"4.375": {
							"post": [0.2425, -1.595, -1.23],
							"lerp_mode": "catmullrom"
						},
						"4.5417": {
							"post": [2.05, 1.2675, -0.10625],
							"lerp_mode": "catmullrom"
						},
						"4.7917": {
							"post": [2.45, 1.83, -0.125],
							"lerp_mode": "catmullrom"
						},
						"5.375": {
							"post": [2.45, 1.83, -0.125],
							"lerp_mode": "catmullrom"
						},
						"5.7083": {
							"post": [3.555, 1.625, -0.6425],
							"lerp_mode": "catmullrom"
						},
						"6.2083": {
							"post": [4.02375, 1.91125, -0.77],
							"lerp_mode": "catmullrom"
						},
						"6.5417": {
							"post": [4.02375, 1.91125, -0.77],
							"lerp_mode": "catmullrom"
						},
						"6.6667": {
							"post": [2.955, 2.0125, -0.77],
							"lerp_mode": "catmullrom"
						},
						"6.8333": {
							"post": [0.21, -0.25, -1.41],
							"lerp_mode": "catmullrom"
						},
						"7.0": {
							"post": [0, -1.3625, -1.775],
							"lerp_mode": "catmullrom"
						},
						"7.125": [0, -0.15, 0.375],
						"7.2083": [0, -0.025, -0.04375],
						"7.2917": [0, 0, 0.025],
						"7.375": [0, 0, 0]
					}
				},
				"bolt": {
					"rotation": [0, 0, 0],
					"position": [0, 0, 5]
				},
				"camera": {
					"rotation": {
						"0.0": {
							"post": [0, 0, 0],
							"lerp_mode": "catmullrom"
						},
						"0.1667": {
							"post": [0.5, 0, -0.75],
							"lerp_mode": "catmullrom"
						},
						"0.375": {
							"post": [3.99942, -0.02399, 1.9999],
							"lerp_mode": "catmullrom"
						},
						"0.7917": {
							"post": [3.999, 0.06319, 0.75294],
							"lerp_mode": "catmullrom"
						},
						"1.5": {
							"post": [8.74923, 0.04576, 1.00233],
							"lerp_mode": "catmullrom"
						},
						"1.7917": {
							"post": [6.74358, 0.28073, -0.98383],
							"lerp_mode": "catmullrom"
						},
						"2.0417": {
							"post": [0, 0.37076, -0.99976],
							"lerp_mode": "catmullrom"
						},
						"2.25": {
							"post": [0.75636, 0.35761, 0.00018],
							"lerp_mode": "catmullrom"
						},
						"2.3333": {
							"post": [1.75575, 0.3925, 0.00094],
							"lerp_mode": "catmullrom"
						},
						"2.4583": {
							"post": [0.25165, 0.36094, -0.74983],
							"lerp_mode": "catmullrom"
						},
						"2.625": {
							"post": [0.75636, 0.35761, 0.00018],
							"lerp_mode": "catmullrom"
						},
						"2.9167": {
							"post": [3.76279, 0.37926, 0.99996],
							"lerp_mode": "catmullrom"
						},
						"3.3333": {
							"post": [10.76279, 0.37926, 0.99996],
							"lerp_mode": "catmullrom"
						},
						"3.9583": {
							"post": [0.76944, 0.38334, 1.99998],
							"lerp_mode": "catmullrom"
						},
						"4.2083": {
							"post": [4.205, -0.05, -0.4],
							"lerp_mode": "catmullrom"
						},
						"4.5": {
							"post": [1.96274, -0.50139, -0.83412],
							"lerp_mode": "catmullrom"
						},
						"4.7083": {
							"post": [2.75, -1.15, -1.9],
							"lerp_mode": "catmullrom"
						},
						"5.0417": {
							"post": [3.4, -1.2, -2.1],
							"lerp_mode": "catmullrom"
						},
						"5.5": {
							"post": [3.25, -0.425, -2.35],
							"lerp_mode": "catmullrom"
						},
						"5.8333": {
							"post": [5.70865, 10.40959, -2.26729],
							"lerp_mode": "catmullrom"
						},
						"6.2917": {
							"post": [5.6913, 9.41454, -2.36812],
							"lerp_mode": "catmullrom"
						},
						"6.5417": {
							"post": [1.76812, -0.42179, -1.0856],
							"lerp_mode": "catmullrom"
						},
						"6.6667": {
							"post": [-0.225, 0, 0.125],
							"lerp_mode": "catmullrom"
						},
						"6.75": {
							"post": [-0.35, 0, 0.2],
							"lerp_mode": "catmullrom"
						},
						"6.8333": {
							"post": [0.25, 0, -0.25],
							"lerp_mode": "catmullrom"
						},
						"6.9167": {
							"post": [-0.075, 0, 0.075],
							"lerp_mode": "catmullrom"
						},
						"7.0": {
							"post": [0, 0, 0],
							"lerp_mode": "catmullrom"
						}
					}
				}
			},
			"sound_effects": {
				"0.0": {
					"effect": "tacz:spr15hb/spr15hb_inspect_raise"
				},
				"1.7083": {
					"effect": "tacz:spr15hb/spr15hb_inspect_rotate"
				},
				"4.0417": {
					"effect": "tacz:spr15hb/spr15hb_inspect_rotate2"
				},
				"5.5": {
					"effect": "tacz:spr15hb/spr15hb_inspect_rattle"
				},
				"6.0833": {
					"effect": "tacz:spr15hb/spr15hb_inspect_rattle2"
				},
				"6.8333": {
					"effect": "tacz:spr15hb/spr15hb_inspect_end"
				}
			}
		}
	}
}