{
	"format_version": "1.8.0",
	"animations": {
		"static_idle": {
			"animation_length": 0.0667,
			"bones": {
				"righthand": {
					"rotation": [96.07, 8.95, -179.05],
					"position": [-6.5, -14.3, -1.7],
					"scale": [1, 1.5, 1]
				},
				"lefthand": {
					"rotation": [96.9594, -29.1425, -146.85684],
					"position": [8.4187, -11.62, -12.02],
					"scale": [1, 1.5, 1]
				},
				"constraint": {
					"rotation": [0.2, 0.2, 0.4],
					"position": [0.1, 0.1, 0.1]
				}
			}
		},
		"static_bolt_caught": {
			"animation_length": 0.6667,
			"bones": {
				"bolt_release_nouse": {
					"rotation": [0, 0, 12.5]
				},
				"m4_bolt": {
					"position": [0, 0, 4.7]
				}
			}
		},
		"shoot": {
			"animation_length": 0.6333,
			"bones": {
				"root": {
					"rotation": {
						"0.0": [0, 0, 0],
						"0.0333": [1.23, 0, 0.73],
						"0.0667": [-1.87, 0, -1.17],
						"0.1": [-1.99, 0, -1.23],
						"0.1333": [-0.91, 0, -0.35],
						"0.1667": [0.18, 0, 0.53],
						"0.2": [0.27, 0, 0.27],
						"0.2333": [0.36, 0, 0.01],
						"0.2667": [0.45, 0, -0.25],
						"0.3": [0.38, -0.07, -0.08],
						"0.3333": [0.3, -0.13, 0.08],
						"0.3667": [0.23, -0.2, 0.25],
						"0.4": [0.18, -0.17, 0.17],
						"0.4333": [0.14, -0.14, 0.09],
						"0.4667": [0.1, -0.11, 0.01],
						"0.5": [0.06, -0.07, -0.07],
						"0.5333": [0.04, -0.06, -0.06],
						"0.5667": [0.03, -0.04, -0.04],
						"0.6": [0.01, -0.02, -0.02],
						"0.6333": [0, 0, 0]
					},
					"position": {
						"0.0": [0, 0, 0],
						"0.0333": [0, -0.02, 1.73],
						"0.0667": [0, -0.05, 1.38],
						"0.1": [0, -0.05, 0.67],
						"0.1333": [0, -0.05, -0.04],
						"0.1667": [0, -0.04, -0.01],
						"0.2": [0, -0.04, 0.03],
						"0.2333": [0, -0.03, 0.06],
						"0.2667": [0, -0.02, 0.1],
						"0.3": [0, -0.02, 0.07],
						"0.3333": [0, -0.01, 0.03],
						"0.3667": [0, 0, 0]
					}
				},
				"m4_bolt": {
					"position": {
						"0.0": [0, 0, 0],
						"0.0333": [0, 0, 5],
						"0.0667": [0, 0, 0]
					}
				},
				"bullet_in_barrel": {
					"scale": {
						"0.0": [0, 0, 0],
						"0.1667": [0, 0, 0],
						"0.2": [1, 1, 1]
					}
				},
				"camera": {
					"rotation": {
						"0.0": [0, 0, 0],
						"0.0333": [0, 0, 0.6],
						"0.0667": [0, 0, -0.4],
						"0.1": [0, 0, -0.07],
						"0.1333": [0, 0, 0.33],
						"0.1667": [0, 0, 0.08],
						"0.2": [0, 0, -0.22],
						"0.2333": [0, 0, -0.15],
						"0.2667": [0, 0, 0],
						"0.3": [0, 0, 0.02],
						"0.3333": [0, 0, 0.01],
						"0.3667": [0, 0, 0]
					}
				},
				"constraint": {
					"rotation": {
						"0.1667": [0.2, 0.2, 0.2],
						"0.2333": [0.1, 0.1, 0.1],
						"0.3333": [0, 0, 0]
					},
					"position": {
						"0.1667": [0.15, 0.05, 0.25],
						"0.2333": [0.1, 0, 0.1],
						"0.3333": [0, 0, 0]
					}
				}
			},
			"sound_effects": {
				"0.0": {
					"effect": "weap_iw9_mike4_fire_plr_02"
				}
			}
		},
		"draw": {
			"animation_length": 0.8,
			"bones": {
				"righthand": {
					"rotation": [96.07, 8.95, -179.05],
					"position": [-6.5, -14.3, -1.7],
					"scale": {
						"0.0": [1, 1.5, 1],
						"0.0333": [1, 1.5, 1],
						"0.0667": [1, 1.5, 1],
						"0.1": [1, 1.5, 1],
						"0.1333": [1, 1.5, 1],
						"0.1667": [1, 1.5, 1],
						"0.2": [1, 1.5, 1],
						"0.2333": [1, 1.5, 1],
						"0.2667": [1, 1.5, 1],
						"0.3": [1, 1.5, 1],
						"0.3333": [1, 1.5, 1],
						"0.3667": [1, 1.5, 1],
						"0.4": [1, 1.5, 1],
						"0.4333": [1, 1.5, 1]
					}
				},
				"lefthand": {
					"rotation": {
						"0.2": [92.39, -41.22, -135.49],
						"0.2333": [93.54, -38.2, -138.33],
						"0.2667": [94.68, -35.18, -141.18],
						"0.3": [95.82, -32.16, -144.02],
						"0.3333": [96.96, -29.14, -146.86]
					},
					"position": {
						"0.2": [10.15, -13.67, -12.82],
						"0.2333": [9.71, -13.16, -12.62],
						"0.2667": [9.28, -12.64, -12.42],
						"0.3": [8.85, -12.13, -12.22],
						"0.3333": [8.42, -11.62, -12.02]
					},
					"scale": [1, 1.5, 1]
				},
				"root": {
					"rotation": {
						"0.0": [0.81, -32.64, 33.95],
						"0.0333": [0.41, -32.66, 32.03],
						"0.0667": [-0.2, -32.9, 29.28],
						"0.1": [-0.85, -32.88, 26.12],
						"0.1333": [-1.39, -32.15, 22.92],
						"0.1667": [-1.65, -30.23, 20.1],
						"0.2": [-1.54, -26.5, 17.61],
						"0.2333": [-1.17, -21.25, 15.2],
						"0.2667": [-0.68, -15.46, 12.92],
						"0.3": [-0.21, -10.08, 10.79],
						"0.3333": [0.1, -6.07, 8.88],
						"0.3667": [0.23, -3.2, 6.78],
						"0.4": [0.22, -1.67, 4.97],
						"0.4333": [0.16, -0.89, 3.43],
						"0.4667": [0.11, -0.29, 2.12],
						"0.5": [0.05, -0.02, 0.15],
						"0.5333": [-0.01, -0.43, -0.76],
						"0.5667": [-0.02, -0.32, -0.02],
						"0.6": [-0.01, -0.17, 0.96],
						"0.6333": [-0.01, -0.1, 0.8],
						"0.6667": [0, -0.04, 0.35],
						"0.7": [0, 0, 0]
					},
					"position": {
						"0.0": [-3.18, -5.58, 13.53],
						"0.0333": [-2.73, -4.98, 11.4],
						"0.0667": [-2.08, -4.11, 8.31],
						"0.1": [-1.41, -3.19, 5.12],
						"0.1333": [-0.9, -2.45, 2.7],
						"0.1667": [-0.61, -1.94, 1.29],
						"0.2": [-0.45, -1.53, 0.43],
						"0.2333": [-0.34, -1.21, -0.1],
						"0.2667": [-0.25, -0.94, -0.49],
						"0.3": [-0.14, -0.69, -0.75],
						"0.3333": [-0.07, -0.55, -0.66],
						"0.3667": [-0.03, -0.45, -0.5],
						"0.4": [-0.01, -0.38, -0.3],
						"0.4333": [-0.02, -0.34, -0.02],
						"0.4667": [-0.03, -0.3, 0.16],
						"0.5": [-0.02, -0.21, 0.14],
						"0.5333": [-0.02, -0.12, 0.02],
						"0.5667": [-0.01, -0.05, -0.06],
						"0.6": [-0.01, -0.02, -0.06],
						"0.6333": [0, -0.01, -0.04],
						"0.6667": [0, 0, -0.02],
						"0.7": [0, 0, 0]
					}
				},
				"camera": {
					"rotation": {
						"0.0": [0, 0, 0],
						"0.0333": [0.14, -0.01, 0.01],
						"0.0667": [0.35, -0.02, 0.03],
						"0.1": [0.55, -0.05, 0.1],
						"0.1333": [0.77, -0.13, 0.3],
						"0.1667": [0.99, -0.24, 0.56],
						"0.2": [1.1, -0.3, 0.7],
						"0.2333": [1.09, -0.3, 0.68],
						"0.2667": [1.03, -0.29, 0.59],
						"0.3": [0.93, -0.26, 0.47],
						"0.3333": [0.82, -0.23, 0.36],
						"0.3667": [0.7, -0.2, 0.3],
						"0.4": [0.42, -0.14, 0.33],
						"0.4333": [0.1, -0.06, 0.41],
						"0.4667": [-0.1, 0, 0.4],
						"0.5": [0.01, 0.07, 0.03],
						"0.5333": [0.2, 0.1, -0.3],
						"0.5667": [0.16, 0.08, -0.23],
						"0.6": [0.07, 0.03, -0.04],
						"0.6333": [0, 0, 0.1],
						"0.6667": [-0.01, -0.01, 0.11],
						"0.7": [-0.01, -0.01, 0.08],
						"0.7333": [0, 0, 0.03],
						"0.7667": [0, 0, 0]
					}
				},
				"constraint": {
					"rotation": {
						"0.0": [1, 1, 1],
						"0.3667": [0.2, 0.2, 0.2],
						"0.8": [0.2, 0.2, 0.4]
					},
					"position": {
						"0.0": [1, 1, 1],
						"0.3667": [0.2, 0.2, 0.2],
						"0.8": [0.1, 0.1, 0.1]
					}
				}
			}
		},
		"put_away": {
			"animation_length": 0.4333,
			"bones": {
				"righthand": {
					"rotation": {
						"0.0": [96.07, 8.95, -179.05],
						"0.0333": [96.07, 8.95, -179.05],
						"0.0667": [96.07, 8.95, -179.05],
						"0.1": [96.07, 8.95, -179.05],
						"0.1333": [96.07, 8.95, -179.05],
						"0.1667": [96.07, 8.95, -179.05],
						"0.2": [97.44, 2.74, -179.75],
						"0.2333": [98.82, -3.48, -180.45],
						"0.2667": [100.19, -9.69, -181.15],
						"0.3": [101.57, -15.9, -181.85],
						"0.3333": [102.94, -22.12, -182.54],
						"0.3667": [104.32, -28.33, -183.24]
					},
					"position": {
						"0.0": [-6.5, -14.3, -1.7],
						"0.0333": [-6.5, -14.3, -1.7],
						"0.0667": [-6.5, -14.3, -1.7],
						"0.1": [-6.5, -14.3, -1.7],
						"0.1333": [-6.5, -14.3, -1.7],
						"0.1667": [-6.5, -14.3, -1.7],
						"0.2": [-6.5, -14.3, -1.7],
						"0.2333": [-6.5, -14.3, -1.7],
						"0.2667": [-6.5, -14.3, -1.7],
						"0.3": [-6.5, -14.3, -1.7],
						"0.3333": [-6.5, -14.3, -1.7],
						"0.3667": [-6.5, -14.3, -1.7]
					},
					"scale": [1, 1.5, 1]
				},
				"lefthand": {
					"rotation": {
						"0.0": [96.96, -29.14, -146.86],
						"0.0333": [105.62, -25.54, -157.73],
						"0.0667": [114.27, -21.94, -168.6],
						"0.1": [122.93, -18.35, -179.48],
						"0.1333": [131.58, -14.75, -190.35],
						"0.1667": [140.24, -11.15, -201.22],
						"0.2": [148.89, -7.55, -212.09]
					},
					"position": {
						"0.0": [8.42, -11.62, -12.02],
						"0.0333": [8.63, -11.52, -11.92],
						"0.0667": [8.84, -11.43, -11.82],
						"0.1": [9.05, -11.33, -11.72],
						"0.1333": [8.84, -10.69, -11.62],
						"0.1667": [8.63, -10.04, -11.52],
						"0.2": [8.42, -9.39, -11.42]
					},
					"scale": [1, 1.5, 1]
				},
				"root": {
					"rotation": {
						"0.0": [0, 0, 0],
						"0.0333": [-0.56, -1.34, -1.72],
						"0.0667": [-0.51, -3.68, -4.19],
						"0.1": [1.37, -7.36, -7.72],
						"0.1333": [4.37, -11.73, -10.29],
						"0.1667": [6.5, -14.6, -9.53],
						"0.2": [9.01, -17.59, -7.69],
						"0.2333": [12.75, -20.93, -6.81],
						"0.2667": [15.93, -23.2, -7.29],
						"0.3": [19.75, -25.65, -8.27],
						"0.3333": [23.91, -28.21, -9.51],
						"0.3667": [28.11, -30.78, -10.78],
						"0.4": [32.04, -33.29, -11.85],
						"0.4333": [38.74, -37.82, -13.36]
					},
					"position": {
						"0.0": [0, 0, 0],
						"0.0333": [-0.21, -0.18, 0.14],
						"0.0667": [-0.45, -0.49, 0.28],
						"0.1": [-0.6, -0.94, 0.35],
						"0.1333": [-0.67, -1.47, 0.34],
						"0.1667": [-0.67, -1.79, 0.28],
						"0.2": [-0.61, -2.14, 0.17],
						"0.2333": [-0.43, -2.62, 0.06],
						"0.2667": [-0.27, -3.01, -0.02],
						"0.3": [-0.06, -3.47, -0.11],
						"0.3333": [0.19, -3.98, -0.2],
						"0.3667": [0.51, -4.5, -0.28],
						"0.4": [0.92, -5.03, -0.33],
						"0.4333": [1.67, -5.76, -0.37]
					}
				},
				"camera": {
					"rotation": {
						"0.0": [0, 0, 0],
						"0.0333": [0.05, 0, -0.04],
						"0.0667": [0.13, 0, -0.09],
						"0.1": [0.22, 0, -0.13],
						"0.1333": [0.3, 0, -0.12],
						"0.1667": [0.43, 0, 0],
						"0.2": [0.56, 0, 0.18],
						"0.2333": [0.64, 0, 0.3],
						"0.2667": [0.64, 0, 0.29],
						"0.3": [0.59, 0, 0.22],
						"0.3333": [0.5, 0, 0.15],
						"0.3667": [0.42, 0, 0.12],
						"0.4": [0.3, 0, 0.08],
						"0.4333": [0.18, 0, 0.05]
					}
				},
				"constraint": {
					"rotation": {
						"0.0": [0.2, 0.2, 0.4],
						"0.1667": [0.8, 0.8, 0.8],
						"0.4333": [1, 1, 1]
					},
					"position": {
						"0.0": [0.1, 0.1, 0.1],
						"0.1667": [0.8, 0.8, 0.8],
						"0.4333": [1, 1, 1]
					}
				}
			}
		},
		"reload_tactical": {
			"animation_length": 2.3333,
			"bones": {
				"righthand": {
					"rotation": [96.07, 8.95, -179.05],
					"position": [-6.5, -14.3, -1.7],
					"scale": [1, 1.5, 1]
				},
				"lefthand": {
					"rotation": {
						"0.0": [96.9594, -29.1425, -146.85684],
						"0.5833": [135.94628, -16.17962, -186.54393],
						"1.5": [135.94628, -16.17962, -186.54393],
						"1.5833": [133.42742, -4.6929, -238.51868],
						"1.75": [133.42742, -4.6929, -238.51868],
						"1.875": [96.9594, -29.1425, -146.85684]
					},
					"position": {
						"0.0": [8.4187, -11.62, -12.02],
						"0.5833": [6.42, -15.62, -8.02],
						"1.5": [6.42, -15.62, -8.02],
						"1.5833": [8.42, -21.62, -7.02],
						"1.6667": [8.42, -21.62, -0.02],
						"1.75": [8.42, -21.62, -0.02],
						"1.875": [8.4187, -11.62, -12.02]
					},
					"scale": [1, 1.5, 1]
				},
				"constraint": {
					"rotation": [0.2, 0.2, 0.4],
					"position": [0.1, 0.1, 0.1]
				},
				"root": {
					"rotation": {
						"0.0": {
							"post": [0, 0, 0],
							"lerp_mode": "catmullrom"
						},
						"0.125": {
							"post": [-9.88, -5.73, -5.32],
							"lerp_mode": "catmullrom"
						},
						"0.2083": {
							"post": [-17.12, -9.29, -13.64],
							"lerp_mode": "catmullrom"
						},
						"0.2917": {
							"post": [-21.32, -10.96, -26.79],
							"lerp_mode": "catmullrom"
						},
						"0.4167": {
							"post": [-20.42, -8.99, -22.93],
							"lerp_mode": "catmullrom"
						},
						"0.4583": {
							"post": [-20.64, -9.03, -25.045],
							"lerp_mode": "catmullrom"
						},
						"0.5417": {
							"post": [-22.23, -9.68, -21.28],
							"lerp_mode": "catmullrom"
						},
						"0.7083": {
							"post": [-22.50716, -9.79346, -23.86738],
							"lerp_mode": "catmullrom"
						},
						"0.875": {
							"post": [-22.33, -9.72, -21.15],
							"lerp_mode": "catmullrom"
						},
						"0.9583": {
							"post": [-22.93849, -7.75872, -16.60963],
							"lerp_mode": "catmullrom"
						},
						"1.0": {
							"post": [-23.23528, -6.63108, -14.04434],
							"lerp_mode": "catmullrom"
						},
						"1.0833": {
							"post": [-21.35987, -11.5375, -30.53817],
							"lerp_mode": "catmullrom"
						},
						"1.1667": {
							"post": [-19.79, -12.7, -26.7],
							"lerp_mode": "catmullrom"
						},
						"1.25": {
							"post": [-18.48871, -13.20356, -25.78131],
							"lerp_mode": "catmullrom"
						},
						"1.2917": {
							"post": [-18.75549, -12.88066, -24.80087],
							"lerp_mode": "catmullrom"
						},
						"1.375": {
							"post": [-18.46, -12.26, -15.885],
							"lerp_mode": "catmullrom"
						},
						"1.4167": {
							"post": [-17.8479, -10.87621, -21.22822],
							"lerp_mode": "catmullrom"
						},
						"1.5": {
							"post": [-19.1929, -10.87621, -13.75322],
							"lerp_mode": "catmullrom"
						},
						"1.625": [-18.425, -9.19, -19.795],
						"1.75": {
							"pre": [-10.01, -0.63, -14.885],
							"post": [-10.01, -0.63, -14.885],
							"lerp_mode": "catmullrom"
						},
						"1.8333": {
							"post": [-1.57, 2.05, -8.46],
							"lerp_mode": "catmullrom"
						},
						"1.9583": {
							"post": [0.43, 0.6, -3.95],
							"lerp_mode": "catmullrom"
						},
						"2.0": {
							"post": [0.9, -0.45, -0.72],
							"lerp_mode": "catmullrom"
						},
						"2.0833": {
							"post": [0.12, -0.18, 0.27],
							"lerp_mode": "catmullrom"
						},
						"2.125": {
							"post": [0.08, -0.49, 1.58],
							"lerp_mode": "catmullrom"
						},
						"2.1667": {
							"post": [0.02, -0.32, 0.28],
							"lerp_mode": "catmullrom"
						},
						"2.2917": {
							"post": [0, 0, 0],
							"lerp_mode": "catmullrom"
						}
					},
					"position": {
						"0.0": {
							"post": [0, 0, 0],
							"lerp_mode": "catmullrom"
						},
						"0.0417": {
							"post": [-0.08, -0.515, -0.21],
							"lerp_mode": "catmullrom"
						},
						"0.0833": {
							"post": [-0.32, -0.915, -0.73],
							"lerp_mode": "catmullrom"
						},
						"0.2083": {
							"post": [-0.75, -0.27, -0.93],
							"lerp_mode": "catmullrom"
						},
						"0.25": {
							"post": [-0.91, -0.11, -0.6],
							"lerp_mode": "catmullrom"
						},
						"0.375": {
							"post": [-0.92, -0.5, 0.12],
							"lerp_mode": "catmullrom"
						},
						"0.4583": {
							"post": [-0.94, -0.39, -0.19],
							"lerp_mode": "catmullrom"
						},
						"0.5833": {
							"post": [-0.94, -0.25, -0.12],
							"lerp_mode": "catmullrom"
						},
						"0.75": {
							"post": [-0.94, -0.2, -0.1],
							"lerp_mode": "catmullrom"
						},
						"0.875": {
							"post": [-0.94, -0.24, -0.12],
							"lerp_mode": "catmullrom"
						},
						"0.9167": {
							"post": [-0.94, -0.955, -0.415],
							"lerp_mode": "catmullrom"
						},
						"1.0417": {
							"post": [-0.94, -0.29, -0.315],
							"lerp_mode": "catmullrom"
						},
						"1.1667": {
							"post": [-0.875, -0.15, -0.19],
							"lerp_mode": "catmullrom"
						},
						"1.25": {
							"post": [-0.74, 0.425, -0.12],
							"lerp_mode": "catmullrom"
						},
						"1.3333": {
							"post": [-0.74, 0.505, -0.12],
							"lerp_mode": "catmullrom"
						},
						"1.375": {
							"post": [-0.74, -0.26, -0.12],
							"lerp_mode": "catmullrom"
						},
						"1.4583": {
							"post": [-0.74, -0.195, -0.12],
							"lerp_mode": "catmullrom"
						},
						"1.5417": {
							"post": [-0.74, 0.04, -0.12],
							"lerp_mode": "catmullrom"
						},
						"1.6667": [-0.74, 0.075, -0.12],
						"1.75": {
							"pre": [-0.475, -0.025, -0.03],
							"post": [-0.475, -0.025, -0.03],
							"lerp_mode": "catmullrom"
						},
						"1.7917": {
							"post": [-0.255, -0.14, 0.19],
							"lerp_mode": "catmullrom"
						},
						"1.9167": {
							"post": [-0.15, -0.455, -0.61],
							"lerp_mode": "catmullrom"
						},
						"2.0": {
							"post": [-0.05, -0.295, -0.31],
							"lerp_mode": "catmullrom"
						},
						"2.0833": {
							"post": [0, -0.12, 0.57],
							"lerp_mode": "catmullrom"
						},
						"2.1667": {
							"post": [0, -0.04, -0.07],
							"lerp_mode": "catmullrom"
						},
						"2.25": {
							"post": [0, -0.01, -0.07],
							"lerp_mode": "catmullrom"
						},
						"2.3333": {
							"post": [0, 0, -0.01],
							"lerp_mode": "catmullrom"
						},
						"2.4167": {
							"post": [0, 0, 0],
							"lerp_mode": "catmullrom"
						}
					}
				},
				"additional_magazine": {
					"rotation": {
						"0.9167": [0, 0, 0],
						"1.125": [-77.5, 0, 0],
						"1.5": [-77.5, 0, 0],
						"1.5833": [-35.70714, 10.51794, -56.87402]
					},
					"position": {
						"0.875": [0, 0, 0],
						"0.9167": [-0.0175, -2.47, 0],
						"0.9583": [-0.68, -3.7, 0],
						"1.0417": [-1.025, -5.54, -0.27],
						"1.125": [-1.645, -6.54, 1.565],
						"1.2083": [-1.645, -4.01, 1.75],
						"1.3333": [-1.645, -4.01, 1.75],
						"1.375": [-1.645, -0.75, 2.065],
						"1.5": [-1.64, -0.75, 2.07],
						"1.5833": [0.36, -5.25, 1.07],
						"1.6667": [1.86, -5.25, 8.07]
					},
					"scale": {
						"1.6667": [1, 1, 1],
						"1.7083": [0, 0, 0]
					}
				},
				"mag_and_lefthand": {
					"rotation": {
						"0.0": {
							"post": [0, 0, 0],
							"lerp_mode": "catmullrom"
						},
						"0.1667": {
							"post": [-20.38, -8.07, -46.05],
							"lerp_mode": "catmullrom"
						},
						"0.25": {
							"post": [2.74, 4.05, -46.9],
							"lerp_mode": "catmullrom"
						},
						"0.625": [2.74, 4.05, -46.9],
						"0.75": [70.35481, 6.9157, -9.93709],
						"0.9167": [70.35481, 6.9157, -9.93709],
						"1.125": [0, 0, 0],
						"1.2083": [0, 0, 0],
						"1.3333": [0, 0, 0]
					},
					"position": {
						"0.0": {
							"post": [0, 0, 0],
							"lerp_mode": "catmullrom"
						},
						"0.1667": {
							"post": [5.94, -6.01, 5.18],
							"lerp_mode": "catmullrom"
						},
						"0.25": {
							"post": [4.12, -10.71, 9.9],
							"lerp_mode": "catmullrom"
						},
						"0.625": {
							"post": [4.12, -10.71, 9.9],
							"lerp_mode": "catmullrom"
						},
						"0.7917": [1.62, -1.71, -2.1],
						"0.875": [1.62, -0.71, -2.1],
						"0.9583": {
							"pre": [0.62, -5.71, -3.58],
							"post": [0.62, -5.71, -3.58],
							"lerp_mode": "catmullrom"
						},
						"1.0417": {
							"post": [0.62, -5.71, -1.6],
							"lerp_mode": "catmullrom"
						},
						"1.125": {
							"post": [0, -4.71, -0.5],
							"lerp_mode": "catmullrom"
						},
						"1.2083": [0, -3.26, -0.065],
						"1.3333": [0, -3.26, -0.065],
						"1.375": [0, 0, 0]
					}
				},
				"mag_and_bullet": {
					"scale": {
						"0.5417": [0, 0, 0],
						"0.5833": [1, 1, 1]
					}
				},
				"camera": {
					"rotation": {
						"0.0": {
							"post": [0, 0, 0],
							"lerp_mode": "catmullrom"
						},
						"0.1667": {
							"post": [0.35, 0.06, -0.16],
							"lerp_mode": "catmullrom"
						},
						"0.375": {
							"post": [1.54, 0.13, -1.12],
							"lerp_mode": "catmullrom"
						},
						"0.4583": {
							"post": [1.28, 0.28, -0.9],
							"lerp_mode": "catmullrom"
						},
						"0.7083": {
							"post": [1.65, -0.04, -1.19],
							"lerp_mode": "catmullrom"
						},
						"0.9167": {
							"post": [1.58, 0.01, -0.92],
							"lerp_mode": "catmullrom"
						},
						"0.9583": {
							"post": [2.47, -0.25, -0.36],
							"lerp_mode": "catmullrom"
						},
						"1.0833": {
							"post": [1.82, -0.28, -1.27],
							"lerp_mode": "catmullrom"
						},
						"1.3333": {
							"post": [1.99, -0.07, -0.92],
							"lerp_mode": "catmullrom"
						},
						"1.375": {
							"post": [2, 0.05, -1],
							"lerp_mode": "catmullrom"
						},
						"1.4583": {
							"post": [2.81, -0.09, -0.38],
							"lerp_mode": "catmullrom"
						},
						"1.5417": {
							"post": [1.77, -0.14, -1.42],
							"lerp_mode": "catmullrom"
						},
						"1.7083": {
							"post": [2.11, 0.04, -0.94],
							"lerp_mode": "catmullrom"
						},
						"1.8333": {
							"post": [1.55, -0.32, -0.9],
							"lerp_mode": "catmullrom"
						},
						"2.0417": {
							"post": [-0.17, -0.04, 0.2],
							"lerp_mode": "catmullrom"
						},
						"2.125": {
							"post": [0.16, 0, -0.29],
							"lerp_mode": "catmullrom"
						},
						"2.1667": {
							"post": [-0.03, 0, -0.05],
							"lerp_mode": "catmullrom"
						},
						"2.2917": {
							"post": [-0.08, 0, 0.06],
							"lerp_mode": "catmullrom"
						},
						"2.3333": {
							"post": [0, 0, 0],
							"lerp_mode": "catmullrom"
						}
					}
				},
				"mag_release": {
					"position": {
						"0.875": [0, 0, 0],
						"0.9167": [0.125, 0, 0],
						"0.9583": [0, 0, 0],
						"1.2917": [0, 0, 0],
						"1.3333": [0.125, 0, 0],
						"1.375": [0, 0, 0]
					}
				}
			},
			"sound_effects": {
				"0.0": {
					"effect": "nmw2:ftac_recon/ftac_recon_reload_raise"
				},
				"0.7917": {
					"effect": "nmw2:ftac_recon/ftac_recon_reload_magout"
				},
				"1.0": {
					"effect": "nmw2:ftac_recon/ftac_recon_reload_rotate"
				},
				"1.1667": {
					"effect": "nmw2:ftac_recon/ftac_recon_reload_magin"
				},
				"1.375": {
					"effect": "nmw2:ftac_recon/ftac_recon_reload_end"
				}
			}
		},
		"reload_empty": {
			"animation_length": 3.1333,
			"bones": {
				"lefthand": {
					"rotation": {
						"0.0": [96.9594, -29.1425, -146.85684],
						"0.1": [99.62672, -35.60331, -155.67897],
						"0.1667": [104.9596, -30.78693, -179.3565],
						"0.3333": [104.9596, -30.78693, -179.3565],
						"0.4": [125.02976, -49.04048, -223.3389],
						"0.5333": [51.15282, -53.15442, -191.04465],
						"0.7": {
							"pre": [76.94743, -25.72779, -217.97075],
							"post": [119.94743, -25.72779, -217.97075]
						},
						"0.7333": [119.94743, -25.72779, -217.97075],
						"0.8333": [97.65, -24.56, -111.29],
						"0.9": [97.65, -24.56, -111.29],
						"0.9667": [97.65, -24.56, -111.29],
						"1.0333": [97.65, -24.56, -111.29],
						"1.1333": [97.65, -24.56, -111.29],
						"1.1667": [97.65, -24.56, -111.29],
						"1.2": [97.65, -24.56, -111.29],
						"1.3": [97.65, -24.56, -111.29],
						"1.3333": [97.65, -24.56, -111.29],
						"1.4": [97.65, -24.56, -111.29],
						"1.5": [97.65, -24.56, -111.29],
						"1.6": [97.65, -24.56, -111.29],
						"1.6667": [97.65, -24.56, -111.29],
						"1.7": [97.65, -24.56, -111.29],
						"1.7333": [97.65, -24.56, -111.29],
						"1.8": [109.2, -26.65, -126.96],
						"1.8333": [125.54, -29.15, -149.09],
						"1.9667": [140.75, -28.17, -169.46],
						"2.0333": [136.86, -31.17, -176.69],
						"2.1": [136.86, -31.17, -176.69],
						"2.1333": [153.19373, -3.8697, -196.25179],
						"2.2": [153.19373, -3.8697, -196.25179],
						"2.3667": [114.34734, -23.19552, -193.10521],
						"2.6": [113.51, -39.33, -179.9],
						"2.6667": [96.9594, -29.1425, -146.85684]
					},
					"position": {
						"0.0": [8.4187, -11.62, -12.02],
						"0.1": [9.28, -13.47, -9.83],
						"0.1667": [7.75, -15.525, -8.25],
						"0.3333": [7.75, -15.525, -8.25],
						"0.4": [8.02331, -23.42095, -7.75205],
						"0.5333": [11.76607, -27.60816, -6.23566],
						"0.7": {
							"pre": [14.96252, -31.76568, -5.56475],
							"post": [10.27, -22.975, 3.125]
						},
						"0.7333": [10.27, -22.975, -6.875],
						"0.8333": [7.15, -17.55, -6.82],
						"0.9": [7.15, -17.55, -6.82],
						"0.9667": [7.15, -17.55, -6.82],
						"1.0333": [7.15, -17.55, -6.82],
						"1.1333": [7.15, -17.55, -6.82],
						"1.1667": [7.15, -17.55, -6.82],
						"1.2": [7.15, -17.55, -6.82],
						"1.3": [7.15, -17.55, -6.82],
						"1.3333": [7.15, -17.55, -6.82],
						"1.4": [7.15, -17.55, -6.82],
						"1.5": [7.15, -17.55, -6.82],
						"1.6": [7.15, -17.55, -6.82],
						"1.6667": [7.15, -17.55, -6.82],
						"1.7": [7.15, -17.55, -6.82],
						"1.7333": [7.15, -17.55, -6.82],
						"1.8667": [7.15, -17.55, -6.82],
						"1.9667": {
							"pre": [9.39, -14, -8.11],
							"post": [9.39, -14, -8.11],
							"lerp_mode": "catmullrom"
						},
						"2.0333": {
							"post": [9.63, -14.01, -8.23],
							"lerp_mode": "catmullrom"
						},
						"2.1": {
							"post": [9.63, -14.01, -8.23],
							"lerp_mode": "catmullrom"
						},
						"2.1333": {
							"post": [8.65, -11.1, -5.25],
							"lerp_mode": "catmullrom"
						},
						"2.2": {
							"post": [8.65, -11.1, -5.25],
							"lerp_mode": "catmullrom"
						},
						"2.3667": {
							"post": [9.9, -15.175, -8.72],
							"lerp_mode": "catmullrom"
						},
						"2.6667": [8.4187, -11.62, -12.02]
					},
					"scale": [1, 1.5, 1]
				},
				"righthand": {
					"rotation": [96.07, 8.95, -179.05],
					"position": [-6.5, -14.3, -1.7],
					"scale": [1, 1.5, 1]
				},
				"root": {
					"rotation": {
						"0.0": {
							"post": [0, 0, 0],
							"lerp_mode": "catmullrom"
						},
						"0.1": {
							"post": [-0.24, -0.35, -2.265],
							"lerp_mode": "catmullrom"
						},
						"0.2": {
							"post": [-1.24555, -0.81508, -10.56962],
							"lerp_mode": "catmullrom"
						},
						"0.3333": {
							"post": [-3.26969, -1.91821, -11.73526],
							"lerp_mode": "catmullrom"
						},
						"0.4": {
							"post": [-4.78542, -2.11372, -5.6806],
							"lerp_mode": "catmullrom"
						},
						"0.5": {
							"post": [-5.24345, -1.53608, -14.54562],
							"lerp_mode": "catmullrom"
						},
						"0.6": {
							"post": [-6.18621, -1.59727, -10.05001],
							"lerp_mode": "catmullrom"
						},
						"0.7": {
							"post": [-7.74623, -4.64673, -13.26656],
							"lerp_mode": "catmullrom"
						},
						"0.8333": {
							"post": [-18.4671, -18.5388, -25.70116],
							"lerp_mode": "catmullrom"
						},
						"0.9": {
							"post": [-22.82774, -22.91483, -33.8338],
							"lerp_mode": "catmullrom"
						},
						"1.0333": {
							"post": [-19.11764, -26.26197, -43.46232],
							"lerp_mode": "catmullrom"
						},
						"1.2667": {
							"post": [-18.35448, -24.75054, -43.29042],
							"lerp_mode": "catmullrom"
						},
						"1.3667": {
							"post": [-18.21659, -25.58997, -45.00368],
							"lerp_mode": "catmullrom"
						},
						"1.5333": {
							"post": [-20.62001, -25.48525, -41.08157],
							"lerp_mode": "catmullrom"
						},
						"1.6": {
							"post": [-18.26161, -27.29629, -46.88577],
							"lerp_mode": "catmullrom"
						},
						"1.6333": {
							"post": [-14.43748, -28.80314, -52.10021],
							"lerp_mode": "catmullrom"
						},
						"1.7": {
							"post": [-16.88751, -26.73632, -41.96785],
							"lerp_mode": "catmullrom"
						},
						"1.8333": {
							"post": [-17.36278, -13.38079, -26.90565],
							"lerp_mode": "catmullrom"
						},
						"1.9667": {
							"post": [-12.41466, -10.83375, -13.48249],
							"lerp_mode": "catmullrom"
						},
						"2.0333": {
							"post": [-11.61388, -9.71404, -10.83397],
							"lerp_mode": "catmullrom"
						},
						"2.1333": {
							"post": [-8.61, -7.765, -11.455],
							"lerp_mode": "catmullrom"
						},
						"2.2": {
							"post": [-6.11066, -7.84136, -18.76817],
							"lerp_mode": "catmullrom"
						},
						"2.3333": {
							"post": [-4.8609, -5.6221, -6.1886],
							"lerp_mode": "catmullrom"
						},
						"2.4667": {
							"post": [-1.92838, -4.63142, -12.31604],
							"lerp_mode": "catmullrom"
						},
						"2.5333": {
							"post": [-2.86394, -2.37303, -8.80701],
							"lerp_mode": "catmullrom"
						},
						"2.6667": {
							"post": [-1.17724, -0.52456, 1.02292],
							"lerp_mode": "catmullrom"
						},
						"2.8": {
							"post": [0.46831, 0.03241, -0.86959],
							"lerp_mode": "catmullrom"
						},
						"2.8667": {
							"post": [-0.27794, 0.48501, -1.00445],
							"lerp_mode": "catmullrom"
						},
						"3.0": {
							"post": [0, 0, 1.25],
							"lerp_mode": "catmullrom"
						},
						"3.1333": {
							"post": [0, 0, 0],
							"lerp_mode": "catmullrom"
						}
					},
					"position": {
						"0.0": {
							"post": [0, 0, 0],
							"lerp_mode": "catmullrom"
						},
						"0.1333": {
							"post": [0, -0.2, 0.225],
							"lerp_mode": "catmullrom"
						},
						"0.2667": {
							"post": [-0.06, 0.1, 0.36],
							"lerp_mode": "catmullrom"
						},
						"0.3333": {
							"post": [-0.1, 0.15, 0.425],
							"lerp_mode": "catmullrom"
						},
						"0.4": {
							"post": [-0.15, -0.67, 0.45],
							"lerp_mode": "catmullrom"
						},
						"0.5": {
							"post": [-0.225, -0.55, 0.42],
							"lerp_mode": "catmullrom"
						},
						"0.6333": {
							"post": [-0.505, 0.03125, 0.12],
							"lerp_mode": "catmullrom"
						},
						"0.8": {
							"post": [-1.075, 0.315, -0.43],
							"lerp_mode": "catmullrom"
						},
						"0.9667": {
							"post": [-1.48, 0.96, -0.08],
							"lerp_mode": "catmullrom"
						},
						"1.1": {
							"post": [-1.255, 1.76, -0.005],
							"lerp_mode": "catmullrom"
						},
						"1.2667": {
							"post": [-1.155, 1.665, -0.13],
							"lerp_mode": "catmullrom"
						},
						"1.3667": {
							"post": [-1.28, 1.365, -0.13],
							"lerp_mode": "catmullrom"
						},
						"1.5333": {
							"post": [-1.33, 1.49, -0.13],
							"lerp_mode": "catmullrom"
						},
						"1.6": {
							"post": [-0.81, 0.73, -0.03],
							"lerp_mode": "catmullrom"
						},
						"1.6333": {
							"post": [-0.88, 0.565, 0.045],
							"lerp_mode": "catmullrom"
						},
						"1.7": {
							"post": [-1.185, 0.57, -0.09],
							"lerp_mode": "catmullrom"
						},
						"1.8333": {
							"post": [-0.475, 0.075, -0.34],
							"lerp_mode": "catmullrom"
						},
						"1.9333": {
							"post": [-0.49, -0.135, -0.34],
							"lerp_mode": "catmullrom"
						},
						"2.0333": {
							"post": [-0.135, 0.185, -0.335],
							"lerp_mode": "catmullrom"
						},
						"2.1333": {
							"post": [-0.205, -0.355, -0.14],
							"lerp_mode": "catmullrom"
						},
						"2.2": {
							"post": [-1.855, -0.37, -0.15],
							"lerp_mode": "catmullrom"
						},
						"2.3": {
							"post": [-1.665, -0.27, -0.23],
							"lerp_mode": "catmullrom"
						},
						"2.4333": {
							"post": [-0.31, -0.18, -0.375],
							"lerp_mode": "catmullrom"
						},
						"2.5": {
							"post": [-0.07, -0.28, -0.92],
							"lerp_mode": "catmullrom"
						},
						"2.6333": {
							"post": [-0.06, -0.13, -1.52],
							"lerp_mode": "catmullrom"
						},
						"2.7667": {
							"post": [0.095, -0.6, -1.225],
							"lerp_mode": "catmullrom"
						},
						"2.8667": {
							"post": [0, -0.175, 0.5],
							"lerp_mode": "catmullrom"
						},
						"3.0": {
							"post": [0, 0, -0.175],
							"lerp_mode": "catmullrom"
						},
						"3.1333": {
							"post": [0, 0, 0],
							"lerp_mode": "catmullrom"
						}
					}
				},
				"lefthand_pos": {
					"rotation": {
						"0.0": [0, 0, 0],
						"2.4": [0, 0, 0]
					}
				},
				"mag_and_bullet": {
					"scale": {
						"0.0": [0, 0, 0],
						"0.8": [0, 0, 0],
						"0.8333": [1, 1, 1]
					}
				},
				"additional_magazine": {
					"rotation": [0, 0, 0],
					"position": {
						"0.3333": [0, 0, 0],
						"0.4667": [0, -11, 0]
					},
					"scale": {
						"0.5": [1, 1, 1],
						"0.5333": [0, 0, 0]
					}
				},
				"camera": {
					"rotation": {
						"0.0": {
							"post": [0, 0, 0],
							"lerp_mode": "catmullrom"
						},
						"0.3": {
							"post": [-0.575, 0, 0.475],
							"lerp_mode": "catmullrom"
						},
						"0.4667": {
							"post": [0.305, 0.125, -0.4],
							"lerp_mode": "catmullrom"
						},
						"0.6": {
							"post": [0.65, 0.125, 0.825],
							"lerp_mode": "catmullrom"
						},
						"0.7333": {
							"post": [0.51, 0.04, -0.07],
							"lerp_mode": "catmullrom"
						},
						"0.9": {
							"post": [0.455, 0, 0.275],
							"lerp_mode": "catmullrom"
						},
						"1.3": {
							"post": [1.51, 0.35, -0.6],
							"lerp_mode": "catmullrom"
						},
						"1.5333": {
							"post": [1.435, 0.5, -0.725],
							"lerp_mode": "catmullrom"
						},
						"1.6667": {
							"post": [2.49, 0.5, 0.125],
							"lerp_mode": "catmullrom"
						},
						"1.8": {
							"post": [1.51, 0.5, -1],
							"lerp_mode": "catmullrom"
						},
						"1.9667": {
							"post": [1.86, 0.35, -0.6],
							"lerp_mode": "catmullrom"
						},
						"2.1": {
							"post": [1.17, 0.24, -0.73],
							"lerp_mode": "catmullrom"
						},
						"2.2": {
							"post": [0.76, 0.175, -0.45],
							"lerp_mode": "catmullrom"
						},
						"2.3333": {
							"post": [1.585, 0.175, 0.35],
							"lerp_mode": "catmullrom"
						},
						"2.4667": {
							"post": [0.49, 0.1, -0.725],
							"lerp_mode": "catmullrom"
						},
						"2.6333": {
							"post": [0.94, 0.1, -0.15],
							"lerp_mode": "catmullrom"
						},
						"2.8": {
							"post": [0.27, 0.04, -0.215],
							"lerp_mode": "catmullrom"
						},
						"2.8667": {
							"post": [-0.2, 0, 0.15],
							"lerp_mode": "catmullrom"
						},
						"3.0": {
							"post": [0.15, 0, -0.225],
							"lerp_mode": "catmullrom"
						},
						"3.1333": {
							"post": [-0.1, 0, 0.125],
							"lerp_mode": "catmullrom"
						},
						"3.2": {
							"post": [0, 0, 0],
							"lerp_mode": "catmullrom"
						}
					}
				},
				"constraint": {
					"rotation": {
						"0.3333": [0.2, 0.1, 0.2],
						"0.8333": [0.01, 0.02, 0.04],
						"2.4667": [0.01, 0.02, 0.04],
						"2.8667": [0.2, 0.1, 0.2]
					},
					"position": {
						"0.3333": [0.2, 0.2, 0.4],
						"0.8333": [0.05, 0.05, 0.1],
						"2.4667": [0.05, 0.05, 0.1],
						"2.8667": [0.2, 0.2, 0.4]
					}
				},
				"mag_and_lefthand": {
					"rotation": {
						"0.0": [0, 0, 0],
						"0.7": {
							"pre": [0, 0, 0],
							"post": [-0.7061, 20.2714, -25.6577]
						},
						"0.7333": [-0.7061, 20.27135, -25.65768],
						"0.9667": {
							"pre": [-0.7061, 20.27135, -25.65768],
							"post": [-0.7061, 20.27135, -25.65768],
							"lerp_mode": "catmullrom"
						},
						"1.1": {
							"post": [-8.55767, 6.24861, -35.49853],
							"lerp_mode": "catmullrom"
						},
						"1.2667": [-3, 0, -11],
						"1.3667": [0, 0, -10],
						"1.4": [0, 0, -6.67],
						"1.5333": [0, 0, 0],
						"1.6": [0, 0, 0]
					},
					"position": {
						"0.0": [0, 0, 0],
						"0.7": {
							"pre": [0, 0, 0],
							"post": [-0.253, -13.1729, 5.1424]
						},
						"0.7333": [-0.25298, -13.17286, 5.1424],
						"0.9667": {
							"pre": [-0.25298, -13.17286, 5.1424],
							"post": [-0.25298, -13.17286, 5.1424],
							"lerp_mode": "catmullrom"
						},
						"1.1": {
							"post": [0.39861, -4.5891, -0.99821],
							"lerp_mode": "catmullrom"
						},
						"1.2667": [0.775, -3, -0.175],
						"1.3667": [0.65, -2.83, 0.075],
						"1.4": [0.4575, -2.83, -0.08],
						"1.5333": [0, -2.7, 0.025],
						"1.6": [0, 0, 0]
					}
				},
				"m4_bolt": {
					"position": {
						"0.0": [0, 0, 4.7],
						"2.2667": [0, 0, 4.7],
						"2.3": [0, 0, 0],
						"2.3333": [0, 0, 0.475],
						"2.3667": [0, 0, 0],
						"2.4333": [0, 0, 0.25],
						"2.5": [0, 0, 0]
					}
				},
				"bolt_release_nouse": {
					"rotation": {
						"2.1333": [0, 0, 12.5],
						"2.1667": [0, 0, 0]
					}
				},
				"mag_release": {
					"position": {
						"0.3": [0, 0, 0],
						"0.3333": [0.125, 0, 0],
						"0.7": [0.125, 0, 0],
						"0.7333": [0, 0, 0],
						"1.5333": [0, 0, 0],
						"1.6": [0.125, 0, 0],
						"1.6667": [0.125, 0, 0],
						"1.7": [0, 0, 0]
					}
				}
			},
			"sound_effects": {
				"0.0": {
					"effect": "nmw2:ftac_recon/ftac_recon_reload_empty_raise"
				},
				"0.2333": {
					"effect": "nmw2:ftac_recon/ftac_recon_reload_empty_magout"
				},
				"0.4667": {
					"effect": "nmw2:ftac_recon/ftac_recon_reload_empty_rattle"
				},
				"1.3667": {
					"effect": "nmw2:ftac_recon/ftac_recon_reload_empty_magin"
				},
				"1.9667": {
					"effect": "nmw2:ftac_recon/ftac_recon_reload_empty_end"
				},
				"2.0": {
					"effect": "nmw2:ftac_recon/ftac_recon_reload_empty_boltrelease"
				}
			}
		},
		"inspect": {
			"animation_length": 4.5,
			"bones": {
				"righthand": {
					"rotation": {
						"0.0": [96.07, 8.95, -179.05],
						"2.3333": [96.07, 8.95, -179.05],
						"2.5833": [104.08374, -4.30577, -102.96659],
						"2.7917": [104.08374, -4.30577, -102.96659],
						"2.875": {
							"pre": [109.78021, -2.82163, -100.99652],
							"post": [109.78021, -2.82163, -100.99652],
							"lerp_mode": "catmullrom"
						},
						"3.5": {
							"post": [109.78021, -2.82163, -100.99652],
							"lerp_mode": "catmullrom"
						},
						"3.5833": [98.30641, -14.87561, -130.08503],
						"4.0": [96.07, 8.95, -179.05]
					},
					"position": {
						"0.0": [-6.5, -14.3, -1.7],
						"2.3333": [-6.5, -14.3, -1.7],
						"2.4583": [-9.37, -11.64, 0.72],
						"2.5833": [-7.245, -6.975, 1.14],
						"2.7917": [-7.245, -6.975, 1.14],
						"2.875": {
							"pre": [-7.24, -6.97, 3.125],
							"post": [-7.24, -6.97, 3.125],
							"lerp_mode": "catmullrom"
						},
						"3.5": {
							"post": [-7.24, -6.97, 3.125],
							"lerp_mode": "catmullrom"
						},
						"3.5417": [-8.99, -8.68, 4.08],
						"3.6667": [-8.65, -10.68, 6.885],
						"4.0": [-6.5, -14.3, -1.7]
					},
					"scale": [1, 1.5, 1]
				},
				"lefthand": {
					"rotation": {
						"0.0": [96.9594, -29.1425, -146.85684],
						"0.3333": [76.02666, -37.0965, -104.28267],
						"2.125": [76.02666, -37.0965, -104.28267],
						"2.2917": [96.9594, -29.1425, -146.85684]
					},
					"position": {
						"0.0": [8.4187, -11.62, -12.02],
						"0.1667": [8.42, -18.62, -9.02],
						"0.3333": [6.42, -19.62, -8.02],
						"2.125": [6.42, -19.62, -8.02],
						"2.2917": [8.4187, -11.62, -12.02]
					},
					"scale": [1, 1.5, 1]
				},
				"constraint": {
					"rotation": [0.2, 0.2, 0.4],
					"position": [0.1, 0.1, 0.1]
				},
				"root": {
					"rotation": {
						"0.0": {
							"post": [0, 0, 0],
							"lerp_mode": "catmullrom"
						},
						"0.25": {
							"post": [-18.28872, -16.96279, -37.28365],
							"lerp_mode": "catmullrom"
						},
						"0.4583": {
							"post": [-18.39433, -16.01573, -39.05054],
							"lerp_mode": "catmullrom"
						},
						"0.5417": {
							"post": [-16.81701, -15.92702, -41.90718],
							"lerp_mode": "catmullrom"
						},
						"0.6667": {
							"post": [-20.09008, -13.7487, -32.66423],
							"lerp_mode": "catmullrom"
						},
						"0.75": {
							"post": [-20.02743, -14.81979, -33.16724],
							"lerp_mode": "catmullrom"
						},
						"1.0417": {
							"post": [-18.39433, -16.01573, -32.39554],
							"lerp_mode": "catmullrom"
						},
						"1.5417": {
							"post": [-19.09776, -12.77244, -30.45144],
							"lerp_mode": "catmullrom"
						},
						"1.7083": {
							"post": [-18.88, -12.97, -32.07],
							"lerp_mode": "catmullrom"
						},
						"1.8333": {
							"post": [-15.07547, -12.81012, -26.92475],
							"lerp_mode": "catmullrom"
						},
						"1.875": {
							"post": [-18.18, -11.24, -18.035],
							"lerp_mode": "catmullrom"
						},
						"1.9167": {
							"post": [-16.44617, -11.80824, -23.66502],
							"lerp_mode": "catmullrom"
						},
						"2.0417": {
							"post": [-16.08, -13.88, -18.09],
							"lerp_mode": "catmullrom"
						},
						"2.125": {
							"post": [-16.01593, -17.70044, -4.91761],
							"lerp_mode": "catmullrom"
						},
						"2.375": {
							"post": [-29.52042, 3.84369, 55.39681],
							"lerp_mode": "catmullrom"
						},
						"2.5417": {
							"post": [-29.52042, 3.84369, 65.17681],
							"lerp_mode": "catmullrom"
						},
						"2.6667": {
							"post": [-26.73, 2.275, 63.28],
							"lerp_mode": "catmullrom"
						},
						"2.7917": {
							"post": [-25.985, 2.2, 63.66],
							"lerp_mode": "catmullrom"
						},
						"2.875": {
							"post": [-27.28, 2.13, 65.645],
							"lerp_mode": "catmullrom"
						},
						"2.9583": {
							"post": [-27.44, 2.06, 65.17],
							"lerp_mode": "catmullrom"
						},
						"3.125": {
							"post": [-27.365, 1.925, 65.45],
							"lerp_mode": "catmullrom"
						},
						"3.5": {
							"post": [-26.085, 1.93, 65.45],
							"lerp_mode": "catmullrom"
						},
						"3.5417": {
							"post": [-23.64, 3.2, 69.2],
							"lerp_mode": "catmullrom"
						},
						"3.625": {
							"post": [-23.635, 4.465, 64.135],
							"lerp_mode": "catmullrom"
						},
						"3.7083": {
							"post": [-21.585, -2.94, 61.115],
							"lerp_mode": "catmullrom"
						},
						"3.9167": {
							"post": [-5.23766, -3.13615, 7.81846],
							"lerp_mode": "catmullrom"
						},
						"4.0": {
							"post": [1.99535, -0.85991, 0.99261],
							"lerp_mode": "catmullrom"
						},
						"4.125": {
							"post": [1, -0.43, -2.52],
							"lerp_mode": "catmullrom"
						},
						"4.1667": {
							"post": [0, 0, 2.525],
							"lerp_mode": "catmullrom"
						},
						"4.2917": {
							"post": [0, 0, -0.7375],
							"lerp_mode": "catmullrom"
						},
						"4.375": {
							"post": [0, 0, -0.53125],
							"lerp_mode": "catmullrom"
						},
						"4.5": {
							"post": [0, 0, 0],
							"lerp_mode": "catmullrom"
						}
					},
					"position": {
						"0.0": {
							"post": [0, 0, 0],
							"lerp_mode": "catmullrom"
						},
						"0.125": {
							"post": [0.865, 0.525, -2.075],
							"lerp_mode": "catmullrom"
						},
						"0.3333": {
							"post": [1.345, 0.185, -1.42],
							"lerp_mode": "catmullrom"
						},
						"0.4583": {
							"post": [1.37, 0.12, -1.42],
							"lerp_mode": "catmullrom"
						},
						"0.5": {
							"post": [0.865, -0.225, -1.42],
							"lerp_mode": "catmullrom"
						},
						"0.625": {
							"post": [1.07, 0.24, -1.42],
							"lerp_mode": "catmullrom"
						},
						"0.8333": {
							"post": [1.05, 0.36, -1.52],
							"lerp_mode": "catmullrom"
						},
						"1.2083": {
							"post": [0.96, 0.12, -1.625],
							"lerp_mode": "catmullrom"
						},
						"1.625": {
							"post": [0.9, -0.095, -1.535],
							"lerp_mode": "catmullrom"
						},
						"1.7083": {
							"post": [0.89, 0.215, -1.525],
							"lerp_mode": "catmullrom"
						},
						"1.875": {
							"post": [0.89, -0.215, -1.515],
							"lerp_mode": "catmullrom"
						},
						"1.9583": {
							"post": [0.89, 0.415, -1.515],
							"lerp_mode": "catmullrom"
						},
						"2.0417": {
							"post": [0.87, 0.22, -1.475],
							"lerp_mode": "catmullrom"
						},
						"2.25": {
							"post": [2.39, -0.605, -3.05],
							"lerp_mode": "catmullrom"
						},
						"2.375": {
							"post": [3.405, 0.12, -4.685],
							"lerp_mode": "catmullrom"
						},
						"2.5417": {
							"post": [3.405, 0.12, -4.685],
							"lerp_mode": "catmullrom"
						},
						"2.75": {
							"post": [3.41, 0.12, -4.68],
							"lerp_mode": "catmullrom"
						},
						"2.875": {
							"post": [3.41, 0.12, -5.17],
							"lerp_mode": "catmullrom"
						},
						"3.2083": {
							"post": [3.4, 0.025, -5.075],
							"lerp_mode": "catmullrom"
						},
						"3.5": {
							"post": [3.41, 0.12, -5.165],
							"lerp_mode": "catmullrom"
						},
						"3.5417": {
							"post": [3.51, 0.12, -4.675],
							"lerp_mode": "catmullrom"
						},
						"3.6667": {
							"post": [3.51, 0.12, -4.575],
							"lerp_mode": "catmullrom"
						},
						"3.9167": {
							"post": [0.09, -0.95, -2.08],
							"lerp_mode": "catmullrom"
						},
						"4.0417": {
							"post": [0, -0.475, -1.7],
							"lerp_mode": "catmullrom"
						},
						"4.1667": {
							"post": [0, -0.10625, 0.15],
							"lerp_mode": "catmullrom"
						},
						"4.2917": {
							"post": [0, 0, -0.11875],
							"lerp_mode": "catmullrom"
						},
						"4.4583": {
							"post": [0, 0, 0],
							"lerp_mode": "catmullrom"
						}
					}
				},
				"mag_and_lefthand": {
					"rotation": {
						"0.5417": {
							"pre": [0, 0, 0],
							"post": [0, 0, 0],
							"lerp_mode": "catmullrom"
						},
						"0.7083": {
							"post": [-35.52853, -9.54292, 21.10959],
							"lerp_mode": "catmullrom"
						},
						"1.375": {
							"post": [-35.52853, -9.54292, 21.10959],
							"lerp_mode": "catmullrom"
						},
						"1.5833": {
							"post": [0, 0, 0],
							"lerp_mode": "catmullrom"
						}
					},
					"position": {
						"0.4583": {
							"pre": [0, 0, 0],
							"post": [0, 0, 0],
							"lerp_mode": "catmullrom"
						},
						"0.5": {
							"post": [0.045, -1.98, 0.065],
							"lerp_mode": "catmullrom"
						},
						"0.5417": {
							"post": [0.375, -4, 0],
							"lerp_mode": "catmullrom"
						},
						"0.7083": {
							"post": [5.315, -4.28, 1],
							"lerp_mode": "catmullrom"
						},
						"1.0417": {
							"post": [6.205, -4, 1],
							"lerp_mode": "catmullrom"
						},
						"1.4167": {
							"post": [5.315, -4.28, 1],
							"lerp_mode": "catmullrom"
						},
						"1.5833": [0, -4.75, 0],
						"1.6667": [0, -3.23, 0],
						"1.8333": [0, -3.23, 0],
						"1.875": {
							"pre": [0, 0, 0],
							"post": [0, 0, 0],
							"lerp_mode": "catmullrom"
						}
					}
				},
				"m4_pull": {
					"position": {
						"2.7917": [0, 0, 0],
						"2.875": {
							"pre": [0, 0, 2.22],
							"post": [0, 0, 2.22],
							"lerp_mode": "catmullrom"
						},
						"3.5": {
							"post": [0, 0, 2.22],
							"lerp_mode": "catmullrom"
						},
						"3.5417": [0, 0, 0]
					}
				},
				"mag_release": {
					"position": {
						"0.4167": [0, 0, 0],
						"0.4583": [0.225, 0, 0],
						"0.5417": [0, 0, 0],
						"1.8333": [0, 0, 0],
						"1.875": [0.225, 0, 0],
						"1.9583": [0, 0, 0]
					}
				},
				"camera": {
					"rotation": {
						"0.0": {
							"post": [0, 0, 0],
							"lerp_mode": "catmullrom"
						},
						"0.3333": {
							"post": [3.125, -0.25, 0.8],
							"lerp_mode": "catmullrom"
						},
						"0.4583": {
							"post": [3.13, -0.07, 0.78],
							"lerp_mode": "catmullrom"
						},
						"0.5417": {
							"post": [3.02, 0.015, -1.165],
							"lerp_mode": "catmullrom"
						},
						"0.5833": {
							"post": [2.455, -0.125, -0.155],
							"lerp_mode": "catmullrom"
						},
						"0.6667": {
							"post": [3, -0.42, -1.325],
							"lerp_mode": "catmullrom"
						},
						"0.75": {
							"post": [3.38, -1.3, -0.72],
							"lerp_mode": "catmullrom"
						},
						"0.9167": {
							"post": [3.225, -2.125, -1.05],
							"lerp_mode": "catmullrom"
						},
						"1.3333": {
							"post": [3.06, -2.38, -1.12],
							"lerp_mode": "catmullrom"
						},
						"1.4583": {
							"post": [2.455, -2.455, -1.12],
							"lerp_mode": "catmullrom"
						},
						"1.5833": {
							"post": [1.83, -2.02, -1.27],
							"lerp_mode": "catmullrom"
						},
						"1.6667": {
							"post": [2.025, -2, -1.55],
							"lerp_mode": "catmullrom"
						},
						"1.7083": {
							"post": [1.76, -1.94, -0.93],
							"lerp_mode": "catmullrom"
						},
						"1.875": {
							"post": [1.91, -1.9, -1.13],
							"lerp_mode": "catmullrom"
						},
						"1.9167": {
							"post": [2.25, -1.91, -1.68],
							"lerp_mode": "catmullrom"
						},
						"1.9583": {
							"post": [2.49, -1.92, -0.665],
							"lerp_mode": "catmullrom"
						},
						"2.0417": {
							"post": [1.67, -1.95, -1.385],
							"lerp_mode": "catmullrom"
						},
						"2.125": {
							"post": [2.005, -1.99, -1.005],
							"lerp_mode": "catmullrom"
						},
						"2.2083": {
							"post": [1.77, -1.875, -1.12],
							"lerp_mode": "catmullrom"
						},
						"2.4167": {
							"post": [0.06, -1.74, -0.855],
							"lerp_mode": "catmullrom"
						},
						"2.5417": {
							"post": [-0.945, -1.94, -0.85],
							"lerp_mode": "catmullrom"
						},
						"2.625": {
							"post": [-1.16, -2.255, -1.05],
							"lerp_mode": "catmullrom"
						},
						"2.75": {
							"post": [-1.295, -2.275, -1.125],
							"lerp_mode": "catmullrom"
						},
						"2.7917": {
							"post": [-1.09, -2.26, -0.74],
							"lerp_mode": "catmullrom"
						},
						"2.8333": {
							"post": [-0.55, -2.2, -1.505],
							"lerp_mode": "catmullrom"
						},
						"3.0": {
							"post": [-0.795, -2.06, -0.57],
							"lerp_mode": "catmullrom"
						},
						"3.1667": {
							"post": [-0.72, -1.925, -0.85],
							"lerp_mode": "catmullrom"
						},
						"3.5": {
							"post": [-0.8, -2.07, -0.91],
							"lerp_mode": "catmullrom"
						},
						"3.5417": {
							"post": [-0.41, -2.1, 0.275],
							"lerp_mode": "catmullrom"
						},
						"3.5833": {
							"post": [-0.145, -2.12, -1.73],
							"lerp_mode": "catmullrom"
						},
						"3.6667": {
							"post": [-1.195, -2.19, -0.36],
							"lerp_mode": "catmullrom"
						},
						"3.9167": {
							"post": [-1.105, -0.825, -0.48],
							"lerp_mode": "catmullrom"
						},
						"4.0417": {
							"post": [-0.625, -0.25, -0.88],
							"lerp_mode": "catmullrom"
						},
						"4.1667": {
							"post": [-0.225, 0, 0.425],
							"lerp_mode": "catmullrom"
						},
						"4.25": {
							"post": [0.225, 0, -0.45],
							"lerp_mode": "catmullrom"
						},
						"4.3333": {
							"post": [-0.15, 0, 0.125],
							"lerp_mode": "catmullrom"
						},
						"4.5": {
							"post": [0, 0, 0],
							"lerp_mode": "catmullrom"
						}
					}
				},
				"bullet": {
					"scale": 0
				}
			},
			"sound_effects": {
				"0.0": {
					"effect": "nmw2:ftac_recon/ftac_recon_inspect_raise"
				},
				"0.2917": {
					"effect": "nmw2:ftac_recon/ftac_recon_inspect_grabmag"
				},
				"0.3333": {
					"effect": "nmw2:ftac_recon/ftac_recon_inspect_magoutmvt"
				},
				"0.4167": {
					"effect": "nmw2:ftac_recon/ftac_recon_inspect_magout"
				},
				"0.5": {
					"effect": "nmw2:ftac_recon/ftac_recon_inspect_finger"
				},
				"1.25": {
					"effect": "nmw2:ftac_recon/ftac_recon_inspect_maginmvt"
				},
				"1.4583": {
					"effect": "nmw2:ftac_recon/ftac_recon_inspect_magin"
				},
				"2.0417": {
					"effect": "nmw2:ftac_recon/ftac_recon_inspect_rotate"
				},
				"2.4583": {
					"effect": "nmw2:ftac_recon/ftac_recon_inspect_boltpullmvt"
				},
				"2.5417": {
					"effect": "nmw2:ftac_recon/ftac_recon_inspect_boltclick"
				},
				"2.75": {
					"effect": "nmw2:ftac_recon/ftac_recon_inspect_bolt"
				},
				"3.2917": {
					"effect": "nmw2:ftac_recon/ftac_recon_inspect_end"
				},
				"3.3333": {
					"effect": "nmw2:ftac_recon/ftac_recon_inspect_boltrelease"
				}
			}
		},
		"inspect_empty": {
			"animation_length": 7.6333,
			"bones": {
				"root": {
					"rotation": {
						"0.0": {
							"post": [0, 0, 0],
							"lerp_mode": "catmullrom"
						},
						"0.1667": [-16.53569, 0.4951, 51.7226],
						"0.4333": [-11.78, 1.7, 52.48],
						"0.6": [-11.58069, 0.4951, 45.6376],
						"0.8667": {
							"pre": [-18.28872, -16.96279, -37.28365],
							"post": [-18.28872, -16.96279, -37.28365],
							"lerp_mode": "catmullrom"
						},
						"1.0667": {
							"post": [-18.39433, -16.01573, -39.05054],
							"lerp_mode": "catmullrom"
						},
						"1.1333": {
							"post": [-16.81701, -15.92702, -41.90718],
							"lerp_mode": "catmullrom"
						},
						"1.2667": {
							"post": [-20.09008, -13.7487, -32.66423],
							"lerp_mode": "catmullrom"
						},
						"1.3667": {
							"post": [-20.02743, -14.81979, -33.16724],
							"lerp_mode": "catmullrom"
						},
						"1.6333": {
							"post": [-18.39433, -16.01573, -32.39554],
							"lerp_mode": "catmullrom"
						},
						"2.0": {
							"post": [-19.09776, -12.77244, -30.45144],
							"lerp_mode": "catmullrom"
						},
						"2.1667": {
							"post": [-18.88, -12.97, -18.84],
							"lerp_mode": "catmullrom"
						},
						"2.5333": {
							"post": [-23.02042, 3.84369, 42.93681],
							"lerp_mode": "catmullrom"
						},
						"2.7": {
							"post": [-23.02042, 3.84369, 52.71681],
							"lerp_mode": "catmullrom"
						},
						"2.8333": {
							"post": [-22.76178, 3.46161, 54.08539],
							"lerp_mode": "catmullrom"
						},
						"2.9333": {
							"post": [-23.2, 3.46, 54.09],
							"lerp_mode": "catmullrom"
						},
						"3.0": {
							"post": [-24.09211, 2.60404, 51.4193],
							"lerp_mode": "catmullrom"
						},
						"3.1": {
							"post": [-23.89178, 3.46161, 50.78039],
							"lerp_mode": "catmullrom"
						},
						"3.2": {
							"post": [-23.89178, 3.46161, 55.25039],
							"lerp_mode": "catmullrom"
						},
						"3.2667": {
							"post": [-23.2, 3.46, 55.255],
							"lerp_mode": "catmullrom"
						},
						"3.3333": {
							"post": [-24.09211, 2.60404, 56.8343],
							"lerp_mode": "catmullrom"
						},
						"3.4333": {
							"post": [-23.89178, 3.46161, 54.08539],
							"lerp_mode": "catmullrom"
						},
						"3.5333": {
							"post": [-23.48, 3.57, 50.585],
							"lerp_mode": "catmullrom"
						},
						"3.6333": {
							"post": [-23.2, 3.46, 51.89],
							"lerp_mode": "catmullrom"
						},
						"3.7": {
							"post": [-22.96211, 2.60404, 49.2193],
							"lerp_mode": "catmullrom"
						},
						"3.8": {
							"post": [-22.76178, 3.46161, 48.49039],
							"lerp_mode": "catmullrom"
						},
						"3.8667": {
							"post": [-22.63751, 2.70599, 50.25947],
							"lerp_mode": "catmullrom"
						},
						"4.0": {
							"post": [-21.63178, 2.16161, 44.52539],
							"lerp_mode": "catmullrom"
						},
						"4.1333": {
							"post": [-20.51804, -1.02858, 18.76601],
							"lerp_mode": "catmullrom"
						},
						"4.3": {
							"post": [-19.09776, -12.77244, -30.45144],
							"lerp_mode": "catmullrom"
						},
						"4.5333": {
							"post": [-18.88, -12.97, -32.07],
							"lerp_mode": "catmullrom"
						},
						"4.6667": {
							"post": [-15.07547, -12.81012, -26.92475],
							"lerp_mode": "catmullrom"
						},
						"4.7333": {
							"post": [-18.18, -11.24, -18.035],
							"lerp_mode": "catmullrom"
						},
						"4.7667": {
							"post": [-16.44617, -11.80824, -23.66502],
							"lerp_mode": "catmullrom"
						},
						"4.8333": {
							"post": [-16.08, -13.88, -18.09],
							"lerp_mode": "catmullrom"
						},
						"4.9333": {
							"post": [-14.6959, -14.11095, -19.98078],
							"lerp_mode": "catmullrom"
						},
						"5.0667": {
							"post": [-18.88, -10.71, -9.805],
							"lerp_mode": "catmullrom"
						},
						"5.3667": {
							"post": [-23.02042, 3.84369, 42.93681],
							"lerp_mode": "catmullrom"
						},
						"5.5": {
							"post": [-23.02042, 3.84369, 52.71681],
							"lerp_mode": "catmullrom"
						},
						"5.6333": {
							"post": [-22.07394, 4.26635, 54.41883],
							"lerp_mode": "catmullrom"
						},
						"5.7667": {
							"post": [-25.26, 4.31, 54.73],
							"lerp_mode": "catmullrom"
						},
						"5.8667": {
							"post": [-25.63053, 3.90764, 53.96662],
							"lerp_mode": "catmullrom"
						},
						"6.1": {
							"post": [-26, 4.12, 55.2],
							"lerp_mode": "catmullrom"
						},
						"6.2": {
							"post": [-24.1739, 3.80099, 54.76523],
							"lerp_mode": "catmullrom"
						},
						"6.3667": {
							"post": [-23.94, 4.17, 52.92],
							"lerp_mode": "catmullrom"
						},
						"6.5667": {
							"post": [-21.9539, 3.80099, 46.97023],
							"lerp_mode": "catmullrom"
						},
						"6.8333": {
							"post": [-5.23766, -3.13615, 7.81846],
							"lerp_mode": "catmullrom"
						},
						"6.9333": {
							"post": [1.99535, -0.85991, 0.99261],
							"lerp_mode": "catmullrom"
						},
						"7.0333": {
							"post": [1, -0.43, -2.52],
							"lerp_mode": "catmullrom"
						},
						"7.1": {
							"post": [0, 0, 2.525],
							"lerp_mode": "catmullrom"
						},
						"7.2": {
							"post": [0, 0, -0.7375],
							"lerp_mode": "catmullrom"
						},
						"7.3": {
							"post": [0, 0, -0.53125],
							"lerp_mode": "catmullrom"
						},
						"7.4": {
							"post": [0, 0, 0],
							"lerp_mode": "catmullrom"
						}
					},
					"position": {
						"0.0": {
							"post": [0, 0, 0],
							"lerp_mode": "catmullrom"
						},
						"0.2": {
							"post": [1.76, 0.18, -0.49],
							"lerp_mode": "catmullrom"
						},
						"0.4667": {
							"post": [1.84, 0.17, -0.41],
							"lerp_mode": "catmullrom"
						},
						"0.6333": {
							"post": [1.68, 0.18, -0.49],
							"lerp_mode": "catmullrom"
						},
						"0.8": {
							"post": [0.865, 0.92, -2.075],
							"lerp_mode": "catmullrom"
						},
						"0.9333": {
							"post": [1.345, 0.385, -1.42],
							"lerp_mode": "catmullrom"
						},
						"1.0667": {
							"post": [1.37, 0.12, -1.42],
							"lerp_mode": "catmullrom"
						},
						"1.1": {
							"post": [0.865, 0.08, -1.42],
							"lerp_mode": "catmullrom"
						},
						"1.2333": {
							"post": [1.07, 0.24, -1.42],
							"lerp_mode": "catmullrom"
						},
						"1.4333": {
							"post": [1.05, 0.36, -1.52],
							"lerp_mode": "catmullrom"
						},
						"1.8": {
							"post": [0.96, 0.12, -1.625],
							"lerp_mode": "catmullrom"
						},
						"2.0667": {
							"post": [0.9, -0.095, -1.535],
							"lerp_mode": "catmullrom"
						},
						"2.1667": {
							"post": [1.195, -0.295, -1.83],
							"lerp_mode": "catmullrom"
						},
						"2.4": {
							"post": [1.51, -0.605, -3.05],
							"lerp_mode": "catmullrom"
						},
						"2.5333": {
							"post": [1.935, 0.12, -4.14],
							"lerp_mode": "catmullrom"
						},
						"2.7": {
							"post": [1.935, 0.12, -4.14],
							"lerp_mode": "catmullrom"
						},
						"2.9": {
							"post": [1.775, 0.12, -3.805],
							"lerp_mode": "catmullrom"
						},
						"3.0": {
							"post": [1.95, 0.12, -4.01],
							"lerp_mode": "catmullrom"
						},
						"3.0667": {
							"post": [1.95, 0.12, -4.22],
							"lerp_mode": "catmullrom"
						},
						"3.1333": {
							"post": [1.95, 0.12, -4.435],
							"lerp_mode": "catmullrom"
						},
						"3.2333": {
							"post": [2.03, 0.12, -4.21],
							"lerp_mode": "catmullrom"
						},
						"3.3333": {
							"post": [2.035, 0.12, -4.415],
							"lerp_mode": "catmullrom"
						},
						"3.4": {
							"post": [1.95, 0.12, -4.625],
							"lerp_mode": "catmullrom"
						},
						"3.4667": {
							"post": [1.945, 0.12, -4.545],
							"lerp_mode": "catmullrom"
						},
						"3.5667": {
							"post": [2.035, 0.12, -4.335],
							"lerp_mode": "catmullrom"
						},
						"3.7": {
							"post": [2.04, 0.12, -4.52],
							"lerp_mode": "catmullrom"
						},
						"3.7667": {
							"post": [2.04, 0.12, -4.73],
							"lerp_mode": "catmullrom"
						},
						"3.8333": {
							"post": [2.04, 0.12, -4.85],
							"lerp_mode": "catmullrom"
						},
						"3.9": {
							"post": [2.04, 0.12, -4.685],
							"lerp_mode": "catmullrom"
						},
						"4.0": {
							"post": [1.72, 0.12, -4.145],
							"lerp_mode": "catmullrom"
						},
						"4.2": {
							"post": [1.205, -0.29, -3.375],
							"lerp_mode": "catmullrom"
						},
						"4.3667": {
							"post": [0.9, -0.095, -2.14],
							"lerp_mode": "catmullrom"
						},
						"4.5333": {
							"post": [0.89, 0.215, -2.13],
							"lerp_mode": "catmullrom"
						},
						"4.7333": {
							"post": [0.89, -0.215, -2.12],
							"lerp_mode": "catmullrom"
						},
						"4.7667": {
							"post": [0.89, 0.415, -2.12],
							"lerp_mode": "catmullrom"
						},
						"4.8333": {
							"post": [0.87, 0.22, -2.08],
							"lerp_mode": "catmullrom"
						},
						"5.0667": {
							"post": [1.195, -0.295, -2.59],
							"lerp_mode": "catmullrom"
						},
						"5.2333": {
							"post": [1.51, -0.605, -3.31],
							"lerp_mode": "catmullrom"
						},
						"5.3667": {
							"post": [1.935, 0.12, -4.14],
							"lerp_mode": "catmullrom"
						},
						"5.5333": {
							"post": [1.935, 0.12, -4.14],
							"lerp_mode": "catmullrom"
						},
						"5.6667": {
							"post": [1.94, 0.13, -4],
							"lerp_mode": "catmullrom"
						},
						"5.7667": {
							"post": [2.14, 0.2, -4.17],
							"lerp_mode": "catmullrom"
						},
						"5.9333": {
							"post": [2.15, 0.22, -4.255],
							"lerp_mode": "catmullrom"
						},
						"6.1": {
							"post": [2.12, 0.22, -4.11],
							"lerp_mode": "catmullrom"
						},
						"6.2": {
							"post": [2.1, 0.22, -3.88],
							"lerp_mode": "catmullrom"
						},
						"6.4": {
							"post": [2.025, 0.23, -3.93],
							"lerp_mode": "catmullrom"
						},
						"6.5667": {
							"post": [1.94, 0.12, -3.9],
							"lerp_mode": "catmullrom"
						},
						"6.7": {
							"post": [1.02, -0.84, -3.2],
							"lerp_mode": "catmullrom"
						},
						"6.8333": {
							"post": [0.09, -0.95, -2.08],
							"lerp_mode": "catmullrom"
						},
						"6.9667": {
							"post": [0, -0.475, -0.68],
							"lerp_mode": "catmullrom"
						},
						"7.1": {
							"post": [0, -0.10625, 0.15],
							"lerp_mode": "catmullrom"
						},
						"7.2": {
							"post": [0, 0, -0.11875],
							"lerp_mode": "catmullrom"
						},
						"7.3667": {
							"post": [0, 0, 0],
							"lerp_mode": "catmullrom"
						}
					}
				},
				"mag_and_lefthand": {
					"rotation": {
						"1.1333": {
							"pre": [0, 0, 0],
							"post": [0, 0, 0],
							"lerp_mode": "catmullrom"
						},
						"1.3": {
							"post": [-35.52853, -9.54292, 21.10959],
							"lerp_mode": "catmullrom"
						},
						"1.6667": [-44.27, -9.54, 18.195],
						"2.1": [-38.44353, -9.54292, 15.27959],
						"2.4": {
							"pre": [28.04451, -44.15741, -171.53862],
							"post": [28.04451, -44.15741, -171.53862],
							"lerp_mode": "catmullrom"
						},
						"2.6333": {
							"post": [42.47784, -52.80714, -189.88081],
							"lerp_mode": "catmullrom"
						},
						"2.9": [42.48, -52.81, -189.88],
						"4.0667": [42.48, -52.81, -189.88],
						"4.2333": {
							"pre": [7.67485, -42.4207, -61.60001],
							"post": [7.67485, -42.4207, -61.60001],
							"lerp_mode": "catmullrom"
						},
						"4.3667": {
							"post": [0, 0, 0],
							"lerp_mode": "catmullrom"
						}
					},
					"position": {
						"1.0333": {
							"pre": [0, 0, 0],
							"post": [0, 0, 0],
							"lerp_mode": "catmullrom"
						},
						"1.0667": {
							"post": [0.045, -1.98, 0.065],
							"lerp_mode": "catmullrom"
						},
						"1.1333": {
							"post": [0.375, -4, 0],
							"lerp_mode": "catmullrom"
						},
						"1.3": {
							"post": [5.315, -4.28, 1],
							"lerp_mode": "catmullrom"
						},
						"1.6333": {
							"post": [6.205, -4, 1],
							"lerp_mode": "catmullrom"
						},
						"2.1": {
							"post": [6.205, -4, 1],
							"lerp_mode": "catmullrom"
						},
						"2.5333": {
							"post": [3.21, -1, 3.51],
							"lerp_mode": "catmullrom"
						},
						"2.9": [2.71, -1, 4.26],
						"3.0": [2.21, -1, 9.21],
						"3.0667": [2.21, -1, 9.21],
						"3.1333": [2.71, -1, 4.26],
						"3.2333": [2.71, -1, 4.26],
						"3.3": [2.38, -1, 8.81],
						"3.3333": [2.21, -1, 9.21],
						"3.3667": [2.21, -1, 9.21],
						"3.4": [2.21, -1, 7.21],
						"3.4667": [2.71, -1, 4.26],
						"3.5667": [2.71, -1, 4.26],
						"3.6333": [2.21, -1, 9.21],
						"3.7": [2.21, -1, 9.21],
						"3.7667": [2.71, -1, 4.26],
						"3.9333": [2.71, -1, 4.26],
						"4.1333": [4.78, -2.49, 1.04],
						"4.2667": {
							"pre": [1.88, -5.84, -1.28],
							"post": [1.88, -5.84, -1.28],
							"lerp_mode": "catmullrom"
						},
						"4.4": [0, -4.75, 0],
						"4.5": [0, -3.23, 0],
						"4.7": [0, -3.23, 0],
						"4.7333": {
							"pre": [0, 0, 0],
							"post": [0, 0, 0],
							"lerp_mode": "catmullrom"
						}
					}
				},
				"lefthand": {
					"rotation": {
						"0.6": [96.9594, -29.1425, -146.85684],
						"0.9": [76.02666, -37.0965, -104.28267],
						"5.1": [76.03, -37.1, -104.28],
						"5.3667": [114.65947, 31.05541, -285.13747],
						"5.6667": [114.66, 31.06, -285.14],
						"5.7667": [117.16, 31.06, -285.14],
						"6.1": [117.16, 31.06, -285.14],
						"6.1667": [114.66, 31.06, -285.14],
						"6.5667": [114.66, 31.06, -285.14],
						"6.8": [96.9594, -29.1425, -146.85684]
					},
					"position": {
						"0.6": [8.4187, -11.62, -12.02],
						"0.7333": [10.42, -18.62, -9.02],
						"0.9": [6.42, -19.62, -8.02],
						"5.1": [6.42, -19.62, -8.02],
						"5.2333": [9.63, -14.37, -4.27],
						"5.3667": [9.335, -9.12, -0.51],
						"5.6667": [9.335, -9.12, -0.51],
						"5.7667": [9.09, -9.12, 4.49],
						"6.1": [9.09, -9.12, 4.49],
						"6.1667": [9.34, -9.12, -0.51],
						"6.5667": [9.34, -9.12, -0.51],
						"6.7": [10.6, -12.55, -7.09],
						"6.8": [8.4187, -11.62, -12.02]
					},
					"scale": [1, 1.5, 1]
				},
				"mag_release": {
					"position": {
						"1.0333": [0, 0, 0],
						"1.0667": [0.225, 0, 0],
						"1.1333": [0, 0, 0],
						"4.7333": [0, 0, 0],
						"4.7667": [0.225, 0, 0],
						"4.8333": [0, 0, 0]
					}
				},
				"constraint": {
					"rotation": [0.2, 0.2, 0.4],
					"position": [0.1, 0.1, 0.1]
				},
				"righthand": {
					"rotation": [96.07, 8.95, -179.05],
					"position": [-6.5, -14.3, -1.7],
					"scale": [1, 1.5, 1]
				},
				"m4_pull": {
					"position": {
						"2.9": [0, 0, 0],
						"3.0": [0, 0, 4.85],
						"3.0667": [0, 0, 4.85],
						"3.1333": [0, 0, 0],
						"3.2333": [0, 0, 0],
						"3.3": [0, 0, 4.85],
						"3.3667": [0, 0, 4.85],
						"3.4667": [0, 0, 0],
						"3.5667": [0, 0, 0],
						"3.6333": [0, 0, 4.85],
						"3.7": [0, 0, 4.85],
						"3.7667": [0, 0, 0],
						"5.6667": [0, 0, 0],
						"5.7667": [0, 0, 4.85],
						"6.1": [0, 0, 4.85],
						"6.1667": [0, 0, 0]
					}
				},
				"m4_bolt": {
					"position": {
						"2.9": [0, 0, 4.7],
						"3.0": [0, 0, 0],
						"6.1": [0, 0, 0],
						"6.1333": [0, 0, 3.04],
						"6.1667": [0, 0, 4.7]
					}
				},
				"bolt_release_nouse": {
					"rotation": {
						"2.9": [0, 0, 12.5],
						"2.9333": [0, 0, 0],
						"5.7333": [0, 0, 0],
						"5.7667": [0, 0, 12.5]
					}
				},
				"camera": {
					"rotation": {
						"0.0": {
							"post": [0, 0, 0],
							"lerp_mode": "catmullrom"
						},
						"0.2667": {
							"post": [1.695, -1.35, 0.19],
							"lerp_mode": "catmullrom"
						},
						"0.5": {
							"post": [2.48, -1.66, 0.42],
							"lerp_mode": "catmullrom"
						},
						"0.7": {
							"post": [2.41, -1.34, 0.62],
							"lerp_mode": "catmullrom"
						},
						"0.9333": {
							"post": [3.125, -0.25, 0.8],
							"lerp_mode": "catmullrom"
						},
						"1.0667": {
							"post": [3.13, -0.07, 0.78],
							"lerp_mode": "catmullrom"
						},
						"1.1333": {
							"post": [3.02, 0.015, -1.165],
							"lerp_mode": "catmullrom"
						},
						"1.2": {
							"post": [2.455, -0.125, -0.155],
							"lerp_mode": "catmullrom"
						},
						"1.2667": {
							"post": [3, -0.42, -1.325],
							"lerp_mode": "catmullrom"
						},
						"1.3667": {
							"post": [3.38, -1.3, -0.72],
							"lerp_mode": "catmullrom"
						},
						"1.5333": {
							"post": [3.225, -2.125, -1.05],
							"lerp_mode": "catmullrom"
						},
						"2.0333": {
							"post": [3.06, -2.38, -1.12],
							"lerp_mode": "catmullrom"
						},
						"2.3": {
							"post": [4.16, -2.38, -1.12],
							"lerp_mode": "catmullrom"
						},
						"2.6333": {
							"post": [-0.135, 0.82, 1.155],
							"lerp_mode": "catmullrom"
						},
						"2.9333": {
							"post": [-0.35, 1.06, 1.25],
							"lerp_mode": "catmullrom"
						},
						"2.9667": {
							"post": [-0.02, 1.07, 0.685],
							"lerp_mode": "catmullrom"
						},
						"3.0": {
							"post": [0.25, 1.05, 1.61],
							"lerp_mode": "catmullrom"
						},
						"3.0667": {
							"post": [-0.505, 1.05, 0.82],
							"lerp_mode": "catmullrom"
						},
						"3.1667": {
							"post": [0.08, 1.05, 1.63],
							"lerp_mode": "catmullrom"
						},
						"3.2667": {
							"post": [-0.105, 1.06, 1.075],
							"lerp_mode": "catmullrom"
						},
						"3.3333": {
							"post": [0.14, 1.07, 1.495],
							"lerp_mode": "catmullrom"
						},
						"3.3667": {
							"post": [0.38, 1.08, 1.09],
							"lerp_mode": "catmullrom"
						},
						"3.4": {
							"post": [0.5, 1.08, 2.04],
							"lerp_mode": "catmullrom"
						},
						"3.4667": {
							"post": [-0.245, 1.08, 0.9],
							"lerp_mode": "catmullrom"
						},
						"3.6333": {
							"post": [0.16, 1.08, 1.36],
							"lerp_mode": "catmullrom"
						},
						"3.6667": {
							"post": [0.12, 1.08, 0.805],
							"lerp_mode": "catmullrom"
						},
						"3.7": {
							"post": [0.08, 1.08, 1.905],
							"lerp_mode": "catmullrom"
						},
						"3.7667": {
							"post": [0.485, 1.08, 1.24],
							"lerp_mode": "catmullrom"
						},
						"3.8333": {
							"post": [-0.53, 1.08, 1.675],
							"lerp_mode": "catmullrom"
						},
						"3.9333": {
							"post": [-0.21, 1.06, 1.38],
							"lerp_mode": "catmullrom"
						},
						"4.0333": {
							"post": [-0.14, 0.82, 1.155],
							"lerp_mode": "catmullrom"
						},
						"4.3": {
							"post": [1.585, -1.305, -1.12],
							"lerp_mode": "catmullrom"
						},
						"4.4333": {
							"post": [1.83, -1.45, -1.27],
							"lerp_mode": "catmullrom"
						},
						"4.5": {
							"post": [2.025, -1.43, -1.55],
							"lerp_mode": "catmullrom"
						},
						"4.5667": {
							"post": [1.76, -1.37, -0.93],
							"lerp_mode": "catmullrom"
						},
						"4.7333": {
							"post": [1.91, -1.33, -1.13],
							"lerp_mode": "catmullrom"
						},
						"4.7667": {
							"post": [2.25, -1.34, -1.68],
							"lerp_mode": "catmullrom"
						},
						"4.8": {
							"post": [2.49, -1.35, -0.665],
							"lerp_mode": "catmullrom"
						},
						"4.8667": {
							"post": [1.67, -1.38, -1.385],
							"lerp_mode": "catmullrom"
						},
						"4.9667": {
							"post": [2.005, -1.42, -1.005],
							"lerp_mode": "catmullrom"
						},
						"5.0667": {
							"post": [1.77, -1.305, -1.12],
							"lerp_mode": "catmullrom"
						},
						"5.6": {
							"post": [0.42, -0.29, -0.55],
							"lerp_mode": "catmullrom"
						},
						"5.6667": {
							"post": [0.27, -0.105, -0.445],
							"lerp_mode": "catmullrom"
						},
						"5.7333": {
							"post": [0.665, -0.03, -1.385],
							"lerp_mode": "catmullrom"
						},
						"5.8": {
							"post": [0.215, -0.04, 0.35],
							"lerp_mode": "catmullrom"
						},
						"5.9": {
							"post": [0.44, -0.06, 0],
							"lerp_mode": "catmullrom"
						},
						"6.0333": {
							"post": [0.27, -0.105, -0.445],
							"lerp_mode": "catmullrom"
						},
						"6.1667": {
							"post": [-0.14, -0.14, -0.055],
							"lerp_mode": "catmullrom"
						},
						"6.3": {
							"post": [-0.43, -0.155, -0.345],
							"lerp_mode": "catmullrom"
						},
						"6.8333": {
							"post": [-0.43, -0.155, -0.345],
							"lerp_mode": "catmullrom"
						},
						"7.0": {
							"post": [0.26, -0.02, 0.025],
							"lerp_mode": "catmullrom"
						},
						"7.0667": {
							"post": [0.42, 0.02, -0.27],
							"lerp_mode": "catmullrom"
						},
						"7.1333": {
							"post": [-0.305, 0.02, 0.405],
							"lerp_mode": "catmullrom"
						},
						"7.2333": {
							"post": [0.19, 0.02, -0.145],
							"lerp_mode": "catmullrom"
						},
						"7.3333": {
							"post": [0, 0, 0],
							"lerp_mode": "catmullrom"
						}
					}
				},
				"bullet": {
					"scale": 0
				}
			},
			"sound_effects": {
				"0.0": {
					"effect": "nmw2:ftac_recon/ftac_recon_inspect_empty_rotate1"
				},
				"0.3667": {
					"effect": "nmw2:ftac_recon/ftac_recon_inspect_empty_rotate2"
				},
				"0.6333": {
					"effect": "nmw2:ftac_recon/ftac_recon_inspect_empty_magout"
				},
				"1.0667": {
					"effect": "nmw2:ftac_recon/ftac_recon_inspect_empty_finger"
				},
				"1.9667": {
					"effect": "nmw2:ftac_recon/ftac_recon_inspect_empty_rotate3"
				},
				"2.8": {
					"effect": "nmw2:ftac_recon/ftac_recon_inspect_empty_boltclear"
				},
				"3.9333": {
					"effect": "nmw2:ftac_recon/ftac_recon_inspect_empty_rotate4"
				},
				"4.2333": {
					"effect": "nmw2:ftac_recon/ftac_recon_inspect_empty_magin"
				},
				"5.1333": {
					"effect": "nmw2:ftac_recon/ftac_recon_inspect_empty_rotate5"
				},
				"5.6333": {
					"effect": "nmw2:ftac_recon/ftac_recon_inspect_bolt"
				},
				"5.9667": {
					"effect": "nmw2:ftac_recon/ftac_recon_inspect_empty_boltrelease"
				},
				"6.4333": {
					"effect": "nmw2:ftac_recon/ftac_recon_inspect_empty_end"
				}
			}
		}
	}
}