{
	"format_version": "1.8.0",
	"animations": {
		"static_idle": {
			"loop": true,
			"animation_length": 0.125,
			"bones": {
				"lefthand": {
					"rotation": [-259.00317, -40.99172, 225.31986],
					"position": {
						"0.0": {
							"post": [7.85, -11.52, -5.525],
							"lerp_mode": "catmullrom"
						}
					},
					"scale": [1, 1.5, 1]
				},
				"righthand": {
					"rotation": [99.93775, 6.77643, -177.70887],
					"position": [-6.8375, -14.0875, 7],
					"scale": [1, 1.5, 1]
				}
			}
		},
		"shoot": {
			"animation_length": 0.6333,
			"bones": {
				"root": {
					"rotation": {
						"0.0": [0, 0, 0],
						"0.0333": [-0.32, 0, 0.49],
						"0.0667": [-2.4, 0, -1.21],
						"0.1": [-2.11, 0, 0.33],
						"0.1333": [-1.05, -0.01, 0.08],
						"0.1667": [-0.02, 0, -0.29],
						"0.2": [0.15, 0.08, -0.17],
						"0.2333": [0.1, 0.19, 0.08],
						"0.2667": [0.04, 0.24, 0.23],
						"0.3": [0.03, 0.18, 0.18],
						"0.3333": [0, 0.07, 0.05],
						"0.3667": [-0.02, -0.04, -0.09],
						"0.4": [-0.04, -0.11, -0.17],
						"0.4333": [-0.04, -0.12, -0.17],
						"0.4667": [-0.03, -0.1, -0.14],
						"0.5": [-0.02, -0.06, -0.09],
						"0.5333": [-0.01, -0.02, -0.03],
						"0.5667": [0, 0, 0]
					},
					"position": {
						"0.0": [0, 0, 0],
						"0.0333": [0, -0.06, 1.48],
						"0.0667": [0, -0.06, 1.19],
						"0.1": [0, -0.03, 0.52],
						"0.1333": [0, 0, -0.09],
						"0.1667": [0, 0, -0.15],
						"0.2": [0, 0, -0.1],
						"0.2333": [0, 0, 0],
						"0.2667": [0, 0, 0.05],
						"0.3": [0, 0, 0.05],
						"0.3333": [0, 0, 0.04],
						"0.3667": [0, 0, 0.03],
						"0.4": [0, 0, 0.01],
						"0.4333": [0, 0, 0],
						"0.4667": [0, 0, 0],
						"0.5": [0, 0, 0],
						"0.5333": [0, 0, 0],
						"0.5667": [0, 0, 0],
						"0.6": [0, 0, 0],
						"0.6333": [0, 0, 0]
					}
				},
				"bolt": {
					"position": {
						"0.0": [0, 0, 0],
						"0.0333": [0, 0, 3],
						"0.0667": [0, 0, 0]
					}
				},
				"bullet_in_barrel": {
					"position": {
						"0.0333": [0, -0.6, 0],
						"0.0667": [0, 0, 0]
					}
				},
				"constraint": {
					"rotation": {
						"0.0": [0.2, 0.2, 0.2],
						"0.1": [0.1, 0.2, 0.4],
						"0.3": [0, 0, 0]
					},
					"position": {
						"0.1": [0.2, 0.02, 0.35],
						"0.3": [0, 0, 0]
					}
				},
				"camera": {
					"rotation": {
						"0.0": [0, 0, 0],
						"0.0333": [0, 0, 0.7],
						"0.0667": [0, 0, -0.32],
						"0.1": [0, 0, -0.06],
						"0.1333": [0, 0, 0.28],
						"0.1667": [0, 0, 0.06],
						"0.2": [0, 0, -0.2],
						"0.2333": [0, 0, -0.1],
						"0.2667": [0, 0, 0.05],
						"0.3": [0, 0, 0.04],
						"0.3333": [0, 0, 0]
					}
				}
			},
			"sound_effects": {
				"0.0": {
					"effect": "weap_mpapa5_fire_first_plr_01"
				}
			}
		},
		"reload_tactical": {
			"loop": "hold_on_last_frame",
			"animation_length": 2.6167,
			"bones": {
				"root": {
					"rotation": {
						"0.0": {
							"post": [0, 0, 0],
							"lerp_mode": "catmullrom"
						},
						"0.0833": {
							"post": [-3.559, -2.18385, -0.77802],
							"lerp_mode": "catmullrom"
						},
						"0.1667": {
							"post": [-11.605, -8.265, -7.395],
							"lerp_mode": "catmullrom"
						},
						"0.2333": {
							"post": [-17.195, -15.255, -16.135],
							"lerp_mode": "catmullrom"
						},
						"0.2833": {
							"post": [-19.42775, -20.18383, -21.97143],
							"lerp_mode": "catmullrom"
						},
						"0.3333": {
							"post": [-23.68864, -16.44095, -19.85395],
							"lerp_mode": "catmullrom"
						},
						"0.3667": {
							"post": [-25.75302, -15.25926, -19.03655],
							"lerp_mode": "catmullrom"
						},
						"0.4167": {
							"post": [-25.18634, -14.19078, -20.82715],
							"lerp_mode": "catmullrom"
						},
						"0.5": {
							"post": [-23.535, -13.385, -22.59],
							"lerp_mode": "catmullrom"
						},
						"0.5833": {
							"post": [-23.9809, -15.44338, -28.84097],
							"lerp_mode": "catmullrom"
						},
						"0.6667": {
							"post": [-25.51543, -19.84889, -34.90202],
							"lerp_mode": "catmullrom"
						},
						"0.8": {
							"post": [-26.21544, -20.82417, -37.11228],
							"lerp_mode": "catmullrom"
						},
						"0.8667": {
							"post": [-23.04793, -18.58138, -33.2419],
							"lerp_mode": "catmullrom"
						},
						"0.9167": {
							"post": [-23.50608, -16.32625, -27.28916],
							"lerp_mode": "catmullrom"
						},
						"1.0": {
							"post": [-24.71666, -17.48273, -29.79702],
							"lerp_mode": "catmullrom"
						},
						"1.1667": {
							"post": [-27.40342, -18.18742, -32.27334],
							"lerp_mode": "catmullrom"
						},
						"1.3167": {
							"post": [-25.879, -15.85124, -27.0655],
							"lerp_mode": "catmullrom"
						},
						"1.3833": {
							"post": [-25.36434, -17.31106, -29.6255],
							"lerp_mode": "catmullrom"
						},
						"1.45": {
							"post": [-26.59654, -14.54887, -24.32839],
							"lerp_mode": "catmullrom"
						},
						"1.5": {
							"post": [-21.17487, -10.53061, -19.0141],
							"lerp_mode": "catmullrom"
						},
						"1.5667": {
							"post": [-19.49678, -10.35412, -27.16646],
							"lerp_mode": "catmullrom"
						},
						"1.6167": {
							"post": [-20.6104, -7.04761, -22.2663],
							"lerp_mode": "catmullrom"
						},
						"1.7667": {
							"post": [-20.61068, -11.54117, -24.34141],
							"lerp_mode": "catmullrom"
						},
						"1.8667": {
							"post": [-12.76211, -10.82323, -18.24709],
							"lerp_mode": "catmullrom"
						},
						"2.0167": {
							"post": [-4.55118, -3.25103, 12.94433],
							"lerp_mode": "catmullrom"
						},
						"2.15": {
							"post": [2.55926, -1.68737, 2.91454],
							"lerp_mode": "catmullrom"
						},
						"2.25": {
							"post": [0.81153, -1.33195, -4.56128],
							"lerp_mode": "catmullrom"
						},
						"2.3167": {
							"post": [0.7112, -0.58102, 1.25986],
							"lerp_mode": "catmullrom"
						},
						"2.4167": {
							"post": [0.3889, 0.15987, 0.62995],
							"lerp_mode": "catmullrom"
						},
						"2.4833": {
							"post": [0.00175, -0.19999, -0.5],
							"lerp_mode": "catmullrom"
						},
						"2.6167": {
							"post": [0, 0, 0],
							"lerp_mode": "catmullrom"
						}
					},
					"position": {
						"0.0": {
							"post": [0, 0, 0],
							"lerp_mode": "catmullrom"
						},
						"0.0833": {
							"post": [-0.145, 0.47, -0.07],
							"lerp_mode": "catmullrom"
						},
						"0.1833": {
							"post": [-0.925, 1.01, 0.51],
							"lerp_mode": "catmullrom"
						},
						"0.2667": {
							"post": [-1.435, 0.565, 0.485],
							"lerp_mode": "catmullrom"
						},
						"0.3333": {
							"post": [-1.325, 0.08, 0.4],
							"lerp_mode": "catmullrom"
						},
						"0.4167": {
							"post": [-1.025, 0.13, 0.775],
							"lerp_mode": "catmullrom"
						},
						"0.5": {
							"post": [-0.95, 0.46, 1.1],
							"lerp_mode": "catmullrom"
						},
						"0.6667": {
							"post": [-0.95, 0.76, 1.1],
							"lerp_mode": "catmullrom"
						},
						"0.8": {
							"post": [-0.95, 0.86, 1.1],
							"lerp_mode": "catmullrom"
						},
						"0.8667": {
							"post": [-0.7, 0.485, 0.75],
							"lerp_mode": "catmullrom"
						},
						"0.9167": {
							"post": [-1.175, 0.935, 0.75],
							"lerp_mode": "catmullrom"
						},
						"1.0667": {
							"post": [-1.15, 0.48, 1.1],
							"lerp_mode": "catmullrom"
						},
						"1.1667": {
							"post": [-0.975, 0.07, 1.1],
							"lerp_mode": "catmullrom"
						},
						"1.3167": {
							"post": [-1.17, -0.205, 1.1],
							"lerp_mode": "catmullrom"
						},
						"1.45": {
							"post": [-1.17, -0.375, 1.1],
							"lerp_mode": "catmullrom"
						},
						"1.5": {
							"post": [-1.17, -1.08, 0.55],
							"lerp_mode": "catmullrom"
						},
						"1.55": {
							"post": [-1.17, -0.92, 0.55],
							"lerp_mode": "catmullrom"
						},
						"1.6167": {
							"post": [-1.17, -0.57, 1.4],
							"lerp_mode": "catmullrom"
						},
						"1.7667": {
							"post": [-1.17, -0.27, 1.1],
							"lerp_mode": "catmullrom"
						},
						"2.0167": {
							"post": [-0.56, -2.54, -0.39],
							"lerp_mode": "catmullrom"
						},
						"2.2167": {
							"post": [0, -0.625, -2.025],
							"lerp_mode": "catmullrom"
						},
						"2.35": {
							"post": [0, -0.15, 0.2],
							"lerp_mode": "catmullrom"
						},
						"2.45": {
							"post": [0, -0.025, -0.19375],
							"lerp_mode": "catmullrom"
						},
						"2.5167": {
							"post": [0, 0, -0.125],
							"lerp_mode": "catmullrom"
						},
						"2.6167": {
							"post": [0, 0, 0],
							"lerp_mode": "catmullrom"
						}
					}
				},
				"mag_and_lefthand": {
					"rotation": {
						"0.05": [0, 0, 0],
						"0.2": [-31.25, 0, -17.25],
						"0.4": [-31.25, 0, -17.25],
						"0.6167": [-17.55361, 0.37367, -1.58799],
						"0.7": [0, 0, 0],
						"0.8333": [2.5, 0, 0],
						"0.9167": [-9.75858, 0.20696, -4.7455],
						"1.0": [-4.17442, 0.27088, 2.60244],
						"1.1333": [0, 0, 3.75],
						"1.3": [0, 0, 0],
						"1.4167": [2.25, 0, 1.25],
						"1.55": [0, 0, 0]
					},
					"position": {
						"0.05": [0, 0, 0],
						"0.2": [3.35, -13.425, 8.25],
						"0.4": [3.35, -13.425, 8.25],
						"0.7": [1.35, 1.23, 0.3],
						"0.7833": [1.35, 1.055, 0.3],
						"0.8333": [1.35, 0.91, 0.3],
						"0.9167": [1.35, -3.54, 0.3],
						"1.0": [0.905, -4.735, -0.01],
						"1.1333": [-0.35, -2.525, -0.25],
						"1.2167": [-0.17, -1.62, -0.12],
						"1.3": [0, -1.525, 0],
						"1.4167": [0, -1.67, 0],
						"1.5167": [0, -0.18, 0],
						"1.5667": [0, -0.2, 0],
						"1.6667": [0, 0, 0]
					}
				},
				"mag_and_bullet": {
					"position": {
						"0.6167": [0.5, 0, 0],
						"0.9167": [0.5, 0, 0],
						"1.0": [0, 0, 0]
					},
					"scale": {
						"0.3333": {
							"pre": [0, 0, 0],
							"post": [1, 1, 1]
						}
					}
				},
				"lefthand": {
					"rotation": {
						"0.05": [-259.00317, -40.99172, 225.31986],
						"0.1833": [-255.15982, -41.78943, 251.39025],
						"1.05": [-255.15982, -41.78943, 251.39025],
						"1.7833": [-255.15982, -41.78943, 251.39025],
						"1.9333": [-257.77834, -57.94706, 224.25247],
						"2.0": [-257.77834, -57.94706, 224.25247],
						"2.1667": [-259.00317, -40.99172, 225.31986]
					},
					"position": {
						"0.05": {
							"pre": [7.85, -11.52, -5.525],
							"post": [7.85, -11.52, -5.525],
							"lerp_mode": "catmullrom"
						},
						"0.25": {
							"post": [9.44909, -16.45809, -2.44998],
							"lerp_mode": "catmullrom"
						},
						"0.3": {
							"post": [6.8, -15.445, 1.725],
							"lerp_mode": "catmullrom"
						},
						"0.95": {
							"post": [6.8, -15.445, 1.725],
							"lerp_mode": "catmullrom"
						},
						"1.05": {
							"post": [6.8, -17.445, -0.275],
							"lerp_mode": "catmullrom"
						},
						"1.7833": {
							"post": [6.8, -17.445, -0.275],
							"lerp_mode": "catmullrom"
						},
						"1.9333": {
							"post": [10.25, -21.44, 6.845],
							"lerp_mode": "catmullrom"
						},
						"2.0": {
							"post": [10.25, -21.44, 6.845],
							"lerp_mode": "catmullrom"
						},
						"2.1667": {
							"post": [7.85, -11.52, -5.525],
							"lerp_mode": "catmullrom"
						}
					},
					"scale": [1, 1.5, 1]
				},
				"righthand": {
					"rotation": [99.93775, 6.77643, -177.70887],
					"position": [-6.8375, -14.0875, 7],
					"scale": [1, 1.5, 1]
				},
				"additional_magazine": {
					"rotation": {
						"0.8167": [0, 0, 0],
						"0.8667": [-2.75, 0, 0],
						"0.9167": [-10.74349, -0.2837, -3.73341],
						"1.0": [-4.00126, 0.13495, 2.25199],
						"1.0667": [-2.01232, 0.26464, 1.98448],
						"1.1333": [-0.50522, 0.27796, 3.48444],
						"1.2167": [-0.51116, 0.26688, 2.23447],
						"1.2833": [-0.52017, 0.24887, 0.23454],
						"1.3667": [-0.52017, 0.24887, 0.23454],
						"1.4333": [-0.52017, 0.24887, 0.23454],
						"1.4667": [0.97983, 0.24887, 0.23454],
						"1.75": [0.98, 0.25, 0.23],
						"1.7833": [0.98, 0.25, 0.23],
						"1.85": [-8.53246, 0.71278, -30.26767]
					},
					"position": {
						"0.8167": [0, 0, 0],
						"0.8667": [0.075, -2.18423, -0.33182],
						"0.9167": [0.04981, -4.66486, -0.27496],
						"1.0": [-0.44757, -5.82245, -0.4518],
						"1.0667": [-1.06712, -4.68125, -0.54403],
						"1.1333": [-1.72912, -3.55561, -0.60076],
						"1.2167": [-1.60261, -2.69021, -0.51763],
						"1.2833": [-1.40209, -2.69268, -0.32087],
						"1.3667": [-1.40209, -2.69268, -0.32087],
						"1.4333": [-1.40209, -2.69268, -0.32087],
						"1.4667": [-1.39731, -2.09114, -0.26586],
						"1.5167": [-1.39722, -1.3164, -0.35824],
						"1.75": [-1.4, -1.32, -0.36],
						"1.7833": [-1.4, -1.32, -0.36],
						"1.85": [-0.85362, -4.38345, 2.82194],
						"1.9": [0.92041, -6.8468, 5.8445]
					},
					"scale": {
						"1.9": {
							"pre": [1, 1, 1],
							"post": [0, 0, 0]
						}
					}
				},
				"camera": {
					"rotation": {
						"0.0": {
							"post": [0, 0, 0],
							"lerp_mode": "catmullrom"
						},
						"0.15": {
							"post": [-0.4, 0.475, 0.275],
							"lerp_mode": "catmullrom"
						},
						"0.3": {
							"post": [-0.4, 0.475, -0.345],
							"lerp_mode": "catmullrom"
						},
						"0.4333": {
							"post": [0, 0, 0.085],
							"lerp_mode": "catmullrom"
						},
						"0.6333": {
							"post": [0.25, -0.225, 0.215],
							"lerp_mode": "catmullrom"
						},
						"0.8": {
							"post": [-0.65, -0.225, 0.215],
							"lerp_mode": "catmullrom"
						},
						"0.8833": {
							"post": [-0.075, 0, 0.27],
							"lerp_mode": "catmullrom"
						},
						"0.95": {
							"post": [-0.2, 0.325, -0.48],
							"lerp_mode": "catmullrom"
						},
						"1.0333": {
							"post": [0.25, -0.525, -0.205],
							"lerp_mode": "catmullrom"
						},
						"1.1667": {
							"post": [0.475, 0, 0.075],
							"lerp_mode": "catmullrom"
						},
						"1.3333": {
							"post": [0.475, 0.4, 0.08],
							"lerp_mode": "catmullrom"
						},
						"1.45": {
							"post": [0.25, 0, 0.08],
							"lerp_mode": "catmullrom"
						},
						"1.5": {
							"post": [0.8, -0.775, -0.395],
							"lerp_mode": "catmullrom"
						},
						"1.5833": {
							"post": [0.375, 0.475, -0.09],
							"lerp_mode": "catmullrom"
						},
						"1.65": {
							"post": [0.525, -0.3, -0.315],
							"lerp_mode": "catmullrom"
						},
						"1.7833": {
							"post": [0.25, 0, -0.21],
							"lerp_mode": "catmullrom"
						},
						"1.9333": {
							"post": [-0.375, 0.225, 0.515],
							"lerp_mode": "catmullrom"
						},
						"2.0833": {
							"post": [-0.075, 0, -0.13],
							"lerp_mode": "catmullrom"
						},
						"2.2333": {
							"post": [0.25, -0.175, -0.255],
							"lerp_mode": "catmullrom"
						},
						"2.3": {
							"post": [0.13, -0.25, -0.175],
							"lerp_mode": "catmullrom"
						},
						"2.3667": {
							"post": [0, -0.15, 0.475],
							"lerp_mode": "catmullrom"
						},
						"2.4833": {
							"post": [0, 0.1, -0.225],
							"lerp_mode": "catmullrom"
						},
						"2.5833": {
							"post": [0, 0, 0],
							"lerp_mode": "catmullrom"
						}
					}
				}
			},
			"sound_effects": {
				"0.0": {
					"effect": "nmw2:vaznev9k/vaznev9k_reload_raise"
				},
				"0.3833": {
					"effect": "nmw2:vaznev9k/vaznev9k_reload_arm"
				},
				"0.6167": {
					"effect": "nmw2:vaznev9k/vaznev9k_reload_magout"
				},
				"0.9667": {
					"effect": "nmw2:vaznev9k/vaznev9k_reload_maghit"
				},
				"1.2333": {
					"effect": "nmw2:vaznev9k/vaznev9k_reload_rattle"
				},
				"1.4667": {
					"effect": "nmw2:vaznev9k/vaznev9k_reload_magin"
				},
				"1.4833": {
					"effect": "nmw2:vaznev9k/vaznev9k_reload_magslide"
				},
				"1.8667": {
					"effect": "nmw2:vaznev9k/vaznev9k_reload_end"
				}
			}
		},
		"reload_empty": {
			"loop": "hold_on_last_frame",
			"animation_length": 3.5333,
			"bones": {
				"root": {
					"rotation": {
						"0.0": {
							"post": [0, 0, 0],
							"lerp_mode": "catmullrom"
						},
						"0.0833": {
							"post": [-3.559, -2.18385, -0.77802],
							"lerp_mode": "catmullrom"
						},
						"0.1667": {
							"post": [-11.605, -8.265, -7.395],
							"lerp_mode": "catmullrom"
						},
						"0.2333": {
							"post": [-17.195, -15.255, -16.135],
							"lerp_mode": "catmullrom"
						},
						"0.2833": {
							"post": [-19.42775, -20.18383, -21.97143],
							"lerp_mode": "catmullrom"
						},
						"0.3333": {
							"post": [-23.68864, -16.44095, -19.85395],
							"lerp_mode": "catmullrom"
						},
						"0.3667": {
							"post": [-25.75302, -15.25926, -19.03655],
							"lerp_mode": "catmullrom"
						},
						"0.4167": {
							"post": [-25.18634, -14.19078, -20.82715],
							"lerp_mode": "catmullrom"
						},
						"0.5": {
							"post": [-23.535, -13.385, -22.59],
							"lerp_mode": "catmullrom"
						},
						"0.5833": {
							"post": [-23.9809, -15.44338, -28.84097],
							"lerp_mode": "catmullrom"
						},
						"0.6667": {
							"post": [-25.51543, -19.84889, -34.90202],
							"lerp_mode": "catmullrom"
						},
						"0.8": {
							"post": [-26.21544, -20.82417, -37.11228],
							"lerp_mode": "catmullrom"
						},
						"0.8667": {
							"post": [-23.04793, -18.58138, -33.2419],
							"lerp_mode": "catmullrom"
						},
						"0.9167": {
							"post": [-23.50608, -16.32625, -27.28916],
							"lerp_mode": "catmullrom"
						},
						"1.0": {
							"post": [-24.71666, -17.48273, -29.79702],
							"lerp_mode": "catmullrom"
						},
						"1.1667": {
							"post": [-27.40342, -18.18742, -32.27334],
							"lerp_mode": "catmullrom"
						},
						"1.3167": {
							"post": [-25.879, -15.85124, -27.0655],
							"lerp_mode": "catmullrom"
						},
						"1.3833": {
							"post": [-25.36434, -17.31106, -29.6255],
							"lerp_mode": "catmullrom"
						},
						"1.45": {
							"post": [-26.59654, -14.54887, -24.32839],
							"lerp_mode": "catmullrom"
						},
						"1.5": {
							"post": [-21.17487, -10.53061, -19.0141],
							"lerp_mode": "catmullrom"
						},
						"1.5667": {
							"post": [-19.49678, -10.35412, -27.16646],
							"lerp_mode": "catmullrom"
						},
						"1.6167": {
							"post": [-20.6104, -7.04761, -22.2663],
							"lerp_mode": "catmullrom"
						},
						"1.7667": {
							"post": [-20.61068, -11.54117, -24.34141],
							"lerp_mode": "catmullrom"
						},
						"1.9": {
							"post": [-19.18295, -9.28438, -18.41498],
							"lerp_mode": "catmullrom"
						},
						"2.15": {
							"post": [-11.54926, 5.57737, 38.79161],
							"lerp_mode": "catmullrom"
						},
						"2.25": {
							"post": [-14.4611, 9.06236, 42.19705],
							"lerp_mode": "catmullrom"
						},
						"2.35": {
							"post": [-14.55461, 9.02946, 43.13828],
							"lerp_mode": "catmullrom"
						},
						"2.4833": {
							"post": [-15.00868, 7.07761, 38.54696],
							"lerp_mode": "catmullrom"
						},
						"2.55": {
							"post": [-15.35438, 5.985, 35.45583],
							"lerp_mode": "catmullrom"
						},
						"2.6": {
							"post": [-14.35338, -1.44582, 36.71956],
							"lerp_mode": "catmullrom"
						},
						"2.65": {
							"post": [-13.93087, -1.64791, 31.86811],
							"lerp_mode": "catmullrom"
						},
						"2.7": {
							"post": [-13.93575, -1.26463, 30.55886],
							"lerp_mode": "catmullrom"
						},
						"2.7167": {
							"post": [-12.5276, -2.05006, 23.98127],
							"lerp_mode": "catmullrom"
						},
						"2.7833": {
							"post": [-8.06017, -0.48691, 21.50553],
							"lerp_mode": "catmullrom"
						},
						"2.8833": {
							"post": [-2.2443, -1.54507, 16.20395],
							"lerp_mode": "catmullrom"
						},
						"2.9667": {
							"post": [2.55926, -1.68737, 2.91454],
							"lerp_mode": "catmullrom"
						},
						"3.0667": {
							"post": [0.81153, -1.33195, -4.56128],
							"lerp_mode": "catmullrom"
						},
						"3.1333": {
							"post": [0.7112, -0.58102, 1.25986],
							"lerp_mode": "catmullrom"
						},
						"3.2333": {
							"post": [0.3889, 0.15987, 0.62995],
							"lerp_mode": "catmullrom"
						},
						"3.3": {
							"post": [0.00175, -0.19999, -0.5],
							"lerp_mode": "catmullrom"
						},
						"3.4333": {
							"post": [0, 0, 0],
							"lerp_mode": "catmullrom"
						}
					},
					"position": {
						"0.0": {
							"post": [0, 0, 0],
							"lerp_mode": "catmullrom"
						},
						"0.0833": {
							"post": [-0.145, 0.47, -0.07],
							"lerp_mode": "catmullrom"
						},
						"0.1833": {
							"post": [-0.925, 1.01, 0.51],
							"lerp_mode": "catmullrom"
						},
						"0.2667": {
							"post": [-1.435, 0.565, 0.485],
							"lerp_mode": "catmullrom"
						},
						"0.3333": {
							"post": [-1.325, 0.08, 0.4],
							"lerp_mode": "catmullrom"
						},
						"0.4167": {
							"post": [-1.025, 0.13, 0.775],
							"lerp_mode": "catmullrom"
						},
						"0.5": {
							"post": [-0.95, 0.46, 1.1],
							"lerp_mode": "catmullrom"
						},
						"0.6667": {
							"post": [-0.95, 0.76, 1.1],
							"lerp_mode": "catmullrom"
						},
						"0.8": {
							"post": [-0.95, 0.86, 1.1],
							"lerp_mode": "catmullrom"
						},
						"0.8667": {
							"post": [-0.7, 0.485, 0.75],
							"lerp_mode": "catmullrom"
						},
						"0.9167": {
							"post": [-1.175, 0.935, 0.75],
							"lerp_mode": "catmullrom"
						},
						"1.0667": {
							"post": [-1.15, 0.48, 1.1],
							"lerp_mode": "catmullrom"
						},
						"1.1667": {
							"post": [-0.975, 0.07, 1.1],
							"lerp_mode": "catmullrom"
						},
						"1.3167": {
							"post": [-1.17, -0.205, 1.1],
							"lerp_mode": "catmullrom"
						},
						"1.45": {
							"post": [-1.17, -0.375, 1.1],
							"lerp_mode": "catmullrom"
						},
						"1.5": {
							"post": [-1.17, -1.08, 0.55],
							"lerp_mode": "catmullrom"
						},
						"1.55": {
							"post": [-1.17, -0.92, 0.55],
							"lerp_mode": "catmullrom"
						},
						"1.6167": {
							"post": [-1.17, -0.57, 1.4],
							"lerp_mode": "catmullrom"
						},
						"1.7667": {
							"post": [-1.17, -0.97, 1.1],
							"lerp_mode": "catmullrom"
						},
						"1.85": {
							"post": [-1.07, -1.37, 0.97],
							"lerp_mode": "catmullrom"
						},
						"1.95": {
							"post": [-0.68, -2.495, 0.68],
							"lerp_mode": "catmullrom"
						},
						"2.0667": {
							"post": [0.62, -0.75, -0.27],
							"lerp_mode": "catmullrom"
						},
						"2.15": {
							"post": [1.455, -0.095, -0.75],
							"lerp_mode": "catmullrom"
						},
						"2.25": {
							"post": [1.61, -0.665, 0.25],
							"lerp_mode": "catmullrom"
						},
						"2.35": {
							"post": [1.62, -0.845, 0.32],
							"lerp_mode": "catmullrom"
						},
						"2.4833": {
							"post": [1.61, -0.51, 0.25],
							"lerp_mode": "catmullrom"
						},
						"2.55": {
							"post": [1.61, -0.76, 0.25],
							"lerp_mode": "catmullrom"
						},
						"2.6": {
							"post": [0.585, -0.535, 1.325],
							"lerp_mode": "catmullrom"
						},
						"2.65": {
							"post": [1.51, -0.43, 0.93],
							"lerp_mode": "catmullrom"
						},
						"2.6667": {
							"post": [1.51, -0.52, 2.045],
							"lerp_mode": "catmullrom"
						},
						"2.7167": {
							"post": [1.285, -1.005, 0.93],
							"lerp_mode": "catmullrom"
						},
						"2.8667": {
							"post": [0.35, -1.855, -1.88],
							"lerp_mode": "catmullrom"
						},
						"3.0333": {
							"post": [0, -0.625, -2.025],
							"lerp_mode": "catmullrom"
						},
						"3.1667": {
							"post": [0, -0.15, 0.2],
							"lerp_mode": "catmullrom"
						},
						"3.2667": {
							"post": [0, -0.025, -0.19375],
							"lerp_mode": "catmullrom"
						},
						"3.3333": {
							"post": [0, 0, -0.125],
							"lerp_mode": "catmullrom"
						},
						"3.4333": {
							"post": [0, 0, 0],
							"lerp_mode": "catmullrom"
						}
					}
				},
				"mag_and_lefthand": {
					"rotation": {
						"0.05": [0, 0, 0],
						"0.2": [-31.25, 0, -17.25],
						"0.4": [-31.25, 0, -17.25],
						"0.6167": [-17.55361, 0.37367, -1.58799],
						"0.7": [0, 0, 0],
						"0.8333": [2.5, 0, 0],
						"0.9167": [-5.35157, -1.9716, -19.45651],
						"1.0167": [-8.3657, -1.13588, -11.10054],
						"1.1167": [0, 0, 3.75],
						"1.2833": [0, 0, 0],
						"1.4": [2.25, 0, 1.25],
						"1.5333": [0, 0, 0]
					},
					"position": {
						"0.05": [0, 0, 0],
						"0.2": [3.35, -13.425, 8.25],
						"0.4": [3.35, -13.425, 8.25],
						"0.7": [1.35, 1.23, 0.3],
						"0.7833": [1.35, 1.055, 0.3],
						"0.8333": [1.35, 0.91, 0.3],
						"0.9167": [2.3, -5.79, 0.3],
						"1.1167": [-0.35, -2.525, -0.25],
						"1.2": [-0.17, -1.62, -0.12],
						"1.2833": [0, -1.525, 0],
						"1.4": [0, -1.67, 0],
						"1.5": [0, -0.18, 0],
						"1.55": [0, -0.2, 0],
						"1.65": [0, 0, 0]
					}
				},
				"mag_and_bullet": {
					"position": {
						"0.6167": [0.5, 0, 0],
						"0.9167": [0.5, 0, 0],
						"1.0167": [0, 0, 0]
					},
					"scale": {
						"0.3333": {
							"pre": [0, 0, 0],
							"post": [1, 1, 1]
						}
					}
				},
				"lefthand": {
					"rotation": {
						"0.05": [-259.00317, -40.99172, 225.31986],
						"0.1833": [-255.15982, -41.78943, 251.39025],
						"1.05": [-255.15982, -41.78943, 251.39025],
						"1.7833": [-255.15982, -41.78943, 251.39025],
						"1.85": [-255.15982, -41.78943, 251.39025],
						"2.0333": [-281.07927, -52.07229, 228.16682],
						"2.7": [-281.07927, -52.07229, 228.16682],
						"2.9833": [-259.00317, -40.99172, 225.31986]
					},
					"position": {
						"0.05": {
							"pre": [7.85, -11.52, -5.525],
							"post": [7.85, -11.52, -5.525],
							"lerp_mode": "catmullrom"
						},
						"0.25": {
							"post": [9.44909, -16.45809, -2.44998],
							"lerp_mode": "catmullrom"
						},
						"0.3": {
							"post": [6.8, -15.445, 1.725],
							"lerp_mode": "catmullrom"
						},
						"0.95": {
							"post": [6.8, -15.445, 1.725],
							"lerp_mode": "catmullrom"
						},
						"1.05": {
							"post": [6.8, -17.445, -0.275],
							"lerp_mode": "catmullrom"
						},
						"1.7833": {
							"post": [6.8, -17.445, -0.275],
							"lerp_mode": "catmullrom"
						},
						"1.85": {
							"post": [9.8, -18.44, -0.28],
							"lerp_mode": "catmullrom"
						},
						"2.0333": {
							"post": [7.85, -11.52, -5.525],
							"lerp_mode": "catmullrom"
						},
						"2.7": {
							"post": [7.85, -11.52, -5.525],
							"lerp_mode": "catmullrom"
						},
						"2.9833": {
							"post": [7.85, -11.52, -5.525],
							"lerp_mode": "catmullrom"
						}
					},
					"scale": [1, 1.5, 1]
				},
				"righthand": {
					"rotation": {
						"0.0": [99.93775, 6.77643, -177.70887],
						"2.2167": [99.94, 6.78, -177.71],
						"2.3167": [123.21695, 2.79459, -134.45814],
						"2.4333": [97.82317, -19.49406, -97.61903],
						"2.5": [100.62658, -20.5063, -87.56519],
						"2.55": [71.37658, -20.5063, -87.56519],
						"2.6": [81.62658, -20.5063, -87.56519],
						"2.6333": [100.00218, -34.02507, -46.95332],
						"2.7833": [106.53297, -23.00942, -82.59555],
						"2.9333": [99.94, 6.78, -177.71]
					},
					"position": {
						"0.0": [-6.8375, -14.0875, 7],
						"2.2167": [-6.84, -14.09, 7],
						"2.3167": [-8.615, -12.14, 3],
						"2.4333": [-8.785, -11.54, 0.75],
						"2.5": [-9.03, -11.54, 1.25],
						"2.55": [-9.03, -11.54, 4.725],
						"2.6": [-9.03, -11.54, 4.945],
						"2.6333": [-9.03, -11.54, 8.975],
						"2.7": [-9.03, -12.24, 11.505],
						"2.8": [-8.09, -14.905, 10.87],
						"2.9333": [-6.84, -14.09, 7]
					},
					"scale": [1, 1.5, 1]
				},
				"additional_magazine": {
					"rotation": {
						"0.8167": [0, 0, 0],
						"0.9": [-2.75, 0, 0],
						"0.9667": [-1.06734, -0.07798, 12.16494],
						"1.0833": [13.76471, 0.50861, 0.44213]
					},
					"position": {
						"0.8167": [0, 0, 0],
						"0.9": [0.075, -2.18423, -0.33182],
						"0.9667": [-0.41, -8, -0.31],
						"1.0833": [-5.2, -20.08, 3.03]
					},
					"scale": {
						"1.0833": [1, 1, 1],
						"1.1": [0, 0, 0]
					}
				},
				"camera": {
					"rotation": {
						"0.0": {
							"post": [0, 0, 0],
							"lerp_mode": "catmullrom"
						},
						"0.15": {
							"post": [-0.4, 0.475, 0.275],
							"lerp_mode": "catmullrom"
						},
						"0.3": {
							"post": [-0.4, 0.475, -0.345],
							"lerp_mode": "catmullrom"
						},
						"0.4333": {
							"post": [0, 0, 0.085],
							"lerp_mode": "catmullrom"
						},
						"0.6333": {
							"post": [0.25, -0.225, 0.215],
							"lerp_mode": "catmullrom"
						},
						"0.8": {
							"post": [-0.65, -0.225, 0.215],
							"lerp_mode": "catmullrom"
						},
						"0.8833": {
							"post": [-0.075, 0, 0.27],
							"lerp_mode": "catmullrom"
						},
						"0.95": {
							"post": [-0.2, 0.325, -0.48],
							"lerp_mode": "catmullrom"
						},
						"1.0333": {
							"post": [0.25, -0.525, -0.205],
							"lerp_mode": "catmullrom"
						},
						"1.1667": {
							"post": [0.475, 0, 0.075],
							"lerp_mode": "catmullrom"
						},
						"1.3333": {
							"post": [0.475, 0.4, 0.08],
							"lerp_mode": "catmullrom"
						},
						"1.45": {
							"post": [0.25, 0, 0.08],
							"lerp_mode": "catmullrom"
						},
						"1.5": {
							"post": [0.8, -0.775, -0.395],
							"lerp_mode": "catmullrom"
						},
						"1.5833": {
							"post": [0.375, 0.475, -0.09],
							"lerp_mode": "catmullrom"
						},
						"1.65": {
							"post": [0.525, -0.3, -0.315],
							"lerp_mode": "catmullrom"
						},
						"1.7833": {
							"post": [0.25, 0, -0.21],
							"lerp_mode": "catmullrom"
						},
						"1.9333": {
							"post": [-0.375, 0.225, 0.515],
							"lerp_mode": "catmullrom"
						},
						"2.0667": {
							"post": [-0.645, 1.03, 0.77],
							"lerp_mode": "catmullrom"
						},
						"2.3": {
							"post": [-1.09, 1.23, 0.77],
							"lerp_mode": "catmullrom"
						},
						"2.4": {
							"post": [-1.085, 1.505, 0.345],
							"lerp_mode": "catmullrom"
						},
						"2.5167": {
							"post": [-0.76, 1.23, -0.025],
							"lerp_mode": "catmullrom"
						},
						"2.5833": {
							"post": [0.09, 0.58, -0.87],
							"lerp_mode": "catmullrom"
						},
						"2.6333": {
							"post": [-0.11, 1.08, 0.63],
							"lerp_mode": "catmullrom"
						},
						"2.6833": {
							"post": [-1.135, 1.53, -0.32],
							"lerp_mode": "catmullrom"
						},
						"2.7333": {
							"post": [-0.76, 1.23, 0.155],
							"lerp_mode": "catmullrom"
						},
						"2.8167": {
							"post": [-0.66, 0.93, 0.035],
							"lerp_mode": "catmullrom"
						},
						"2.9667": {
							"post": [-0.735, 0.355, -0.16],
							"lerp_mode": "catmullrom"
						},
						"3.1167": {
							"post": [-0.335, -0.02, -0.06],
							"lerp_mode": "catmullrom"
						},
						"3.2167": {
							"post": [0.065, -0.17, 0.265],
							"lerp_mode": "catmullrom"
						},
						"3.3333": {
							"post": [-0.035, 0.08, -0.255],
							"lerp_mode": "catmullrom"
						},
						"3.4667": {
							"post": [0, 0, 0],
							"lerp_mode": "catmullrom"
						}
					}
				},
				"bolt": {
					"position": {
						"2.5": [0, 0, 0],
						"2.55": [0, 0, 3.25],
						"2.6": [0, 0, 3.6],
						"2.6333": [0, 0, 4.275],
						"2.6833": [0, 0, 0],
						"2.7333": [0, 0, -0.275],
						"2.7833": [0, 0, 0],
						"2.85": [0, 0, 0.1],
						"2.9": [0, 0, 0]
					}
				}
			},
			"sound_effects": {
				"0.0": {
					"effect": "nmw2:vaznev9k/vaznev9k_reload_empty_raise"
				},
				"0.5": {
					"effect": "nmw2:vaznev9k/vaznev9k_reload_empty_arm"
				},
				"0.7": {
					"effect": "nmw2:vaznev9k/vaznev9k_reload_empty_magout"
				},
				"0.95": {
					"effect": "nmw2:vaznev9k/vaznev9k_reload_empty_maghit"
				},
				"1.1167": {
					"effect": "wz:mag_drop/smg_mag_drop"
				},
				"1.1667": {
					"effect": "nmw2:vaznev9k/vaznev9k_reload_empty_rattle"
				},
				"1.45": {
					"effect": "nmw2:vaznev9k/vaznev9k_reload_empty_magin"
				},
				"1.9333": {
					"effect": "nmw2:vaznev9k/vaznev9k_reload_empty_rotate"
				},
				"2.3667": {
					"effect": "nmw2:vaznev9k/vaznev9k_reload_empty_charge"
				},
				"2.6667": {
					"effect": "nmw2:vaznev9k/vaznev9k_reload_empty_end"
				}
			}
		},
		"inspect": {
			"loop": "hold_on_last_frame",
			"animation_length": 7.5333,
			"bones": {
				"lefthand": {
					"rotation": {
						"0.0": [-259.00317, -40.99172, 225.31986],
						"0.3667": [-140.87558, -61.55699, 83.02989],
						"1.9333": [-140.87558, -61.55699, 83.02989],
						"2.2": [-259.00317, -40.99172, 225.31986]
					},
					"position": {
						"0.0": {
							"post": [7.85, -11.52, -5.525],
							"lerp_mode": "catmullrom"
						},
						"0.3667": {
							"post": [12.275, -23.445, 10.455],
							"lerp_mode": "catmullrom"
						},
						"1.9333": {
							"post": [12.275, -23.445, 10.455],
							"lerp_mode": "catmullrom"
						},
						"2.2": {
							"post": [7.85, -11.52, -5.525],
							"lerp_mode": "catmullrom"
						}
					},
					"scale": {
						"0.0": [1, 1.5, 1],
						"2.2": [1, 1.5, 1]
					}
				},
				"righthand": {
					"rotation": {
						"0.0": [99.93775, 6.77643, -177.70887],
						"2.3333": [99.94, 6.78, -177.71],
						"2.4667": [100.31844, 16.87113, -175.87063],
						"2.5333": [100.31844, 16.87113, -175.87063],
						"2.7": {
							"pre": [103.8135, 7.10473, -179.25184],
							"post": [103.8135, 7.10473, -179.25184],
							"lerp_mode": "catmullrom"
						},
						"2.8667": {
							"post": [107.50842, 1.62194, -189.51284],
							"lerp_mode": "catmullrom"
						},
						"3.3333": {
							"post": [107.48584, 1.20729, -190.69241],
							"lerp_mode": "catmullrom"
						},
						"3.6667": {
							"post": [107.48745, 0.73311, -190.84028],
							"lerp_mode": "catmullrom"
						},
						"3.8": {
							"post": [83.70309, 0.32278, -194.56793],
							"lerp_mode": "catmullrom"
						},
						"3.9": {
							"post": [79.71484, 0.24392, -209.88837],
							"lerp_mode": "catmullrom"
						},
						"3.9667": {
							"post": [83.29767, 1.96242, -201.54431],
							"lerp_mode": "catmullrom"
						},
						"4.0667": {
							"post": [88.80886, 10.481, -210.20256],
							"lerp_mode": "catmullrom"
						},
						"4.1667": {
							"post": [93.30905, 20.89558, -216.20303],
							"lerp_mode": "catmullrom"
						},
						"4.2667": {
							"post": [106.13189, 28.70831, -236.8706],
							"lerp_mode": "catmullrom"
						},
						"4.3667": {
							"post": [97.97751, 32.94016, -249.39786],
							"lerp_mode": "catmullrom"
						},
						"4.4333": {
							"post": [93.18614, 35.29864, -247.68927],
							"lerp_mode": "catmullrom"
						},
						"4.5667": {
							"post": [94.84967, 35.74308, -247.40781],
							"lerp_mode": "catmullrom"
						},
						"4.7": {
							"post": [94.21659, 33.96153, -248.51548],
							"lerp_mode": "catmullrom"
						},
						"4.7667": {
							"post": [94.88152, 37.73457, -246.10098],
							"lerp_mode": "catmullrom"
						},
						"5.0": {
							"post": [93.88152, 37.73457, -246.10098],
							"lerp_mode": "catmullrom"
						},
						"5.0667": {
							"post": [94.56714, 37.28486, -244.975],
							"lerp_mode": "catmullrom"
						},
						"5.1333": {
							"post": [102.47608, 30.15665, -230.80597],
							"lerp_mode": "catmullrom"
						},
						"5.2333": {
							"post": [106.0446, 25.0612, -223.12247],
							"lerp_mode": "catmullrom"
						},
						"5.3": {
							"post": [106.22594, 24.74902, -222.69185],
							"lerp_mode": "catmullrom"
						},
						"5.3333": {
							"post": [107.9992, 31.43627, -216.28779],
							"lerp_mode": "catmullrom"
						},
						"5.4333": {
							"post": [124.15631, 32.24317, -217.41159],
							"lerp_mode": "catmullrom"
						},
						"5.6": {
							"post": [121.63129, 12.19208, -173.44314],
							"lerp_mode": "catmullrom"
						},
						"5.7333": {
							"post": [118.4227, -16.32263, -162.55594],
							"lerp_mode": "catmullrom"
						},
						"5.8667": {
							"post": [105.90416, -15.6511, -162.72791],
							"lerp_mode": "catmullrom"
						},
						"6.0": {
							"post": [105.34065, -10.01675, -166.4955],
							"lerp_mode": "catmullrom"
						},
						"6.1": {
							"post": [108.65707, -6.22884, -165.19703],
							"lerp_mode": "catmullrom"
						},
						"6.3333": {
							"post": [108.85, -3.85, -167.55],
							"lerp_mode": "catmullrom"
						},
						"6.3667": {
							"post": [108.53225, -0.64034, -171.69513],
							"lerp_mode": "catmullrom"
						},
						"6.4": {
							"post": [107.01192, -0.43492, -171.96042],
							"lerp_mode": "catmullrom"
						},
						"6.5333": [108.53225, -0.64034, -171.69513],
						"6.7333": [108.53225, -0.64034, -171.69513],
						"6.9": [109.53116, -1.45228, -149.77848],
						"7.0": [99.93775, 6.77643, -177.70887]
					},
					"position": {
						"0.0": [-6.8375, -14.0875, 7],
						"2.3333": [-6.84, -14.09, 7],
						"2.4667": [-6.84, -15.94, 1.275],
						"2.6333": {
							"pre": [-6.3909, -24.12023, -0.16167],
							"post": [-6.3909, -24.12023, -0.16167],
							"lerp_mode": "catmullrom"
						},
						"2.7": {
							"post": [-7.59499, -21.43433, 1.32582],
							"lerp_mode": "catmullrom"
						},
						"2.8667": {
							"post": [-10.16876, -17.33874, 3.95845],
							"lerp_mode": "catmullrom"
						},
						"3.3333": {
							"post": [-10.24818, -17.31654, 3.83922],
							"lerp_mode": "catmullrom"
						},
						"3.6667": {
							"post": [-10.25, -17.32, 3.865],
							"lerp_mode": "catmullrom"
						},
						"3.8": {
							"post": [-11.62774, -17.36955, 2.90611],
							"lerp_mode": "catmullrom"
						},
						"3.9": {
							"post": [-9.96926, -18.44725, 4.63551],
							"lerp_mode": "catmullrom"
						},
						"3.9667": {
							"post": [-9.93119, -19.02884, 5.13669],
							"lerp_mode": "catmullrom"
						},
						"4.0333": {
							"post": [-9.3818, -18.54323, 5.10744],
							"lerp_mode": "catmullrom"
						},
						"4.1667": {
							"post": [-9.12926, -15.72725, 3.79551],
							"lerp_mode": "catmullrom"
						},
						"4.2667": {
							"post": [-10.0095, -13.21483, 2.54701],
							"lerp_mode": "catmullrom"
						},
						"4.3667": {
							"post": [-9.64171, -11.18906, 1.20438],
							"lerp_mode": "catmullrom"
						},
						"4.4667": {
							"post": [-9.54294, -10.83372, 0.65777],
							"lerp_mode": "catmullrom"
						},
						"4.5667": {
							"post": [-9.54, -10.83, 0.96],
							"lerp_mode": "catmullrom"
						},
						"4.7": {
							"post": [-9.54, -10.83, 2.235],
							"lerp_mode": "catmullrom"
						},
						"4.7333": {
							"post": [-9.54, -10.83, 2.11],
							"lerp_mode": "catmullrom"
						},
						"4.8": {
							"post": [-9.54, -10.83, 2.315],
							"lerp_mode": "catmullrom"
						},
						"5.0": {
							"post": [-9.54, -10.83, 2.17],
							"lerp_mode": "catmullrom"
						},
						"5.0667": {
							"post": [-9.54, -10.83, 2.27],
							"lerp_mode": "catmullrom"
						},
						"5.1333": {
							"post": [-9.54, -10.83, 5.145],
							"lerp_mode": "catmullrom"
						},
						"5.2333": {
							"post": [-9.54, -10.83, 5.3],
							"lerp_mode": "catmullrom"
						},
						"5.3": {
							"post": [-9.54, -10.83, 1.325],
							"lerp_mode": "catmullrom"
						},
						"5.3333": {
							"post": [-9.54, -11.08, 1.38],
							"lerp_mode": "catmullrom"
						},
						"5.4333": {
							"post": [-9.54, -13.13, 4.155],
							"lerp_mode": "catmullrom"
						},
						"5.5333": {
							"post": [-8.79, -18.405, 3.18],
							"lerp_mode": "catmullrom"
						},
						"5.7333": {
							"post": [-9.54, -19.53, 0.16],
							"lerp_mode": "catmullrom"
						},
						"5.8667": {
							"post": [-7.74, -20.555, -0.315],
							"lerp_mode": "catmullrom"
						},
						"6.0": {
							"post": [-7.26, -19.13, 0.02],
							"lerp_mode": "catmullrom"
						},
						"6.1": {
							"post": [-7.26, -19.13, -0.405],
							"lerp_mode": "catmullrom"
						},
						"6.3333": {
							"post": [-6.84, -18.46, -0.32],
							"lerp_mode": "catmullrom"
						},
						"6.3667": {
							"post": [-6.135, -17.355, -0.105],
							"lerp_mode": "catmullrom"
						},
						"6.4": {
							"post": [-6.09, -17.205, -0.09],
							"lerp_mode": "catmullrom"
						},
						"6.5333": [-6.135, -17.355, -0.105],
						"6.7333": [-6.135, -17.355, -0.105],
						"6.9": [-6.135, -18.03, 4.745],
						"7.0": [-6.8375, -14.0875, 7]
					}
				},
				"root": {
					"rotation": {
						"0.0": {
							"post": [0, 0, 0],
							"lerp_mode": "catmullrom"
						},
						"0.1333": {
							"post": [-3.02806, -4.18849, 12.25354],
							"lerp_mode": "catmullrom"
						},
						"0.3333": {
							"post": [-15.11204, -23.83083, -23.8359],
							"lerp_mode": "catmullrom"
						},
						"0.4333": {
							"post": [-20.25334, -32.12322, -31.05797],
							"lerp_mode": "catmullrom"
						},
						"0.6333": {
							"post": [-20.7791, -35.28476, -36.0276],
							"lerp_mode": "catmullrom"
						},
						"0.9": {
							"post": [-20.77133, -35.61302, -37.0003],
							"lerp_mode": "catmullrom"
						},
						"1.8333": {
							"post": [-16.79273, -36.45062, -41.26842],
							"lerp_mode": "catmullrom"
						},
						"2.0667": {
							"post": [-28.2146, -29.08468, -20.37329],
							"lerp_mode": "catmullrom"
						},
						"2.3333": {
							"post": [-32.48359, 16.45699, 39.54517],
							"lerp_mode": "catmullrom"
						},
						"2.5": {
							"post": [-31.55, 20.13, 51.18],
							"lerp_mode": "catmullrom"
						},
						"2.5333": {
							"post": [-28.9086, 16.62489, 47.56709],
							"lerp_mode": "catmullrom"
						},
						"2.6": {
							"post": [-34.17915, 17.89625, 40.05754],
							"lerp_mode": "catmullrom"
						},
						"2.7": {
							"post": [-36.60156, 19.68631, 44.185],
							"lerp_mode": "catmullrom"
						},
						"2.9333": {
							"post": [-42.21751, 18.70422, 44.95811],
							"lerp_mode": "catmullrom"
						},
						"3.5333": {
							"post": [-41.22812, 21.22473, 45.9244],
							"lerp_mode": "catmullrom"
						},
						"3.8": {
							"post": [-43.32015, 24.25198, 40.30396],
							"lerp_mode": "catmullrom"
						},
						"3.9667": {
							"post": [-44.80062, 19.654, 36.95092],
							"lerp_mode": "catmullrom"
						},
						"4.2": {
							"post": [-46.09117, 18.21389, 34.57454],
							"lerp_mode": "catmullrom"
						},
						"4.3667": {
							"post": [-45.98077, 20.24228, 36.60165],
							"lerp_mode": "catmullrom"
						},
						"4.5": {
							"post": [-45.71779, 20.25276, 37.35525],
							"lerp_mode": "catmullrom"
						},
						"4.6": {
							"post": [-45.89022, 19.59494, 36.90191],
							"lerp_mode": "catmullrom"
						},
						"4.6667": {
							"post": [-45.9795, 19.25117, 36.64085],
							"lerp_mode": "catmullrom"
						},
						"4.7333": {
							"post": [-44.82183, 22.20846, 39.81068],
							"lerp_mode": "catmullrom"
						},
						"4.8667": {
							"post": [-44.73257, 21.66756, 38.6475],
							"lerp_mode": "catmullrom"
						},
						"5.1333": {
							"post": [-44.6704, 20.97264, 39.40227],
							"lerp_mode": "catmullrom"
						},
						"5.2": {
							"post": [-43.06891, 13.71904, 35.34605],
							"lerp_mode": "catmullrom"
						},
						"5.2667": {
							"post": [-40.89827, 15.37916, 37.96292],
							"lerp_mode": "catmullrom"
						},
						"5.3333": {
							"post": [-39.0192, 9.57924, 32.90188],
							"lerp_mode": "catmullrom"
						},
						"5.4": {
							"post": [-37.35365, 11.33356, 35.78243],
							"lerp_mode": "catmullrom"
						},
						"5.5": {
							"post": [-37.75869, 11.95903, 33.68167],
							"lerp_mode": "catmullrom"
						},
						"5.6667": {
							"post": [-38.95511, 15.69362, 38.71028],
							"lerp_mode": "catmullrom"
						},
						"5.8667": {
							"post": [-36.18304, 17.18405, 39.65791],
							"lerp_mode": "catmullrom"
						},
						"6.1333": {
							"post": [-40.0953, 15.99822, 35.07245],
							"lerp_mode": "catmullrom"
						},
						"6.3": {
							"post": [-40.54551, 15.87632, 34.50814],
							"lerp_mode": "catmullrom"
						},
						"6.3667": {
							"post": [-41.7883, 8.74677, 27.97245],
							"lerp_mode": "catmullrom"
						},
						"6.4333": {
							"post": [-37.80809, 5.26226, 24.93818],
							"lerp_mode": "catmullrom"
						},
						"6.4667": {
							"post": [-37.89497, 8.2946, 28.78831],
							"lerp_mode": "catmullrom"
						},
						"6.5333": {
							"post": [-37.5997, 4.17935, 26.68681],
							"lerp_mode": "catmullrom"
						},
						"6.6667": {
							"post": [-33.44977, 6.78609, 32.88092],
							"lerp_mode": "catmullrom"
						},
						"6.8333": {
							"post": [-27.47359, 0.5764, 26.15189],
							"lerp_mode": "catmullrom"
						},
						"7.0333": {
							"post": [1.20838, -2.39511, 1.4529],
							"lerp_mode": "catmullrom"
						},
						"7.1667": {
							"post": [0.5, 0.5, 4.425],
							"lerp_mode": "catmullrom"
						},
						"7.3": {
							"post": [0, 0, -0.625],
							"lerp_mode": "catmullrom"
						},
						"7.4667": {
							"post": [0, 0, 0],
							"lerp_mode": "catmullrom"
						}
					},
					"position": {
						"0.0": {
							"post": [0, 0, 0],
							"lerp_mode": "catmullrom"
						},
						"0.1333": {
							"post": [0.18, -0.055, 0],
							"lerp_mode": "catmullrom"
						},
						"0.4333": {
							"post": [0.77, 2.365, 0],
							"lerp_mode": "catmullrom"
						},
						"0.6667": {
							"post": [1.01, 2.48, 0.145],
							"lerp_mode": "catmullrom"
						},
						"0.9333": {
							"post": [1.01, 2.455, 0.14],
							"lerp_mode": "catmullrom"
						},
						"1.8333": {
							"post": [1.015, 2.515, 0.12],
							"lerp_mode": "catmullrom"
						},
						"2.0667": {
							"post": [1.01, 1.545, -0.33],
							"lerp_mode": "catmullrom"
						},
						"2.2667": {
							"post": [2.01, -0.475, -0.33],
							"lerp_mode": "catmullrom"
						},
						"2.4333": {
							"post": [2.28, -1.03, 0.01],
							"lerp_mode": "catmullrom"
						},
						"2.5333": {
							"post": [2.53, -1.64, 0.1],
							"lerp_mode": "catmullrom"
						},
						"2.6667": {
							"post": [3.21, -0.79, 0.12],
							"lerp_mode": "catmullrom"
						},
						"2.8": {
							"post": [3.86, -0.365, 0.12],
							"lerp_mode": "catmullrom"
						},
						"3.1333": {
							"post": [3.86, -0.335, 0.12],
							"lerp_mode": "catmullrom"
						},
						"3.5667": {
							"post": [3.86, -0.405, 0.12],
							"lerp_mode": "catmullrom"
						},
						"3.8": {
							"post": [3.71, -0.05, 0.12],
							"lerp_mode": "catmullrom"
						},
						"3.9667": {
							"post": [3.7, -0.74, 0.32],
							"lerp_mode": "catmullrom"
						},
						"4.2": {
							"post": [3.71, -0.61, 0.69],
							"lerp_mode": "catmullrom"
						},
						"4.3667": {
							"post": [3.71, 0.155, 1.145],
							"lerp_mode": "catmullrom"
						},
						"4.5": {
							"post": [3.71, 0.11, 1.15],
							"lerp_mode": "catmullrom"
						},
						"4.6667": {
							"post": [3.66709, -0.13492, 1.2648],
							"lerp_mode": "catmullrom"
						},
						"4.7333": {
							"post": [3.71, -0.065, 1.15],
							"lerp_mode": "catmullrom"
						},
						"4.8667": {
							"post": [3.66, -0.085, 1.15],
							"lerp_mode": "catmullrom"
						},
						"5.1333": {
							"post": [3.66, -0.13, 1.15],
							"lerp_mode": "catmullrom"
						},
						"5.2": {
							"post": [3.66, -0.08, 1.075],
							"lerp_mode": "catmullrom"
						},
						"5.2667": {
							"post": [3.66, -0.18, -0.52],
							"lerp_mode": "catmullrom"
						},
						"5.3333": {
							"post": [3.64, -0.22, -0.005],
							"lerp_mode": "catmullrom"
						},
						"5.4": {
							"post": [3.635, -0.28, 0.78],
							"lerp_mode": "catmullrom"
						},
						"5.5": {
							"post": [3.64, -0.73, 0.78],
							"lerp_mode": "catmullrom"
						},
						"5.6667": {
							"post": [3.64, -0.225, 0.86],
							"lerp_mode": "catmullrom"
						},
						"5.8667": {
							"post": [3.68519, 0.05217, 1.03738],
							"lerp_mode": "catmullrom"
						},
						"6.1333": {
							"post": [3.765, 0.295, 0.835],
							"lerp_mode": "catmullrom"
						},
						"6.3": {
							"post": [3.82, 0.295, 0.835],
							"lerp_mode": "catmullrom"
						},
						"6.3667": {
							"post": [4.095, -0.285, 0.835],
							"lerp_mode": "catmullrom"
						},
						"6.4333": {
							"post": [4.12, -0.795, 0.835],
							"lerp_mode": "catmullrom"
						},
						"6.5333": {
							"post": [4.1176, -0.69521, 0.87475],
							"lerp_mode": "catmullrom"
						},
						"6.6": {
							"post": [4.1, -0.63, 0.835],
							"lerp_mode": "catmullrom"
						},
						"6.7667": {
							"post": [3.2, -0.825, -0.015],
							"lerp_mode": "catmullrom"
						},
						"7.0": {
							"post": [0, -0.84, -2.3],
							"lerp_mode": "catmullrom"
						},
						"7.1667": {
							"post": [0, -0.15, -0.1875],
							"lerp_mode": "catmullrom"
						},
						"7.3333": {
							"post": [0, 0, 0],
							"lerp_mode": "catmullrom"
						}
					}
				},
				"additional_magazine": {
					"scale": 0
				},
				"mag_and_bullet": {
					"rotation": {
						"2.4667": [0, 0, 0],
						"2.5333": [-0.08838, -2.24826, 2.25173],
						"2.6333": [-0.03934, 3.75034, 0.99666],
						"2.6667": [-0.15402, 3.74739, -0.75709],
						"2.7667": [-7.03895, 8.643, -10.13851],
						"2.8667": [-7.58584, 10.91533, -13.74634],
						"3.0": [-8.32497, 12.83789, -16.33693],
						"3.5333": [-9.82497, 12.83789, -16.33693],
						"3.6": [-9.94997, 12.83789, -16.33693],
						"3.6667": [-8.57497, 12.83789, -16.33693],
						"3.7667": [13.28549, 8.24188, -28.02776],
						"3.8": [20.44466, 10.29489, -31.81497],
						"3.8333": [26.76, 8.75, -36.18],
						"3.8667": [29.3075, 7.72179, -39.08503],
						"3.9": [28.75779, 5.29895, -42.01387],
						"3.9667": [26.01, -2.45, -27.26],
						"4.0333": [22.01, -8.95, -32.76],
						"4.0667": [19.76, -10.45, -37.01],
						"4.1333": [21.01, -18.45, -41.26],
						"4.1667": [19.76, -21.45, -44.07],
						"4.2": [16.51, -24.45, -50.38],
						"4.2667": [7.51, -30.45, -62.51],
						"4.3": [1.12, -32.51, -68.72],
						"4.3667": [15.26, -35.2, -76.26],
						"4.4333": [22.01, -37.2, -75.51],
						"4.5333": [21.26, -37.2, -75.51],
						"4.6": [19.76, -37.2, -75.51],
						"4.6667": [18.51, -37.2, -75.51],
						"4.7": [19.21, -37.2, -75.51],
						"4.7333": [19.26, -37.2, -75.51],
						"4.8": [21.76, -39.95, -75.51],
						"4.8667": [21.76, -39.95, -75.51],
						"5.0": [21.26, -39.95, -74.51],
						"5.0333": [21.22, -39.95, -74.34],
						"5.0667": [18.01, -39.95, -71.01],
						"5.1333": [9.26, -36.2, -55.76],
						"5.2": [2.01, -30.2, -47.01],
						"5.2333": [3.6, -30.2, -47.01],
						"5.2667": [6.26, -30.2, -47.01],
						"5.3": [5.81469, -28.38595, -47.51724],
						"5.3667": [3.76315, -38.15409, -43.79204],
						"5.4333": [-9.09771, -34.9467, -44.44521],
						"5.5": [-10.43334, -32.16024, -27.0842],
						"5.5333": [-10.70231, -26.92743, -17.61694],
						"5.5667": [-11.66394, -22.40675, -4.43043],
						"5.6333": [-10.66, -7.16, 7.07],
						"5.7": [-7.41, 4.34, 12.07],
						"5.7667": [-4.91, 12.34, 15.07],
						"5.8667": [2.09, 14.84, 10.32],
						"5.9333": [3.09, 10.34, 9.57],
						"6.0": [2.34, 10.34, 6.32],
						"6.1333": [-1.16, 10.34, 6.32],
						"6.2667": [-0.66, 8.09, 5.57],
						"6.3333": [-0.66, 2.09, 5.57],
						"6.3667": [0, 0, 0],
						"6.4": [2, 0, 0],
						"6.5": [0, 0, 0]
					},
					"position": {
						"2.4667": [0, 0, 0],
						"2.5333": [0.2001, -3.32602, -1.02856],
						"2.6333": [0.23648, -8.41416, -1.24287],
						"2.6667": [0.01304, -7.62579, -0.79778],
						"2.7667": [-1.71963, -3.60927, 0.94993],
						"2.8667": [-3.57122, -1.20855, 2.63942],
						"3.0": [-3.74418, -0.8815, 2.76206],
						"3.1": [-3.74464, -0.90315, 2.68026],
						"3.3333": [-3.64199, -1.17055, 2.41117],
						"3.5333": [-3.55099, -1.1378, 2.56259],
						"3.6": [-3.57707, -1.14521, 2.54802],
						"3.6667": [-3.63154, -1.14308, 2.43786],
						"3.7667": [-5.72961, -0.27008, 1.41911],
						"3.8": [-6.38875, -0.14708, 1.31286],
						"3.8333": [-6.16783, -0.4438, 1.91556],
						"3.8667": [-5.86986, -0.73472, 2.73158],
						"3.9": [-5.42569, -1.10235, 3.48504],
						"3.9667": [-5.12255, -1.53535, 4.13575],
						"4.0": [-4.86453, -1.57281, 4.26122],
						"4.0333": [-4.815, -1.21197, 4.18159],
						"4.0667": [-4.85027, -0.80901, 4.03623],
						"4.1333": [-4.8457, 0.66882, 3.52344],
						"4.2": [-5.14262, 1.81687, 3.02893],
						"4.2667": [-5.53125, 2.47049, 2.41366],
						"4.3667": [-6.19885, 3.45525, 1.44521],
						"4.4333": [-6.23824, 3.73376, 1.26422],
						"4.5333": [-6.21137, 3.64101, 1.19868],
						"4.6": [-6.18243, 3.6607, 1.78475],
						"4.6667": [-6.2112, 3.75954, 3.11055],
						"4.7": [-6.12881, 3.65894, 3.57599],
						"4.7333": [-6.18342, 3.74991, 3.73435],
						"4.8667": [-6.18, 3.75, 3.73],
						"5.0": [-6.20794, 3.74073, 3.74958],
						"5.0333": [-6.24738, 3.70542, 3.6123],
						"5.0667": [-6.26694, 3.73332, 3.70178],
						"5.1333": [-5.95864, 4.27027, 5.82859],
						"5.2": [-5.91052, 4.47781, 6.10725],
						"5.2333": [-5.77271, 4.56302, 6.13678],
						"5.2667": [-5.71457, 4.4818, 4.33809],
						"5.3": [-5.7678, 4.4889, 2.23314],
						"5.3667": [-5.86733, 4.31709, 2.59315],
						"5.4333": [-5.6056, 2.57709, 4.60787],
						"5.5": [-4.5446, -0.3671, 4.2568],
						"5.5333": [-3.87539, -1.60458, 3.66775],
						"5.5667": [-3.57414, -1.86072, 3.29825],
						"5.6333": [-3.1765, -2.1618, 2.30632],
						"5.7": [-2.72696, -2.62469, 1.39738],
						"5.7667": [-2.22155, -2.95689, 0.4645],
						"5.8667": [-0.70135, -3.36866, -0.35773],
						"5.9333": [-0.60346, -2.5437, -0.22767],
						"6.0667": [-0.48026, -1.77482, -0.22448],
						"6.1333": [-0.52377, -1.75851, -0.35103],
						"6.2667": [-0.43726, -1.39364, -0.22446],
						"6.3333": [-0.31195, -1.12898, -0.26967],
						"6.3667": [0, 0, 0],
						"6.4": [0.15, 0.24985, -0.00872],
						"6.5": [0, 0, 0]
					}
				},
				"camera": {
					"rotation": {
						"0.0": {
							"post": [0, 0, 0],
							"lerp_mode": "catmullrom"
						},
						"0.1667": {
							"post": [0.25, -0.475, -0.55],
							"lerp_mode": "catmullrom"
						},
						"0.3667": {
							"post": [2.375, -0.3, 0],
							"lerp_mode": "catmullrom"
						},
						"0.6": {
							"post": [3.725, 0, 0.525],
							"lerp_mode": "catmullrom"
						},
						"1.0667": {
							"post": [3.73, 0.175, 0],
							"lerp_mode": "catmullrom"
						},
						"1.2667": {
							"post": [1.855, 0.175, -0.475],
							"lerp_mode": "catmullrom"
						},
						"1.4333": {
							"post": [-1.115, 0, 0],
							"lerp_mode": "catmullrom"
						},
						"1.5667": {
							"post": [-1.86, -0.125, 0],
							"lerp_mode": "catmullrom"
						},
						"1.9667": {
							"post": [-1.86, -0.125, 0],
							"lerp_mode": "catmullrom"
						},
						"2.1667": {
							"post": [-0.51, 0.025, 0.3],
							"lerp_mode": "catmullrom"
						},
						"2.3": {
							"post": [0.14, 0, -0.525],
							"lerp_mode": "catmullrom"
						},
						"2.4667": {
							"post": [0, 0.225, 0],
							"lerp_mode": "catmullrom"
						},
						"2.5333": {
							"post": [-0.225, 0.875, -0.225],
							"lerp_mode": "catmullrom"
						},
						"2.6333": {
							"post": [-0.225, 1.125, -0.545],
							"lerp_mode": "catmullrom"
						},
						"2.7": {
							"post": [-0.1, 1.3, 0.28],
							"lerp_mode": "catmullrom"
						},
						"2.8": {
							"post": [0.225, 1.275, 0.605],
							"lerp_mode": "catmullrom"
						},
						"2.9": {
							"post": [0.525, 1.325, 0.105],
							"lerp_mode": "catmullrom"
						},
						"3.0333": {
							"post": [0.525, 1.225, 0],
							"lerp_mode": "catmullrom"
						},
						"3.2": {
							"post": [0.125, 1.225, 0.245],
							"lerp_mode": "catmullrom"
						},
						"3.3667": {
							"post": [0, 1.225, 0],
							"lerp_mode": "catmullrom"
						},
						"3.5667": {
							"post": [0, 1.23, -0.125],
							"lerp_mode": "catmullrom"
						},
						"3.7": {
							"post": [-0.525, 0.73, -0.805],
							"lerp_mode": "catmullrom"
						},
						"3.8333": {
							"post": [0.425, -0.595, 0.855],
							"lerp_mode": "catmullrom"
						},
						"3.9667": {
							"post": [0.425, 0.205, 0.46],
							"lerp_mode": "catmullrom"
						},
						"4.0667": {
							"post": [0.13, -0.195, 0.16],
							"lerp_mode": "catmullrom"
						},
						"4.2": {
							"post": [0.13, -0.19, -0.015],
							"lerp_mode": "catmullrom"
						},
						"4.4": {
							"post": [0, 0, 0],
							"lerp_mode": "catmullrom"
						},
						"4.5667": {
							"post": [0, 0, 0],
							"lerp_mode": "catmullrom"
						},
						"4.7": {
							"post": [0.25, 0.225, 0.4],
							"lerp_mode": "catmullrom"
						},
						"4.8": {
							"post": [-0.325, -0.25, 0.2],
							"lerp_mode": "catmullrom"
						},
						"4.8667": {
							"post": [-0.325, 0, 0.275],
							"lerp_mode": "catmullrom"
						},
						"5.0667": {
							"post": [-0.32, 0.075, 0.28],
							"lerp_mode": "catmullrom"
						},
						"5.1667": {
							"post": [-0.02, -0.42, 0.505],
							"lerp_mode": "catmullrom"
						},
						"5.3": {
							"post": [0.305, 0.13, 0.83],
							"lerp_mode": "catmullrom"
						},
						"5.4": {
							"post": [-0.395, -0.12, -0.17],
							"lerp_mode": "catmullrom"
						},
						"5.4667": {
							"post": [0.03, -0.17, 0.005],
							"lerp_mode": "catmullrom"
						},
						"5.5667": {
							"post": [0.305, -0.045, 0.155],
							"lerp_mode": "catmullrom"
						},
						"5.7": {
							"post": [0.31, 0.03, 0.28],
							"lerp_mode": "catmullrom"
						},
						"5.8": {
							"post": [0.31, 0.33, -0.095],
							"lerp_mode": "catmullrom"
						},
						"5.9333": {
							"post": [0.31, 0.33, -0.34],
							"lerp_mode": "catmullrom"
						},
						"6.0667": {
							"post": [0.31, 0.33, 0.185],
							"lerp_mode": "catmullrom"
						},
						"6.2667": {
							"post": [0.31, 0.255, -0.34],
							"lerp_mode": "catmullrom"
						},
						"6.3667": {
							"post": [1.01, -0.395, 0.335],
							"lerp_mode": "catmullrom"
						},
						"6.4667": {
							"post": [0.385, 0.03, -0.34],
							"lerp_mode": "catmullrom"
						},
						"6.5667": {
							"post": [0.74, 0.28, -0.04],
							"lerp_mode": "catmullrom"
						},
						"6.6667": {
							"post": [0.39, 0.03, 0.435],
							"lerp_mode": "catmullrom"
						},
						"6.8": {
							"post": [-0.41, -0.095, 0.035],
							"lerp_mode": "catmullrom"
						},
						"6.9333": {
							"post": [-0.68, -0.095, -0.19],
							"lerp_mode": "catmullrom"
						},
						"7.0667": {
							"post": [-0.08, 0.03, -0.34],
							"lerp_mode": "catmullrom"
						},
						"7.2": {
							"post": [0.37, 0.03, -0.19],
							"lerp_mode": "catmullrom"
						},
						"7.3333": {
							"post": [-0.33, 0.03, 0.36],
							"lerp_mode": "catmullrom"
						},
						"7.5": {
							"post": [0, 0, 0],
							"lerp_mode": "catmullrom"
						}
					}
				},
				"bolt": {
					"position": {
						"4.5": [0, 0, 0],
						"4.5667": [0, 0, 0.39],
						"4.7": [0, 0, 1.39],
						"4.7667": [0, 0, 1.575],
						"4.8333": [0, 0, 1.605],
						"5.0667": [0, 0, 1.605],
						"5.1333": [0, 0, 2.035],
						"5.2": [0, 0, 0.425],
						"5.2667": [0, 0, 0.505],
						"5.3333": [0, 0, -0.14],
						"5.4333": [0, 0, -0.11],
						"5.5333": [0, 0, 0],
						"5.6": [0, 0, -0.025],
						"5.7": [0, 0, 0.085]
					}
				},
				"bullet": {
					"scale": 0
				}
			},
			"sound_effects": {
				"0.0": {
					"effect": "nmw2:vaznev9k/vaznev9k_inspect_raise"
				},
				"1.0333": {
					"effect": "nmw2:vaznev9k/vaznev9k_inspect_rattle"
				},
				"1.9": {
					"effect": "nmw2:vaznev9k/vaznev9k_inspect_lower"
				},
				"2.4667": {
					"effect": "nmw2:vaznev9k/vaznev9k_inspect_magout"
				},
				"3.7": {
					"effect": "nmw2:vaznev9k/vaznev9k_inspect_magcatch"
				},
				"4.3333": {
					"effect": "nmw2:vaznev9k/vaznev9k_inspect_boltpull"
				},
				"5.1333": {
					"effect": "nmw2:vaznev9k/vaznev9k_inspect_boltrelease"
				},
				"5.3333": {
					"effect": "nmw2:vaznev9k/vaznev9k_inspect_bolthit"
				},
				"6.2": {
					"effect": "nmw2:vaznev9k/vaznev9k_inspect_maghit"
				},
				"6.4333": {
					"effect": "nmw2:vaznev9k/vaznev9k_inspect_magin"
				},
				"6.6667": {
					"effect": "nmw2:vaznev9k/vaznev9k_inspect_end"
				}
			}
		},
		"inspect_empty": {
			"loop": "hold_on_last_frame",
			"animation_length": 7.5333,
			"bones": {
				"lefthand": {
					"rotation": {
						"0.0": [-259.00317, -40.99172, 225.31986],
						"0.3667": [-140.87558, -61.55699, 83.02989],
						"1.9333": [-140.87558, -61.55699, 83.02989],
						"2.2": [-259.00317, -40.99172, 225.31986]
					},
					"position": {
						"0.0": {
							"post": [7.85, -11.52, -5.525],
							"lerp_mode": "catmullrom"
						},
						"0.3667": {
							"post": [12.275, -23.445, 10.455],
							"lerp_mode": "catmullrom"
						},
						"1.9333": {
							"post": [12.275, -23.445, 10.455],
							"lerp_mode": "catmullrom"
						},
						"2.2": {
							"post": [7.85, -11.52, -5.525],
							"lerp_mode": "catmullrom"
						}
					},
					"scale": {
						"0.0": [1, 1.5, 1],
						"2.2": [1, 1.5, 1]
					}
				},
				"righthand": {
					"rotation": {
						"0.0": [99.93775, 6.77643, -177.70887],
						"2.3333": [99.94, 6.78, -177.71],
						"2.4667": [100.31844, 16.87113, -175.87063],
						"2.5333": [100.31844, 16.87113, -175.87063],
						"2.7": {
							"pre": [103.8135, 7.10473, -179.25184],
							"post": [103.8135, 7.10473, -179.25184],
							"lerp_mode": "catmullrom"
						},
						"2.8667": {
							"post": [107.50842, 1.62194, -189.51284],
							"lerp_mode": "catmullrom"
						},
						"3.3333": {
							"post": [107.48584, 1.20729, -190.69241],
							"lerp_mode": "catmullrom"
						},
						"3.6667": {
							"post": [107.48745, 0.73311, -190.84028],
							"lerp_mode": "catmullrom"
						},
						"3.8": {
							"post": [83.70309, 0.32278, -194.56793],
							"lerp_mode": "catmullrom"
						},
						"3.9": {
							"post": [79.71484, 0.24392, -209.88837],
							"lerp_mode": "catmullrom"
						},
						"3.9667": {
							"post": [83.29767, 1.96242, -201.54431],
							"lerp_mode": "catmullrom"
						},
						"4.0667": {
							"post": [88.80886, 10.481, -210.20256],
							"lerp_mode": "catmullrom"
						},
						"4.1667": {
							"post": [93.30905, 20.89558, -216.20303],
							"lerp_mode": "catmullrom"
						},
						"4.2667": {
							"post": [106.13189, 28.70831, -236.8706],
							"lerp_mode": "catmullrom"
						},
						"4.3667": {
							"post": [97.97751, 32.94016, -249.39786],
							"lerp_mode": "catmullrom"
						},
						"4.4333": {
							"post": [93.18614, 35.29864, -247.68927],
							"lerp_mode": "catmullrom"
						},
						"4.5667": {
							"post": [94.84967, 35.74308, -247.40781],
							"lerp_mode": "catmullrom"
						},
						"4.7": {
							"post": [94.21659, 33.96153, -248.51548],
							"lerp_mode": "catmullrom"
						},
						"4.7667": {
							"post": [94.88152, 37.73457, -246.10098],
							"lerp_mode": "catmullrom"
						},
						"5.0": {
							"post": [93.88152, 37.73457, -246.10098],
							"lerp_mode": "catmullrom"
						},
						"5.0667": {
							"post": [94.56714, 37.28486, -244.975],
							"lerp_mode": "catmullrom"
						},
						"5.1333": {
							"post": [102.47608, 30.15665, -230.80597],
							"lerp_mode": "catmullrom"
						},
						"5.2333": {
							"post": [106.0446, 25.0612, -223.12247],
							"lerp_mode": "catmullrom"
						},
						"5.3": {
							"post": [106.22594, 24.74902, -222.69185],
							"lerp_mode": "catmullrom"
						},
						"5.3333": {
							"post": [107.9992, 31.43627, -216.28779],
							"lerp_mode": "catmullrom"
						},
						"5.4333": {
							"post": [124.15631, 32.24317, -217.41159],
							"lerp_mode": "catmullrom"
						},
						"5.6": {
							"post": [121.63129, 12.19208, -173.44314],
							"lerp_mode": "catmullrom"
						},
						"5.7333": {
							"post": [118.4227, -16.32263, -162.55594],
							"lerp_mode": "catmullrom"
						},
						"5.8667": {
							"post": [105.90416, -15.6511, -162.72791],
							"lerp_mode": "catmullrom"
						},
						"6.0": {
							"post": [105.34065, -10.01675, -166.4955],
							"lerp_mode": "catmullrom"
						},
						"6.1": {
							"post": [108.65707, -6.22884, -165.19703],
							"lerp_mode": "catmullrom"
						},
						"6.3333": {
							"post": [108.85, -3.85, -167.55],
							"lerp_mode": "catmullrom"
						},
						"6.3667": {
							"post": [108.53225, -0.64034, -171.69513],
							"lerp_mode": "catmullrom"
						},
						"6.4": {
							"post": [107.01192, -0.43492, -171.96042],
							"lerp_mode": "catmullrom"
						},
						"6.5333": [108.53225, -0.64034, -171.69513],
						"6.7333": [108.53225, -0.64034, -171.69513],
						"6.9": [109.53116, -1.45228, -149.77848],
						"7.0": [99.93775, 6.77643, -177.70887]
					},
					"position": {
						"0.0": [-6.8375, -14.0875, 7],
						"2.3333": [-6.84, -14.09, 7],
						"2.4667": [-6.84, -15.94, 1.275],
						"2.6333": {
							"pre": [-6.3909, -24.12023, -0.16167],
							"post": [-6.3909, -24.12023, -0.16167],
							"lerp_mode": "catmullrom"
						},
						"2.7": {
							"post": [-7.59499, -21.43433, 1.32582],
							"lerp_mode": "catmullrom"
						},
						"2.8667": {
							"post": [-10.16876, -17.33874, 3.95845],
							"lerp_mode": "catmullrom"
						},
						"3.3333": {
							"post": [-10.24818, -17.31654, 3.83922],
							"lerp_mode": "catmullrom"
						},
						"3.6667": {
							"post": [-10.25, -17.32, 3.865],
							"lerp_mode": "catmullrom"
						},
						"3.8": {
							"post": [-11.62774, -17.36955, 2.90611],
							"lerp_mode": "catmullrom"
						},
						"3.9": {
							"post": [-9.96926, -18.44725, 4.63551],
							"lerp_mode": "catmullrom"
						},
						"3.9667": {
							"post": [-9.93119, -19.02884, 5.13669],
							"lerp_mode": "catmullrom"
						},
						"4.0333": {
							"post": [-9.3818, -18.54323, 5.10744],
							"lerp_mode": "catmullrom"
						},
						"4.1667": {
							"post": [-9.12926, -15.72725, 3.79551],
							"lerp_mode": "catmullrom"
						},
						"4.2667": {
							"post": [-10.0095, -13.21483, 2.54701],
							"lerp_mode": "catmullrom"
						},
						"4.3667": {
							"post": [-9.64171, -11.18906, 1.20438],
							"lerp_mode": "catmullrom"
						},
						"4.4667": {
							"post": [-9.54294, -10.83372, 0.65777],
							"lerp_mode": "catmullrom"
						},
						"4.5667": {
							"post": [-9.54, -10.83, 0.96],
							"lerp_mode": "catmullrom"
						},
						"4.7": {
							"post": [-9.54, -10.83, 2.235],
							"lerp_mode": "catmullrom"
						},
						"4.7333": {
							"post": [-9.54, -10.83, 2.11],
							"lerp_mode": "catmullrom"
						},
						"4.8": {
							"post": [-9.54, -10.83, 2.315],
							"lerp_mode": "catmullrom"
						},
						"5.0": {
							"post": [-9.54, -10.83, 2.17],
							"lerp_mode": "catmullrom"
						},
						"5.0667": {
							"post": [-9.54, -10.83, 2.27],
							"lerp_mode": "catmullrom"
						},
						"5.1333": {
							"post": [-9.54, -10.83, 5.145],
							"lerp_mode": "catmullrom"
						},
						"5.2333": {
							"post": [-9.54, -10.83, 5.3],
							"lerp_mode": "catmullrom"
						},
						"5.3": {
							"post": [-9.54, -10.83, 1.325],
							"lerp_mode": "catmullrom"
						},
						"5.3333": {
							"post": [-9.54, -11.08, 1.38],
							"lerp_mode": "catmullrom"
						},
						"5.4333": {
							"post": [-9.54, -13.13, 4.155],
							"lerp_mode": "catmullrom"
						},
						"5.5333": {
							"post": [-8.79, -18.405, 3.18],
							"lerp_mode": "catmullrom"
						},
						"5.7333": {
							"post": [-9.54, -19.53, 0.16],
							"lerp_mode": "catmullrom"
						},
						"5.8667": {
							"post": [-7.74, -20.555, -0.315],
							"lerp_mode": "catmullrom"
						},
						"6.0": {
							"post": [-7.26, -19.13, 0.02],
							"lerp_mode": "catmullrom"
						},
						"6.1": {
							"post": [-7.26, -19.13, -0.405],
							"lerp_mode": "catmullrom"
						},
						"6.3333": {
							"post": [-6.84, -18.46, -0.32],
							"lerp_mode": "catmullrom"
						},
						"6.3667": {
							"post": [-6.135, -17.355, -0.105],
							"lerp_mode": "catmullrom"
						},
						"6.4": {
							"post": [-6.09, -17.205, -0.09],
							"lerp_mode": "catmullrom"
						},
						"6.5333": [-6.135, -17.355, -0.105],
						"6.7333": [-6.135, -17.355, -0.105],
						"6.9": [-6.135, -18.03, 4.745],
						"7.0": [-6.8375, -14.0875, 7]
					}
				},
				"root": {
					"rotation": {
						"0.0": {
							"post": [0, 0, 0],
							"lerp_mode": "catmullrom"
						},
						"0.1333": {
							"post": [-3.02806, -4.18849, 12.25354],
							"lerp_mode": "catmullrom"
						},
						"0.3333": {
							"post": [-15.11204, -23.83083, -23.8359],
							"lerp_mode": "catmullrom"
						},
						"0.4333": {
							"post": [-20.25334, -32.12322, -31.05797],
							"lerp_mode": "catmullrom"
						},
						"0.6333": {
							"post": [-20.7791, -35.28476, -36.0276],
							"lerp_mode": "catmullrom"
						},
						"0.9": {
							"post": [-20.77133, -35.61302, -37.0003],
							"lerp_mode": "catmullrom"
						},
						"1.8333": {
							"post": [-16.79273, -36.45062, -41.26842],
							"lerp_mode": "catmullrom"
						},
						"2.0667": {
							"post": [-28.2146, -29.08468, -20.37329],
							"lerp_mode": "catmullrom"
						},
						"2.3333": {
							"post": [-32.48359, 16.45699, 39.54517],
							"lerp_mode": "catmullrom"
						},
						"2.5": {
							"post": [-31.55, 20.13, 51.18],
							"lerp_mode": "catmullrom"
						},
						"2.5333": {
							"post": [-28.9086, 16.62489, 47.56709],
							"lerp_mode": "catmullrom"
						},
						"2.6": {
							"post": [-34.17915, 17.89625, 40.05754],
							"lerp_mode": "catmullrom"
						},
						"2.7": {
							"post": [-36.60156, 19.68631, 44.185],
							"lerp_mode": "catmullrom"
						},
						"2.9333": {
							"post": [-42.21751, 18.70422, 44.95811],
							"lerp_mode": "catmullrom"
						},
						"3.5333": {
							"post": [-41.22812, 21.22473, 45.9244],
							"lerp_mode": "catmullrom"
						},
						"3.8": {
							"post": [-43.32015, 24.25198, 40.30396],
							"lerp_mode": "catmullrom"
						},
						"3.9667": {
							"post": [-44.80062, 19.654, 36.95092],
							"lerp_mode": "catmullrom"
						},
						"4.2": {
							"post": [-46.09117, 18.21389, 34.57454],
							"lerp_mode": "catmullrom"
						},
						"4.3667": {
							"post": [-45.98077, 20.24228, 36.60165],
							"lerp_mode": "catmullrom"
						},
						"4.5": {
							"post": [-45.71779, 20.25276, 37.35525],
							"lerp_mode": "catmullrom"
						},
						"4.6": {
							"post": [-45.89022, 19.59494, 36.90191],
							"lerp_mode": "catmullrom"
						},
						"4.6667": {
							"post": [-45.9795, 19.25117, 36.64085],
							"lerp_mode": "catmullrom"
						},
						"4.7333": {
							"post": [-44.82183, 22.20846, 39.81068],
							"lerp_mode": "catmullrom"
						},
						"4.8667": {
							"post": [-44.73257, 21.66756, 38.6475],
							"lerp_mode": "catmullrom"
						},
						"5.1333": {
							"post": [-44.6704, 20.97264, 39.40227],
							"lerp_mode": "catmullrom"
						},
						"5.2": {
							"post": [-43.06891, 13.71904, 35.34605],
							"lerp_mode": "catmullrom"
						},
						"5.2667": {
							"post": [-40.89827, 15.37916, 37.96292],
							"lerp_mode": "catmullrom"
						},
						"5.3333": {
							"post": [-39.0192, 9.57924, 32.90188],
							"lerp_mode": "catmullrom"
						},
						"5.4": {
							"post": [-37.35365, 11.33356, 35.78243],
							"lerp_mode": "catmullrom"
						},
						"5.5": {
							"post": [-37.75869, 11.95903, 33.68167],
							"lerp_mode": "catmullrom"
						},
						"5.6667": {
							"post": [-38.95511, 15.69362, 38.71028],
							"lerp_mode": "catmullrom"
						},
						"5.8667": {
							"post": [-36.18304, 17.18405, 39.65791],
							"lerp_mode": "catmullrom"
						},
						"6.1333": {
							"post": [-40.0953, 15.99822, 35.07245],
							"lerp_mode": "catmullrom"
						},
						"6.3": {
							"post": [-40.54551, 15.87632, 34.50814],
							"lerp_mode": "catmullrom"
						},
						"6.3667": {
							"post": [-41.7883, 8.74677, 27.97245],
							"lerp_mode": "catmullrom"
						},
						"6.4333": {
							"post": [-37.80809, 5.26226, 24.93818],
							"lerp_mode": "catmullrom"
						},
						"6.4667": {
							"post": [-37.89497, 8.2946, 28.78831],
							"lerp_mode": "catmullrom"
						},
						"6.5333": {
							"post": [-37.5997, 4.17935, 26.68681],
							"lerp_mode": "catmullrom"
						},
						"6.6667": {
							"post": [-33.44977, 6.78609, 32.88092],
							"lerp_mode": "catmullrom"
						},
						"6.8333": {
							"post": [-27.47359, 0.5764, 26.15189],
							"lerp_mode": "catmullrom"
						},
						"7.0333": {
							"post": [1.20838, -2.39511, 1.4529],
							"lerp_mode": "catmullrom"
						},
						"7.1667": {
							"post": [0.5, 0.5, 4.425],
							"lerp_mode": "catmullrom"
						},
						"7.3": {
							"post": [0, 0, -0.625],
							"lerp_mode": "catmullrom"
						},
						"7.4667": {
							"post": [0, 0, 0],
							"lerp_mode": "catmullrom"
						}
					},
					"position": {
						"0.0": {
							"post": [0, 0, 0],
							"lerp_mode": "catmullrom"
						},
						"0.1333": {
							"post": [0.18, -0.055, 0],
							"lerp_mode": "catmullrom"
						},
						"0.4333": {
							"post": [0.77, 2.365, 0],
							"lerp_mode": "catmullrom"
						},
						"0.6667": {
							"post": [1.01, 2.48, 0.145],
							"lerp_mode": "catmullrom"
						},
						"0.9333": {
							"post": [1.01, 2.455, 0.14],
							"lerp_mode": "catmullrom"
						},
						"1.8333": {
							"post": [1.015, 2.515, 0.12],
							"lerp_mode": "catmullrom"
						},
						"2.0667": {
							"post": [1.01, 1.545, -0.33],
							"lerp_mode": "catmullrom"
						},
						"2.2667": {
							"post": [2.01, -0.475, -0.33],
							"lerp_mode": "catmullrom"
						},
						"2.4333": {
							"post": [2.28, -1.03, 0.01],
							"lerp_mode": "catmullrom"
						},
						"2.5333": {
							"post": [2.53, -1.64, 0.1],
							"lerp_mode": "catmullrom"
						},
						"2.6667": {
							"post": [3.21, -0.79, 0.12],
							"lerp_mode": "catmullrom"
						},
						"2.8": {
							"post": [3.86, -0.365, 0.12],
							"lerp_mode": "catmullrom"
						},
						"3.1333": {
							"post": [3.86, -0.335, 0.12],
							"lerp_mode": "catmullrom"
						},
						"3.5667": {
							"post": [3.86, -0.405, 0.12],
							"lerp_mode": "catmullrom"
						},
						"3.8": {
							"post": [3.71, -0.05, 0.12],
							"lerp_mode": "catmullrom"
						},
						"3.9667": {
							"post": [3.7, -0.74, 0.32],
							"lerp_mode": "catmullrom"
						},
						"4.2": {
							"post": [3.71, -0.61, 0.69],
							"lerp_mode": "catmullrom"
						},
						"4.3667": {
							"post": [3.71, 0.155, 1.145],
							"lerp_mode": "catmullrom"
						},
						"4.5": {
							"post": [3.71, 0.11, 1.15],
							"lerp_mode": "catmullrom"
						},
						"4.6667": {
							"post": [3.66709, -0.13492, 1.2648],
							"lerp_mode": "catmullrom"
						},
						"4.7333": {
							"post": [3.71, -0.065, 1.15],
							"lerp_mode": "catmullrom"
						},
						"4.8667": {
							"post": [3.66, -0.085, 1.15],
							"lerp_mode": "catmullrom"
						},
						"5.1333": {
							"post": [3.66, -0.13, 1.15],
							"lerp_mode": "catmullrom"
						},
						"5.2": {
							"post": [3.66, -0.08, 1.075],
							"lerp_mode": "catmullrom"
						},
						"5.2667": {
							"post": [3.66, -0.18, -0.52],
							"lerp_mode": "catmullrom"
						},
						"5.3333": {
							"post": [3.64, -0.22, -0.005],
							"lerp_mode": "catmullrom"
						},
						"5.4": {
							"post": [3.635, -0.28, 0.78],
							"lerp_mode": "catmullrom"
						},
						"5.5": {
							"post": [3.64, -0.73, 0.78],
							"lerp_mode": "catmullrom"
						},
						"5.6667": {
							"post": [3.64, -0.225, 0.86],
							"lerp_mode": "catmullrom"
						},
						"5.8667": {
							"post": [3.68519, 0.05217, 1.03738],
							"lerp_mode": "catmullrom"
						},
						"6.1333": {
							"post": [3.765, 0.295, 0.835],
							"lerp_mode": "catmullrom"
						},
						"6.3": {
							"post": [3.82, 0.295, 0.835],
							"lerp_mode": "catmullrom"
						},
						"6.3667": {
							"post": [4.095, -0.285, 0.835],
							"lerp_mode": "catmullrom"
						},
						"6.4333": {
							"post": [4.12, -0.795, 0.835],
							"lerp_mode": "catmullrom"
						},
						"6.5333": {
							"post": [4.1176, -0.69521, 0.87475],
							"lerp_mode": "catmullrom"
						},
						"6.6": {
							"post": [4.1, -0.63, 0.835],
							"lerp_mode": "catmullrom"
						},
						"6.7667": {
							"post": [3.2, -0.825, -0.015],
							"lerp_mode": "catmullrom"
						},
						"7.0": {
							"post": [0, -0.84, -2.3],
							"lerp_mode": "catmullrom"
						},
						"7.1667": {
							"post": [0, -0.15, -0.1875],
							"lerp_mode": "catmullrom"
						},
						"7.3333": {
							"post": [0, 0, 0],
							"lerp_mode": "catmullrom"
						}
					}
				},
				"additional_magazine": {
					"scale": 0
				},
				"mag_and_bullet": {
					"rotation": {
						"2.4667": [0, 0, 0],
						"2.5333": [-0.08838, -2.24826, 2.25173],
						"2.6333": [-0.03934, 3.75034, 0.99666],
						"2.6667": [-0.15402, 3.74739, -0.75709],
						"2.7667": [-7.03895, 8.643, -10.13851],
						"2.8667": [-7.58584, 10.91533, -13.74634],
						"3.0": [-8.32497, 12.83789, -16.33693],
						"3.5333": [-9.82497, 12.83789, -16.33693],
						"3.6": [-9.94997, 12.83789, -16.33693],
						"3.6667": [-8.57497, 12.83789, -16.33693],
						"3.7667": [13.28549, 8.24188, -28.02776],
						"3.8": [20.44466, 10.29489, -31.81497],
						"3.8333": [26.76, 8.75, -36.18],
						"3.8667": [29.3075, 7.72179, -39.08503],
						"3.9": [28.75779, 5.29895, -42.01387],
						"3.9667": [26.01, -2.45, -27.26],
						"4.0333": [22.01, -8.95, -32.76],
						"4.0667": [19.76, -10.45, -37.01],
						"4.1333": [21.01, -18.45, -41.26],
						"4.1667": [19.76, -21.45, -44.07],
						"4.2": [16.51, -24.45, -50.38],
						"4.2667": [7.51, -30.45, -62.51],
						"4.3": [1.12, -32.51, -68.72],
						"4.3667": [15.26, -35.2, -76.26],
						"4.4333": [22.01, -37.2, -75.51],
						"4.5333": [21.26, -37.2, -75.51],
						"4.6": [19.76, -37.2, -75.51],
						"4.6667": [18.51, -37.2, -75.51],
						"4.7": [19.21, -37.2, -75.51],
						"4.7333": [19.26, -37.2, -75.51],
						"4.8": [21.76, -39.95, -75.51],
						"4.8667": [21.76, -39.95, -75.51],
						"5.0": [21.26, -39.95, -74.51],
						"5.0333": [21.22, -39.95, -74.34],
						"5.0667": [18.01, -39.95, -71.01],
						"5.1333": [9.26, -36.2, -55.76],
						"5.2": [2.01, -30.2, -47.01],
						"5.2333": [3.6, -30.2, -47.01],
						"5.2667": [6.26, -30.2, -47.01],
						"5.3": [5.81469, -28.38595, -47.51724],
						"5.3667": [3.76315, -38.15409, -43.79204],
						"5.4333": [-9.09771, -34.9467, -44.44521],
						"5.5": [-10.43334, -32.16024, -27.0842],
						"5.5333": [-10.70231, -26.92743, -17.61694],
						"5.5667": [-11.66394, -22.40675, -4.43043],
						"5.6333": [-10.66, -7.16, 7.07],
						"5.7": [-7.41, 4.34, 12.07],
						"5.7667": [-4.91, 12.34, 15.07],
						"5.8667": [2.09, 14.84, 10.32],
						"5.9333": [3.09, 10.34, 9.57],
						"6.0": [2.34, 10.34, 6.32],
						"6.1333": [-1.16, 10.34, 6.32],
						"6.2667": [-0.66, 8.09, 5.57],
						"6.3333": [-0.66, 2.09, 5.57],
						"6.3667": [0, 0, 0],
						"6.4": [2, 0, 0],
						"6.5": [0, 0, 0]
					},
					"position": {
						"2.4667": [0, 0, 0],
						"2.5333": [0.2001, -3.32602, -1.02856],
						"2.6333": [0.23648, -8.41416, -1.24287],
						"2.6667": [0.01304, -7.62579, -0.79778],
						"2.7667": [-1.71963, -3.60927, 0.94993],
						"2.8667": [-3.57122, -1.20855, 2.63942],
						"3.0": [-3.74418, -0.8815, 2.76206],
						"3.1": [-3.74464, -0.90315, 2.68026],
						"3.3333": [-3.64199, -1.17055, 2.41117],
						"3.5333": [-3.55099, -1.1378, 2.56259],
						"3.6": [-3.57707, -1.14521, 2.54802],
						"3.6667": [-3.63154, -1.14308, 2.43786],
						"3.7667": [-5.72961, -0.27008, 1.41911],
						"3.8": [-6.38875, -0.14708, 1.31286],
						"3.8333": [-6.16783, -0.4438, 1.91556],
						"3.8667": [-5.86986, -0.73472, 2.73158],
						"3.9": [-5.42569, -1.10235, 3.48504],
						"3.9667": [-5.12255, -1.53535, 4.13575],
						"4.0": [-4.86453, -1.57281, 4.26122],
						"4.0333": [-4.815, -1.21197, 4.18159],
						"4.0667": [-4.85027, -0.80901, 4.03623],
						"4.1333": [-4.8457, 0.66882, 3.52344],
						"4.2": [-5.14262, 1.81687, 3.02893],
						"4.2667": [-5.53125, 2.47049, 2.41366],
						"4.3667": [-6.19885, 3.45525, 1.44521],
						"4.4333": [-6.23824, 3.73376, 1.26422],
						"4.5333": [-6.21137, 3.64101, 1.19868],
						"4.6": [-6.18243, 3.6607, 1.78475],
						"4.6667": [-6.2112, 3.75954, 3.11055],
						"4.7": [-6.12881, 3.65894, 3.57599],
						"4.7333": [-6.18342, 3.74991, 3.73435],
						"4.8667": [-6.18, 3.75, 3.73],
						"5.0": [-6.20794, 3.74073, 3.74958],
						"5.0333": [-6.24738, 3.70542, 3.6123],
						"5.0667": [-6.26694, 3.73332, 3.70178],
						"5.1333": [-5.95864, 4.27027, 5.82859],
						"5.2": [-5.91052, 4.47781, 6.10725],
						"5.2333": [-5.77271, 4.56302, 6.13678],
						"5.2667": [-5.71457, 4.4818, 4.33809],
						"5.3": [-5.7678, 4.4889, 2.23314],
						"5.3667": [-5.86733, 4.31709, 2.59315],
						"5.4333": [-5.6056, 2.57709, 4.60787],
						"5.5": [-4.5446, -0.3671, 4.2568],
						"5.5333": [-3.87539, -1.60458, 3.66775],
						"5.5667": [-3.57414, -1.86072, 3.29825],
						"5.6333": [-3.1765, -2.1618, 2.30632],
						"5.7": [-2.72696, -2.62469, 1.39738],
						"5.7667": [-2.22155, -2.95689, 0.4645],
						"5.8667": [-0.70135, -3.36866, -0.35773],
						"5.9333": [-0.60346, -2.5437, -0.22767],
						"6.0667": [-0.48026, -1.77482, -0.22448],
						"6.1333": [-0.52377, -1.75851, -0.35103],
						"6.2667": [-0.43726, -1.39364, -0.22446],
						"6.3333": [-0.31195, -1.12898, -0.26967],
						"6.3667": [0, 0, 0],
						"6.4": [0.15, 0.24985, -0.00872],
						"6.5": [0, 0, 0]
					}
				},
				"camera": {
					"rotation": {
						"0.0": {
							"post": [0, 0, 0],
							"lerp_mode": "catmullrom"
						},
						"0.1667": {
							"post": [0.25, -0.475, -0.55],
							"lerp_mode": "catmullrom"
						},
						"0.3667": {
							"post": [2.375, -0.3, 0],
							"lerp_mode": "catmullrom"
						},
						"0.6": {
							"post": [3.725, 0, 0.525],
							"lerp_mode": "catmullrom"
						},
						"1.0667": {
							"post": [3.73, 0.175, 0],
							"lerp_mode": "catmullrom"
						},
						"1.2667": {
							"post": [1.855, 0.175, -0.475],
							"lerp_mode": "catmullrom"
						},
						"1.4333": {
							"post": [-1.115, 0, 0],
							"lerp_mode": "catmullrom"
						},
						"1.5667": {
							"post": [-1.86, -0.125, 0],
							"lerp_mode": "catmullrom"
						},
						"1.9667": {
							"post": [-1.86, -0.125, 0],
							"lerp_mode": "catmullrom"
						},
						"2.1667": {
							"post": [-0.51, 0.025, 0.3],
							"lerp_mode": "catmullrom"
						},
						"2.3": {
							"post": [0.14, 0, -0.525],
							"lerp_mode": "catmullrom"
						},
						"2.4667": {
							"post": [0, 0.225, 0],
							"lerp_mode": "catmullrom"
						},
						"2.5333": {
							"post": [-0.225, 0.875, -0.225],
							"lerp_mode": "catmullrom"
						},
						"2.6333": {
							"post": [-0.225, 1.125, -0.545],
							"lerp_mode": "catmullrom"
						},
						"2.7": {
							"post": [-0.1, 1.3, 0.28],
							"lerp_mode": "catmullrom"
						},
						"2.8": {
							"post": [0.225, 1.275, 0.605],
							"lerp_mode": "catmullrom"
						},
						"2.9": {
							"post": [0.525, 1.325, 0.105],
							"lerp_mode": "catmullrom"
						},
						"3.0333": {
							"post": [0.525, 1.225, 0],
							"lerp_mode": "catmullrom"
						},
						"3.2": {
							"post": [0.125, 1.225, 0.245],
							"lerp_mode": "catmullrom"
						},
						"3.3667": {
							"post": [0, 1.225, 0],
							"lerp_mode": "catmullrom"
						},
						"3.5667": {
							"post": [0, 1.23, -0.125],
							"lerp_mode": "catmullrom"
						},
						"3.7": {
							"post": [-0.525, 0.73, -0.805],
							"lerp_mode": "catmullrom"
						},
						"3.8333": {
							"post": [0.425, -0.595, 0.855],
							"lerp_mode": "catmullrom"
						},
						"3.9667": {
							"post": [0.425, 0.205, 0.46],
							"lerp_mode": "catmullrom"
						},
						"4.0667": {
							"post": [0.13, -0.195, 0.16],
							"lerp_mode": "catmullrom"
						},
						"4.2": {
							"post": [0.13, -0.19, -0.015],
							"lerp_mode": "catmullrom"
						},
						"4.4": {
							"post": [0, 0, 0],
							"lerp_mode": "catmullrom"
						},
						"4.5667": {
							"post": [0, 0, 0],
							"lerp_mode": "catmullrom"
						},
						"4.7": {
							"post": [0.25, 0.225, 0.4],
							"lerp_mode": "catmullrom"
						},
						"4.8": {
							"post": [-0.325, -0.25, 0.2],
							"lerp_mode": "catmullrom"
						},
						"4.8667": {
							"post": [-0.325, 0, 0.275],
							"lerp_mode": "catmullrom"
						},
						"5.0667": {
							"post": [-0.32, 0.075, 0.28],
							"lerp_mode": "catmullrom"
						},
						"5.1667": {
							"post": [-0.02, -0.42, 0.505],
							"lerp_mode": "catmullrom"
						},
						"5.3": {
							"post": [0.305, 0.13, 0.83],
							"lerp_mode": "catmullrom"
						},
						"5.4": {
							"post": [-0.395, -0.12, -0.17],
							"lerp_mode": "catmullrom"
						},
						"5.4667": {
							"post": [0.03, -0.17, 0.005],
							"lerp_mode": "catmullrom"
						},
						"5.5667": {
							"post": [0.305, -0.045, 0.155],
							"lerp_mode": "catmullrom"
						},
						"5.7": {
							"post": [0.31, 0.03, 0.28],
							"lerp_mode": "catmullrom"
						},
						"5.8": {
							"post": [0.31, 0.33, -0.095],
							"lerp_mode": "catmullrom"
						},
						"5.9333": {
							"post": [0.31, 0.33, -0.34],
							"lerp_mode": "catmullrom"
						},
						"6.0667": {
							"post": [0.31, 0.33, 0.185],
							"lerp_mode": "catmullrom"
						},
						"6.2667": {
							"post": [0.31, 0.255, -0.34],
							"lerp_mode": "catmullrom"
						},
						"6.3667": {
							"post": [1.01, -0.395, 0.335],
							"lerp_mode": "catmullrom"
						},
						"6.4667": {
							"post": [0.385, 0.03, -0.34],
							"lerp_mode": "catmullrom"
						},
						"6.5667": {
							"post": [0.74, 0.28, -0.04],
							"lerp_mode": "catmullrom"
						},
						"6.6667": {
							"post": [0.39, 0.03, 0.435],
							"lerp_mode": "catmullrom"
						},
						"6.8": {
							"post": [-0.41, -0.095, 0.035],
							"lerp_mode": "catmullrom"
						},
						"6.9333": {
							"post": [-0.68, -0.095, -0.19],
							"lerp_mode": "catmullrom"
						},
						"7.0667": {
							"post": [-0.08, 0.03, -0.34],
							"lerp_mode": "catmullrom"
						},
						"7.2": {
							"post": [0.37, 0.03, -0.19],
							"lerp_mode": "catmullrom"
						},
						"7.3333": {
							"post": [-0.33, 0.03, 0.36],
							"lerp_mode": "catmullrom"
						},
						"7.5": {
							"post": [0, 0, 0],
							"lerp_mode": "catmullrom"
						}
					}
				},
				"bolt": {
					"position": {
						"4.5": [0, 0, 0],
						"4.5667": [0, 0, 0.39],
						"4.7": [0, 0, 1.39],
						"4.7667": [0, 0, 1.575],
						"4.8333": [0, 0, 1.605],
						"5.0667": [0, 0, 1.605],
						"5.1333": [0, 0, 2.035],
						"5.2": [0, 0, 0.425],
						"5.2667": [0, 0, 0.505],
						"5.3333": [0, 0, -0.14],
						"5.4333": [0, 0, -0.11],
						"5.5333": [0, 0, 0],
						"5.6": [0, 0, -0.025],
						"5.7": [0, 0, 0.085]
					}
				},
				"bullet": {
					"scale": 0
				}
			},
			"sound_effects": {
				"0.0": {
					"effect": "nmw2:vaznev9k/vaznev9k_inspect_raise"
				},
				"1.0333": {
					"effect": "nmw2:vaznev9k/vaznev9k_inspect_rattle"
				},
				"1.9": {
					"effect": "nmw2:vaznev9k/vaznev9k_inspect_lower"
				},
				"2.4667": {
					"effect": "nmw2:vaznev9k/vaznev9k_inspect_magout"
				},
				"3.7": {
					"effect": "nmw2:vaznev9k/vaznev9k_inspect_magcatch"
				},
				"4.3333": {
					"effect": "nmw2:vaznev9k/vaznev9k_inspect_boltpull"
				},
				"5.1333": {
					"effect": "nmw2:vaznev9k/vaznev9k_inspect_boltrelease"
				},
				"5.3333": {
					"effect": "nmw2:vaznev9k/vaznev9k_inspect_bolthit"
				},
				"6.2": {
					"effect": "nmw2:vaznev9k/vaznev9k_inspect_maghit"
				},
				"6.4333": {
					"effect": "nmw2:vaznev9k/vaznev9k_inspect_magin"
				},
				"6.6667": {
					"effect": "nmw2:vaznev9k/vaznev9k_inspect_end"
				}
			}
		},
		"draw": {
			"animation_length": 0.875,
			"bones": {
				"lefthand": {
					"rotation": [-259.00317, -40.99172, 225.31986],
					"position": {
						"0.0": {
							"post": [7.85, -11.52, -5.525],
							"lerp_mode": "catmullrom"
						}
					},
					"scale": [1, 1.5, 1]
				},
				"righthand": {
					"rotation": {
						"0.2083": [99.93775, 6.77643, -177.70887],
						"0.3333": [121.05052, 50.15263, -155.28794],
						"0.5": [99.93775, 6.77643, -177.70887]
					},
					"position": {
						"0.2083": [-6.8375, -14.0875, 33.775],
						"0.3333": [-6.84, -14.09, 5.525],
						"0.5": [-6.8375, -14.0875, 7]
					},
					"scale": [1, 1.5, 1]
				},
				"root": {
					"rotation": {
						"0.0": {
							"post": [43.701, 12.918, -26.569],
							"lerp_mode": "catmullrom"
						},
						"0.0833": {
							"post": [1.901, -6.274, -45.748],
							"lerp_mode": "catmullrom"
						},
						"0.25": {
							"post": [-8.07, -16.88, -14.145],
							"lerp_mode": "catmullrom"
						},
						"0.3333": {
							"post": [-8.904, -8.241, -5.37],
							"lerp_mode": "catmullrom"
						},
						"0.4167": {
							"post": [2.118, -2.083, -9.799],
							"lerp_mode": "catmullrom"
						},
						"0.5": {
							"post": [1.75, -0.56, 4.67],
							"lerp_mode": "catmullrom"
						},
						"0.5833": {
							"post": [0.59742, -0.20842, -0.50763],
							"lerp_mode": "catmullrom"
						},
						"0.625": {
							"post": [0.41576, -0.1328, -2.93318],
							"lerp_mode": "catmullrom"
						},
						"0.7083": {
							"post": [0.22558, -0.0852, 0.17258],
							"lerp_mode": "catmullrom"
						},
						"0.8333": {
							"post": [0, 0, 0],
							"lerp_mode": "catmullrom"
						}
					},
					"position": {
						"0.0": {
							"post": [11.92, -18.634, 1.141],
							"lerp_mode": "catmullrom"
						},
						"0.25": {
							"post": [1.657, -4.25, -5.102],
							"lerp_mode": "catmullrom"
						},
						"0.375": {
							"post": [0.07, -1.43, -5.46],
							"lerp_mode": "catmullrom"
						},
						"0.5": {
							"post": [-0.2, -0.367, -0.835],
							"lerp_mode": "catmullrom"
						},
						"0.5833": {
							"post": [0, 0, 0.15],
							"lerp_mode": "catmullrom"
						},
						"0.6667": {
							"post": [0, 0, -0.35],
							"lerp_mode": "catmullrom"
						},
						"0.75": {
							"post": [0, 0, -0.09],
							"lerp_mode": "catmullrom"
						},
						"0.8333": {
							"post": [0, 0, 0],
							"lerp_mode": "catmullrom"
						}
					},
					"scale": {
						"0.0": {
							"post": [1, 1, 1],
							"lerp_mode": "catmullrom"
						}
					}
				},
				"camera": {
					"rotation": {
						"0.0": {
							"post": [0, 0, 0],
							"lerp_mode": "catmullrom"
						},
						"0.2083": {
							"post": [-0.775, 0.525, 0.65],
							"lerp_mode": "catmullrom"
						},
						"0.3333": {
							"post": [-0.775, 0.525, 0.9],
							"lerp_mode": "catmullrom"
						},
						"0.375": {
							"post": [-0.155, 0.225, 0.49],
							"lerp_mode": "catmullrom"
						},
						"0.4583": {
							"post": [0.275, 0.225, 0.375],
							"lerp_mode": "catmullrom"
						},
						"0.5417": {
							"post": [0.7, -0.2, -0.3],
							"lerp_mode": "catmullrom"
						},
						"0.625": {
							"post": [0.225, 0.1, 0.05],
							"lerp_mode": "catmullrom"
						},
						"0.7083": {
							"post": [-0.1, -0.2, -0.095],
							"lerp_mode": "catmullrom"
						},
						"0.8333": {
							"post": [0, 0, 0],
							"lerp_mode": "catmullrom"
						}
					}
				}
			}
		},
		"put_away": {
			"animation_length": 0.625,
			"bones": {
				"lefthand": {
					"rotation": [-259.00317, -40.99172, 225.31986],
					"position": {
						"0.0": {
							"post": [7.85, -11.52, -5.525],
							"lerp_mode": "catmullrom"
						}
					},
					"scale": [1, 1.5, 1]
				},
				"righthand": {
					"rotation": {
						"0.0": [99.93775, 6.77643, -177.70887],
						"0.25": [129.28425, 28.84594, -161.68365],
						"0.4583": [122.13931, -19.67394, -174.88564]
					},
					"position": {
						"0.0": [-6.8375, -14.0875, 7],
						"0.125": [-10.70666, -14.89701, 7.6086],
						"0.1667": [-13.34549, -13.38493, 8.25786],
						"0.2083": [-16.76795, -10.67288, 8.84436],
						"0.25": [-20.0072, -8.23945, 9.32698],
						"0.3333": [-18.88217, -11.13033, 8.95155],
						"0.4167": [-22.20766, -6.38317, 10.31285]
					},
					"scale": [1, 1.5, 1]
				},
				"root": {
					"rotation": {
						"0.0": {
							"post": [0, 0, 0],
							"lerp_mode": "catmullrom"
						},
						"0.125": {
							"post": [-5.602, -4.816, 15.099],
							"lerp_mode": "catmullrom"
						},
						"0.25": {
							"post": [-10.05, -23.3, -28.93],
							"lerp_mode": "catmullrom"
						},
						"0.3333": {
							"post": [-9.145, -28.757, -38.389],
							"lerp_mode": "catmullrom"
						},
						"0.4583": {
							"post": [18.146, -15.385, -12.327],
							"lerp_mode": "catmullrom"
						},
						"0.625": {
							"post": [18.146, -15.385, -12.327],
							"lerp_mode": "catmullrom"
						}
					},
					"position": {
						"0.0": {
							"post": [0, 0, 0],
							"lerp_mode": "catmullrom"
						},
						"0.0833": {
							"post": [0.38, 0.97, -0.52],
							"lerp_mode": "catmullrom"
						},
						"0.1667": {
							"post": [2.678, 0.788, -2.838],
							"lerp_mode": "catmullrom"
						},
						"0.3333": {
							"post": [8.63, -10.358, 0.027],
							"lerp_mode": "catmullrom"
						},
						"0.4583": {
							"post": [9.431, -18.904, 5.936],
							"lerp_mode": "catmullrom"
						},
						"0.625": {
							"post": [9.431, -18.904, 5.936],
							"lerp_mode": "catmullrom"
						}
					},
					"scale": {
						"0.0": {
							"post": [1, 1, 1],
							"lerp_mode": "catmullrom"
						},
						"0.625": {
							"post": [1, 1, 1],
							"lerp_mode": "catmullrom"
						}
					}
				},
				"camera": {
					"rotation": {
						"0.0": {
							"post": [0, 0, 0],
							"lerp_mode": "catmullrom"
						},
						"0.125": {
							"post": [-0.475, -0.325, 0.65],
							"lerp_mode": "catmullrom"
						},
						"0.25": {
							"post": [0.425, 0.775, -0.825],
							"lerp_mode": "catmullrom"
						},
						"0.3333": {
							"post": [0.6, 0.775, -1.045],
							"lerp_mode": "catmullrom"
						},
						"0.4583": {
							"post": [0.325, -0.3, 0.335],
							"lerp_mode": "catmullrom"
						},
						"0.5833": {
							"post": [0, 0, 0],
							"lerp_mode": "catmullrom"
						}
					}
				}
			}
		}
	}
}