{
  "slot": "bo6:attachment/slot/sight_accu_spot_reflex_bug",
  "model": "bo6:attachment/sight_accu_spot_reflex_bug_geo",
  "texture": "bo6:attachment/uv/sight_accu_spot_reflex_bug",
  "lod": {
    "model": "bo6:attachment/lod/sight_accu_spot_reflex_bug",
    "texture": "bo6:attachment/lod/sight_accu_spot_reflex_bug"
  },
  "zoom": [
    1.25
  ],
  "scope": false,
  "sight": true,
  "fov": 45.0,
  "sounds": {
    "install": "tacz:attachments/scope_general_c",
    "uninstall": "tacz:attachments/scope_general_c"
  }
}