{
	"format_version": "1.12.0",
	"minecraft:geometry": [
		{
			"description": {
				"identifier": "geometry.unknown",
				"texture_width": 32,
				"texture_height": 32,
				"visible_bounds_width": 2,
				"visible_bounds_height": 2,
				"visible_bounds_offset": [0, 0, 0]
			},
			"bones": [
				{
					"name": "grip",
					"pivot": [0, -8.82812, 19.8125]
				},
				{
					"name": "bone11",
					"parent": "grip",
					"pivot": [0, -1.06751, 2.21383],
					"cubes": [
						{
							"origin": [0.0091, -0.49365, 2.00626],
							"size": [0.075, 0.10607, 0.075],
							"pivot": [-0.075, -0.44063, 2.04376],
							"rotation": [0, 0, -135],
							"uv": {
								"south": {"uv": [15, 14], "uv_size": [0.5, 0.5]},
								"west": {"uv": [15, 15], "uv_size": [0.5, 0.5]}
							}
						},
						{
							"origin": [0.1591, -0.49365, 2.00626],
							"size": [0.075, 0.10607, 0.075],
							"pivot": [0.075, -0.44063, 2.04376],
							"rotation": [0, 0, -45],
							"uv": {
								"south": {"uv": [0, 16], "uv_size": [0.5, 0.5]},
								"west": {"uv": [16, 0], "uv_size": [0.5, 0.5]}
							}
						},
						{
							"origin": [-0.15, -0.80312, 2.00626],
							"size": [0.3, 0.51249, 0.075],
							"uv": {
								"south": {"uv": [1, 16], "uv_size": [0.5, 0.5]},
								"up": {"uv": [16, 1], "uv_size": [0.5, 0.5]},
								"down": {"uv": [2, 16.5], "uv_size": [0.5, -0.5]}
							}
						},
						{
							"origin": [-0.225, -0.72813, 2.00626],
							"size": [0.45, 0.36251, 0.075],
							"uv": {
								"east": {"uv": [16, 2], "uv_size": [0.5, 0.5]},
								"south": {"uv": [3, 16], "uv_size": [0.5, 0.5]},
								"west": {"uv": [16, 3], "uv_size": [0.5, 0.5]}
							}
						},
						{
							"origin": [-0.0841, -0.70615, 2.00626],
							"size": [0.075, 0.10607, 0.075],
							"pivot": [0.075, -0.65313, 2.04376],
							"rotation": [0, 0, -135],
							"uv": {
								"east": {"uv": [4, 16], "uv_size": [0.5, 0.5]},
								"south": {"uv": [16, 4], "uv_size": [0.5, 0.5]}
							}
						},
						{
							"origin": [-0.2341, -0.70615, 2.00626],
							"size": [0.075, 0.10607, 0.075],
							"pivot": [-0.075, -0.65313, 2.04376],
							"rotation": [0, 0, -45],
							"uv": {
								"east": {"uv": [5, 16], "uv_size": [0.5, 0.5]},
								"south": {"uv": [16, 5], "uv_size": [0.5, 0.5]}
							}
						},
						{
							"origin": [-0.15, -1.25313, 2.00626],
							"size": [0.3, 0.45001, 0.075],
							"uv": {
								"east": {"uv": [6, 16], "uv_size": [0.5, 0.5]},
								"south": {"uv": [16, 6], "uv_size": [0.5, 0.5]},
								"west": {"uv": [7, 16], "uv_size": [0.5, 0.5]}
							}
						},
						{
							"origin": [-0.15, -1.29251, 2.17633],
							"size": [0.3, 0.075, 0.075],
							"pivot": [0, -1.06751, 2.21383],
							"rotation": [-45, 0, 0],
							"uv": {
								"east": {"uv": [16, 7], "uv_size": [0.5, 0.5]},
								"south": {"uv": [8, 16], "uv_size": [0.5, 0.5]},
								"west": {"uv": [16, 8], "uv_size": [0.5, 0.5]},
								"up": {"uv": [9, 16], "uv_size": [0.5, 0.5]}
							}
						}
					]
				},
				{
					"name": "bone12",
					"parent": "grip",
					"pivot": [0, -2.15313, 0.7625],
					"cubes": [
						{
							"origin": [-0.7125, -0.35313, 0.5375],
							"size": [1.425, 0.225, 0.225],
							"pivot": [0, -0.09063, 0.875],
							"rotation": [-45, 0, 0],
							"uv": {
								"north": {"uv": [7, 9], "uv_size": [1.5, 0.5]},
								"east": {"uv": [16, 9], "uv_size": [0.5, 0.5]},
								"south": {"uv": [9, 7], "uv_size": [1.5, 0.5]},
								"west": {"uv": [10, 16], "uv_size": [0.5, 0.5]},
								"up": {"uv": [9, 8], "uv_size": [1.5, 0.5]},
								"down": {"uv": [9, 9.5], "uv_size": [1.5, -0.5]}
							}
						},
						{
							"origin": [-0.7125, -0.35313, 1.3625],
							"size": [1.425, 0.225, 0.225],
							"pivot": [0, -0.09063, 1.7],
							"rotation": [-45, 0, 0],
							"uv": {
								"north": {"uv": [10, 0], "uv_size": [1.5, 0.5]},
								"east": {"uv": [16, 10], "uv_size": [0.5, 0.5]},
								"south": {"uv": [1, 10], "uv_size": [1.5, 0.5]},
								"west": {"uv": [11, 16], "uv_size": [0.5, 0.5]},
								"up": {"uv": [10, 1], "uv_size": [1.5, 0.5]},
								"down": {"uv": [10, 2.5], "uv_size": [1.5, -0.5]}
							}
						},
						{
							"origin": [-0.675, -0.42812, 0.25],
							"size": [1.35, 0.67499, 1.55],
							"uv": {
								"east": {"uv": [10, 3], "uv_size": [1.5, 0.5]},
								"west": {"uv": [10, 4], "uv_size": [1.5, 0.5]},
								"up": {"uv": [3, 0], "uv_size": [1.5, 1.5]},
								"down": {"uv": [1, 4.5], "uv_size": [1.5, -1.5]}
							}
						},
						{
							"origin": [-0.675, -0.55937, 0.25],
							"size": [1.35, 0.13126, 0.4375],
							"uv": {
								"east": {"uv": [16, 11], "uv_size": [0.5, 0.5]},
								"south": {"uv": [5, 10], "uv_size": [1.5, 0.5]},
								"west": {"uv": [12, 16], "uv_size": [0.5, 0.5]},
								"down": {"uv": [10, 5.5], "uv_size": [1.5, -0.5]}
							}
						},
						{
							"origin": [-0.675, -0.55937, 1.3625],
							"size": [1.35, 0.13126, 0.4375],
							"uv": {
								"north": {"uv": [10, 6], "uv_size": [1.5, 0.5]},
								"east": {"uv": [16, 12], "uv_size": [0.5, 0.5]},
								"west": {"uv": [13, 16], "uv_size": [0.5, 0.5]},
								"down": {"uv": [7, 10.5], "uv_size": [1.5, -0.5]}
							}
						},
						{
							"origin": [0.32386, -1.25313, 0.10455],
							"size": [0.3182, 0.67501, 0.225],
							"pivot": [0.48295, -1.17813, 0.21705],
							"rotation": [0, 135, 0],
							"uv": {
								"south": {"uv": [16, 13], "uv_size": [0.5, 0.5]},
								"up": {"uv": [14, 16], "uv_size": [0.5, 0.5]}
							}
						},
						{
							"origin": [-0.50192, -0.55937, 1.38217],
							"size": [0.3182, 0.80626, 0.225],
							"pivot": [-0.82123, -0.12813, 1.49467],
							"rotation": [0, -45, 0],
							"uv": {
								"south": {"uv": [12, 6], "uv_size": [0.5, 1]},
								"up": {"uv": [16, 14], "uv_size": [0.5, 0.5]},
								"down": {"uv": [15, 16.5], "uv_size": [0.5, -0.5]}
							}
						},
						{
							"origin": [-0.50192, -1.25313, 1.38217],
							"size": [0.3182, 0.67501, 0.225],
							"pivot": [-0.82123, -1.17813, 1.49467],
							"rotation": [0, -45, 0],
							"uv": {
								"south": {"uv": [16, 15], "uv_size": [0.5, 0.5]},
								"up": {"uv": [16, 16], "uv_size": [0.5, 0.5]}
							}
						},
						{
							"origin": [-0.64205, -0.55937, 0.10455],
							"size": [0.31821, 0.80626, 0.225],
							"pivot": [-0.48295, -0.12813, 0.21705],
							"rotation": [0, -135, 0],
							"uv": {
								"south": {"uv": [13, 2], "uv_size": [0.5, 1]},
								"up": {"uv": [0, 17], "uv_size": [0.5, 0.5]},
								"down": {"uv": [17, 0.5], "uv_size": [0.5, -0.5]}
							}
						},
						{
							"origin": [-0.64205, -1.25313, 0.10455],
							"size": [0.31821, 0.67501, 0.225],
							"pivot": [-0.48295, -1.17813, 0.21705],
							"rotation": [0, -135, 0],
							"uv": {
								"south": {"uv": [1, 17], "uv_size": [0.5, 0.5]},
								"up": {"uv": [17, 1], "uv_size": [0.5, 0.5]}
							}
						},
						{
							"origin": [0.21779, -1.40313, 0.02955],
							"size": [0.53033, 0.15, 0.3],
							"pivot": [0.48295, -1.17813, 0.21705],
							"rotation": [0, 135, 0],
							"uv": {
								"south": {"uv": [2, 17], "uv_size": [0.5, 0.5]},
								"up": {"uv": [17, 2], "uv_size": [0.5, 0.5]},
								"down": {"uv": [3, 17.5], "uv_size": [0.5, -0.5]}
							}
						},
						{
							"origin": [0.20889, -1.19345, 0.11118],
							"size": [0.1496, 0.1496, 0.2996],
							"inflate": -0.001,
							"pivot": [0.47386, -1.11865, 0.26098],
							"rotation": [-144.73561, 30, -125.26439],
							"uv": {
								"south": {"uv": [17, 3], "uv_size": [0.5, 0.5]},
								"up": {"uv": [4, 17], "uv_size": [0.5, 0.5]}
							}
						},
						{
							"origin": [-0.01611, -1.4624, -0.11382],
							"size": [0.1496, 0.1496, 0.2996],
							"inflate": -0.001,
							"pivot": [0.24886, -1.3876, 0.03598],
							"rotation": [144.73561, 30, 125.26439],
							"uv": {
								"south": {"uv": [17, 4], "uv_size": [0.5, 0.5]},
								"up": {"uv": [5, 17], "uv_size": [0.5, 0.5]}
							}
						},
						{
							"origin": [-0.35849, -1.19345, 0.11118],
							"size": [0.1496, 0.1496, 0.2996],
							"inflate": -0.001,
							"pivot": [-0.47386, -1.11865, 0.26098],
							"rotation": [-144.73561, -30, 125.26439],
							"uv": {
								"north": {"uv": [17, 5], "uv_size": [0.5, 0.5]},
								"east": {"uv": [6, 17], "uv_size": [0.5, 0.5]},
								"south": {"uv": [17, 6], "uv_size": [0.5, 0.5]},
								"west": {"uv": [7, 17], "uv_size": [0.5, 0.5]},
								"up": {"uv": [17, 7], "uv_size": [0.5, 0.5]},
								"down": {"uv": [8, 17.5], "uv_size": [0.5, -0.5]}
							}
						},
						{
							"origin": [-0.13349, -1.4624, -0.11382],
							"size": [0.1496, 0.1496, 0.2996],
							"inflate": -0.001,
							"pivot": [-0.24886, -1.3876, 0.03598],
							"rotation": [144.73561, -30, -125.26439],
							"uv": {
								"north": {"uv": [17, 8], "uv_size": [0.5, 0.5]},
								"east": {"uv": [9, 17], "uv_size": [0.5, 0.5]},
								"south": {"uv": [17, 9], "uv_size": [0.5, 0.5]},
								"west": {"uv": [10, 17], "uv_size": [0.5, 0.5]},
								"up": {"uv": [17, 10], "uv_size": [0.5, 0.5]},
								"down": {"uv": [11, 17.5], "uv_size": [0.5, -0.5]}
							}
						},
						{
							"origin": [0.3841, -1.32812, 0.26231],
							"size": [0.15, 0.14999, 0.15],
							"pivot": [0.45643, -1.25313, 0.24357],
							"rotation": [-144.73561, 30, -125.26439],
							"uv": {
								"east": {"uv": [17, 11], "uv_size": [0.5, 0.5]},
								"south": {"uv": [12, 17], "uv_size": [0.5, 0.5]},
								"west": {"uv": [17, 12], "uv_size": [0.5, 0.5]},
								"up": {"uv": [13, 17], "uv_size": [0.5, 0.5]},
								"down": {"uv": [17, 13.5], "uv_size": [0.5, -0.5]}
							}
						},
						{
							"origin": [-0.51535, -1.32812, 1.82519],
							"size": [0.15, 0.14999, 0.15],
							"pivot": [-0.45643, -1.25313, 1.80643],
							"rotation": [35.26439, -30, -54.73561],
							"uv": {
								"east": {"uv": [14, 17], "uv_size": [0.5, 0.5]},
								"south": {"uv": [17, 14], "uv_size": [0.5, 0.5]},
								"west": {"uv": [15, 17], "uv_size": [0.5, 0.5]},
								"up": {"uv": [17, 15], "uv_size": [0.5, 0.5]},
								"down": {"uv": [16, 17.5], "uv_size": [0.5, -0.5]}
							}
						},
						{
							"origin": [-0.5341, -1.32812, 0.26231],
							"size": [0.15, 0.14999, 0.15],
							"pivot": [-0.45643, -1.25313, 0.24357],
							"rotation": [-144.73561, -30, 125.26439],
							"uv": {
								"east": {"uv": [17, 16], "uv_size": [0.5, 0.5]},
								"south": {"uv": [17, 17], "uv_size": [0.5, 0.5]},
								"west": {"uv": [0, 18], "uv_size": [0.5, 0.5]},
								"up": {"uv": [18, 0], "uv_size": [0.5, 0.5]},
								"down": {"uv": [1, 18.5], "uv_size": [0.5, -0.5]}
							}
						},
						{
							"origin": [-0.60799, -1.40313, 1.30717],
							"size": [0.53033, 0.15, 0.3],
							"pivot": [-0.82123, -1.17813, 1.49467],
							"rotation": [0, -45, 0],
							"uv": {
								"south": {"uv": [18, 1], "uv_size": [0.5, 0.5]},
								"up": {"uv": [2, 18], "uv_size": [0.5, 0.5]},
								"down": {"uv": [18, 2.5], "uv_size": [0.5, -0.5]}
							}
						},
						{
							"origin": [-0.73882, -1.4624, 1.63922],
							"size": [0.1496, 0.1496, 0.2996],
							"inflate": -0.001,
							"pivot": [-0.47386, -1.3876, 1.78902],
							"rotation": [-35.26439, -30, 54.73561],
							"uv": {
								"east": {"uv": [3, 18], "uv_size": [0.5, 0.5]},
								"south": {"uv": [18, 3], "uv_size": [0.5, 0.5]}
							}
						},
						{
							"origin": [0.17406, -1.4624, 1.67406],
							"size": [0.1496, 0.1496, 0.2996],
							"inflate": -0.001,
							"pivot": [0.43902, -1.3876, 1.82386],
							"rotation": [35.26439, 30, 54.73561],
							"uv": {
								"east": {"uv": [4, 18], "uv_size": [0.5, 0.5]},
								"south": {"uv": [18, 4], "uv_size": [0.5, 0.5]}
							}
						},
						{
							"origin": [0.58922, -1.4624, 1.63922],
							"size": [0.1496, 0.1496, 0.2996],
							"inflate": -0.001,
							"pivot": [0.47386, -1.3876, 1.78902],
							"rotation": [-35.26439, 30, -54.73561],
							"uv": {
								"south": {"uv": [5, 18], "uv_size": [0.5, 0.5]},
								"west": {"uv": [18, 5], "uv_size": [0.5, 0.5]}
							}
						},
						{
							"origin": [-0.32366, -1.4624, 1.67406],
							"size": [0.1496, 0.1496, 0.2996],
							"inflate": -0.001,
							"pivot": [-0.43902, -1.3876, 1.82386],
							"rotation": [35.26439, -30, -54.73561],
							"uv": {
								"south": {"uv": [6, 18], "uv_size": [0.5, 0.5]},
								"west": {"uv": [18, 6], "uv_size": [0.5, 0.5]}
							}
						},
						{
							"origin": [-0.74812, -1.40313, 0.02955],
							"size": [0.53033, 0.15, 0.3],
							"pivot": [-0.48295, -1.17813, 0.21705],
							"rotation": [0, -135, 0],
							"uv": {
								"south": {"uv": [7, 18], "uv_size": [0.5, 0.5]},
								"up": {"uv": [18, 7], "uv_size": [0.5, 0.5]},
								"down": {"uv": [8, 18.5], "uv_size": [0.5, -0.5]}
							}
						},
						{
							"origin": [-0.45, -1.25313, 0.025],
							"size": [0.9, 0.67501, 0.225],
							"uv": {
								"north": {"uv": [13, 3], "uv_size": [1, 0.5]},
								"up": {"uv": [13, 4], "uv_size": [1, 0.5]}
							}
						},
						{
							"origin": [-0.45, -1.25313, 1.8],
							"size": [0.9, 0.67501, 0.225],
							"uv": {
								"south": {"uv": [13, 5], "uv_size": [1, 0.5]},
								"up": {"uv": [13, 6], "uv_size": [1, 0.5]}
							}
						},
						{
							"origin": [0.18373, -1.25313, 1.38217],
							"size": [0.31821, 0.67501, 0.225],
							"pivot": [0.82123, -1.17813, 1.49467],
							"rotation": [0, 45, 0],
							"uv": {
								"south": {"uv": [18, 8], "uv_size": [0.5, 0.5]},
								"up": {"uv": [9, 18], "uv_size": [0.5, 0.5]}
							}
						},
						{
							"origin": [0.07766, -1.40313, 1.30717],
							"size": [0.53033, 0.15, 0.3],
							"pivot": [0.82123, -1.17813, 1.49467],
							"rotation": [0, 45, 0],
							"uv": {
								"south": {"uv": [18, 9], "uv_size": [0.5, 0.5]},
								"up": {"uv": [10, 18], "uv_size": [0.5, 0.5]},
								"down": {"uv": [18, 10.5], "uv_size": [0.5, -0.5]}
							}
						},
						{
							"origin": [0.36535, -1.32812, 1.82519],
							"size": [0.15, 0.14999, 0.15],
							"pivot": [0.45643, -1.25313, 1.80643],
							"rotation": [35.26439, 30, 54.73561],
							"uv": {
								"east": {"uv": [11, 18], "uv_size": [0.5, 0.5]},
								"south": {"uv": [18, 11], "uv_size": [0.5, 0.5]},
								"west": {"uv": [12, 18], "uv_size": [0.5, 0.5]},
								"up": {"uv": [18, 12], "uv_size": [0.5, 0.5]},
								"down": {"uv": [13, 18.5], "uv_size": [0.5, -0.5]}
							}
						},
						{
							"origin": [-0.675, -1.25313, 0.25],
							"size": [1.35, 0.67501, 1.55],
							"uv": {
								"east": {"uv": [9, 10], "uv_size": [1.5, 0.5]},
								"west": {"uv": [0, 11], "uv_size": [1.5, 0.5]},
								"up": {"uv": [3, 2], "uv_size": [1.5, 1.5]},
								"down": {"uv": [3, 5.5], "uv_size": [1.5, -1.5]}
							}
						},
						{
							"origin": [-0.675, -0.57812, 0.70626],
							"size": [1.35, 0.13125, 0.6375],
							"uv": {
								"north": {"uv": [2, 11], "uv_size": [1.5, 0.5]},
								"east": {"uv": [18, 13], "uv_size": [0.5, 0.5]},
								"south": {"uv": [4, 11], "uv_size": [1.5, 0.5]},
								"west": {"uv": [14, 18], "uv_size": [0.5, 0.5]},
								"up": {"uv": [6, 11], "uv_size": [1.5, 0.5]}
							}
						},
						{
							"origin": [-0.75, -1.40313, 0.325],
							"size": [1.5, 0.15, 1.4],
							"uv": {
								"east": {"uv": [11, 7], "uv_size": [1.5, 0.5]},
								"west": {"uv": [8, 11], "uv_size": [1.5, 0.5]},
								"up": {"uv": [5, 0], "uv_size": [1.5, 1.5]},
								"down": {"uv": [1, 6.5], "uv_size": [1.5, -1.5]}
							}
						},
						{
							"origin": [0.83254, -1.96452, 0.325],
							"size": [0.15, 0.15, 1.4],
							"pivot": [0.00754, -1.88952, 1.025],
							"rotation": [0, 0, -45],
							"uv": {
								"west": {"uv": [11, 8], "uv_size": [1.5, 0.5]}
							}
						},
						{
							"origin": [0.43584, -1.19503, 1.70206],
							"size": [0.15, 0.15, 0.075],
							"pivot": [0.51084, -1.12003, 1.13956],
							"rotation": [-17.5, 0, -45],
							"uv": {
								"west": {"uv": [18, 14], "uv_size": [0.5, 0.5]}
							}
						},
						{
							"origin": [0.41796, -1.17715, 0.26091],
							"size": [0.15, 0.15, 0.075],
							"pivot": [0.49296, -1.10215, 0.89841],
							"rotation": [20, 0, -45],
							"uv": {
								"west": {"uv": [15, 18], "uv_size": [0.5, 0.5]}
							}
						},
						{
							"origin": [-0.98254, -1.96452, 0.325],
							"size": [0.15, 0.15, 1.4],
							"pivot": [-0.00754, -1.88952, 1.025],
							"rotation": [0, 0, 45],
							"uv": {
								"east": {"uv": [11, 9], "uv_size": [1.5, 0.5]}
							}
						},
						{
							"origin": [-0.375, -1.40313, -0.05],
							"size": [0.75, 0.15, 2.15],
							"uv": {
								"north": {"uv": [13, 7], "uv_size": [1, 0.5]},
								"south": {"uv": [13, 8], "uv_size": [1, 0.5]},
								"up": {"uv": [5, 2], "uv_size": [1, 2]},
								"down": {"uv": [5, 6], "uv_size": [1, -2]}
							}
						},
						{
							"origin": [-0.375, -1.99104, -0.29352],
							"size": [0.75, 0.225, 0.15],
							"pivot": [0, -1.91604, 0.71898],
							"rotation": [-45, 0, 0],
							"uv": {
								"north": {"uv": [13, 9], "uv_size": [1, 0.5]}
							}
						},
						{
							"origin": [0.36109, -1.25321, 0.09347],
							"size": [0.075, 0.225, 0.15],
							"pivot": [0.06109, -1.14071, 0.16847],
							"rotation": [-43.21918, 13.99545, 14.43276],
							"uv": {
								"north": {"uv": [18, 15], "uv_size": [0.5, 0.5]}
							}
						},
						{
							"origin": [0.15, -1.99104, 2.19352],
							"size": [0.225, 0.225, 0.15],
							"pivot": [0, -1.91604, 1.33102],
							"rotation": [45, 0, 0],
							"uv": {
								"east": {"uv": [16, 18], "uv_size": [0.5, 0.5]},
								"south": {"uv": [18, 16], "uv_size": [0.5, 0.5]}
							}
						},
						{
							"origin": [-0.375, -1.99104, 2.19352],
							"size": [0.225, 0.225, 0.15],
							"pivot": [0, -1.91604, 1.33102],
							"rotation": [45, 0, 0],
							"uv": {
								"south": {"uv": [17, 18], "uv_size": [0.5, 0.5]},
								"west": {"uv": [18, 17], "uv_size": [0.5, 0.5]}
							}
						},
						{
							"origin": [0.36109, -1.25321, 1.80653],
							"size": [0.075, 0.225, 0.15],
							"pivot": [0.06109, -1.14071, 1.88153],
							"rotation": [43.21918, -13.99545, 14.43276],
							"uv": {
								"south": {"uv": [18, 18], "uv_size": [0.5, 0.5]}
							}
						},
						{
							"origin": [-0.43609, -1.25321, 0.09347],
							"size": [0.075, 0.225, 0.15],
							"pivot": [-0.06109, -1.14071, 0.16847],
							"rotation": [-43.21918, -13.99545, -14.43276],
							"uv": {
								"north": {"uv": [0, 19], "uv_size": [0.5, 0.5]}
							}
						},
						{
							"origin": [-0.56796, -1.17715, 0.26091],
							"size": [0.15, 0.15, 0.075],
							"pivot": [-0.49296, -1.10215, 0.89841],
							"rotation": [20, 0, 45],
							"uv": {
								"east": {"uv": [19, 0], "uv_size": [0.5, 0.5]}
							}
						},
						{
							"origin": [-0.58584, -1.19503, 1.70206],
							"size": [0.15, 0.15, 0.075],
							"pivot": [-0.51084, -1.12003, 1.13956],
							"rotation": [-17.5, 0, 45],
							"uv": {
								"east": {"uv": [1, 19], "uv_size": [0.5, 0.5]}
							}
						},
						{
							"origin": [-0.43609, -1.25321, 1.80653],
							"size": [0.075, 0.225, 0.15],
							"pivot": [-0.06109, -1.14071, 1.88153],
							"rotation": [43.21918, 13.99545, -14.43276],
							"uv": {
								"south": {"uv": [19, 1], "uv_size": [0.5, 0.5]}
							}
						},
						{
							"origin": [-0.45, -0.55937, 1.8],
							"size": [0.9, 0.80626, 0.225],
							"uv": {
								"south": {"uv": [4, 8], "uv_size": [1, 1]},
								"up": {"uv": [10, 13], "uv_size": [1, 0.5]},
								"down": {"uv": [13, 10.5], "uv_size": [1, -0.5]}
							}
						},
						{
							"origin": [0.18373, -0.55937, 1.38217],
							"size": [0.31821, 0.80626, 0.225],
							"pivot": [0.82123, -0.12813, 1.49467],
							"rotation": [0, 45, 0],
							"uv": {
								"south": {"uv": [13, 11], "uv_size": [0.5, 1]},
								"up": {"uv": [2, 19], "uv_size": [0.5, 0.5]},
								"down": {"uv": [19, 2.5], "uv_size": [0.5, -0.5]}
							}
						},
						{
							"origin": [0.32386, -0.55937, 0.10455],
							"size": [0.3182, 0.80626, 0.225],
							"pivot": [0.48295, -0.12813, 0.21705],
							"rotation": [0, 135, 0],
							"uv": {
								"south": {"uv": [13, 12], "uv_size": [0.5, 1]},
								"up": {"uv": [3, 19], "uv_size": [0.5, 0.5]},
								"down": {"uv": [19, 3.5], "uv_size": [0.5, -0.5]}
							}
						},
						{
							"origin": [-0.45, -0.55937, 0.025],
							"size": [0.9, 0.80626, 0.225],
							"uv": {
								"north": {"uv": [8, 6], "uv_size": [1, 1]},
								"up": {"uv": [13, 13], "uv_size": [1, 0.5]},
								"down": {"uv": [0, 14.5], "uv_size": [1, -0.5]}
							}
						}
					]
				},
				{
					"name": "bone14",
					"parent": "grip",
					"pivot": [-0.9, -0.35313, 0.1625],
					"cubes": [
						{
							"origin": [-0.525, -5.37813, 0.1625],
							"size": [1.05, 1.65, 0.49111],
							"uv": {
								"east": {"uv": [10, 11], "uv_size": [0.5, 1.5]},
								"south": {"uv": [3, 6], "uv_size": [1, 1.5]},
								"west": {"uv": [11, 10], "uv_size": [0.5, 1.5]}
							}
						},
						{
							"origin": [-0.525, -4.39613, 1.0839],
							"size": [1.05, 0.3, 0.225],
							"pivot": [0, -3.57113, 1.06334],
							"rotation": [-45, 0, 0],
							"uv": {
								"east": {"uv": [4, 19], "uv_size": [0.5, 0.5]},
								"south": {"uv": [14, 0], "uv_size": [1, 0.5]},
								"west": {"uv": [19, 4], "uv_size": [0.5, 0.5]}
							}
						},
						{
							"origin": [-0.525, -4.39613, 0.6661],
							"size": [1.05, 0.3, 0.225],
							"pivot": [0, -3.57113, 0.91166],
							"rotation": [45, 0, 0],
							"uv": {
								"north": {"uv": [1, 14], "uv_size": [1, 0.5]},
								"east": {"uv": [5, 19], "uv_size": [0.5, 0.5]},
								"west": {"uv": [19, 5], "uv_size": [0.5, 0.5]}
							}
						},
						{
							"origin": [-0.525, -5.37813, 1.32139],
							"size": [1.05, 1.65, 0.49111],
							"uv": {
								"north": {"uv": [4, 6], "uv_size": [1, 1.5]},
								"east": {"uv": [0, 12], "uv_size": [0.5, 1.5]},
								"west": {"uv": [12, 0], "uv_size": [0.5, 1.5]}
							}
						},
						{
							"origin": [-0.525, -4.17813, 0.65361],
							"size": [1.05, 0.45, 0.66778],
							"uv": {
								"east": {"uv": [6, 19], "uv_size": [0.5, 0.5]},
								"west": {"uv": [19, 6], "uv_size": [0.5, 0.5]},
								"down": {"uv": [14, 1.5], "uv_size": [1, -0.5]}
							}
						},
						{
							"origin": [-0.45, -6.57812, 0.65361],
							"size": [0.9, 2.39999, 0.66778],
							"uv": {
								"east": {"uv": [6, 4], "uv_size": [0.5, 2.5]},
								"west": {"uv": [5, 6], "uv_size": [0.5, 2.5]},
								"down": {"uv": [2, 14.5], "uv_size": [1, -0.5]}
							}
						},
						{
							"origin": [0.3375, -5.75313, 0.72861],
							"size": [0.15, 1.275, 0.51778],
							"uv": {
								"north": {"uv": [1, 12], "uv_size": [0.5, 1.5]},
								"south": {"uv": [2, 12], "uv_size": [0.5, 1.5]},
								"west": {"uv": [12, 2], "uv_size": [0.5, 1.5]}
							}
						},
						{
							"origin": [0.4875, -5.37813, 0.72861],
							"size": [0.0375, 0.525, 0.51778],
							"uv": {
								"north": {"uv": [7, 19], "uv_size": [0.5, 0.5]},
								"south": {"uv": [19, 7], "uv_size": [0.5, 0.5]},
								"west": {"uv": [8, 19], "uv_size": [0.5, 0.5]},
								"up": {"uv": [19, 8], "uv_size": [0.5, 0.5]},
								"down": {"uv": [9, 19.5], "uv_size": [0.5, -0.5]}
							}
						},
						{
							"origin": [0.45, -5.22813, 0.87861],
							"size": [0.1125, 0.225, 0.21778],
							"uv": {
								"west": {"uv": [19, 9], "uv_size": [0.5, 0.5]},
								"up": {"uv": [10, 19], "uv_size": [0.5, 0.5]},
								"down": {"uv": [19, 10.5], "uv_size": [0.5, -0.5]}
							}
						},
						{
							"origin": [0.45, -5.11818, 0.98494],
							"size": [0.1125, 0.1591, 0.1591],
							"pivot": [0.54376, -5.11562, 0.9875],
							"rotation": [-45, 0, 0],
							"uv": {
								"south": {"uv": [11, 19], "uv_size": [0.5, 0.5]},
								"west": {"uv": [19, 11], "uv_size": [0.5, 0.5]},
								"up": {"uv": [12, 19], "uv_size": [0.5, 0.5]}
							}
						},
						{
							"origin": [0.45, -5.19517, 0.79906],
							"size": [0.1125, 0.15909, 0.1591],
							"pivot": [0.54376, -5.11562, 0.87861],
							"rotation": [135, 0, 0],
							"uv": {
								"south": {"uv": [19, 12], "uv_size": [0.5, 0.5]},
								"west": {"uv": [13, 19], "uv_size": [0.5, 0.5]},
								"up": {"uv": [19, 13], "uv_size": [0.5, 0.5]}
							}
						},
						{
							"origin": [0.3375, -4.47813, 0.87861],
							"size": [0.15, 0.15001, 0.21778],
							"uv": {
								"west": {"uv": [14, 19], "uv_size": [0.5, 0.5]},
								"up": {"uv": [19, 14], "uv_size": [0.5, 0.5]}
							}
						},
						{
							"origin": [0.3375, -4.52916, 1.01312],
							"size": [0.15, 0.15, 0.21214],
							"pivot": [0.45, -4.45416, 1.11636],
							"rotation": [-45, 0, 0],
							"uv": {
								"west": {"uv": [15, 19], "uv_size": [0.5, 0.5]},
								"up": {"uv": [19, 15], "uv_size": [0.5, 0.5]}
							}
						},
						{
							"origin": [0.3375, -5.75756, 0.7889],
							"size": [0.15, 0.14999, 0.21214],
							"pivot": [0.45, -5.7751, 0.9875],
							"rotation": [-135, 0, 0],
							"uv": {
								"west": {"uv": [16, 19], "uv_size": [0.5, 0.5]},
								"up": {"uv": [19, 16], "uv_size": [0.5, 0.5]}
							}
						},
						{
							"origin": [0.3375, -5.75756, 0.97396],
							"size": [0.15, 0.14999, 0.21214],
							"pivot": [0.45, -5.7751, 0.9875],
							"rotation": [135, 0, 0],
							"uv": {
								"south": {"uv": [17, 19], "uv_size": [0.5, 0.5]},
								"west": {"uv": [19, 17], "uv_size": [0.5, 0.5]},
								"up": {"uv": [18, 19], "uv_size": [0.5, 0.5]}
							}
						},
						{
							"origin": [0.3375, -4.52916, 0.74974],
							"size": [0.15, 0.15, 0.21214],
							"pivot": [0.45, -4.45416, 0.85864],
							"rotation": [45, 0, 0],
							"uv": {
								"north": {"uv": [19, 18], "uv_size": [0.5, 0.5]},
								"west": {"uv": [19, 19], "uv_size": [0.5, 0.5]},
								"up": {"uv": [0, 20], "uv_size": [0.5, 0.5]}
							}
						},
						{
							"origin": [0.3375, -5.90312, 0.87861],
							"size": [0.15, 0.14999, 0.21778],
							"uv": {
								"west": {"uv": [20, 0], "uv_size": [0.5, 0.5]},
								"down": {"uv": [1, 20.5], "uv_size": [0.5, -0.5]}
							}
						},
						{
							"origin": [-0.45, -7.77812, 0.65361],
							"size": [0.825, 1.2, 0.66778],
							"uv": {
								"east": {"uv": [14, 2], "uv_size": [0.5, 1]},
								"west": {"uv": [3, 14], "uv_size": [0.5, 1]},
								"down": {"uv": [14, 3.5], "uv_size": [1, -0.5]}
							}
						},
						{
							"origin": [0.25607, -7.79099, 0.65361],
							"size": [0.3, 0.19549, 0.66778],
							"pivot": [0.48107, -7.56599, 0.9875],
							"rotation": [0, 0, 45],
							"uv": {
								"north": {"uv": [20, 1], "uv_size": [0.5, 0.5]},
								"south": {"uv": [2, 20], "uv_size": [0.5, 0.5]},
								"west": {"uv": [20, 2], "uv_size": [0.5, 0.5]},
								"up": {"uv": [3, 20], "uv_size": [0.5, 0.5]}
							}
						},
						{
							"origin": [-0.5625, -3.80313, 0.7625],
							"size": [1.125, 1.125, 0.45],
							"uv": {
								"north": {"uv": [8, 7], "uv_size": [1, 1]},
								"east": {"uv": [4, 14], "uv_size": [0.5, 1]},
								"south": {"uv": [8, 8], "uv_size": [1, 1]},
								"west": {"uv": [14, 4], "uv_size": [0.5, 1]}
							}
						},
						{
							"origin": [-0.5625, -3.79747, 0.56246],
							"size": [1.125, 0.3182, 0.3182],
							"pivot": [0, -4.04177, 0.65565],
							"rotation": [-45, 0, 0],
							"uv": {
								"east": {"uv": [20, 3], "uv_size": [0.5, 0.5]},
								"south": {"uv": [5, 14], "uv_size": [1, 0.5]},
								"west": {"uv": [4, 20], "uv_size": [0.5, 0.5]},
								"down": {"uv": [14, 5.5], "uv_size": [1, -0.5]}
							}
						},
						{
							"origin": [-0.5625, -2.67247, 0.56246],
							"size": [1.125, 0.3182, 0.3182],
							"pivot": [0, -2.91677, 0.65565],
							"rotation": [-45, 0, 0],
							"uv": {
								"north": {"uv": [6, 14], "uv_size": [1, 0.5]},
								"east": {"uv": [20, 4], "uv_size": [0.5, 0.5]},
								"west": {"uv": [5, 20], "uv_size": [0.5, 0.5]},
								"up": {"uv": [14, 6], "uv_size": [1, 0.5]}
							}
						},
						{
							"origin": [-0.525, -7.47812, 0.42861],
							"size": [1.05, 2.09999, 0.225],
							"uv": {
								"east": {"uv": [9, 0], "uv_size": [0.5, 2]},
								"south": {"uv": [0, 6], "uv_size": [1, 2]},
								"west": {"uv": [9, 2], "uv_size": [0.5, 2]}
							}
						},
						{
							"origin": [-0.525, -7.47812, 1.32139],
							"size": [1.05, 2.09999, 0.225],
							"uv": {
								"north": {"uv": [6, 2], "uv_size": [1, 2]},
								"east": {"uv": [4, 9], "uv_size": [0.5, 2]},
								"west": {"uv": [9, 4], "uv_size": [0.5, 2]}
							}
						},
						{
							"origin": [-0.5625, -2.37812, 0.35],
							"size": [1.125, 0.19374, 0.19375],
							"pivot": [0, -2.22813, 0.5],
							"rotation": [-45, 0, 0],
							"uv": {
								"north": {"uv": [7, 14], "uv_size": [1, 0.5]},
								"east": {"uv": [20, 5], "uv_size": [0.5, 0.5]},
								"south": {"uv": [14, 7], "uv_size": [1, 0.5]},
								"west": {"uv": [6, 20], "uv_size": [0.5, 0.5]},
								"up": {"uv": [8, 14], "uv_size": [1, 0.5]},
								"down": {"uv": [14, 8.5], "uv_size": [1, -0.5]}
							}
						},
						{
							"origin": [-0.5625, -2.27188, 1.43125],
							"size": [1.125, 0.19376, 0.19375],
							"pivot": [0, -2.22813, 1.475],
							"rotation": [-45, 0, 0],
							"uv": {
								"north": {"uv": [9, 14], "uv_size": [1, 0.5]},
								"east": {"uv": [20, 6], "uv_size": [0.5, 0.5]},
								"south": {"uv": [14, 9], "uv_size": [1, 0.5]},
								"west": {"uv": [7, 20], "uv_size": [0.5, 0.5]},
								"up": {"uv": [10, 14], "uv_size": [1, 0.5]},
								"down": {"uv": [14, 10.5], "uv_size": [1, -0.5]}
							}
						},
						{
							"origin": [-0.5625, -7.02812, 0.35],
							"size": [1.125, 0.19375, 0.19375],
							"pivot": [0, -6.87812, 0.5],
							"rotation": [-45, 0, 0],
							"uv": {
								"north": {"uv": [11, 14], "uv_size": [1, 0.5]},
								"east": {"uv": [20, 7], "uv_size": [0.5, 0.5]},
								"south": {"uv": [14, 11], "uv_size": [1, 0.5]},
								"west": {"uv": [8, 20], "uv_size": [0.5, 0.5]},
								"up": {"uv": [12, 14], "uv_size": [1, 0.5]},
								"down": {"uv": [14, 12.5], "uv_size": [1, -0.5]}
							}
						},
						{
							"origin": [-0.5625, -6.92187, 1.43125],
							"size": [1.125, 0.19375, 0.19375],
							"pivot": [0, -6.87812, 1.475],
							"rotation": [-45, 0, 0],
							"uv": {
								"north": {"uv": [13, 14], "uv_size": [1, 0.5]},
								"east": {"uv": [20, 8], "uv_size": [0.5, 0.5]},
								"south": {"uv": [14, 13], "uv_size": [1, 0.5]},
								"west": {"uv": [9, 20], "uv_size": [0.5, 0.5]},
								"up": {"uv": [14, 14], "uv_size": [1, 0.5]},
								"down": {"uv": [0, 15.5], "uv_size": [1, -0.5]}
							}
						},
						{
							"origin": [-0.525, -3.7366, 0.21141],
							"size": [1.05, 2.55, 0.9],
							"pivot": [0.07688, -2.6116, 0.3811],
							"rotation": [-2.5, 0, 0],
							"uv": {
								"east": {"uv": [0, 0], "uv_size": [1, 2.5]},
								"west": {"uv": [1, 0], "uv_size": [1, 2.5]}
							}
						},
						{
							"origin": [-0.525, -7.61965, 0.21141],
							"size": [1.05, 2.25, 0.375],
							"pivot": [0.07688, -6.49465, 0.3811],
							"rotation": [2.5, 0, 0],
							"uv": {
								"east": {"uv": [7, 0], "uv_size": [0.5, 2.5]},
								"west": {"uv": [1, 7], "uv_size": [0.5, 2.5]}
							}
						},
						{
							"origin": [-0.33562, -2.55534, 0.0258],
							"size": [0.675, 1.36876, 0.3],
							"pivot": [0.00188, -2.6116, 0.3811],
							"rotation": [-2.5, 0, 0],
							"uv": {
								"north": {"uv": [3, 12], "uv_size": [0.5, 1.5]},
								"down": {"uv": [20, 9.5], "uv_size": [0.5, -0.5]}
							}
						},
						{
							"origin": [-0.22872, -3.7366, 1.76182],
							"size": [0.26516, 1.21876, 0.30267],
							"pivot": [0.07688, -2.6116, 1.5189],
							"rotation": [3.53329, -44.94549, -2.49762],
							"uv": {
								"south": {"uv": [15, 0], "uv_size": [0.5, 1]}
							}
						},
						{
							"origin": [-0.33562, -3.7366, 1.5742],
							"size": [0.675, 1.21876, 0.3],
							"pivot": [0.00188, -2.6116, 1.5189],
							"rotation": [2.5, 0, 0],
							"uv": {
								"south": {"uv": [1, 15], "uv_size": [0.5, 1]}
							}
						},
						{
							"origin": [-0.03268, -3.7366, 1.76182],
							"size": [0.2625, 1.21876, 0.3],
							"pivot": [-0.07312, -2.6116, 1.5189],
							"rotation": [3.53329, 44.94549, 2.49762],
							"uv": {
								"south": {"uv": [15, 1], "uv_size": [0.5, 1]}
							}
						},
						{
							"origin": [-0.41239, -5.38612, 1.46881],
							"size": [0.26201, 1.66599, 0.1875],
							"pivot": [-0.5629, -6.10938, 1.56255],
							"rotation": [0, -45, 0],
							"uv": {
								"south": {"uv": [4, 12], "uv_size": [0.5, 1.5]}
							}
						},
						{
							"origin": [-0.3375, -5.38612, 1.73302],
							"size": [0.675, 1.66599, 0.1875],
							"uv": {
								"south": {"uv": [12, 4], "uv_size": [0.5, 1.5]}
							}
						},
						{
							"origin": [0.1504, -5.38612, 1.46881],
							"size": [0.262, 1.66599, 0.1875],
							"pivot": [0.5629, -6.10938, 1.56255],
							"rotation": [0, 45, 0],
							"uv": {
								"south": {"uv": [5, 12], "uv_size": [0.5, 1.5]}
							}
						},
						{
							"origin": [-0.22606, -7.61965, 1.76182],
							"size": [0.2625, 2.25, 0.3],
							"pivot": [0.07688, -6.49465, 1.5189],
							"rotation": [-3.53329, -44.94549, 2.49762],
							"uv": {
								"south": {"uv": [2, 7], "uv_size": [0.5, 2.5]}
							}
						},
						{
							"origin": [-0.33562, -7.61965, 1.5742],
							"size": [0.675, 2.25, 0.3],
							"pivot": [0.00188, -6.49465, 1.5189],
							"rotation": [-2.5, 0, 0],
							"uv": {
								"south": {"uv": [7, 3], "uv_size": [0.5, 2.5]}
							}
						},
						{
							"origin": [-0.03268, -7.61965, 1.76182],
							"size": [0.2625, 2.25, 0.3],
							"pivot": [-0.07312, -6.49465, 1.5189],
							"rotation": [-3.53329, 44.94549, -2.49762],
							"uv": {
								"south": {"uv": [6, 7], "uv_size": [0.5, 2.5]}
							}
						},
						{
							"origin": [-0.22872, -2.9491, 1.83682],
							"size": [0.26516, 0.24376, 0.30267],
							"pivot": [0.07688, -2.6116, 1.5939],
							"rotation": [3.53329, -44.94549, -2.49762],
							"uv": {
								"south": {"uv": [10, 20], "uv_size": [0.5, 0.5]},
								"up": {"uv": [20, 10], "uv_size": [0.5, 0.5]},
								"down": {"uv": [11, 20.5], "uv_size": [0.5, -0.5]}
							}
						},
						{
							"origin": [-0.33562, -2.9491, 1.6492],
							"size": [0.675, 0.24376, 0.3],
							"pivot": [0.00188, -2.6116, 1.5939],
							"rotation": [2.5, 0, 0],
							"uv": {
								"south": {"uv": [20, 11], "uv_size": [0.5, 0.5]},
								"up": {"uv": [12, 20], "uv_size": [0.5, 0.5]},
								"down": {"uv": [20, 12.5], "uv_size": [0.5, -0.5]}
							}
						},
						{
							"origin": [-0.03268, -2.9491, 1.83682],
							"size": [0.2625, 0.24376, 0.3],
							"pivot": [-0.07312, -2.6116, 1.5939],
							"rotation": [3.53329, 44.94549, 2.49762],
							"uv": {
								"south": {"uv": [13, 20], "uv_size": [0.5, 0.5]},
								"up": {"uv": [20, 13], "uv_size": [0.5, 0.5]},
								"down": {"uv": [14, 20.5], "uv_size": [0.5, -0.5]}
							}
						},
						{
							"origin": [-0.03268, -3.34285, 1.83682],
							"size": [0.2625, 0.24375, 0.3],
							"pivot": [-0.07312, -2.6116, 1.5939],
							"rotation": [3.53329, 44.94549, 2.49762],
							"uv": {
								"south": {"uv": [20, 14], "uv_size": [0.5, 0.5]},
								"up": {"uv": [15, 20], "uv_size": [0.5, 0.5]},
								"down": {"uv": [20, 15.5], "uv_size": [0.5, -0.5]}
							}
						},
						{
							"origin": [-0.33562, -3.34285, 1.6492],
							"size": [0.675, 0.24375, 0.3],
							"pivot": [0.00188, -2.6116, 1.5939],
							"rotation": [2.5, 0, 0],
							"uv": {
								"south": {"uv": [16, 20], "uv_size": [0.5, 0.5]},
								"up": {"uv": [20, 16], "uv_size": [0.5, 0.5]},
								"down": {"uv": [17, 20.5], "uv_size": [0.5, -0.5]}
							}
						},
						{
							"origin": [-0.22872, -3.34285, 1.83682],
							"size": [0.26516, 0.24375, 0.30267],
							"pivot": [0.07688, -2.6116, 1.5939],
							"rotation": [3.53329, -44.94549, -2.49762],
							"uv": {
								"south": {"uv": [20, 17], "uv_size": [0.5, 0.5]},
								"up": {"uv": [18, 20], "uv_size": [0.5, 0.5]},
								"down": {"uv": [20, 18.5], "uv_size": [0.5, -0.5]}
							}
						},
						{
							"origin": [-0.22872, -3.7366, 1.83682],
							"size": [0.26516, 0.24376, 0.30267],
							"pivot": [0.07688, -2.6116, 1.5939],
							"rotation": [3.53329, -44.94549, -2.49762],
							"uv": {
								"south": {"uv": [19, 20], "uv_size": [0.5, 0.5]},
								"up": {"uv": [20, 19], "uv_size": [0.5, 0.5]},
								"down": {"uv": [20, 20.5], "uv_size": [0.5, -0.5]}
							}
						},
						{
							"origin": [-0.33562, -3.7366, 1.6492],
							"size": [0.675, 0.24376, 0.3],
							"pivot": [0.00188, -2.6116, 1.5939],
							"rotation": [2.5, 0, 0],
							"uv": {
								"south": {"uv": [0, 21], "uv_size": [0.5, 0.5]},
								"up": {"uv": [21, 0], "uv_size": [0.5, 0.5]},
								"down": {"uv": [1, 21.5], "uv_size": [0.5, -0.5]}
							}
						},
						{
							"origin": [-0.03268, -3.7366, 1.83682],
							"size": [0.2625, 0.24376, 0.3],
							"pivot": [-0.07312, -2.6116, 1.5939],
							"rotation": [3.53329, 44.94549, 2.49762],
							"uv": {
								"south": {"uv": [21, 1], "uv_size": [0.5, 0.5]},
								"up": {"uv": [2, 21], "uv_size": [0.5, 0.5]},
								"down": {"uv": [21, 2.5], "uv_size": [0.5, -0.5]}
							}
						},
						{
							"origin": [-0.03268, -6.45715, 1.83682],
							"size": [0.2625, 0.24375, 0.3],
							"pivot": [-0.07312, -6.17591, 1.5939],
							"rotation": [-3.53329, 44.94549, -2.49762],
							"uv": {
								"south": {"uv": [3, 21], "uv_size": [0.5, 0.5]},
								"up": {"uv": [21, 3], "uv_size": [0.5, 0.5]},
								"down": {"uv": [4, 21.5], "uv_size": [0.5, -0.5]}
							}
						},
						{
							"origin": [-0.22606, -6.45715, 1.83682],
							"size": [0.2625, 0.24375, 0.3],
							"pivot": [0.07688, -6.17591, 1.5939],
							"rotation": [-3.53329, -44.94549, 2.49762],
							"uv": {
								"south": {"uv": [21, 4], "uv_size": [0.5, 0.5]},
								"up": {"uv": [5, 21], "uv_size": [0.5, 0.5]},
								"down": {"uv": [21, 5.5], "uv_size": [0.5, -0.5]}
							}
						},
						{
							"origin": [-0.33562, -6.45715, 1.6492],
							"size": [0.675, 0.24375, 0.3],
							"pivot": [0.00188, -6.17591, 1.5939],
							"rotation": [-2.5, 0, 0],
							"uv": {
								"south": {"uv": [6, 21], "uv_size": [0.5, 0.5]},
								"up": {"uv": [21, 6], "uv_size": [0.5, 0.5]},
								"down": {"uv": [7, 21.5], "uv_size": [0.5, -0.5]}
							}
						},
						{
							"origin": [-0.03268, -6.06341, 1.83682],
							"size": [0.2625, 0.24376, 0.3],
							"pivot": [-0.07312, -6.25091, 1.5939],
							"rotation": [-3.53329, 44.94549, -2.49762],
							"uv": {
								"south": {"uv": [21, 7], "uv_size": [0.5, 0.5]},
								"up": {"uv": [8, 21], "uv_size": [0.5, 0.5]},
								"down": {"uv": [21, 8.5], "uv_size": [0.5, -0.5]}
							}
						},
						{
							"origin": [-0.22606, -6.06341, 1.83682],
							"size": [0.2625, 0.24376, 0.3],
							"pivot": [0.07688, -6.25091, 1.5939],
							"rotation": [-3.53329, -44.94549, 2.49762],
							"uv": {
								"south": {"uv": [9, 21], "uv_size": [0.5, 0.5]},
								"up": {"uv": [21, 9], "uv_size": [0.5, 0.5]},
								"down": {"uv": [10, 21.5], "uv_size": [0.5, -0.5]}
							}
						},
						{
							"origin": [-0.33562, -6.06341, 1.6492],
							"size": [0.675, 0.24376, 0.3],
							"pivot": [0.00188, -6.25091, 1.5939],
							"rotation": [-2.5, 0, 0],
							"uv": {
								"south": {"uv": [21, 10], "uv_size": [0.5, 0.5]},
								"up": {"uv": [11, 21], "uv_size": [0.5, 0.5]},
								"down": {"uv": [21, 11.5], "uv_size": [0.5, -0.5]}
							}
						},
						{
							"origin": [-0.22606, -5.66965, 1.83682],
							"size": [0.2625, 0.24375, 0.3],
							"pivot": [0.07688, -6.32591, 1.5939],
							"rotation": [-3.53329, -44.94549, 2.49762],
							"uv": {
								"south": {"uv": [12, 21], "uv_size": [0.5, 0.5]},
								"up": {"uv": [21, 12], "uv_size": [0.5, 0.5]},
								"down": {"uv": [13, 21.5], "uv_size": [0.5, -0.5]}
							}
						},
						{
							"origin": [-0.33562, -5.66965, 1.6492],
							"size": [0.675, 0.24375, 0.3],
							"pivot": [0.00188, -6.32591, 1.5939],
							"rotation": [-2.5, 0, 0],
							"uv": {
								"south": {"uv": [21, 13], "uv_size": [0.5, 0.5]},
								"up": {"uv": [14, 21], "uv_size": [0.5, 0.5]},
								"down": {"uv": [21, 14.5], "uv_size": [0.5, -0.5]}
							}
						},
						{
							"origin": [-0.03268, -5.66965, 1.83682],
							"size": [0.2625, 0.24375, 0.3],
							"pivot": [-0.07312, -6.32591, 1.5939],
							"rotation": [-3.53329, 44.94549, -2.49762],
							"uv": {
								"south": {"uv": [15, 21], "uv_size": [0.5, 0.5]},
								"up": {"uv": [21, 15], "uv_size": [0.5, 0.5]},
								"down": {"uv": [16, 21.5], "uv_size": [0.5, -0.5]}
							}
						},
						{
							"origin": [-0.41239, -5.29237, 1.54381],
							"size": [0.26201, 0.24098, 0.1875],
							"pivot": [-0.5629, -6.10938, 1.63755],
							"rotation": [0, -45, 0],
							"uv": {
								"south": {"uv": [21, 16], "uv_size": [0.5, 0.5]},
								"up": {"uv": [17, 21], "uv_size": [0.5, 0.5]},
								"down": {"uv": [21, 17.5], "uv_size": [0.5, -0.5]}
							}
						},
						{
							"origin": [-0.3375, -5.29237, 1.80802],
							"size": [0.675, 0.24098, 0.1875],
							"uv": {
								"south": {"uv": [18, 21], "uv_size": [0.5, 0.5]},
								"up": {"uv": [21, 18], "uv_size": [0.5, 0.5]},
								"down": {"uv": [19, 21.5], "uv_size": [0.5, -0.5]}
							}
						},
						{
							"origin": [0.1504, -5.29237, 1.54381],
							"size": [0.262, 0.24098, 0.1875],
							"pivot": [0.5629, -6.10938, 1.63755],
							"rotation": [0, 45, 0],
							"uv": {
								"south": {"uv": [21, 19], "uv_size": [0.5, 0.5]},
								"up": {"uv": [20, 21], "uv_size": [0.5, 0.5]},
								"down": {"uv": [21, 20.5], "uv_size": [0.5, -0.5]}
							}
						},
						{
							"origin": [-0.3375, -4.89862, 1.80802],
							"size": [0.675, 0.24099, 0.1875],
							"uv": {
								"south": {"uv": [21, 21], "uv_size": [0.5, 0.5]},
								"up": {"uv": [0, 22], "uv_size": [0.5, 0.5]},
								"down": {"uv": [22, 0.5], "uv_size": [0.5, -0.5]}
							}
						},
						{
							"origin": [-0.41239, -4.89862, 1.54381],
							"size": [0.26201, 0.24099, 0.1875],
							"pivot": [-0.5629, -5.71562, 1.63755],
							"rotation": [0, -45, 0],
							"uv": {
								"south": {"uv": [1, 22], "uv_size": [0.5, 0.5]},
								"up": {"uv": [22, 1], "uv_size": [0.5, 0.5]},
								"down": {"uv": [2, 22.5], "uv_size": [0.5, -0.5]}
							}
						},
						{
							"origin": [0.1504, -4.89862, 1.54381],
							"size": [0.262, 0.24099, 0.1875],
							"pivot": [0.5629, -5.71562, 1.63755],
							"rotation": [0, 45, 0],
							"uv": {
								"south": {"uv": [22, 2], "uv_size": [0.5, 0.5]},
								"up": {"uv": [3, 22], "uv_size": [0.5, 0.5]},
								"down": {"uv": [22, 3.5], "uv_size": [0.5, -0.5]}
							}
						},
						{
							"origin": [-0.3375, -4.50487, 1.80802],
							"size": [0.675, 0.24098, 0.1875],
							"uv": {
								"south": {"uv": [4, 22], "uv_size": [0.5, 0.5]},
								"up": {"uv": [22, 4], "uv_size": [0.5, 0.5]},
								"down": {"uv": [5, 22.5], "uv_size": [0.5, -0.5]}
							}
						},
						{
							"origin": [-0.41239, -4.50487, 1.54381],
							"size": [0.26201, 0.24098, 0.1875],
							"pivot": [-0.5629, -5.32188, 1.63755],
							"rotation": [0, -45, 0],
							"uv": {
								"south": {"uv": [22, 5], "uv_size": [0.5, 0.5]},
								"up": {"uv": [6, 22], "uv_size": [0.5, 0.5]},
								"down": {"uv": [22, 6.5], "uv_size": [0.5, -0.5]}
							}
						},
						{
							"origin": [0.1504, -4.50487, 1.54381],
							"size": [0.262, 0.24098, 0.1875],
							"pivot": [0.5629, -5.32188, 1.63755],
							"rotation": [0, 45, 0],
							"uv": {
								"south": {"uv": [7, 22], "uv_size": [0.5, 0.5]},
								"up": {"uv": [22, 7], "uv_size": [0.5, 0.5]},
								"down": {"uv": [8, 22.5], "uv_size": [0.5, -0.5]}
							}
						},
						{
							"origin": [-0.03268, -7.61965, 1.83682],
							"size": [0.2625, 1.0125, 0.3],
							"pivot": [-0.07312, -6.49465, 1.5939],
							"rotation": [-3.53329, 44.94549, -2.49762],
							"uv": {
								"south": {"uv": [2, 15], "uv_size": [0.5, 1]},
								"up": {"uv": [22, 8], "uv_size": [0.5, 0.5]}
							}
						},
						{
							"origin": [-0.33562, -7.61965, 1.6492],
							"size": [0.675, 1.0125, 0.3],
							"pivot": [0.00188, -6.49465, 1.5939],
							"rotation": [-2.5, 0, 0],
							"uv": {
								"south": {"uv": [15, 2], "uv_size": [0.5, 1]},
								"up": {"uv": [9, 22], "uv_size": [0.5, 0.5]}
							}
						},
						{
							"origin": [-0.41239, -4.11112, 1.54381],
							"size": [0.26201, 0.24099, 0.1875],
							"pivot": [-0.5629, -4.92812, 1.63755],
							"rotation": [0, -45, 0],
							"uv": {
								"south": {"uv": [22, 9], "uv_size": [0.5, 0.5]},
								"up": {"uv": [10, 22], "uv_size": [0.5, 0.5]},
								"down": {"uv": [22, 10.5], "uv_size": [0.5, -0.5]}
							}
						},
						{
							"origin": [0.1504, -4.11112, 1.54381],
							"size": [0.262, 0.24099, 0.1875],
							"pivot": [0.5629, -4.92812, 1.63755],
							"rotation": [0, 45, 0],
							"uv": {
								"south": {"uv": [11, 22], "uv_size": [0.5, 0.5]},
								"up": {"uv": [22, 11], "uv_size": [0.5, 0.5]},
								"down": {"uv": [12, 22.5], "uv_size": [0.5, -0.5]}
							}
						},
						{
							"origin": [-0.3375, -4.11112, 1.80802],
							"size": [0.675, 0.24099, 0.1875],
							"uv": {
								"south": {"uv": [22, 12], "uv_size": [0.5, 0.5]},
								"up": {"uv": [13, 22], "uv_size": [0.5, 0.5]},
								"down": {"uv": [22, 13.5], "uv_size": [0.5, -0.5]}
							}
						},
						{
							"origin": [-0.22872, -2.55535, 1.83682],
							"size": [0.26516, 1.36875, 0.30267],
							"pivot": [0.07688, -2.6116, 1.5939],
							"rotation": [3.53329, -44.94549, -2.49762],
							"uv": {
								"south": {"uv": [6, 12], "uv_size": [0.5, 1.5]},
								"down": {"uv": [14, 22.5], "uv_size": [0.5, -0.5]}
							}
						},
						{
							"origin": [-0.22606, -7.61965, 1.83682],
							"size": [0.2625, 1.0125, 0.3],
							"pivot": [0.07688, -6.49465, 1.5939],
							"rotation": [-3.53329, -44.94549, 2.49762],
							"uv": {
								"south": {"uv": [3, 15], "uv_size": [0.5, 1]},
								"up": {"uv": [22, 14], "uv_size": [0.5, 0.5]}
							}
						},
						{
							"origin": [-0.03268, -2.55535, 1.83682],
							"size": [0.2625, 1.36875, 0.3],
							"pivot": [-0.07312, -2.6116, 1.5939],
							"rotation": [3.53329, 44.94549, 2.49762],
							"uv": {
								"south": {"uv": [7, 12], "uv_size": [0.5, 1.5]},
								"down": {"uv": [15, 22.5], "uv_size": [0.5, -0.5]}
							}
						},
						{
							"origin": [-0.33562, -2.55535, 1.6492],
							"size": [0.675, 1.36875, 0.3],
							"pivot": [0.00188, -2.6116, 1.5939],
							"rotation": [2.5, 0, 0],
							"uv": {
								"south": {"uv": [8, 12], "uv_size": [0.5, 1.5]},
								"down": {"uv": [22, 15.5], "uv_size": [0.5, -0.5]}
							}
						},
						{
							"origin": [-0.525, -7.61965, 1.38859],
							"size": [1.05, 2.25, 0.375],
							"pivot": [0.075, -6.49465, 1.5939],
							"rotation": [-2.5, 0, 0],
							"uv": {
								"east": {"uv": [7, 6], "uv_size": [0.5, 2.5]},
								"west": {"uv": [0, 8], "uv_size": [0.5, 2.5]}
							}
						},
						{
							"origin": [-0.525, -3.7366, 0.86359],
							"size": [1.05, 2.55, 0.9],
							"pivot": [0.075, -2.6116, 1.5939],
							"rotation": [2.5, 0, 0],
							"uv": {
								"east": {"uv": [2, 0], "uv_size": [1, 2.5]},
								"west": {"uv": [0, 3], "uv_size": [1, 2.5]}
							}
						},
						{
							"origin": [-0.03268, -2.55534, -0.16182],
							"size": [0.2625, 1.36876, 0.3],
							"pivot": [-0.07312, -2.6116, 0.3811],
							"rotation": [-3.53329, -44.94549, 2.49762],
							"uv": {
								"north": {"uv": [9, 12], "uv_size": [0.5, 1.5]},
								"down": {"uv": [16, 22.5], "uv_size": [0.5, -0.5]}
							}
						},
						{
							"origin": [-0.22872, -2.9491, -0.16449],
							"size": [0.26516, 0.24376, 0.30267],
							"pivot": [0.07688, -2.6116, 0.3811],
							"rotation": [-3.53329, 44.94549, -2.49762],
							"uv": {
								"north": {"uv": [22, 16], "uv_size": [0.5, 0.5]},
								"up": {"uv": [17, 22], "uv_size": [0.5, 0.5]},
								"down": {"uv": [22, 17.5], "uv_size": [0.5, -0.5]}
							}
						},
						{
							"origin": [-0.33562, -2.9491, 0.0258],
							"size": [0.675, 0.24376, 0.3],
							"pivot": [0.00188, -2.6116, 0.3811],
							"rotation": [-2.5, 0, 0],
							"uv": {
								"north": {"uv": [18, 22], "uv_size": [0.5, 0.5]},
								"up": {"uv": [22, 18], "uv_size": [0.5, 0.5]},
								"down": {"uv": [19, 22.5], "uv_size": [0.5, -0.5]}
							}
						},
						{
							"origin": [-0.03268, -2.9491, -0.16182],
							"size": [0.2625, 0.24376, 0.3],
							"pivot": [-0.07312, -2.6116, 0.3811],
							"rotation": [-3.53329, -44.94549, 2.49762],
							"uv": {
								"north": {"uv": [22, 19], "uv_size": [0.5, 0.5]},
								"up": {"uv": [20, 22], "uv_size": [0.5, 0.5]},
								"down": {"uv": [22, 20.5], "uv_size": [0.5, -0.5]}
							}
						},
						{
							"origin": [-0.22872, -3.7366, -0.16449],
							"size": [0.26516, 0.24376, 0.30267],
							"pivot": [0.07688, -2.6116, 0.3811],
							"rotation": [-3.53329, 44.94549, -2.49762],
							"uv": {
								"north": {"uv": [21, 22], "uv_size": [0.5, 0.5]},
								"up": {"uv": [22, 21], "uv_size": [0.5, 0.5]},
								"down": {"uv": [22, 22.5], "uv_size": [0.5, -0.5]}
							}
						},
						{
							"origin": [-0.33562, -3.7366, 0.0258],
							"size": [0.675, 0.24376, 0.3],
							"pivot": [0.00188, -2.6116, 0.3811],
							"rotation": [-2.5, 0, 0],
							"uv": {
								"north": {"uv": [0, 23], "uv_size": [0.5, 0.5]},
								"up": {"uv": [23, 0], "uv_size": [0.5, 0.5]},
								"down": {"uv": [1, 23.5], "uv_size": [0.5, -0.5]}
							}
						},
						{
							"origin": [-0.03268, -3.7366, -0.16182],
							"size": [0.2625, 0.24376, 0.3],
							"pivot": [-0.07312, -2.6116, 0.3811],
							"rotation": [-3.53329, -44.94549, 2.49762],
							"uv": {
								"north": {"uv": [23, 1], "uv_size": [0.5, 0.5]},
								"up": {"uv": [2, 23], "uv_size": [0.5, 0.5]},
								"down": {"uv": [23, 2.5], "uv_size": [0.5, -0.5]}
							}
						},
						{
							"origin": [-0.22872, -3.7366, -0.08949],
							"size": [0.26516, 1.21876, 0.30267],
							"pivot": [0.07688, -2.6116, 0.4561],
							"rotation": [-3.53329, 44.94549, -2.49762],
							"uv": {
								"north": {"uv": [15, 3], "uv_size": [0.5, 1]}
							}
						},
						{
							"origin": [-0.33562, -3.7366, 0.1008],
							"size": [0.675, 1.21876, 0.3],
							"pivot": [0.00188, -2.6116, 0.4561],
							"rotation": [-2.5, 0, 0],
							"uv": {
								"north": {"uv": [4, 15], "uv_size": [0.5, 1]}
							}
						},
						{
							"origin": [-0.03268, -3.7366, -0.08682],
							"size": [0.2625, 1.21876, 0.3],
							"pivot": [-0.07312, -2.6116, 0.4561],
							"rotation": [-3.53329, -44.94549, 2.49762],
							"uv": {
								"north": {"uv": [15, 4], "uv_size": [0.5, 1]}
							}
						},
						{
							"origin": [-0.22606, -7.61965, -0.16182],
							"size": [0.2625, 1.0125, 0.3],
							"pivot": [0.07688, -6.49465, 0.3811],
							"rotation": [3.53329, 44.94549, 2.49762],
							"uv": {
								"north": {"uv": [5, 15], "uv_size": [0.5, 1]},
								"up": {"uv": [3, 23], "uv_size": [0.5, 0.5]}
							}
						},
						{
							"origin": [-0.22872, -2.55534, -0.16449],
							"size": [0.26516, 1.36876, 0.30267],
							"pivot": [0.07688, -2.6116, 0.3811],
							"rotation": [-3.53329, 44.94549, -2.49762],
							"uv": {
								"north": {"uv": [12, 10], "uv_size": [0.5, 1.5]},
								"down": {"uv": [23, 3.5], "uv_size": [0.5, -0.5]}
							}
						},
						{
							"origin": [-0.03268, -3.34284, -0.16182],
							"size": [0.2625, 0.24376, 0.3],
							"pivot": [-0.07312, -2.6116, 0.3811],
							"rotation": [-3.53329, -44.94549, 2.49762],
							"uv": {
								"north": {"uv": [4, 23], "uv_size": [0.5, 0.5]},
								"up": {"uv": [23, 4], "uv_size": [0.5, 0.5]},
								"down": {"uv": [5, 23.5], "uv_size": [0.5, -0.5]}
							}
						},
						{
							"origin": [-0.33562, -3.34284, 0.0258],
							"size": [0.675, 0.24376, 0.3],
							"pivot": [0.00188, -2.6116, 0.3811],
							"rotation": [-2.5, 0, 0],
							"uv": {
								"north": {"uv": [23, 5], "uv_size": [0.5, 0.5]},
								"up": {"uv": [6, 23], "uv_size": [0.5, 0.5]},
								"down": {"uv": [23, 6.5], "uv_size": [0.5, -0.5]}
							}
						},
						{
							"origin": [-0.22872, -3.34284, -0.16449],
							"size": [0.26516, 0.24376, 0.30267],
							"pivot": [0.07688, -2.6116, 0.3811],
							"rotation": [-3.53329, 44.94549, -2.49762],
							"uv": {
								"north": {"uv": [7, 23], "uv_size": [0.5, 0.5]},
								"up": {"uv": [23, 7], "uv_size": [0.5, 0.5]},
								"down": {"uv": [8, 23.5], "uv_size": [0.5, -0.5]}
							}
						},
						{
							"origin": [-0.3375, -4.11112, -0.02052],
							"size": [0.675, 0.24099, 0.1875],
							"uv": {
								"north": {"uv": [23, 8], "uv_size": [0.5, 0.5]},
								"up": {"uv": [9, 23], "uv_size": [0.5, 0.5]},
								"down": {"uv": [23, 9.5], "uv_size": [0.5, -0.5]}
							}
						},
						{
							"origin": [0.1504, -4.11112, 0.24369],
							"size": [0.262, 0.24099, 0.1875],
							"pivot": [0.5629, -4.92812, 0.33745],
							"rotation": [0, -45, 0],
							"uv": {
								"north": {"uv": [10, 23], "uv_size": [0.5, 0.5]},
								"up": {"uv": [23, 10], "uv_size": [0.5, 0.5]},
								"down": {"uv": [11, 23.5], "uv_size": [0.5, -0.5]}
							}
						},
						{
							"origin": [-0.3375, -4.50486, -0.02052],
							"size": [0.675, 0.24098, 0.1875],
							"uv": {
								"north": {"uv": [23, 11], "uv_size": [0.5, 0.5]},
								"up": {"uv": [12, 23], "uv_size": [0.5, 0.5]},
								"down": {"uv": [23, 12.5], "uv_size": [0.5, -0.5]}
							}
						},
						{
							"origin": [-0.41239, -4.50486, 0.24369],
							"size": [0.26201, 0.24098, 0.1875],
							"pivot": [-0.5629, -5.32187, 0.33745],
							"rotation": [0, 45, 0],
							"uv": {
								"north": {"uv": [13, 23], "uv_size": [0.5, 0.5]},
								"up": {"uv": [23, 13], "uv_size": [0.5, 0.5]},
								"down": {"uv": [14, 23.5], "uv_size": [0.5, -0.5]}
							}
						},
						{
							"origin": [0.1504, -4.50486, 0.24369],
							"size": [0.262, 0.24098, 0.1875],
							"pivot": [0.5629, -5.32187, 0.33745],
							"rotation": [0, -45, 0],
							"uv": {
								"north": {"uv": [23, 14], "uv_size": [0.5, 0.5]},
								"up": {"uv": [15, 23], "uv_size": [0.5, 0.5]},
								"down": {"uv": [23, 15.5], "uv_size": [0.5, -0.5]}
							}
						},
						{
							"origin": [-0.3375, -4.89862, -0.02052],
							"size": [0.675, 0.24099, 0.1875],
							"uv": {
								"north": {"uv": [16, 23], "uv_size": [0.5, 0.5]},
								"up": {"uv": [23, 16], "uv_size": [0.5, 0.5]},
								"down": {"uv": [17, 23.5], "uv_size": [0.5, -0.5]}
							}
						},
						{
							"origin": [-0.41239, -4.89862, 0.24369],
							"size": [0.26201, 0.24099, 0.1875],
							"pivot": [-0.5629, -5.71562, 0.33745],
							"rotation": [0, 45, 0],
							"uv": {
								"north": {"uv": [23, 17], "uv_size": [0.5, 0.5]},
								"up": {"uv": [18, 23], "uv_size": [0.5, 0.5]},
								"down": {"uv": [23, 18.5], "uv_size": [0.5, -0.5]}
							}
						},
						{
							"origin": [0.1504, -4.89862, 0.24369],
							"size": [0.262, 0.24099, 0.1875],
							"pivot": [0.5629, -5.71562, 0.33745],
							"rotation": [0, -45, 0],
							"uv": {
								"north": {"uv": [19, 23], "uv_size": [0.5, 0.5]},
								"up": {"uv": [23, 19], "uv_size": [0.5, 0.5]},
								"down": {"uv": [20, 23.5], "uv_size": [0.5, -0.5]}
							}
						},
						{
							"origin": [-0.41239, -5.29236, 0.24369],
							"size": [0.26201, 0.24098, 0.1875],
							"pivot": [-0.5629, -6.10937, 0.33745],
							"rotation": [0, 45, 0],
							"uv": {
								"north": {"uv": [23, 20], "uv_size": [0.5, 0.5]},
								"up": {"uv": [21, 23], "uv_size": [0.5, 0.5]},
								"down": {"uv": [23, 21.5], "uv_size": [0.5, -0.5]}
							}
						},
						{
							"origin": [-0.3375, -5.29236, -0.02052],
							"size": [0.675, 0.24098, 0.1875],
							"uv": {
								"north": {"uv": [22, 23], "uv_size": [0.5, 0.5]},
								"up": {"uv": [23, 22], "uv_size": [0.5, 0.5]},
								"down": {"uv": [23, 23.5], "uv_size": [0.5, -0.5]}
							}
						},
						{
							"origin": [0.1504, -5.29236, 0.24369],
							"size": [0.262, 0.24098, 0.1875],
							"pivot": [0.5629, -6.10937, 0.33745],
							"rotation": [0, -45, 0],
							"uv": {
								"north": {"uv": [0, 24], "uv_size": [0.5, 0.5]},
								"up": {"uv": [24, 0], "uv_size": [0.5, 0.5]},
								"down": {"uv": [1, 24.5], "uv_size": [0.5, -0.5]}
							}
						},
						{
							"origin": [-0.41239, -5.38612, 0.31869],
							"size": [0.26201, 1.66599, 0.1875],
							"pivot": [-0.5629, -6.10937, 0.41245],
							"rotation": [0, 45, 0],
							"uv": {
								"north": {"uv": [11, 12], "uv_size": [0.5, 1.5]}
							}
						},
						{
							"origin": [-0.3375, -5.38612, 0.05448],
							"size": [0.675, 1.66599, 0.1875],
							"uv": {
								"north": {"uv": [12, 12], "uv_size": [0.5, 1.5]}
							}
						},
						{
							"origin": [0.1504, -5.38612, 0.31869],
							"size": [0.262, 1.66599, 0.1875],
							"pivot": [0.5629, -6.10937, 0.41245],
							"rotation": [0, -45, 0],
							"uv": {
								"north": {"uv": [13, 0], "uv_size": [0.5, 1.5]}
							}
						},
						{
							"origin": [-0.41239, -4.11112, 0.24369],
							"size": [0.26201, 0.24099, 0.1875],
							"pivot": [-0.5629, -4.92812, 0.33745],
							"rotation": [0, 45, 0],
							"uv": {
								"north": {"uv": [24, 1], "uv_size": [0.5, 0.5]},
								"up": {"uv": [2, 24], "uv_size": [0.5, 0.5]},
								"down": {"uv": [24, 2.5], "uv_size": [0.5, -0.5]}
							}
						},
						{
							"origin": [-0.33562, -7.61965, 0.0258],
							"size": [0.675, 1.0125, 0.3],
							"pivot": [0.00188, -6.49465, 0.3811],
							"rotation": [2.5, 0, 0],
							"uv": {
								"north": {"uv": [15, 5], "uv_size": [0.5, 1]},
								"up": {"uv": [3, 24], "uv_size": [0.5, 0.5]}
							}
						},
						{
							"origin": [-0.03268, -6.45715, -0.16182],
							"size": [0.2625, 0.24375, 0.3],
							"pivot": [-0.07312, -6.1759, 0.3811],
							"rotation": [3.53329, -44.94549, -2.49762],
							"uv": {
								"north": {"uv": [24, 3], "uv_size": [0.5, 0.5]},
								"up": {"uv": [4, 24], "uv_size": [0.5, 0.5]},
								"down": {"uv": [24, 4.5], "uv_size": [0.5, -0.5]}
							}
						},
						{
							"origin": [-0.22606, -6.45715, -0.16182],
							"size": [0.2625, 0.24375, 0.3],
							"pivot": [0.07688, -6.1759, 0.3811],
							"rotation": [3.53329, 44.94549, 2.49762],
							"uv": {
								"north": {"uv": [5, 24], "uv_size": [0.5, 0.5]},
								"up": {"uv": [24, 5], "uv_size": [0.5, 0.5]},
								"down": {"uv": [6, 24.5], "uv_size": [0.5, -0.5]}
							}
						},
						{
							"origin": [-0.33562, -6.45715, 0.0258],
							"size": [0.675, 0.24375, 0.3],
							"pivot": [0.00188, -6.1759, 0.3811],
							"rotation": [2.5, 0, 0],
							"uv": {
								"north": {"uv": [24, 6], "uv_size": [0.5, 0.5]},
								"up": {"uv": [7, 24], "uv_size": [0.5, 0.5]},
								"down": {"uv": [24, 7.5], "uv_size": [0.5, -0.5]}
							}
						},
						{
							"origin": [-0.03268, -6.0634, -0.16182],
							"size": [0.2625, 0.24376, 0.3],
							"pivot": [-0.07312, -6.2509, 0.3811],
							"rotation": [3.53329, -44.94549, -2.49762],
							"uv": {
								"north": {"uv": [8, 24], "uv_size": [0.5, 0.5]},
								"up": {"uv": [24, 8], "uv_size": [0.5, 0.5]},
								"down": {"uv": [9, 24.5], "uv_size": [0.5, -0.5]}
							}
						},
						{
							"origin": [-0.22606, -6.0634, -0.16182],
							"size": [0.2625, 0.24376, 0.3],
							"pivot": [0.07688, -6.2509, 0.3811],
							"rotation": [3.53329, 44.94549, 2.49762],
							"uv": {
								"north": {"uv": [24, 9], "uv_size": [0.5, 0.5]},
								"up": {"uv": [10, 24], "uv_size": [0.5, 0.5]},
								"down": {"uv": [24, 10.5], "uv_size": [0.5, -0.5]}
							}
						},
						{
							"origin": [-0.33562, -6.0634, 0.0258],
							"size": [0.675, 0.24376, 0.3],
							"pivot": [0.00188, -6.2509, 0.3811],
							"rotation": [2.5, 0, 0],
							"uv": {
								"north": {"uv": [11, 24], "uv_size": [0.5, 0.5]},
								"up": {"uv": [24, 11], "uv_size": [0.5, 0.5]},
								"down": {"uv": [12, 24.5], "uv_size": [0.5, -0.5]}
							}
						},
						{
							"origin": [-0.03268, -7.61965, -0.16182],
							"size": [0.2625, 1.0125, 0.3],
							"pivot": [-0.07312, -6.49465, 0.3811],
							"rotation": [3.53329, -44.94549, -2.49762],
							"uv": {
								"north": {"uv": [6, 15], "uv_size": [0.5, 1]},
								"up": {"uv": [24, 12], "uv_size": [0.5, 0.5]}
							}
						},
						{
							"origin": [-0.22606, -7.61965, -0.08682],
							"size": [0.2625, 2.25, 0.3],
							"pivot": [0.07688, -6.49465, 0.4561],
							"rotation": [3.53329, 44.94549, 2.49762],
							"uv": {
								"north": {"uv": [8, 0], "uv_size": [0.5, 2.5]}
							}
						},
						{
							"origin": [-0.33562, -7.61965, 0.1008],
							"size": [0.675, 2.25, 0.3],
							"pivot": [0.00188, -6.49465, 0.4561],
							"rotation": [2.5, 0, 0],
							"uv": {
								"north": {"uv": [3, 8], "uv_size": [0.5, 2.5]}
							}
						},
						{
							"origin": [-0.03268, -7.61965, -0.08682],
							"size": [0.2625, 2.25, 0.3],
							"pivot": [-0.07312, -6.49465, 0.4561],
							"rotation": [3.53329, -44.94549, -2.49762],
							"uv": {
								"north": {"uv": [8, 3], "uv_size": [0.5, 2.5]}
							}
						},
						{
							"origin": [-0.22606, -5.66965, -0.16182],
							"size": [0.2625, 0.24375, 0.3],
							"pivot": [0.07688, -6.3259, 0.3811],
							"rotation": [3.53329, 44.94549, 2.49762],
							"uv": {
								"north": {"uv": [13, 24], "uv_size": [0.5, 0.5]},
								"up": {"uv": [24, 13], "uv_size": [0.5, 0.5]},
								"down": {"uv": [14, 24.5], "uv_size": [0.5, -0.5]}
							}
						},
						{
							"origin": [-0.33562, -5.66965, 0.0258],
							"size": [0.675, 0.24375, 0.3],
							"pivot": [0.00188, -6.3259, 0.3811],
							"rotation": [2.5, 0, 0],
							"uv": {
								"north": {"uv": [24, 14], "uv_size": [0.5, 0.5]},
								"up": {"uv": [15, 24], "uv_size": [0.5, 0.5]},
								"down": {"uv": [24, 15.5], "uv_size": [0.5, -0.5]}
							}
						},
						{
							"origin": [-0.03268, -5.66965, -0.16182],
							"size": [0.2625, 0.24375, 0.3],
							"pivot": [-0.07312, -6.3259, 0.3811],
							"rotation": [3.53329, -44.94549, -2.49762],
							"uv": {
								"north": {"uv": [16, 24], "uv_size": [0.5, 0.5]},
								"up": {"uv": [24, 16], "uv_size": [0.5, 0.5]},
								"down": {"uv": [17, 24.5], "uv_size": [0.5, -0.5]}
							}
						},
						{
							"origin": [-0.525, -7.77812, 1.32139],
							"size": [1.05, 0.14569, 0.825],
							"uv": {
								"north": {"uv": [15, 6], "uv_size": [1, 0.5]},
								"east": {"uv": [7, 15], "uv_size": [1, 0.5]},
								"south": {"uv": [15, 7], "uv_size": [1, 0.5]},
								"west": {"uv": [8, 15], "uv_size": [1, 0.5]},
								"down": {"uv": [5, 10], "uv_size": [1, -1]}
							}
						},
						{
							"origin": [-0.525, -7.63243, 0.0125],
							"size": [1.05, 0.15431, 0.64111],
							"uv": {
								"east": {"uv": [24, 17], "uv_size": [0.5, 0.5]},
								"south": {"uv": [15, 8], "uv_size": [1, 0.5]},
								"west": {"uv": [18, 24], "uv_size": [0.5, 0.5]}
							}
						},
						{
							"origin": [-0.525, -7.77812, -0.17139],
							"size": [1.05, 0.14569, 0.825],
							"uv": {
								"north": {"uv": [9, 15], "uv_size": [1, 0.5]},
								"east": {"uv": [15, 9], "uv_size": [1, 0.5]},
								"south": {"uv": [10, 15], "uv_size": [1, 0.5]},
								"west": {"uv": [15, 10], "uv_size": [1, 0.5]},
								"down": {"uv": [9, 7], "uv_size": [1, -1]}
							}
						},
						{
							"origin": [-0.525, -8.52802, -0.44921],
							"size": [1.05, 0.54005, 0.16875],
							"pivot": [0.0375, -8.37813, 0.65],
							"rotation": [-50, 0, 0],
							"uv": {
								"north": {"uv": [11, 15], "uv_size": [1, 0.5]},
								"east": {"uv": [24, 18], "uv_size": [0.5, 0.5]},
								"west": {"uv": [19, 24], "uv_size": [0.5, 0.5]}
							}
						},
						{
							"origin": [-0.525, -7.85429, 1.68937],
							"size": [1.05, 0.54005, 0.16875],
							"pivot": [0.0375, -7.43426, 1.76437],
							"rotation": [50, 0, 0],
							"uv": {
								"north": {"uv": [15, 11], "uv_size": [1, 0.5]},
								"east": {"uv": [24, 19], "uv_size": [0.5, 0.5]},
								"south": {"uv": [12, 15], "uv_size": [1, 0.5]},
								"west": {"uv": [20, 24], "uv_size": [0.5, 0.5]},
								"up": {"uv": [15, 12], "uv_size": [1, 0.5]},
								"down": {"uv": [13, 15.5], "uv_size": [1, -0.5]}
							}
						},
						{
							"origin": [-0.525, -7.63243, 1.32139],
							"size": [1.05, 0.15431, 0.64111],
							"uv": {
								"north": {"uv": [15, 13], "uv_size": [1, 0.5]},
								"east": {"uv": [24, 20], "uv_size": [0.5, 0.5]},
								"west": {"uv": [21, 24], "uv_size": [0.5, 0.5]},
								"up": {"uv": [14, 15], "uv_size": [1, 0.5]}
							}
						}
					]
				}
			]
		}
	]
}