{
	"format_version": "1.12.0",
	"minecraft:geometry": [
		{
			"description": {
				"identifier": "geometry.unknown",
				"texture_width": 64,
				"texture_height": 64,
				"visible_bounds_width": 2,
				"visible_bounds_height": 1.5,
				"visible_bounds_offset": [0, 0.25, 0]
			},
			"bones": [
				{
					"name": "muzzle_silencer_quartermaster",
					"pivot": [0, 0, -0.125]
				},
				{
					"name": "bone",
					"parent": "muzzle_silencer_quartermaster",
					"pivot": [0, 0, -4.25],
					"cubes": [
						{
							"origin": [-0.25723, 0.235, -1.085],
							"size": [0.51446, 9.3375, 1.92],
							"pivot": [0, 0, -0.125],
							"rotation": [90, 0, 30],
							"uv": {
								"north": {"uv": [17, 0], "uv_size": [0.5, 9.5]},
								"south": {"uv": [17, 10], "uv_size": [0.5, 9.5]},
								"up": {"uv": [27, 21], "uv_size": [0.5, 2]},
								"down": {"uv": [22, 29], "uv_size": [0.5, -2]}
							}
						},
						{
							"origin": [-0.25723, 0.235, -1.085],
							"size": [0.51446, 9.3375, 1.92],
							"pivot": [0, 0, -0.125],
							"rotation": [90, 0, 60],
							"uv": {
								"north": {"uv": [16, 0], "uv_size": [0.5, 9.5]},
								"south": {"uv": [16, 10], "uv_size": [0.5, 9.5]},
								"up": {"uv": [20, 27], "uv_size": [0.5, 2]},
								"down": {"uv": [21, 29], "uv_size": [0.5, -2]}
							}
						},
						{
							"origin": [-0.25723, 0.235, -1.085],
							"size": [0.51446, 9.3375, 1.92],
							"pivot": [0, 0, -0.125],
							"rotation": [90, 0, -90],
							"uv": {
								"north": {"uv": [15, 0], "uv_size": [0.5, 9.5]},
								"south": {"uv": [15, 10], "uv_size": [0.5, 9.5]},
								"up": {"uv": [19, 27], "uv_size": [0.5, 2]},
								"down": {"uv": [27, 21], "uv_size": [0.5, -2]}
							}
						},
						{
							"origin": [-0.25723, 0.235, -1.085],
							"size": [0.51446, 9.3375, 1.92],
							"pivot": [0, 0, -0.125],
							"rotation": [90, 0, -60],
							"uv": {
								"north": {"uv": [14, 0], "uv_size": [0.5, 9.5]},
								"south": {"uv": [14, 10], "uv_size": [0.5, 9.5]},
								"up": {"uv": [27, 17], "uv_size": [0.5, 2]},
								"down": {"uv": [18, 29], "uv_size": [0.5, -2]}
							}
						},
						{
							"origin": [-0.25723, 0.235, -1.085],
							"size": [0.51446, 9.3375, 1.92],
							"pivot": [0, 0, -0.125],
							"rotation": [90, 0, -30],
							"uv": {
								"north": {"uv": [13, 0], "uv_size": [0.5, 9.5]},
								"south": {"uv": [13, 10], "uv_size": [0.5, 9.5]},
								"up": {"uv": [16, 27], "uv_size": [0.5, 2]},
								"down": {"uv": [17, 29], "uv_size": [0.5, -2]}
							}
						},
						{
							"origin": [-0.25723, 0.235, -1.085],
							"size": [0.51446, 9.3375, 1.92],
							"pivot": [0, 0, -0.125],
							"rotation": [90, 0, 0],
							"uv": {
								"north": {"uv": [12, 0], "uv_size": [0.5, 9.5]},
								"south": {"uv": [12, 10], "uv_size": [0.5, 9.5]},
								"up": {"uv": [15, 27], "uv_size": [0.5, 2]},
								"down": {"uv": [27, 17], "uv_size": [0.5, -2]}
							}
						},
						{
							"origin": [-0.26752, 0.4269, -1.1234],
							"size": [0.53504, 6.7335, 1.9968],
							"pivot": [0, 0, -0.125],
							"rotation": [90, 0, 30],
							"uv": {
								"north": {"uv": [14, 20], "uv_size": [0.5, 6.5]},
								"south": {"uv": [20, 14], "uv_size": [0.5, 6.5]},
								"up": {"uv": [2, 28], "uv_size": [0.5, 2]},
								"down": {"uv": [28, 4], "uv_size": [0.5, -2]}
							}
						},
						{
							"origin": [-0.26752, 0.4269, -1.1234],
							"size": [0.53504, 6.7335, 1.9968],
							"pivot": [0, 0, -0.125],
							"rotation": [90, 0, 60],
							"uv": {
								"north": {"uv": [12, 20], "uv_size": [0.5, 6.5]},
								"south": {"uv": [13, 20], "uv_size": [0.5, 6.5]},
								"up": {"uv": [28, 0], "uv_size": [0.5, 2]},
								"down": {"uv": [1, 30], "uv_size": [0.5, -2]}
							}
						},
						{
							"origin": [-0.26752, 0.4269, -1.1234],
							"size": [0.53504, 6.7335, 1.9968],
							"pivot": [0, 0, -0.125],
							"rotation": [90, 0, -90],
							"uv": {
								"north": {"uv": [20, 0], "uv_size": [0.5, 6.5]},
								"south": {"uv": [20, 7], "uv_size": [0.5, 6.5]},
								"up": {"uv": [27, 27], "uv_size": [0.5, 2]},
								"down": {"uv": [0, 30], "uv_size": [0.5, -2]}
							}
						},
						{
							"origin": [-0.26752, 0.4269, -1.1234],
							"size": [0.53504, 6.7335, 1.9968],
							"pivot": [0, 0, -0.125],
							"rotation": [90, 0, -60],
							"uv": {
								"north": {"uv": [19, 7], "uv_size": [0.5, 6.5]},
								"south": {"uv": [19, 14], "uv_size": [0.5, 6.5]},
								"up": {"uv": [27, 25], "uv_size": [0.5, 2]},
								"down": {"uv": [26, 29], "uv_size": [0.5, -2]}
							}
						},
						{
							"origin": [-0.26752, 0.4269, -1.1234],
							"size": [0.53504, 6.7335, 1.9968],
							"pivot": [0, 0, -0.125],
							"rotation": [90, 0, -30],
							"uv": {
								"north": {"uv": [18, 14], "uv_size": [0.5, 6.5]},
								"south": {"uv": [19, 0], "uv_size": [0.5, 6.5]},
								"up": {"uv": [24, 27], "uv_size": [0.5, 2]},
								"down": {"uv": [25, 29], "uv_size": [0.5, -2]}
							}
						},
						{
							"origin": [-0.08002, 0.84679, -0.49837],
							"size": [0.16004, 0.26516, 0.1875],
							"inflate": -0.001,
							"pivot": [0, 0.63165, -0.6144],
							"rotation": [45, 0, 0],
							"uv": {
								"east": {"uv": [31, 14], "uv_size": [0.5, 0.5]},
								"south": {"uv": [15, 31], "uv_size": [0.5, 0.5]},
								"west": {"uv": [31, 15], "uv_size": [0.5, 0.5]}
							}
						},
						{
							"origin": [-0.08002, 1.18765, -6.67762],
							"size": [0.16004, 0.26516, 0.1875],
							"inflate": -0.001,
							"pivot": [0, 1.0609, -6.79365],
							"rotation": [135, 0, 0],
							"uv": {
								"east": {"uv": [13, 31], "uv_size": [0.5, 0.5]},
								"south": {"uv": [31, 13], "uv_size": [0.5, 0.5]},
								"west": {"uv": [14, 31], "uv_size": [0.5, 0.5]}
							}
						},
						{
							"origin": [-0.08002, 0.6144, -1.3109],
							"size": [0.16004, 6.3585, 0.1875],
							"pivot": [0, 0, -0.125],
							"rotation": [90, 0, 0],
							"uv": {
								"north": {"uv": [21, 0], "uv_size": [0.5, 6.5]},
								"east": {"uv": [21, 7], "uv_size": [0.5, 6.5]},
								"west": {"uv": [21, 14], "uv_size": [0.5, 6.5]}
							}
						},
						{
							"origin": [-0.08002, -0.41651, -0.91793],
							"size": [0.16004, 0.26516, 0.1875],
							"inflate": -0.001,
							"pivot": [0, -0.63165, -0.6144],
							"rotation": [135, 0, 0],
							"uv": {
								"north": {"uv": [34, 20], "uv_size": [0.5, 0.5]},
								"east": {"uv": [21, 34], "uv_size": [0.5, 0.5]},
								"west": {"uv": [34, 21], "uv_size": [0.5, 0.5]}
							}
						},
						{
							"origin": [-0.08002, -0.93415, -7.09718],
							"size": [0.16004, 0.26516, 0.1875],
							"inflate": -0.001,
							"pivot": [0, -1.0609, -6.79365],
							"rotation": [45, 0, 0],
							"uv": {
								"north": {"uv": [22, 34], "uv_size": [0.5, 0.5]},
								"east": {"uv": [34, 22], "uv_size": [0.5, 0.5]},
								"west": {"uv": [23, 34], "uv_size": [0.5, 0.5]}
							}
						},
						{
							"origin": [-0.08002, 0.6144, 0.8734],
							"size": [0.16004, 6.3585, 0.1875],
							"pivot": [0, 0, -0.125],
							"rotation": [90, 0, 0],
							"uv": {
								"east": {"uv": [15, 20], "uv_size": [0.5, 6.5]},
								"south": {"uv": [16, 20], "uv_size": [0.5, 6.5]},
								"west": {"uv": [17, 20], "uv_size": [0.5, 6.5]}
							}
						},
						{
							"origin": [-0.26752, 0.4269, -1.1234],
							"size": [0.53504, 6.7335, 1.9968],
							"pivot": [0, 0, -0.125],
							"rotation": [90, 0, 0],
							"uv": {
								"north": {"uv": [18, 0], "uv_size": [0.5, 6.5]},
								"south": {"uv": [18, 7], "uv_size": [0.5, 6.5]},
								"up": {"uv": [23, 27], "uv_size": [0.5, 2]},
								"down": {"uv": [27, 25], "uv_size": [0.5, -2]}
							}
						},
						{
							"origin": [-0.26752, 4.05303, 4.93429],
							"size": [0.53504, 1.8585, 0.195],
							"pivot": [0, -0.93637, 4.13089],
							"rotation": [84.9616, -8.6492, -59.6187],
							"uv": {
								"south": {"uv": [6, 28], "uv_size": [0.5, 2]}
							}
						},
						{
							"origin": [-0.26752, 4.05304, 4.9343],
							"size": [0.53504, 1.8585, 0.195],
							"pivot": [0, -0.93636, 4.1309],
							"rotation": [81.3178, -4.9809, -29.6217],
							"uv": {
								"south": {"uv": [5, 28], "uv_size": [0.5, 2]}
							}
						},
						{
							"origin": [-0.08002, 4.49054, 5.1293],
							"size": [0.16004, 1.4835, 0.1875],
							"inflate": -0.001,
							"pivot": [0, -0.93636, 4.1309],
							"rotation": [80, 0, 0],
							"uv": {
								"east": {"uv": [29, 24], "uv_size": [0.5, 1.5]},
								"south": {"uv": [25, 29], "uv_size": [0.5, 1.5]},
								"west": {"uv": [26, 29], "uv_size": [0.5, 1.5]}
							}
						},
						{
							"origin": [-0.26752, 4.05304, 4.9343],
							"size": [0.53504, 1.8585, 0.195],
							"pivot": [0, -0.93636, 4.1309],
							"rotation": [80, 0, 0],
							"uv": {
								"south": {"uv": [28, 4], "uv_size": [0.5, 2]}
							}
						},
						{
							"origin": [-0.26752, 4.05304, 4.9343],
							"size": [0.53504, 1.8585, 0.195],
							"pivot": [0, -0.93636, 4.1309],
							"rotation": [81.3178, 4.9809, 29.6217],
							"uv": {
								"south": {"uv": [4, 28], "uv_size": [0.5, 2]}
							}
						},
						{
							"origin": [-0.26752, 4.05303, 4.93429],
							"size": [0.53504, 1.8585, 0.195],
							"pivot": [0, -0.93637, 4.13089],
							"rotation": [84.9616, 8.6492, 59.6187],
							"uv": {
								"south": {"uv": [3, 28], "uv_size": [0.5, 2]}
							}
						},
						{
							"origin": [-0.26752, 5.1131, 3.22628],
							"size": [0.53504, 2.38975, 0.195],
							"pivot": [0, 0.2487, 2.42288],
							"rotation": [90, 0, -60],
							"uv": {
								"south": {"uv": [24, 3], "uv_size": [0.5, 2.5]}
							}
						},
						{
							"origin": [-0.26752, 5.1131, 3.22628],
							"size": [0.53504, 2.38975, 0.195],
							"pivot": [0, 0.2487, 2.42288],
							"rotation": [90, 0, -30],
							"uv": {
								"south": {"uv": [24, 0], "uv_size": [0.5, 2.5]}
							}
						},
						{
							"origin": [-0.08002, 5.14017, 3.42128],
							"size": [0.16004, 2.37083, 0.1844],
							"pivot": [0, 0.2487, 2.42288],
							"rotation": [90, 0, 0],
							"uv": {
								"east": {"uv": [27, 6], "uv_size": [0.5, 2.5]},
								"south": {"uv": [27, 9], "uv_size": [0.5, 2.5]},
								"west": {"uv": [12, 27], "uv_size": [0.5, 2.5]}
							}
						},
						{
							"origin": [-0.26752, 5.1131, 3.22628],
							"size": [0.53504, 2.38975, 0.195],
							"pivot": [0, 0.2487, 2.42288],
							"rotation": [90, 0, 0],
							"uv": {
								"south": {"uv": [23, 21], "uv_size": [0.5, 2.5]}
							}
						},
						{
							"origin": [-0.26752, 5.1131, 3.22628],
							"size": [0.53504, 2.38975, 0.195],
							"pivot": [0, 0.2487, 2.42288],
							"rotation": [90, 0, 30],
							"uv": {
								"south": {"uv": [23, 18], "uv_size": [0.5, 2.5]}
							}
						},
						{
							"origin": [-0.26752, 5.1131, 3.22628],
							"size": [0.53504, 2.38975, 0.195],
							"pivot": [0, 0.2487, 2.42288],
							"rotation": [90, 0, 60],
							"uv": {
								"south": {"uv": [23, 15], "uv_size": [0.5, 2.5]}
							}
						},
						{
							"origin": [-0.26752, 5.1144, 0.3659],
							"size": [0.53504, 2.546, 0.195],
							"pivot": [0, 0.8125, -0.4375],
							"rotation": [93.7661, 6.4905, -59.7864],
							"uv": {
								"south": {"uv": [23, 12], "uv_size": [0.5, 2.5]}
							}
						},
						{
							"origin": [-0.26752, 5.1144, 0.3659],
							"size": [0.53504, 2.546, 0.195],
							"pivot": [0, 0.8125, -0.4375],
							"rotation": [96.5045, 3.742, -29.7873],
							"uv": {
								"south": {"uv": [23, 9], "uv_size": [0.5, 2.5]}
							}
						},
						{
							"origin": [-0.08002, 5.09591, 0.5609],
							"size": [0.16004, 1.93949, 0.19028],
							"inflate": -0.001,
							"pivot": [0, 0.8125, -0.4375],
							"rotation": [97.5, 0, 0],
							"uv": {
								"east": {"uv": [28, 26], "uv_size": [0.5, 2]},
								"south": {"uv": [28, 28], "uv_size": [0.5, 2]},
								"west": {"uv": [29, 0], "uv_size": [0.5, 2]}
							}
						},
						{
							"origin": [-0.26752, 5.1144, 0.3659],
							"size": [0.53504, 2.546, 0.195],
							"pivot": [0, 0.8125, -0.4375],
							"rotation": [97.5, 0, 0],
							"uv": {
								"south": {"uv": [23, 6], "uv_size": [0.5, 2.5]}
							}
						},
						{
							"origin": [-0.26752, 5.1144, 0.3659],
							"size": [0.53504, 2.546, 0.195],
							"pivot": [0, 0.8125, -0.4375],
							"rotation": [96.5045, -3.742, 29.7873],
							"uv": {
								"south": {"uv": [23, 3], "uv_size": [0.5, 2.5]}
							}
						},
						{
							"origin": [-0.26752, 5.1144, 0.3659],
							"size": [0.53504, 2.546, 0.195],
							"pivot": [0, 0.8125, -0.4375],
							"rotation": [93.7661, -6.4905, 59.7864],
							"uv": {
								"south": {"uv": [23, 0], "uv_size": [0.5, 2.5]}
							}
						},
						{
							"origin": [-0.26752, 5.92577, 4.93429],
							"size": [0.53504, 1.8585, 0.195],
							"pivot": [0, 0.93637, 4.13089],
							"rotation": [84.9616, -8.6492, 120.3813],
							"uv": {
								"south": {"uv": [9, 28], "uv_size": [0.5, 2]}
							}
						},
						{
							"origin": [-0.26752, 5.92576, 4.9343],
							"size": [0.53504, 1.8585, 0.195],
							"pivot": [0, 0.93636, 4.1309],
							"rotation": [81.3178, -4.9809, 150.3783],
							"uv": {
								"south": {"uv": [28, 8], "uv_size": [0.5, 2]}
							}
						},
						{
							"origin": [-0.08002, -1.95212, -1.84814],
							"size": [0.16004, 1.4835, 0.1875],
							"inflate": -0.001,
							"pivot": [0, -1.21037, -1.75439],
							"rotation": [100, 0, 0],
							"uv": {
								"north": {"uv": [29, 26], "uv_size": [0.5, 1.5]},
								"east": {"uv": [27, 29], "uv_size": [0.5, 1.5]},
								"west": {"uv": [29, 28], "uv_size": [0.5, 1.5]}
							}
						},
						{
							"origin": [-0.26752, 5.92576, 4.9343],
							"size": [0.53504, 1.8585, 0.195],
							"pivot": [0, 0.93636, 4.1309],
							"rotation": [80, 0, -180],
							"uv": {
								"south": {"uv": [8, 28], "uv_size": [0.5, 2]}
							}
						},
						{
							"origin": [-0.26752, 5.92576, 4.9343],
							"size": [0.53504, 1.8585, 0.195],
							"pivot": [0, 0.93636, 4.1309],
							"rotation": [81.3178, 4.9809, -150.3783],
							"uv": {
								"south": {"uv": [7, 28], "uv_size": [0.5, 2]}
							}
						},
						{
							"origin": [-0.26752, 5.92577, 4.93429],
							"size": [0.53504, 1.8585, 0.195],
							"pivot": [0, 0.93637, 4.13089],
							"rotation": [84.9616, 8.6492, -120.3813],
							"uv": {
								"south": {"uv": [28, 6], "uv_size": [0.5, 2]}
							}
						},
						{
							"origin": [-0.26752, 4.6157, 3.22628],
							"size": [0.53504, 2.38975, 0.195],
							"pivot": [0, -0.2487, 2.42288],
							"rotation": [90, 0, 120],
							"uv": {
								"south": {"uv": [24, 21], "uv_size": [0.5, 2.5]}
							}
						},
						{
							"origin": [-0.26752, 4.6157, 3.22628],
							"size": [0.53504, 2.38975, 0.195],
							"pivot": [0, -0.2487, 2.42288],
							"rotation": [90, 0, 150],
							"uv": {
								"south": {"uv": [21, 24], "uv_size": [0.5, 2.5]}
							}
						},
						{
							"origin": [-0.08002, -2.52472, -3.7462],
							"size": [0.16004, 2.37083, 0.1844],
							"pivot": [0, -1.3393, -3.65401],
							"rotation": [90, 0, 0],
							"uv": {
								"north": {"uv": [27, 12], "uv_size": [0.5, 2.5]},
								"east": {"uv": [13, 27], "uv_size": [0.5, 2.5]},
								"west": {"uv": [14, 27], "uv_size": [0.5, 2.5]}
							}
						},
						{
							"origin": [-0.26752, 4.6157, 3.22628],
							"size": [0.53504, 2.38975, 0.195],
							"pivot": [0, -0.2487, 2.42288],
							"rotation": [90, 0, -180],
							"uv": {
								"south": {"uv": [20, 24], "uv_size": [0.5, 2.5]}
							}
						},
						{
							"origin": [-0.26752, 4.6157, 3.22628],
							"size": [0.53504, 2.38975, 0.195],
							"pivot": [0, -0.2487, 2.42288],
							"rotation": [90, 0, -150],
							"uv": {
								"south": {"uv": [19, 24], "uv_size": [0.5, 2.5]}
							}
						},
						{
							"origin": [-0.26752, 4.6157, 3.22628],
							"size": [0.53504, 2.38975, 0.195],
							"pivot": [0, -0.2487, 2.42288],
							"rotation": [90, 0, -120],
							"uv": {
								"south": {"uv": [24, 18], "uv_size": [0.5, 2.5]}
							}
						},
						{
							"origin": [-0.26752, 3.4894, 0.3659],
							"size": [0.53504, 2.546, 0.195],
							"pivot": [0, -0.8125, -0.4375],
							"rotation": [93.7661, 6.4905, 120.2136],
							"uv": {
								"south": {"uv": [18, 24], "uv_size": [0.5, 2.5]}
							}
						},
						{
							"origin": [-0.26752, 3.4894, 0.3659],
							"size": [0.53504, 2.546, 0.195],
							"pivot": [0, -0.8125, -0.4375],
							"rotation": [96.5045, 3.742, 150.2127],
							"uv": {
								"south": {"uv": [24, 15], "uv_size": [0.5, 2.5]}
							}
						},
						{
							"origin": [-0.08002, -2.18076, -5.88359],
							"size": [0.16004, 1.93949, 0.19028],
							"inflate": -0.001,
							"pivot": [0, -1.21101, -5.78845],
							"rotation": [82.5, 0, 0],
							"uv": {
								"north": {"uv": [29, 2], "uv_size": [0.5, 2]},
								"east": {"uv": [29, 4], "uv_size": [0.5, 2]},
								"west": {"uv": [29, 6], "uv_size": [0.5, 2]}
							}
						},
						{
							"origin": [-0.26752, 3.4894, 0.3659],
							"size": [0.53504, 2.546, 0.195],
							"pivot": [0, -0.8125, -0.4375],
							"rotation": [97.5, 0, -180],
							"uv": {
								"south": {"uv": [24, 12], "uv_size": [0.5, 2.5]}
							}
						},
						{
							"origin": [-0.26752, 3.4894, 0.3659],
							"size": [0.53504, 2.546, 0.195],
							"pivot": [0, -0.8125, -0.4375],
							"rotation": [96.5045, -3.742, -150.2127],
							"uv": {
								"south": {"uv": [24, 9], "uv_size": [0.5, 2.5]}
							}
						},
						{
							"origin": [-0.26752, 3.4894, 0.3659],
							"size": [0.53504, 2.546, 0.195],
							"pivot": [0, -0.8125, -0.4375],
							"rotation": [93.7661, -6.4905, -120.2136],
							"uv": {
								"south": {"uv": [24, 6], "uv_size": [0.5, 2.5]}
							}
						},
						{
							"origin": [3.7377, 2.64626, -2.8359],
							"size": [0.56714, 2.75001, 0.2692],
							"pivot": [4.02127, 0, -3.625],
							"rotation": [-180, 45, 90],
							"uv": {
								"north": {"uv": [4, 22], "uv_size": [0.5, 3]},
								"south": {"uv": [5, 22], "uv_size": [0.5, 3]},
								"up": {"uv": [5, 30], "uv_size": [0.5, 0.5]},
								"down": {"uv": [30, 5.5], "uv_size": [0.5, -0.5]}
							}
						},
						{
							"origin": [3.7377, 2.64626, -2.8359],
							"size": [0.56714, 2.75001, 0.2692],
							"inflate": -0.001,
							"pivot": [4.02127, 0, -3.625],
							"rotation": [-180, 15, 90],
							"uv": {
								"north": {"uv": [3, 22], "uv_size": [0.5, 3]},
								"south": {"uv": [22, 3], "uv_size": [0.5, 3]},
								"up": {"uv": [4, 30], "uv_size": [0.5, 0.5]},
								"down": {"uv": [30, 4.5], "uv_size": [0.5, -0.5]}
							}
						},
						{
							"origin": [3.7377, 2.64626, -2.8359],
							"size": [0.56714, 2.75001, 0.2692],
							"pivot": [4.02127, 0, -3.625],
							"rotation": [-180, -15, 90],
							"uv": {
								"north": {"uv": [6, 22], "uv_size": [0.5, 3]},
								"south": {"uv": [22, 6], "uv_size": [0.5, 3]},
								"up": {"uv": [6, 30], "uv_size": [0.5, 0.5]},
								"down": {"uv": [30, 6.5], "uv_size": [0.5, -0.5]}
							}
						},
						{
							"origin": [3.7377, 2.64626, -2.8359],
							"size": [0.56714, 2.75001, 0.2692],
							"inflate": -0.001,
							"pivot": [4.02127, 0, -3.625],
							"rotation": [-180, -45, 90],
							"uv": {
								"north": {"uv": [9, 22], "uv_size": [0.5, 3]},
								"south": {"uv": [22, 9], "uv_size": [0.5, 3]},
								"up": {"uv": [8, 30], "uv_size": [0.5, 0.5]},
								"down": {"uv": [30, 8.5], "uv_size": [0.5, -0.5]}
							}
						},
						{
							"origin": [3.7377, 2.64626, -2.8359],
							"size": [0.56714, 2.75001, 0.2692],
							"pivot": [4.02127, 0, -3.625],
							"rotation": [-180, -75, 90],
							"uv": {
								"north": {"uv": [22, 18], "uv_size": [0.5, 3]},
								"south": {"uv": [22, 21], "uv_size": [0.5, 3]},
								"up": {"uv": [11, 30], "uv_size": [0.5, 0.5]},
								"down": {"uv": [30, 11.5], "uv_size": [0.5, -0.5]}
							}
						},
						{
							"origin": [3.7377, 2.64626, -2.8359],
							"size": [0.56714, 2.75001, 0.2692],
							"inflate": -0.001,
							"pivot": [4.02127, 0, -3.625],
							"rotation": [0, -75, -90],
							"uv": {
								"north": {"uv": [22, 12], "uv_size": [0.5, 3]},
								"south": {"uv": [22, 15], "uv_size": [0.5, 3]},
								"up": {"uv": [10, 30], "uv_size": [0.5, 0.5]},
								"down": {"uv": [30, 10.5], "uv_size": [0.5, -0.5]}
							}
						},
						{
							"origin": [3.7377, 2.64626, -2.8359],
							"size": [0.56714, 2.75001, 0.2692],
							"pivot": [4.02127, 0, -3.625],
							"rotation": [0, -45, -90],
							"uv": {
								"north": {"uv": [10, 22], "uv_size": [0.5, 3]},
								"south": {"uv": [11, 22], "uv_size": [0.5, 3]},
								"up": {"uv": [9, 30], "uv_size": [0.5, 0.5]},
								"down": {"uv": [30, 9.5], "uv_size": [0.5, -0.5]}
							}
						},
						{
							"origin": [3.7377, 2.64626, -2.8359],
							"size": [0.56714, 2.75001, 0.2692],
							"inflate": -0.001,
							"pivot": [4.02127, 0, -3.625],
							"rotation": [0, -15, -90],
							"uv": {
								"north": {"uv": [7, 22], "uv_size": [0.5, 3]},
								"south": {"uv": [8, 22], "uv_size": [0.5, 3]},
								"up": {"uv": [7, 30], "uv_size": [0.5, 0.5]},
								"down": {"uv": [30, 7.5], "uv_size": [0.5, -0.5]}
							}
						},
						{
							"origin": [3.7377, 2.64626, -2.8359],
							"size": [0.56714, 2.75001, 0.2692],
							"pivot": [4.02127, 0, -3.625],
							"rotation": [0, 15, -90],
							"uv": {
								"north": {"uv": [1, 22], "uv_size": [0.5, 3]},
								"south": {"uv": [2, 22], "uv_size": [0.5, 3]},
								"up": {"uv": [3, 30], "uv_size": [0.5, 0.5]},
								"down": {"uv": [30, 3.5], "uv_size": [0.5, -0.5]}
							}
						},
						{
							"origin": [3.7377, 2.64626, -2.8359],
							"size": [0.56714, 2.75001, 0.2692],
							"inflate": -0.001,
							"pivot": [4.02127, 0, -3.625],
							"rotation": [0, 45, -90],
							"uv": {
								"north": {"uv": [0, 22], "uv_size": [0.5, 3]},
								"south": {"uv": [22, 0], "uv_size": [0.5, 3]},
								"up": {"uv": [2, 30], "uv_size": [0.5, 0.5]},
								"down": {"uv": [30, 2.5], "uv_size": [0.5, -0.5]}
							}
						},
						{
							"origin": [3.7377, 2.64626, -2.8359],
							"size": [0.56714, 2.75001, 0.2692],
							"pivot": [4.02127, 0, -3.625],
							"rotation": [0, 75, -90],
							"uv": {
								"north": {"uv": [20, 21], "uv_size": [0.5, 3]},
								"south": {"uv": [21, 21], "uv_size": [0.5, 3]},
								"up": {"uv": [1, 30], "uv_size": [0.5, 0.5]},
								"down": {"uv": [30, 1.5], "uv_size": [0.5, -0.5]}
							}
						},
						{
							"origin": [3.7377, 2.64626, -2.8359],
							"size": [0.56714, 2.75001, 0.2692],
							"inflate": -0.001,
							"pivot": [4.02127, 0, -3.625],
							"rotation": [-180, 75, 90],
							"uv": {
								"north": {"uv": [18, 21], "uv_size": [0.5, 3]},
								"south": {"uv": [19, 21], "uv_size": [0.5, 3]},
								"up": {"uv": [0, 30], "uv_size": [0.5, 0.5]},
								"down": {"uv": [30, 0.5], "uv_size": [0.5, -0.5]}
							}
						},
						{
							"origin": [-1.20389, 4.9894, 4.93429],
							"size": [0.53504, 1.8585, 0.195],
							"pivot": [-0.93637, 0, 4.13089],
							"rotation": [84.9616, -8.6492, 30.3813],
							"uv": {
								"south": {"uv": [28, 14], "uv_size": [0.5, 2]}
							}
						},
						{
							"origin": [-1.20388, 4.9894, 4.9343],
							"size": [0.53504, 1.8585, 0.195],
							"pivot": [-0.93636, 0, 4.1309],
							"rotation": [81.3178, -4.9809, 60.3783],
							"uv": {
								"south": {"uv": [28, 12], "uv_size": [0.5, 2]}
							}
						},
						{
							"origin": [-1.20388, 4.9894, 4.9343],
							"size": [0.53504, 1.8585, 0.195],
							"pivot": [-0.93636, 0, 4.1309],
							"rotation": [80, 0, 90],
							"uv": {
								"south": {"uv": [11, 28], "uv_size": [0.5, 2]}
							}
						},
						{
							"origin": [-1.20388, 4.9894, 4.9343],
							"size": [0.53504, 1.8585, 0.195],
							"pivot": [-0.93636, 0, 4.1309],
							"rotation": [81.3178, 4.9809, 119.6217],
							"uv": {
								"south": {"uv": [28, 10], "uv_size": [0.5, 2]}
							}
						},
						{
							"origin": [-1.20389, 4.9894, 4.93429],
							"size": [0.53504, 1.8585, 0.195],
							"pivot": [-0.93637, 0, 4.13089],
							"rotation": [84.9616, 8.6492, 149.6187],
							"uv": {
								"south": {"uv": [10, 28], "uv_size": [0.5, 2]}
							}
						},
						{
							"origin": [-0.01882, 4.8644, 3.22628],
							"size": [0.53504, 2.38975, 0.195],
							"pivot": [0.2487, 0, 2.42288],
							"rotation": [90, 0, 30],
							"uv": {
								"south": {"uv": [4, 25], "uv_size": [0.5, 2.5]}
							}
						},
						{
							"origin": [-0.01882, 4.8644, 3.22628],
							"size": [0.53504, 2.38975, 0.195],
							"pivot": [0.2487, 0, 2.42288],
							"rotation": [90, 0, 60],
							"uv": {
								"south": {"uv": [25, 3], "uv_size": [0.5, 2.5]}
							}
						},
						{
							"origin": [-0.01882, 4.8644, 3.22628],
							"size": [0.53504, 2.38975, 0.195],
							"pivot": [0.2487, 0, 2.42288],
							"rotation": [90, 0, 90],
							"uv": {
								"south": {"uv": [3, 25], "uv_size": [0.5, 2.5]}
							}
						},
						{
							"origin": [-0.01882, 4.8644, 3.22628],
							"size": [0.53504, 2.38975, 0.195],
							"pivot": [0.2487, 0, 2.42288],
							"rotation": [90, 0, 120],
							"uv": {
								"south": {"uv": [2, 25], "uv_size": [0.5, 2.5]}
							}
						},
						{
							"origin": [-0.01882, 4.8644, 3.22628],
							"size": [0.53504, 2.38975, 0.195],
							"pivot": [0.2487, 0, 2.42288],
							"rotation": [90, 0, 150],
							"uv": {
								"south": {"uv": [1, 25], "uv_size": [0.5, 2.5]}
							}
						},
						{
							"origin": [0.54498, 4.3019, 0.3659],
							"size": [0.53504, 2.546, 0.195],
							"pivot": [0.8125, 0, -0.4375],
							"rotation": [93.7661, 6.4905, 30.2136],
							"uv": {
								"south": {"uv": [25, 0], "uv_size": [0.5, 2.5]}
							}
						},
						{
							"origin": [0.54498, 4.3019, 0.3659],
							"size": [0.53504, 2.546, 0.195],
							"pivot": [0.8125, 0, -0.4375],
							"rotation": [96.5045, 3.742, 60.2127],
							"uv": {
								"south": {"uv": [0, 25], "uv_size": [0.5, 2.5]}
							}
						},
						{
							"origin": [0.54498, 4.3019, 0.3659],
							"size": [0.53504, 2.546, 0.195],
							"pivot": [0.8125, 0, -0.4375],
							"rotation": [97.5, 0, 90],
							"uv": {
								"south": {"uv": [24, 24], "uv_size": [0.5, 2.5]}
							}
						},
						{
							"origin": [0.54498, 4.3019, 0.3659],
							"size": [0.53504, 2.546, 0.195],
							"pivot": [0.8125, 0, -0.4375],
							"rotation": [96.5045, -3.742, 119.7873],
							"uv": {
								"south": {"uv": [23, 24], "uv_size": [0.5, 2.5]}
							}
						},
						{
							"origin": [0.54498, 4.3019, 0.3659],
							"size": [0.53504, 2.546, 0.195],
							"pivot": [0.8125, 0, -0.4375],
							"rotation": [93.7661, -6.4905, 149.7864],
							"uv": {
								"south": {"uv": [22, 24], "uv_size": [0.5, 2.5]}
							}
						},
						{
							"origin": [0.66885, 4.9894, 4.93429],
							"size": [0.53504, 1.8585, 0.195],
							"pivot": [0.93637, 0, 4.13089],
							"rotation": [84.9616, 8.6492, -30.3813],
							"uv": {
								"south": {"uv": [28, 24], "uv_size": [0.5, 2]}
							}
						},
						{
							"origin": [0.66884, 4.9894, 4.9343],
							"size": [0.53504, 1.8585, 0.195],
							"pivot": [0.93636, 0, 4.1309],
							"rotation": [81.3178, 4.9809, -60.3783],
							"uv": {
								"south": {"uv": [28, 22], "uv_size": [0.5, 2]}
							}
						},
						{
							"origin": [0.66884, 4.9894, 4.9343],
							"size": [0.53504, 1.8585, 0.195],
							"pivot": [0.93636, 0, 4.1309],
							"rotation": [80, 0, -90],
							"uv": {
								"south": {"uv": [28, 20], "uv_size": [0.5, 2]}
							}
						},
						{
							"origin": [0.66884, 4.9894, 4.9343],
							"size": [0.53504, 1.8585, 0.195],
							"pivot": [0.93636, 0, 4.1309],
							"rotation": [81.3178, -4.9809, -119.6217],
							"uv": {
								"south": {"uv": [28, 18], "uv_size": [0.5, 2]}
							}
						},
						{
							"origin": [0.66885, 4.9894, 4.93429],
							"size": [0.53504, 1.8585, 0.195],
							"pivot": [0.93637, 0, 4.13089],
							"rotation": [84.9616, -8.6492, -149.6187],
							"uv": {
								"south": {"uv": [28, 16], "uv_size": [0.5, 2]}
							}
						},
						{
							"origin": [-0.51622, 4.8644, 3.22628],
							"size": [0.53504, 2.38975, 0.195],
							"pivot": [-0.2487, 0, 2.42288],
							"rotation": [90, 0, -30],
							"uv": {
								"south": {"uv": [25, 12], "uv_size": [0.5, 2.5]}
							}
						},
						{
							"origin": [-0.51622, 4.8644, 3.22628],
							"size": [0.53504, 2.38975, 0.195],
							"pivot": [-0.2487, 0, 2.42288],
							"rotation": [90, 0, -60],
							"uv": {
								"south": {"uv": [11, 25], "uv_size": [0.5, 2.5]}
							}
						},
						{
							"origin": [-0.51622, 4.8644, 3.22628],
							"size": [0.53504, 2.38975, 0.195],
							"pivot": [-0.2487, 0, 2.42288],
							"rotation": [90, 0, -90],
							"uv": {
								"south": {"uv": [10, 25], "uv_size": [0.5, 2.5]}
							}
						},
						{
							"origin": [-0.51622, 4.8644, 3.22628],
							"size": [0.53504, 2.38975, 0.195],
							"pivot": [-0.2487, 0, 2.42288],
							"rotation": [90, 0, -120],
							"uv": {
								"south": {"uv": [25, 9], "uv_size": [0.5, 2.5]}
							}
						},
						{
							"origin": [-0.51622, 4.8644, 3.22628],
							"size": [0.53504, 2.38975, 0.195],
							"pivot": [-0.2487, 0, 2.42288],
							"rotation": [90, 0, -150],
							"uv": {
								"south": {"uv": [9, 25], "uv_size": [0.5, 2.5]}
							}
						},
						{
							"origin": [-1.08002, 4.3019, 0.3659],
							"size": [0.53504, 2.546, 0.195],
							"pivot": [-0.8125, 0, -0.4375],
							"rotation": [93.7661, -6.4905, -30.2136],
							"uv": {
								"south": {"uv": [8, 25], "uv_size": [0.5, 2.5]}
							}
						},
						{
							"origin": [-1.08002, 4.3019, 0.3659],
							"size": [0.53504, 2.546, 0.195],
							"pivot": [-0.8125, 0, -0.4375],
							"rotation": [96.5045, -3.742, -60.2127],
							"uv": {
								"south": {"uv": [7, 25], "uv_size": [0.5, 2.5]}
							}
						},
						{
							"origin": [-1.08002, 4.3019, 0.3659],
							"size": [0.53504, 2.546, 0.195],
							"pivot": [-0.8125, 0, -0.4375],
							"rotation": [97.5, 0, -90],
							"uv": {
								"south": {"uv": [25, 6], "uv_size": [0.5, 2.5]}
							}
						},
						{
							"origin": [-1.08002, 4.3019, 0.3659],
							"size": [0.53504, 2.546, 0.195],
							"pivot": [-0.8125, 0, -0.4375],
							"rotation": [96.5045, 3.742, -119.7873],
							"uv": {
								"south": {"uv": [6, 25], "uv_size": [0.5, 2.5]}
							}
						},
						{
							"origin": [-1.08002, 4.3019, 0.3659],
							"size": [0.53504, 2.546, 0.195],
							"pivot": [-0.8125, 0, -0.4375],
							"rotation": [93.7661, 6.4905, -149.7864],
							"uv": {
								"south": {"uv": [5, 25], "uv_size": [0.5, 2.5]}
							}
						},
						{
							"origin": [-0.52373, -1.3151, -4.5301],
							"size": [1.07871, 2.60001, 1.81828],
							"pivot": [0.00001, -0.01509, -3.62095],
							"rotation": [0, 0, -90],
							"uv": {
								"up": {"uv": [29, 16], "uv_size": [0.5, 1.5]},
								"down": {"uv": [17, 30.5], "uv_size": [0.5, -1.5]}
							}
						},
						{
							"origin": [-0.60185, -1.3151, -4.45197],
							"size": [1.20371, 2.60001, 1.69328],
							"inflate": -0.0015,
							"pivot": [0.00001, -0.01509, -3.62095],
							"rotation": [0, 90, -90],
							"uv": {
								"up": {"uv": [29, 8], "uv_size": [0.5, 1.5]},
								"down": {"uv": [29, 11.5], "uv_size": [0.5, -1.5]}
							}
						},
						{
							"origin": [0.0847, -1.41555, -4.00054],
							"size": [0.14404, 2.66251, 0.14405],
							"inflate": -0.001,
							"pivot": [0, -0.08429, -3.77179],
							"rotation": [0, 90, -90],
							"uv": {
								"east": {"uv": [26, 15], "uv_size": [0.5, 2.5]},
								"south": {"uv": [26, 18], "uv_size": [0.5, 2.5]},
								"up": {"uv": [30, 15], "uv_size": [0.5, 0.5]},
								"down": {"uv": [30, 16.5], "uv_size": [0.5, -0.5]}
							}
						},
						{
							"origin": [3.11516, 1.88576, -4.53414],
							"size": [0.20371, 2.66251, 0.50578],
							"pivot": [3.21702, 0, -3.6875],
							"rotation": [0, 45, -90],
							"uv": {
								"east": {"uv": [26, 9], "uv_size": [0.5, 2.5]},
								"west": {"uv": [26, 12], "uv_size": [0.5, 2.5]},
								"up": {"uv": [14, 30], "uv_size": [0.5, 0.5]},
								"down": {"uv": [30, 14.5], "uv_size": [0.5, -0.5]}
							}
						},
						{
							"origin": [0.0847, -1.41555, -3.70696],
							"size": [0.14404, 2.66251, 0.14405],
							"inflate": -0.001,
							"pivot": [0, -0.08429, -3.47821],
							"rotation": [-180, 0, 90],
							"uv": {
								"east": {"uv": [26, 21], "uv_size": [0.5, 2.5]},
								"south": {"uv": [26, 24], "uv_size": [0.5, 2.5]},
								"up": {"uv": [30, 17], "uv_size": [0.5, 0.5]},
								"down": {"uv": [30, 18.5], "uv_size": [0.5, -0.5]}
							}
						},
						{
							"origin": [3.11516, 1.88576, -4.40914],
							"size": [0.20371, 2.66251, 0.50578],
							"pivot": [3.21702, 0, -3.5625],
							"rotation": [-180, 45, 90],
							"uv": {
								"east": {"uv": [26, 0], "uv_size": [0.5, 2.5]},
								"west": {"uv": [26, 3], "uv_size": [0.5, 2.5]},
								"up": {"uv": [13, 30], "uv_size": [0.5, 0.5]},
								"down": {"uv": [30, 13.5], "uv_size": [0.5, -0.5]}
							}
						},
						{
							"origin": [0.0847, -1.14955, -3.54029],
							"size": [0.14404, 2.66251, 0.14404],
							"inflate": -0.001,
							"pivot": [0, 0.18171, -3.625],
							"rotation": [0, 45, -90],
							"uv": {
								"north": {"uv": [27, 0], "uv_size": [0.5, 2.5]},
								"east": {"uv": [27, 3], "uv_size": [0.5, 2.5]},
								"up": {"uv": [30, 19], "uv_size": [0.5, 0.5]},
								"down": {"uv": [30, 20.5], "uv_size": [0.5, -0.5]}
							}
						},
						{
							"origin": [3.11516, 1.88576, -3.22164],
							"size": [0.20371, 2.66251, 0.50578],
							"pivot": [3.21702, 0, -3.625],
							"rotation": [0, 90, -90],
							"uv": {
								"east": {"uv": [25, 15], "uv_size": [0.5, 2.5]},
								"west": {"uv": [25, 21], "uv_size": [0.5, 2.5]},
								"up": {"uv": [12, 30], "uv_size": [0.5, 0.5]},
								"down": {"uv": [30, 12.5], "uv_size": [0.5, -0.5]}
							}
						},
						{
							"origin": [-0.23151, -2.03851, -3.0125],
							"size": [0.46301, 0.25, 1.728],
							"pivot": [0, -0.00001, -2.1485],
							"rotation": [90, 0, 30],
							"uv": {
								"north": {"uv": [30, 29], "uv_size": [0.5, 0.5]},
								"south": {"uv": [30, 30], "uv_size": [0.5, 0.5]},
								"down": {"uv": [24, 30.5], "uv_size": [0.5, -1.5]}
							}
						},
						{
							"origin": [-1.25695, -0.65455, -0.93009],
							"size": [0.46302, 0.125, 0.5625],
							"pivot": [-1.02544, -0.59205, -0.46134],
							"rotation": [0, 0, 60],
							"uv": {
								"north": {"uv": [31, 6], "uv_size": [0.5, 0.5]},
								"east": {"uv": [7, 31], "uv_size": [0.5, 0.5]},
								"west": {"uv": [31, 7], "uv_size": [0.5, 0.5]},
								"up": {"uv": [8, 31], "uv_size": [0.5, 0.5]},
								"down": {"uv": [31, 8.5], "uv_size": [0.5, -0.5]}
							}
						},
						{
							"origin": [-1.25367, -0.65265, -0.42093],
							"size": [0.46302, 0.125, 0.1875],
							"inflate": -0.001,
							"pivot": [-1.02216, -0.59015, -0.38968],
							"rotation": [45, 0, 60],
							"uv": {
								"east": {"uv": [9, 31], "uv_size": [0.5, 0.5]},
								"west": {"uv": [31, 9], "uv_size": [0.5, 0.5]},
								"up": {"uv": [10, 31], "uv_size": [0.5, 0.5]},
								"down": {"uv": [31, 10.5], "uv_size": [0.5, -0.5]}
							}
						},
						{
							"origin": [-0.23151, -1.91351, -3.2625],
							"size": [0.46302, 0.125, 0.25],
							"pivot": [0, -0.00001, -2.1485],
							"rotation": [90, 0, 60],
							"uv": {
								"east": {"uv": [11, 31], "uv_size": [0.5, 0.5]},
								"west": {"uv": [31, 11], "uv_size": [0.5, 0.5]},
								"up": {"uv": [12, 31], "uv_size": [0.5, 0.5]},
								"down": {"uv": [31, 12.5], "uv_size": [0.5, -0.5]}
							}
						},
						{
							"origin": [0.79393, 0.52953, -0.55509],
							"size": [0.46302, 0.125, 0.5625],
							"pivot": [1.02544, 0.59203, -0.46134],
							"rotation": [180, 0, 60],
							"uv": {
								"east": {"uv": [4, 31], "uv_size": [0.5, 0.5]},
								"south": {"uv": [31, 4], "uv_size": [0.5, 0.5]},
								"west": {"uv": [5, 31], "uv_size": [0.5, 0.5]},
								"up": {"uv": [31, 5], "uv_size": [0.5, 0.5]},
								"down": {"uv": [6, 31.5], "uv_size": [0.5, -0.5]}
							}
						},
						{
							"origin": [0.79065, 0.52764, -0.54593],
							"size": [0.46302, 0.125, 0.1875],
							"inflate": -0.001,
							"pivot": [1.02216, 0.59014, -0.38968],
							"rotation": [135, 0, 60],
							"uv": {
								"east": {"uv": [2, 31], "uv_size": [0.5, 0.5]},
								"west": {"uv": [31, 2], "uv_size": [0.5, 0.5]},
								"up": {"uv": [3, 31], "uv_size": [0.5, 0.5]},
								"down": {"uv": [31, 3.5], "uv_size": [0.5, -0.5]}
							}
						},
						{
							"origin": [-0.23151, -1.91351, -1.2845],
							"size": [0.46302, 0.125, 0.25],
							"pivot": [0, -0.00001, -2.1485],
							"rotation": [90, 0, 60],
							"uv": {
								"east": {"uv": [0, 31], "uv_size": [0.5, 0.5]},
								"west": {"uv": [31, 0], "uv_size": [0.5, 0.5]},
								"up": {"uv": [1, 31], "uv_size": [0.5, 0.5]},
								"down": {"uv": [31, 1.5], "uv_size": [0.5, -0.5]}
							}
						},
						{
							"origin": [-0.23151, -2.03851, -3.0125],
							"size": [0.46302, 0.25, 1.728],
							"pivot": [0, -0.00001, -2.1485],
							"rotation": [90, 0, 60],
							"uv": {
								"north": {"uv": [30, 28], "uv_size": [0.5, 0.5]},
								"south": {"uv": [29, 30], "uv_size": [0.5, 0.5]},
								"down": {"uv": [23, 30.5], "uv_size": [0.5, -1.5]}
							}
						},
						{
							"origin": [-0.23151, -2.0385, -3.0125],
							"size": [0.46302, 0.25, 1.728],
							"pivot": [0, 0, -2.1485],
							"rotation": [90, 0, -90],
							"uv": {
								"north": {"uv": [30, 27], "uv_size": [0.5, 0.5]},
								"south": {"uv": [28, 30], "uv_size": [0.5, 0.5]},
								"down": {"uv": [29, 23.5], "uv_size": [0.5, -1.5]}
							}
						},
						{
							"origin": [-0.23151, -2.0385, -3.0125],
							"size": [0.46301, 0.25, 1.728],
							"pivot": [-0.00001, 0, -2.1485],
							"rotation": [90, 0, -60],
							"uv": {
								"north": {"uv": [30, 25], "uv_size": [0.5, 0.5]},
								"south": {"uv": [30, 26], "uv_size": [0.5, 0.5]},
								"down": {"uv": [22, 30.5], "uv_size": [0.5, -1.5]}
							}
						},
						{
							"origin": [-0.2315, -2.03851, -3.0125],
							"size": [0.46301, 0.25, 1.728],
							"pivot": [0, -0.00001, -2.1485],
							"rotation": [90, 0, -30],
							"uv": {
								"north": {"uv": [30, 23], "uv_size": [0.5, 0.5]},
								"south": {"uv": [30, 24], "uv_size": [0.5, 0.5]},
								"down": {"uv": [21, 30.5], "uv_size": [0.5, -1.5]}
							}
						},
						{
							"origin": [-0.23151, -2.0385, -3.0125],
							"size": [0.46302, 0.25, 1.728],
							"pivot": [0, 0, -2.1485],
							"rotation": [90, 0, 0],
							"uv": {
								"north": {"uv": [30, 21], "uv_size": [0.5, 0.5]},
								"south": {"uv": [30, 22], "uv_size": [0.5, 0.5]},
								"down": {"uv": [29, 21.5], "uv_size": [0.5, -1.5]}
							}
						},
						{
							"origin": [-0.5242, -0.81842, -10.69219],
							"size": [0.13946, 0.6875, 0.1875],
							"pivot": [-0.45447, -0.66217, -10.59844],
							"rotation": [60, 0, 30],
							"uv": {
								"north": {"uv": [24, 33], "uv_size": [0.5, 0.5]},
								"east": {"uv": [33, 24], "uv_size": [0.5, 0.5]},
								"south": {"uv": [25, 33], "uv_size": [0.5, 0.5]},
								"west": {"uv": [33, 25], "uv_size": [0.5, 0.5]}
							}
						},
						{
							"origin": [-0.13223, 10.51, -0.6475],
							"size": [0.13946, 0.3125, 0.1875],
							"pivot": [0, 0, 0.3125],
							"rotation": [90, 0, 30],
							"uv": {
								"north": {"uv": [8, 33], "uv_size": [0.5, 0.5]},
								"east": {"uv": [33, 8], "uv_size": [0.5, 0.5]},
								"south": {"uv": [9, 33], "uv_size": [0.5, 0.5]},
								"west": {"uv": [33, 9], "uv_size": [0.5, 0.5]}
							}
						},
						{
							"origin": [-0.25723, 10.01, -0.6475],
							"size": [0.26446, 0.5, 0.1875],
							"pivot": [0, 0, 0.3125],
							"rotation": [90, 0, 30],
							"uv": {
								"north": {"uv": [32, 8], "uv_size": [0.5, 0.5]},
								"south": {"uv": [9, 32], "uv_size": [0.5, 0.5]},
								"west": {"uv": [32, 9], "uv_size": [0.5, 0.5]},
								"up": {"uv": [10, 32], "uv_size": [0.5, 0.5]}
							}
						},
						{
							"origin": [0.59244, 0.29822, -10.69219],
							"size": [0.13946, 0.6875, 0.1875],
							"pivot": [0.66217, 0.45447, -10.59844],
							"rotation": [120, 0, 60],
							"uv": {
								"north": {"uv": [34, 4], "uv_size": [0.5, 0.5]},
								"east": {"uv": [5, 34], "uv_size": [0.5, 0.5]},
								"south": {"uv": [34, 5], "uv_size": [0.5, 0.5]},
								"west": {"uv": [6, 34], "uv_size": [0.5, 0.5]}
							}
						},
						{
							"origin": [-0.13223, 10.51, 1.085],
							"size": [0.13946, 0.3125, 0.1875],
							"pivot": [0, 0, 0.3125],
							"rotation": [90, 0, 60],
							"uv": {
								"north": {"uv": [32, 24], "uv_size": [0.5, 0.5]},
								"east": {"uv": [25, 32], "uv_size": [0.5, 0.5]},
								"south": {"uv": [32, 25], "uv_size": [0.5, 0.5]},
								"west": {"uv": [26, 32], "uv_size": [0.5, 0.5]}
							}
						},
						{
							"origin": [-0.25723, 10.01, 1.085],
							"size": [0.26446, 0.5, 0.1875],
							"pivot": [0, 0, 0.3125],
							"rotation": [90, 0, 60],
							"uv": {
								"north": {"uv": [32, 6], "uv_size": [0.5, 0.5]},
								"south": {"uv": [7, 32], "uv_size": [0.5, 0.5]},
								"west": {"uv": [32, 7], "uv_size": [0.5, 0.5]},
								"up": {"uv": [8, 32], "uv_size": [0.5, 0.5]}
							}
						},
						{
							"origin": [0.73096, -0.34375, -10.69219],
							"size": [0.13946, 0.6875, 0.1875],
							"pivot": [0.80069, -0.1875, -10.59844],
							"rotation": [60, 0, -90],
							"uv": {
								"north": {"uv": [34, 0], "uv_size": [0.5, 0.5]},
								"east": {"uv": [1, 34], "uv_size": [0.5, 0.5]},
								"south": {"uv": [34, 1], "uv_size": [0.5, 0.5]},
								"west": {"uv": [2, 34], "uv_size": [0.5, 0.5]}
							}
						},
						{
							"origin": [0.11777, 10.135, -0.6475],
							"size": [0.13946, 0.3125, 0.1875],
							"pivot": [0, -0.375, 0.3125],
							"rotation": [90, 0, -90],
							"uv": {
								"north": {"uv": [32, 28], "uv_size": [0.5, 0.5]},
								"east": {"uv": [29, 32], "uv_size": [0.5, 0.5]},
								"south": {"uv": [32, 29], "uv_size": [0.5, 0.5]},
								"west": {"uv": [30, 32], "uv_size": [0.5, 0.5]}
							}
						},
						{
							"origin": [0.73096, 0.03125, -10.69219],
							"size": [0.13946, 0.6875, 0.1875],
							"pivot": [0.80069, 0.1875, -10.59844],
							"rotation": [60, 0, -90],
							"uv": {
								"north": {"uv": [34, 2], "uv_size": [0.5, 0.5]},
								"east": {"uv": [3, 34], "uv_size": [0.5, 0.5]},
								"south": {"uv": [34, 3], "uv_size": [0.5, 0.5]},
								"west": {"uv": [4, 34], "uv_size": [0.5, 0.5]}
							}
						},
						{
							"origin": [0.11777, 10.51, -0.6475],
							"size": [0.13946, 0.3125, 0.1875],
							"pivot": [0, 0, 0.3125],
							"rotation": [90, 0, -90],
							"uv": {
								"north": {"uv": [32, 26], "uv_size": [0.5, 0.5]},
								"east": {"uv": [27, 32], "uv_size": [0.5, 0.5]},
								"south": {"uv": [32, 27], "uv_size": [0.5, 0.5]},
								"west": {"uv": [28, 32], "uv_size": [0.5, 0.5]}
							}
						},
						{
							"origin": [-0.25723, 10.01, -0.6475],
							"size": [0.51446, 0.5, 0.1875],
							"pivot": [0, 0, 0.3125],
							"rotation": [90, 0, -90],
							"uv": {
								"north": {"uv": [4, 32], "uv_size": [0.5, 0.5]},
								"east": {"uv": [32, 4], "uv_size": [0.5, 0.5]},
								"south": {"uv": [5, 32], "uv_size": [0.5, 0.5]},
								"west": {"uv": [32, 5], "uv_size": [0.5, 0.5]},
								"up": {"uv": [6, 32], "uv_size": [0.5, 0.5]}
							}
						},
						{
							"origin": [0.59244, -0.61072, -10.69219],
							"size": [0.13946, 0.6875, 0.1875],
							"pivot": [0.66217, -0.45447, -10.59844],
							"rotation": [60, 0, -60],
							"uv": {
								"north": {"uv": [32, 33], "uv_size": [0.5, 0.5]},
								"east": {"uv": [33, 32], "uv_size": [0.5, 0.5]},
								"south": {"uv": [33, 33], "uv_size": [0.5, 0.5]},
								"west": {"uv": [0, 34], "uv_size": [0.5, 0.5]}
							}
						},
						{
							"origin": [-0.13223, 10.51, -0.6475],
							"size": [0.13946, 0.3125, 0.1875],
							"pivot": [0, 0, 0.3125],
							"rotation": [90, 0, -60],
							"uv": {
								"north": {"uv": [32, 30], "uv_size": [0.5, 0.5]},
								"east": {"uv": [31, 32], "uv_size": [0.5, 0.5]},
								"south": {"uv": [32, 31], "uv_size": [0.5, 0.5]},
								"west": {"uv": [32, 32], "uv_size": [0.5, 0.5]}
							}
						},
						{
							"origin": [-0.25723, 10.01, -0.6475],
							"size": [0.26446, 0.5, 0.1875],
							"pivot": [0, 0, 0.3125],
							"rotation": [90, 0, -60],
							"uv": {
								"north": {"uv": [2, 32], "uv_size": [0.5, 0.5]},
								"south": {"uv": [32, 2], "uv_size": [0.5, 0.5]},
								"west": {"uv": [3, 32], "uv_size": [0.5, 0.5]},
								"up": {"uv": [32, 3], "uv_size": [0.5, 0.5]}
							}
						},
						{
							"origin": [0.38474, -0.81842, -10.69219],
							"size": [0.13946, 0.6875, 0.1875],
							"pivot": [0.45447, -0.66217, -10.59844],
							"rotation": [60, 0, -30],
							"uv": {
								"north": {"uv": [30, 33], "uv_size": [0.5, 0.5]},
								"east": {"uv": [33, 30], "uv_size": [0.5, 0.5]},
								"south": {"uv": [31, 33], "uv_size": [0.5, 0.5]},
								"west": {"uv": [33, 31], "uv_size": [0.5, 0.5]}
							}
						},
						{
							"origin": [-0.00723, 10.51, -0.6475],
							"size": [0.13946, 0.3125, 0.1875],
							"pivot": [0, 0, 0.3125],
							"rotation": [90, 0, -30],
							"uv": {
								"north": {"uv": [0, 33], "uv_size": [0.5, 0.5]},
								"east": {"uv": [33, 0], "uv_size": [0.5, 0.5]},
								"south": {"uv": [1, 33], "uv_size": [0.5, 0.5]},
								"west": {"uv": [33, 1], "uv_size": [0.5, 0.5]}
							}
						},
						{
							"origin": [-0.00723, 10.01, -0.6475],
							"size": [0.26446, 0.5, 0.1875],
							"pivot": [0, 0, 0.3125],
							"rotation": [90, 0, -30],
							"uv": {
								"north": {"uv": [0, 32], "uv_size": [0.5, 0.5]},
								"east": {"uv": [32, 0], "uv_size": [0.5, 0.5]},
								"south": {"uv": [1, 32], "uv_size": [0.5, 0.5]},
								"up": {"uv": [32, 1], "uv_size": [0.5, 0.5]}
							}
						},
						{
							"origin": [0.11777, 0.64444, -10.69219],
							"size": [0.13946, 0.6875, 0.1875],
							"pivot": [0.1875, 0.80069, -10.59844],
							"rotation": [120, 0, 0],
							"uv": {
								"north": {"uv": [20, 33], "uv_size": [0.5, 0.5]},
								"east": {"uv": [33, 20], "uv_size": [0.5, 0.5]},
								"south": {"uv": [21, 33], "uv_size": [0.5, 0.5]},
								"west": {"uv": [33, 21], "uv_size": [0.5, 0.5]}
							}
						},
						{
							"origin": [0.11777, 10.51, 1.085],
							"size": [0.13946, 0.3125, 0.1875],
							"pivot": [0.375, 0, 0.3125],
							"rotation": [90, 0, 0],
							"uv": {
								"north": {"uv": [32, 20], "uv_size": [0.5, 0.5]},
								"east": {"uv": [21, 32], "uv_size": [0.5, 0.5]},
								"south": {"uv": [32, 21], "uv_size": [0.5, 0.5]},
								"west": {"uv": [22, 32], "uv_size": [0.5, 0.5]}
							}
						},
						{
							"origin": [-0.25723, 0.64444, -10.69219],
							"size": [0.13946, 0.6875, 0.1875],
							"pivot": [-0.1875, 0.80069, -10.59844],
							"rotation": [120, 0, 0],
							"uv": {
								"north": {"uv": [18, 33], "uv_size": [0.5, 0.5]},
								"east": {"uv": [33, 18], "uv_size": [0.5, 0.5]},
								"south": {"uv": [19, 33], "uv_size": [0.5, 0.5]},
								"west": {"uv": [33, 19], "uv_size": [0.5, 0.5]}
							}
						},
						{
							"origin": [-0.25723, 10.51, 1.085],
							"size": [0.13946, 0.3125, 0.1875],
							"pivot": [0, 0, 0.3125],
							"rotation": [90, 0, 0],
							"uv": {
								"north": {"uv": [32, 18], "uv_size": [0.5, 0.5]},
								"east": {"uv": [19, 32], "uv_size": [0.5, 0.5]},
								"south": {"uv": [32, 19], "uv_size": [0.5, 0.5]},
								"west": {"uv": [20, 32], "uv_size": [0.5, 0.5]}
							}
						},
						{
							"origin": [-0.25723, 10.01, 1.085],
							"size": [0.51446, 0.5, 0.1875],
							"pivot": [0, 0, 0.3125],
							"rotation": [90, 0, 0],
							"uv": {
								"north": {"uv": [29, 31], "uv_size": [0.5, 0.5]},
								"east": {"uv": [31, 29], "uv_size": [0.5, 0.5]},
								"south": {"uv": [30, 31], "uv_size": [0.5, 0.5]},
								"west": {"uv": [31, 30], "uv_size": [0.5, 0.5]},
								"up": {"uv": [31, 31], "uv_size": [0.5, 0.5]}
							}
						},
						{
							"origin": [0.38474, 0.50592, -10.69219],
							"size": [0.13946, 0.6875, 0.1875],
							"pivot": [0.45447, 0.66217, -10.59844],
							"rotation": [120, 0, 30],
							"uv": {
								"north": {"uv": [34, 6], "uv_size": [0.5, 0.5]},
								"east": {"uv": [7, 34], "uv_size": [0.5, 0.5]},
								"south": {"uv": [34, 7], "uv_size": [0.5, 0.5]},
								"west": {"uv": [8, 34], "uv_size": [0.5, 0.5]}
							}
						},
						{
							"origin": [-0.00723, 10.51, 1.085],
							"size": [0.13946, 0.3125, 0.1875],
							"pivot": [0, 0, 0.3125],
							"rotation": [90, 0, 30],
							"uv": {
								"north": {"uv": [32, 22], "uv_size": [0.5, 0.5]},
								"east": {"uv": [23, 32], "uv_size": [0.5, 0.5]},
								"south": {"uv": [32, 23], "uv_size": [0.5, 0.5]},
								"west": {"uv": [24, 32], "uv_size": [0.5, 0.5]}
							}
						},
						{
							"origin": [-0.00723, 10.01, 1.085],
							"size": [0.26446, 0.5, 0.1875],
							"pivot": [0, 0, 0.3125],
							"rotation": [90, 0, 30],
							"uv": {
								"north": {"uv": [27, 31], "uv_size": [0.5, 0.5]},
								"east": {"uv": [31, 27], "uv_size": [0.5, 0.5]},
								"south": {"uv": [28, 31], "uv_size": [0.5, 0.5]},
								"up": {"uv": [31, 28], "uv_size": [0.5, 0.5]}
							}
						},
						{
							"origin": [-0.7319, -0.61072, -10.69219],
							"size": [0.13946, 0.6875, 0.1875],
							"pivot": [-0.66217, -0.45447, -10.59844],
							"rotation": [60, 0, 60],
							"uv": {
								"north": {"uv": [22, 33], "uv_size": [0.5, 0.5]},
								"east": {"uv": [33, 22], "uv_size": [0.5, 0.5]},
								"south": {"uv": [23, 33], "uv_size": [0.5, 0.5]},
								"west": {"uv": [33, 23], "uv_size": [0.5, 0.5]}
							}
						},
						{
							"origin": [-0.00723, 10.51, -0.6475],
							"size": [0.13946, 0.3125, 0.1875],
							"pivot": [0, 0, 0.3125],
							"rotation": [90, 0, 60],
							"uv": {
								"north": {"uv": [6, 33], "uv_size": [0.5, 0.5]},
								"east": {"uv": [33, 6], "uv_size": [0.5, 0.5]},
								"south": {"uv": [7, 33], "uv_size": [0.5, 0.5]},
								"west": {"uv": [33, 7], "uv_size": [0.5, 0.5]}
							}
						},
						{
							"origin": [-0.00723, 10.01, -0.6475],
							"size": [0.26446, 0.5, 0.1875],
							"pivot": [0, 0, 0.3125],
							"rotation": [90, 0, 60],
							"uv": {
								"north": {"uv": [25, 31], "uv_size": [0.5, 0.5]},
								"east": {"uv": [31, 25], "uv_size": [0.5, 0.5]},
								"south": {"uv": [26, 31], "uv_size": [0.5, 0.5]},
								"up": {"uv": [31, 26], "uv_size": [0.5, 0.5]}
							}
						},
						{
							"origin": [0.11777, 10.51, 1.085],
							"size": [0.13946, 0.3125, 0.1875],
							"pivot": [0, 0, 0.3125],
							"rotation": [90, 0, -90],
							"uv": {
								"north": {"uv": [32, 10], "uv_size": [0.5, 0.5]},
								"east": {"uv": [11, 32], "uv_size": [0.5, 0.5]},
								"south": {"uv": [32, 11], "uv_size": [0.5, 0.5]},
								"west": {"uv": [12, 32], "uv_size": [0.5, 0.5]}
							}
						},
						{
							"origin": [-0.87042, 0.03125, -10.69219],
							"size": [0.13946, 0.6875, 0.1875],
							"pivot": [-0.80069, 0.1875, -10.59844],
							"rotation": [120, 0, -90],
							"uv": {
								"north": {"uv": [12, 33], "uv_size": [0.5, 0.5]},
								"east": {"uv": [33, 12], "uv_size": [0.5, 0.5]},
								"south": {"uv": [13, 33], "uv_size": [0.5, 0.5]},
								"west": {"uv": [33, 13], "uv_size": [0.5, 0.5]}
							}
						},
						{
							"origin": [-0.87042, -0.34375, -10.69219],
							"size": [0.13946, 0.6875, 0.1875],
							"pivot": [-0.80069, -0.1875, -10.59844],
							"rotation": [120, 0, -90],
							"uv": {
								"north": {"uv": [10, 33], "uv_size": [0.5, 0.5]},
								"east": {"uv": [33, 10], "uv_size": [0.5, 0.5]},
								"south": {"uv": [11, 33], "uv_size": [0.5, 0.5]},
								"west": {"uv": [33, 11], "uv_size": [0.5, 0.5]}
							}
						},
						{
							"origin": [-0.25723, 10.51, 1.085],
							"size": [0.13946, 0.3125, 0.1875],
							"pivot": [0, 0, 0.3125],
							"rotation": [90, 0, -90],
							"uv": {
								"north": {"uv": [32, 12], "uv_size": [0.5, 0.5]},
								"east": {"uv": [13, 32], "uv_size": [0.5, 0.5]},
								"south": {"uv": [32, 13], "uv_size": [0.5, 0.5]},
								"west": {"uv": [14, 32], "uv_size": [0.5, 0.5]}
							}
						},
						{
							"origin": [-0.25723, 10.01, 1.085],
							"size": [0.51446, 0.5, 0.1875],
							"pivot": [0, 0, 0.3125],
							"rotation": [90, 0, -90],
							"uv": {
								"north": {"uv": [31, 22], "uv_size": [0.5, 0.5]},
								"east": {"uv": [23, 31], "uv_size": [0.5, 0.5]},
								"south": {"uv": [31, 23], "uv_size": [0.5, 0.5]},
								"west": {"uv": [24, 31], "uv_size": [0.5, 0.5]},
								"up": {"uv": [31, 24], "uv_size": [0.5, 0.5]}
							}
						},
						{
							"origin": [-0.7319, 0.29822, -10.69219],
							"size": [0.13946, 0.6875, 0.1875],
							"pivot": [-0.66217, 0.45447, -10.59844],
							"rotation": [120, 0, -60],
							"uv": {
								"north": {"uv": [14, 33], "uv_size": [0.5, 0.5]},
								"east": {"uv": [33, 14], "uv_size": [0.5, 0.5]},
								"south": {"uv": [15, 33], "uv_size": [0.5, 0.5]},
								"west": {"uv": [33, 15], "uv_size": [0.5, 0.5]}
							}
						},
						{
							"origin": [-0.00723, 10.51, 1.085],
							"size": [0.13946, 0.3125, 0.1875],
							"pivot": [0, 0, 0.3125],
							"rotation": [90, 0, -60],
							"uv": {
								"north": {"uv": [32, 14], "uv_size": [0.5, 0.5]},
								"east": {"uv": [15, 32], "uv_size": [0.5, 0.5]},
								"south": {"uv": [32, 15], "uv_size": [0.5, 0.5]},
								"west": {"uv": [16, 32], "uv_size": [0.5, 0.5]}
							}
						},
						{
							"origin": [-0.00723, 10.01, 1.085],
							"size": [0.26446, 0.5, 0.1875],
							"pivot": [0, 0, 0.3125],
							"rotation": [90, 0, -60],
							"uv": {
								"north": {"uv": [31, 20], "uv_size": [0.5, 0.5]},
								"east": {"uv": [21, 31], "uv_size": [0.5, 0.5]},
								"south": {"uv": [31, 21], "uv_size": [0.5, 0.5]},
								"up": {"uv": [22, 31], "uv_size": [0.5, 0.5]}
							}
						},
						{
							"origin": [-0.5242, 0.50592, -10.69219],
							"size": [0.13946, 0.6875, 0.1875],
							"pivot": [-0.45447, 0.66217, -10.59844],
							"rotation": [120, 0, -30],
							"uv": {
								"north": {"uv": [16, 33], "uv_size": [0.5, 0.5]},
								"east": {"uv": [33, 16], "uv_size": [0.5, 0.5]},
								"south": {"uv": [17, 33], "uv_size": [0.5, 0.5]},
								"west": {"uv": [33, 17], "uv_size": [0.5, 0.5]}
							}
						},
						{
							"origin": [-0.13223, 10.51, 1.085],
							"size": [0.13946, 0.3125, 0.1875],
							"pivot": [0, 0, 0.3125],
							"rotation": [90, 0, -30],
							"uv": {
								"north": {"uv": [32, 16], "uv_size": [0.5, 0.5]},
								"east": {"uv": [17, 32], "uv_size": [0.5, 0.5]},
								"south": {"uv": [32, 17], "uv_size": [0.5, 0.5]},
								"west": {"uv": [18, 32], "uv_size": [0.5, 0.5]}
							}
						},
						{
							"origin": [-0.25723, 10.01, 1.085],
							"size": [0.26446, 0.5, 0.1875],
							"pivot": [0, 0, 0.3125],
							"rotation": [90, 0, -30],
							"uv": {
								"north": {"uv": [31, 18], "uv_size": [0.5, 0.5]},
								"south": {"uv": [19, 31], "uv_size": [0.5, 0.5]},
								"west": {"uv": [31, 19], "uv_size": [0.5, 0.5]},
								"up": {"uv": [20, 31], "uv_size": [0.5, 0.5]}
							}
						},
						{
							"origin": [0.11777, -0.95694, -10.69219],
							"size": [0.13946, 0.6875, 0.1875],
							"pivot": [0.1875, -0.80069, -10.59844],
							"rotation": [60, 0, 0],
							"uv": {
								"north": {"uv": [28, 33], "uv_size": [0.5, 0.5]},
								"east": {"uv": [33, 28], "uv_size": [0.5, 0.5]},
								"south": {"uv": [29, 33], "uv_size": [0.5, 0.5]},
								"west": {"uv": [33, 29], "uv_size": [0.5, 0.5]}
							}
						},
						{
							"origin": [-0.25723, -0.95694, -10.69219],
							"size": [0.13946, 0.6875, 0.1875],
							"pivot": [-0.1875, -0.80069, -10.59844],
							"rotation": [60, 0, 0],
							"uv": {
								"north": {"uv": [26, 33], "uv_size": [0.5, 0.5]},
								"east": {"uv": [33, 26], "uv_size": [0.5, 0.5]},
								"south": {"uv": [27, 33], "uv_size": [0.5, 0.5]},
								"west": {"uv": [33, 27], "uv_size": [0.5, 0.5]}
							}
						},
						{
							"origin": [-0.25723, 10.51, -0.6475],
							"size": [0.13946, 0.3125, 0.1875],
							"pivot": [-0.375, 0, 0.3125],
							"rotation": [90, 0, 0],
							"uv": {
								"north": {"uv": [4, 33], "uv_size": [0.5, 0.5]},
								"east": {"uv": [33, 4], "uv_size": [0.5, 0.5]},
								"south": {"uv": [5, 33], "uv_size": [0.5, 0.5]},
								"west": {"uv": [33, 5], "uv_size": [0.5, 0.5]}
							}
						},
						{
							"origin": [0.11777, 10.51, -0.6475],
							"size": [0.13946, 0.3125, 0.1875],
							"pivot": [0, 0, 0.3125],
							"rotation": [90, 0, 0],
							"uv": {
								"north": {"uv": [2, 33], "uv_size": [0.5, 0.5]},
								"east": {"uv": [33, 2], "uv_size": [0.5, 0.5]},
								"south": {"uv": [3, 33], "uv_size": [0.5, 0.5]},
								"west": {"uv": [33, 3], "uv_size": [0.5, 0.5]}
							}
						},
						{
							"origin": [-0.25723, 10.01, -0.6475],
							"size": [0.51446, 0.5, 0.1875],
							"pivot": [0, 0, 0.3125],
							"rotation": [90, 0, 0],
							"uv": {
								"north": {"uv": [16, 31], "uv_size": [0.5, 0.5]},
								"east": {"uv": [31, 16], "uv_size": [0.5, 0.5]},
								"south": {"uv": [17, 31], "uv_size": [0.5, 0.5]},
								"west": {"uv": [31, 17], "uv_size": [0.5, 0.5]},
								"up": {"uv": [18, 31], "uv_size": [0.5, 0.5]}
							}
						},
						{
							"origin": [-0.18521, -4.2953, -3.9963],
							"size": [0.37042, 11.1875, 0.4375],
							"inflate": -0.001,
							"pivot": [0, 0, -4.25],
							"rotation": [90, 0, 30],
							"uv": {
								"north": {"uv": [10, 11], "uv_size": [0.5, 11]},
								"south": {"uv": [11, 11], "uv_size": [0.5, 11]},
								"up": {"uv": [34, 19], "uv_size": [0.5, 0.5]},
								"down": {"uv": [20, 34.5], "uv_size": [0.5, -0.5]}
							}
						},
						{
							"origin": [-0.18521, -4.2953, -3.9963],
							"size": [0.37042, 11.1875, 0.4375],
							"pivot": [0, 0, -4.25],
							"rotation": [90, 0, 60],
							"uv": {
								"north": {"uv": [8, 11], "uv_size": [0.5, 11]},
								"south": {"uv": [9, 11], "uv_size": [0.5, 11]},
								"up": {"uv": [34, 18], "uv_size": [0.5, 0.5]},
								"down": {"uv": [19, 34.5], "uv_size": [0.5, -0.5]}
							}
						},
						{
							"origin": [-0.18521, -4.2953, -4.9412],
							"size": [0.37042, 11.1875, 0.4375],
							"inflate": -0.001,
							"pivot": [0, 0, -4.25],
							"rotation": [90, 0, -90],
							"uv": {
								"north": {"uv": [6, 11], "uv_size": [0.5, 11]},
								"south": {"uv": [7, 11], "uv_size": [0.5, 11]},
								"up": {"uv": [34, 17], "uv_size": [0.5, 0.5]},
								"down": {"uv": [18, 34.5], "uv_size": [0.5, -0.5]}
							}
						},
						{
							"origin": [-0.18521, -4.2953, -4.9412],
							"size": [0.37042, 11.1875, 0.4375],
							"pivot": [0, 0, -4.25],
							"rotation": [90, 0, -60],
							"uv": {
								"north": {"uv": [4, 11], "uv_size": [0.5, 11]},
								"south": {"uv": [5, 11], "uv_size": [0.5, 11]},
								"up": {"uv": [34, 16], "uv_size": [0.5, 0.5]},
								"down": {"uv": [17, 34.5], "uv_size": [0.5, -0.5]}
							}
						},
						{
							"origin": [-0.18521, -4.2953, -4.9412],
							"size": [0.37042, 11.1875, 0.4375],
							"inflate": -0.001,
							"pivot": [0, 0, -4.25],
							"rotation": [90, 0, -30],
							"uv": {
								"north": {"uv": [2, 11], "uv_size": [0.5, 11]},
								"south": {"uv": [3, 11], "uv_size": [0.5, 11]},
								"up": {"uv": [34, 15], "uv_size": [0.5, 0.5]},
								"down": {"uv": [16, 34.5], "uv_size": [0.5, -0.5]}
							}
						},
						{
							"origin": [-0.18521, -4.2953, -4.9412],
							"size": [0.37042, 11.1875, 0.4375],
							"pivot": [0, 0, -4.25],
							"rotation": [90, 0, 0],
							"uv": {
								"north": {"uv": [11, 0], "uv_size": [0.5, 11]},
								"south": {"uv": [1, 11], "uv_size": [0.5, 11]},
								"up": {"uv": [34, 14], "uv_size": [0.5, 0.5]},
								"down": {"uv": [15, 34.5], "uv_size": [0.5, -0.5]}
							}
						},
						{
							"origin": [-0.18521, -4.2953, -4.9412],
							"size": [0.37042, 11.1875, 0.4375],
							"inflate": -0.001,
							"pivot": [0, 0, -4.25],
							"rotation": [90, 0, 30],
							"uv": {
								"north": {"uv": [10, 0], "uv_size": [0.5, 11]},
								"south": {"uv": [0, 11], "uv_size": [0.5, 11]},
								"up": {"uv": [34, 13], "uv_size": [0.5, 0.5]},
								"down": {"uv": [14, 34.5], "uv_size": [0.5, -0.5]}
							}
						},
						{
							"origin": [-0.18521, -4.2953, -4.9412],
							"size": [0.37042, 11.1875, 0.4375],
							"pivot": [0, 0, -4.25],
							"rotation": [90, 0, 60],
							"uv": {
								"north": {"uv": [8, 0], "uv_size": [0.5, 11]},
								"south": {"uv": [9, 0], "uv_size": [0.5, 11]},
								"up": {"uv": [34, 12], "uv_size": [0.5, 0.5]},
								"down": {"uv": [13, 34.5], "uv_size": [0.5, -0.5]}
							}
						},
						{
							"origin": [-0.18521, -4.2953, -3.9963],
							"size": [0.37042, 11.1875, 0.4375],
							"inflate": -0.001,
							"pivot": [0, 0, -4.25],
							"rotation": [90, 0, -90],
							"uv": {
								"north": {"uv": [6, 0], "uv_size": [0.5, 11]},
								"south": {"uv": [7, 0], "uv_size": [0.5, 11]},
								"up": {"uv": [34, 11], "uv_size": [0.5, 0.5]},
								"down": {"uv": [12, 34.5], "uv_size": [0.5, -0.5]}
							}
						},
						{
							"origin": [-0.18521, -4.2953, -3.9963],
							"size": [0.37042, 11.1875, 0.4375],
							"pivot": [0, 0, -4.25],
							"rotation": [90, 0, -60],
							"uv": {
								"north": {"uv": [4, 0], "uv_size": [0.5, 11]},
								"south": {"uv": [5, 0], "uv_size": [0.5, 11]},
								"up": {"uv": [34, 10], "uv_size": [0.5, 0.5]},
								"down": {"uv": [11, 34.5], "uv_size": [0.5, -0.5]}
							}
						},
						{
							"origin": [-0.18521, -4.2953, -3.9963],
							"size": [0.37042, 11.1875, 0.4375],
							"inflate": -0.001,
							"pivot": [0, 0, -4.25],
							"rotation": [90, 0, -30],
							"uv": {
								"north": {"uv": [2, 0], "uv_size": [0.5, 11]},
								"south": {"uv": [3, 0], "uv_size": [0.5, 11]},
								"up": {"uv": [34, 9], "uv_size": [0.5, 0.5]},
								"down": {"uv": [10, 34.5], "uv_size": [0.5, -0.5]}
							}
						},
						{
							"origin": [-0.18521, -4.2953, -3.9963],
							"size": [0.37042, 11.1875, 0.4375],
							"pivot": [0, 0, -4.25],
							"rotation": [90, 0, 0],
							"uv": {
								"north": {"uv": [0, 0], "uv_size": [0.5, 11]},
								"south": {"uv": [1, 0], "uv_size": [0.5, 11]},
								"up": {"uv": [34, 8], "uv_size": [0.5, 0.5]},
								"down": {"uv": [9, 34.5], "uv_size": [0.5, -0.5]}
							}
						}
					]
				}
			]
		}
	]
}