{
	"format_version": "1.12.0",
	"minecraft:geometry": [
		{
			"description": {
				"identifier": "geometry.sight_coyote - Converted",
				"texture_width": 128,
				"texture_height": 128,
				"visible_bounds_width": 67,
				"visible_bounds_height": 3,
				"visible_bounds_offset": [0, 0.5, 0]
			},
			"bones": [
				{
					"name": "scope_body",
					"pivot": [0, 8.075, -0.25]
				},
				{
					"name": "bone",
					"parent": "scope_body",
					"pivot": [0, 8.075, -0.25]
				},
				{
					"name": "L",
					"parent": "bone",
					"pivot": [0, 8.075, -0.25],
					"cubes": [
						{
							"origin": [0.68749, 0.09063, -2.90716],
							"size": [0.10938, 0.0625, 2.80594],
							"uv": {
								"east": {"uv": [4, 0], "uv_size": [3, 0.5]},
								"west": {"uv": [4, 1], "uv_size": [3, 0.5]},
								"down": {"uv": [4, 5], "uv_size": [0.5, -3]}
							}
						},
						{
							"origin": [0.68749, 0.06169, -0.08731],
							"size": [0.10938, 0.0625, 0.08839],
							"inflate": -0.001,
							"pivot": [0.74219, 0.05938, -0.12919],
							"rotation": [45, 0, 0],
							"uv": {
								"east": {"uv": [15, 7], "uv_size": [0.5, 0.5]},
								"west": {"uv": [8, 15], "uv_size": [0.5, 0.5]},
								"down": {"uv": [15, 8.5], "uv_size": [0.5, -0.5]}
							}
						},
						{
							"origin": [0.68749, 0.15313, -2.90716],
							"size": [0.10938, 0.60937, 2.86844],
							"uv": {
								"north": {"uv": [9, 15], "uv_size": [0.5, 0.5]},
								"east": {"uv": [0, 5], "uv_size": [3, 0.5]},
								"south": {"uv": [15, 9], "uv_size": [0.5, 0.5]},
								"west": {"uv": [5, 2], "uv_size": [3, 0.5]}
							}
						},
						{
							"origin": [0.68749, 0.6375, -2.99796],
							"size": [0.10938, 0.125, 0.0908],
							"uv": {
								"north": {"uv": [10, 15], "uv_size": [0.5, 0.5]},
								"east": {"uv": [15, 10], "uv_size": [0.5, 0.5]},
								"west": {"uv": [11, 15], "uv_size": [0.5, 0.5]}
							}
						},
						{
							"origin": [0.68749, 0.09063, -3.06341],
							"size": [0.10938, 0.0625, 0.15625],
							"uv": {
								"east": {"uv": [15, 11], "uv_size": [0.5, 0.5]},
								"west": {"uv": [12, 15], "uv_size": [0.5, 0.5]},
								"down": {"uv": [15, 12.5], "uv_size": [0.5, -0.5]}
							}
						},
						{
							"origin": [0.68749, 0.13671, -3.10682],
							"size": [0.10938, 0.0625, 0.08839],
							"inflate": -0.001,
							"pivot": [0.74219, 0.16796, -3.09656],
							"rotation": [-45, 0, 0],
							"uv": {
								"east": {"uv": [13, 15], "uv_size": [0.5, 0.5]},
								"west": {"uv": [15, 13], "uv_size": [0.5, 0.5]},
								"down": {"uv": [14, 15.5], "uv_size": [0.5, -0.5]}
							}
						},
						{
							"origin": [0.68749, 0.15313, -3.12591],
							"size": [0.10938, 0.07812, 0.21875],
							"uv": {
								"north": {"uv": [15, 14], "uv_size": [0.5, 0.5]},
								"east": {"uv": [15, 15], "uv_size": [0.5, 0.5]},
								"west": {"uv": [0, 16], "uv_size": [0.5, 0.5]}
							}
						},
						{
							"origin": [0.68749, 0.20055, -3.11144],
							"size": [0.10938, 0.5, 0.21875],
							"inflate": 0.001,
							"pivot": [0.74219, 0.27086, -3.00206],
							"rotation": [-15, 0, 0],
							"uv": {
								"north": {"uv": [16, 0], "uv_size": [0.5, 0.5]},
								"east": {"uv": [1, 16], "uv_size": [0.5, 0.5]},
								"west": {"uv": [16, 1], "uv_size": [0.5, 0.5]}
							}
						},
						{
							"origin": [0.89853, 0.92823, -1.73437],
							"size": [0.10938, 0.22828, 1.69566],
							"uv": {
								"north": {"uv": [2, 16], "uv_size": [0.5, 0.5]},
								"east": {"uv": [10, 1], "uv_size": [1.5, 0.5]},
								"south": {"uv": [16, 2], "uv_size": [0.5, 0.5]},
								"west": {"uv": [10, 6], "uv_size": [1.5, 0.5]}
							}
						},
						{
							"origin": [0.89853, 1.66177, -0.46931],
							"size": [0.10938, 0.0625, 0.09748],
							"inflate": 0.001,
							"pivot": [0.95322, 1.03829, -0.89062],
							"rotation": [-45, 0, 0],
							"uv": {
								"east": {"uv": [3, 16], "uv_size": [0.5, 0.5]},
								"west": {"uv": [16, 3], "uv_size": [0.5, 0.5]},
								"up": {"uv": [4, 16], "uv_size": [0.5, 0.5]}
							}
						},
						{
							"origin": [0.89853, 1.30682, -1.721],
							"size": [0.10938, 0.25024, 1.67289],
							"inflate": -0.001,
							"pivot": [0.95322, 1.64275, -1.47882],
							"rotation": [-13.5, 0, 0],
							"uv": {
								"east": {"uv": [7, 10], "uv_size": [1.5, 0.5]},
								"west": {"uv": [9, 10], "uv_size": [1.5, 0.5]},
								"up": {"uv": [0, 11], "uv_size": [0.5, 1.5]}
							}
						},
						{
							"origin": [0.89853, 1.08807, -1.721],
							"size": [0.10938, 0.21875, 0.95414],
							"inflate": -0.001,
							"pivot": [0.95322, 1.64275, -1.47882],
							"rotation": [-13.5, 0, 0],
							"uv": {
								"east": {"uv": [13, 5], "uv_size": [1, 0.5]},
								"west": {"uv": [6, 13], "uv_size": [1, 0.5]}
							}
						},
						{
							"origin": [0.89853, 0.96742, -2.84223],
							"size": [0.10938, 0.62686, 0.21026],
							"inflate": -0.001,
							"pivot": [0.95322, 1.18975, -2.73356],
							"rotation": [-18.5, 0, 0],
							"uv": {
								"north": {"uv": [16, 4], "uv_size": [0.5, 0.5]},
								"east": {"uv": [5, 16], "uv_size": [0.5, 0.5]},
								"west": {"uv": [16, 5], "uv_size": [0.5, 0.5]}
							}
						},
						{
							"origin": [0.89853, 0.92823, -2.73437],
							"size": [0.10938, 0.68774, 1.00006],
							"uv": {
								"north": {"uv": [6, 16], "uv_size": [0.5, 0.5]},
								"east": {"uv": [13, 7], "uv_size": [1, 0.5]},
								"west": {"uv": [8, 13], "uv_size": [1, 0.5]}
							}
						},
						{
							"origin": [0.89853, 0.92823, -2.90716],
							"size": [0.10938, 0.08516, 0.17284],
							"uv": {
								"north": {"uv": [16, 6], "uv_size": [0.5, 0.5]},
								"east": {"uv": [7, 16], "uv_size": [0.5, 0.5]},
								"west": {"uv": [16, 7], "uv_size": [0.5, 0.5]}
							}
						},
						{
							"origin": [0.68594, 1.49076, -2.73438],
							"size": [0.10938, 0.10937, 0.09375],
							"pivot": [0.74063, 1.8267, -1.57026],
							"rotation": [0, 0, -42.5],
							"uv": {
								"north": {"uv": [8, 16], "uv_size": [0.5, 0.5]},
								"east": {"uv": [16, 8], "uv_size": [0.5, 0.5]},
								"west": {"uv": [9, 16], "uv_size": [0.5, 0.5]}
							}
						},
						{
							"origin": [0.72518, 1.5804, -2.66711],
							"size": [0.10937, 0.267, 0.12801],
							"inflate": -0.001,
							"pivot": [0.77986, 1.78389, -2.60399],
							"rotation": [-20.5, 0, -42.5],
							"uv": {
								"north": {"uv": [16, 9], "uv_size": [0.5, 0.5]},
								"east": {"uv": [10, 16], "uv_size": [0.5, 0.5]},
								"west": {"uv": [16, 10], "uv_size": [0.5, 0.5]}
							}
						},
						{
							"origin": [0.68594, 1.49076, -2.64063],
							"size": [0.10938, 0.35937, 0.90631],
							"inflate": 0.001,
							"pivot": [0.74063, 1.8267, -1.57026],
							"rotation": [0, 0, -42.5],
							"uv": {
								"east": {"uv": [13, 8], "uv_size": [1, 0.5]},
								"south": {"uv": [11, 16], "uv_size": [0.5, 0.5]},
								"west": {"uv": [9, 13], "uv_size": [1, 0.5]}
							}
						},
						{
							"origin": [0.38719, 1.6516, -2.64063],
							"size": [0.10938, 0.09375, 0.90631],
							"pivot": [0.44189, 1.98753, -1.57026],
							"rotation": [0, 0, -62.5],
							"uv": {
								"north": {"uv": [16, 11], "uv_size": [0.5, 0.5]},
								"east": {"uv": [13, 10], "uv_size": [1, 0.5]},
								"south": {"uv": [12, 16], "uv_size": [0.5, 0.5]},
								"west": {"uv": [13, 11], "uv_size": [1, 0.5]}
							}
						},
						{
							"origin": [0.38719, 1.74535, -2.57813],
							"size": [0.10938, 0.0625, 0.78131],
							"pivot": [0.44189, 1.98753, -1.57026],
							"rotation": [0, 0, -62.5],
							"uv": {
								"east": {"uv": [12, 13], "uv_size": [1, 0.5]},
								"west": {"uv": [13, 13], "uv_size": [1, 0.5]},
								"up": {"uv": [0, 14], "uv_size": [0.5, 1]}
							}
						},
						{
							"origin": [0.38719, 2.51065, -2.49837],
							"size": [0.10938, 0.0625, 0.08839],
							"inflate": 0.001,
							"pivot": [0.44189, 1.98753, -1.57026],
							"rotation": [45, 0, -62.5],
							"uv": {
								"east": {"uv": [16, 12], "uv_size": [0.5, 0.5]},
								"west": {"uv": [13, 16], "uv_size": [0.5, 0.5]},
								"up": {"uv": [16, 13], "uv_size": [0.5, 0.5]}
							}
						},
						{
							"origin": [1.49601, 1.93344, -2.48275],
							"size": [0.10938, 0.0625, 0.08839],
							"inflate": 0.001,
							"pivot": [1.5507, 1.41032, -1.55463],
							"rotation": [-45, 0, -62.5],
							"uv": {
								"east": {"uv": [14, 16], "uv_size": [0.5, 0.5]},
								"west": {"uv": [16, 14], "uv_size": [0.5, 0.5]},
								"up": {"uv": [15, 16], "uv_size": [0.5, 0.5]}
							}
						},
						{
							"origin": [0.64938, 0.73298, -2.90716],
							"size": [0.10938, 0.34375, 2.86844],
							"inflate": 0.001,
							"pivot": [0.70407, 0.70173, -1.57031],
							"rotation": [0, 0, 45],
							"uv": {
								"east": {"uv": [3, 5], "uv_size": [3, 0.5]},
								"south": {"uv": [16, 15], "uv_size": [0.5, 0.5]},
								"west": {"uv": [5, 3], "uv_size": [3, 0.5]}
							}
						},
						{
							"origin": [0.64938, 0.73298, -2.99796],
							"size": [0.10938, 0.09428, 0.0908],
							"inflate": 0.001,
							"pivot": [0.70407, 0.70173, -1.57031],
							"rotation": [0, 0, 45],
							"uv": {
								"north": {"uv": [16, 16], "uv_size": [0.5, 0.5]},
								"east": {"uv": [0, 17], "uv_size": [0.5, 0.5]},
								"south": {"uv": [17, 0], "uv_size": [0.5, 0.5]},
								"west": {"uv": [1, 17], "uv_size": [0.5, 0.5]},
								"up": {"uv": [17, 1], "uv_size": [0.5, 0.5]},
								"down": {"uv": [2, 17.5], "uv_size": [0.5, -0.5]}
							}
						},
						{
							"origin": [0.75437, 0.75985, -2.98248],
							"size": [0.10938, 0.26548, 0.09089],
							"pivot": [0.80906, 0.80672, -2.93626],
							"rotation": [-25, 0, 45],
							"uv": {
								"north": {"uv": [17, 2], "uv_size": [0.5, 0.5]},
								"east": {"uv": [3, 17], "uv_size": [0.5, 0.5]},
								"west": {"uv": [17, 3], "uv_size": [0.5, 0.5]}
							}
						}
					]
				},
				{
					"name": "R",
					"parent": "bone",
					"pivot": [0, 8.075, -0.25],
					"cubes": [
						{
							"origin": [-0.79687, 0.09063, -2.90716],
							"size": [0.10938, 0.0625, 2.80594],
							"uv": {
								"east": {"uv": [5, 4], "uv_size": [3, 0.5]},
								"west": {"uv": [0, 6], "uv_size": [3, 0.5]},
								"down": {"uv": [3, 9], "uv_size": [0.5, -3]}
							}
						},
						{
							"origin": [-0.79687, 0.06169, -0.08731],
							"size": [0.10938, 0.0625, 0.08839],
							"inflate": -0.001,
							"pivot": [-0.74219, 0.05938, -0.12919],
							"rotation": [45, 0, 0],
							"uv": {
								"east": {"uv": [4, 17], "uv_size": [0.5, 0.5]},
								"west": {"uv": [17, 4], "uv_size": [0.5, 0.5]},
								"down": {"uv": [5, 17.5], "uv_size": [0.5, -0.5]}
							}
						},
						{
							"origin": [-0.79687, 0.15313, -2.90716],
							"size": [0.10938, 0.60937, 2.86844],
							"uv": {
								"north": {"uv": [17, 5], "uv_size": [0.5, 0.5]},
								"east": {"uv": [4, 6], "uv_size": [3, 0.5]},
								"south": {"uv": [6, 17], "uv_size": [0.5, 0.5]},
								"west": {"uv": [6, 5], "uv_size": [3, 0.5]}
							}
						},
						{
							"origin": [-0.79687, 0.6375, -2.99796],
							"size": [0.10938, 0.125, 0.0908],
							"uv": {
								"north": {"uv": [17, 6], "uv_size": [0.5, 0.5]},
								"east": {"uv": [7, 17], "uv_size": [0.5, 0.5]},
								"west": {"uv": [17, 7], "uv_size": [0.5, 0.5]}
							}
						},
						{
							"origin": [-0.79687, 0.09063, -3.06341],
							"size": [0.10938, 0.0625, 0.15625],
							"uv": {
								"east": {"uv": [8, 17], "uv_size": [0.5, 0.5]},
								"west": {"uv": [17, 8], "uv_size": [0.5, 0.5]},
								"down": {"uv": [9, 17.5], "uv_size": [0.5, -0.5]}
							}
						},
						{
							"origin": [-0.79687, 0.13671, -3.10682],
							"size": [0.10938, 0.0625, 0.08839],
							"inflate": -0.001,
							"pivot": [-0.74219, 0.16796, -3.09656],
							"rotation": [-45, 0, 0],
							"uv": {
								"east": {"uv": [17, 9], "uv_size": [0.5, 0.5]},
								"west": {"uv": [10, 17], "uv_size": [0.5, 0.5]},
								"down": {"uv": [17, 10.5], "uv_size": [0.5, -0.5]}
							}
						},
						{
							"origin": [-0.79687, 0.15313, -3.12591],
							"size": [0.10938, 0.07812, 0.21875],
							"uv": {
								"north": {"uv": [11, 17], "uv_size": [0.5, 0.5]},
								"east": {"uv": [17, 11], "uv_size": [0.5, 0.5]},
								"west": {"uv": [12, 17], "uv_size": [0.5, 0.5]}
							}
						},
						{
							"origin": [-0.79687, 0.20055, -3.11144],
							"size": [0.10938, 0.5, 0.21875],
							"inflate": 0.001,
							"pivot": [-0.74219, 0.27086, -3.00206],
							"rotation": [-15, 0, 0],
							"uv": {
								"north": {"uv": [17, 12], "uv_size": [0.5, 0.5]},
								"east": {"uv": [13, 17], "uv_size": [0.5, 0.5]},
								"west": {"uv": [17, 13], "uv_size": [0.5, 0.5]}
							}
						},
						{
							"origin": [-1.00791, 0.92823, -1.73437],
							"size": [0.10938, 0.22828, 1.69566],
							"uv": {
								"north": {"uv": [14, 17], "uv_size": [0.5, 0.5]},
								"east": {"uv": [10, 9], "uv_size": [1.5, 0.5]},
								"south": {"uv": [17, 14], "uv_size": [0.5, 0.5]},
								"west": {"uv": [1, 11], "uv_size": [1.5, 0.5]}
							}
						},
						{
							"origin": [-1.00791, 1.66177, -0.46931],
							"size": [0.10938, 0.0625, 0.09748],
							"inflate": 0.001,
							"pivot": [-0.95322, 1.03829, -0.89062],
							"rotation": [-45, 0, 0],
							"uv": {
								"east": {"uv": [15, 17], "uv_size": [0.5, 0.5]},
								"west": {"uv": [17, 15], "uv_size": [0.5, 0.5]},
								"up": {"uv": [16, 17], "uv_size": [0.5, 0.5]}
							}
						},
						{
							"origin": [-1.00791, 1.30682, -1.721],
							"size": [0.10938, 0.25024, 1.67289],
							"inflate": -0.001,
							"pivot": [-0.95322, 1.64275, -1.47882],
							"rotation": [-13.5, 0, 0],
							"uv": {
								"east": {"uv": [11, 2], "uv_size": [1.5, 0.5]},
								"west": {"uv": [11, 3], "uv_size": [1.5, 0.5]},
								"up": {"uv": [4, 11], "uv_size": [0.5, 1.5]}
							}
						},
						{
							"origin": [-1.00791, 1.08807, -1.721],
							"size": [0.10938, 0.21875, 0.95414],
							"inflate": -0.001,
							"pivot": [-0.95322, 1.64275, -1.47882],
							"rotation": [-13.5, 0, 0],
							"uv": {
								"east": {"uv": [14, 0], "uv_size": [1, 0.5]},
								"west": {"uv": [1, 14], "uv_size": [1, 0.5]}
							}
						},
						{
							"origin": [-1.00791, 0.96742, -2.84223],
							"size": [0.10938, 0.62686, 0.21026],
							"inflate": -0.001,
							"pivot": [-0.95322, 1.18975, -2.73356],
							"rotation": [-18.5, 0, 0],
							"uv": {
								"north": {"uv": [17, 16], "uv_size": [0.5, 0.5]},
								"east": {"uv": [17, 17], "uv_size": [0.5, 0.5]},
								"west": {"uv": [0, 18], "uv_size": [0.5, 0.5]}
							}
						},
						{
							"origin": [-1.00791, 0.92823, -2.73437],
							"size": [0.10938, 0.68774, 1.00006],
							"uv": {
								"north": {"uv": [18, 0], "uv_size": [0.5, 0.5]},
								"east": {"uv": [14, 1], "uv_size": [1, 0.5]},
								"west": {"uv": [3, 14], "uv_size": [1, 0.5]}
							}
						},
						{
							"origin": [-1.00791, 0.92823, -2.90716],
							"size": [0.10938, 0.08516, 0.17284],
							"uv": {
								"north": {"uv": [1, 18], "uv_size": [0.5, 0.5]},
								"east": {"uv": [18, 1], "uv_size": [0.5, 0.5]},
								"west": {"uv": [2, 18], "uv_size": [0.5, 0.5]}
							}
						},
						{
							"origin": [-0.79532, 1.49076, -2.73438],
							"size": [0.10938, 0.10937, 0.09375],
							"pivot": [-0.74063, 1.8267, -1.57026],
							"rotation": [0, 0, 42.5],
							"uv": {
								"north": {"uv": [18, 2], "uv_size": [0.5, 0.5]},
								"east": {"uv": [3, 18], "uv_size": [0.5, 0.5]},
								"west": {"uv": [18, 3], "uv_size": [0.5, 0.5]}
							}
						},
						{
							"origin": [-0.83455, 1.5804, -2.66711],
							"size": [0.10937, 0.267, 0.12801],
							"inflate": -0.001,
							"pivot": [-0.77986, 1.78389, -2.60399],
							"rotation": [-20.5, 0, 42.5],
							"uv": {
								"north": {"uv": [4, 18], "uv_size": [0.5, 0.5]},
								"east": {"uv": [18, 4], "uv_size": [0.5, 0.5]},
								"west": {"uv": [5, 18], "uv_size": [0.5, 0.5]}
							}
						},
						{
							"origin": [-0.79532, 1.49076, -2.64063],
							"size": [0.10938, 0.35937, 0.90631],
							"inflate": 0.001,
							"pivot": [-0.74063, 1.8267, -1.57026],
							"rotation": [0, 0, 42.5],
							"uv": {
								"east": {"uv": [4, 14], "uv_size": [1, 0.5]},
								"south": {"uv": [18, 5], "uv_size": [0.5, 0.5]},
								"west": {"uv": [5, 14], "uv_size": [1, 0.5]}
							}
						},
						{
							"origin": [-0.49657, 1.6516, -2.64063],
							"size": [0.10938, 0.09375, 0.90631],
							"pivot": [-0.44189, 1.98753, -1.57026],
							"rotation": [0, 0, 62.5],
							"uv": {
								"north": {"uv": [6, 18], "uv_size": [0.5, 0.5]},
								"east": {"uv": [14, 5], "uv_size": [1, 0.5]},
								"south": {"uv": [18, 6], "uv_size": [0.5, 0.5]},
								"west": {"uv": [6, 14], "uv_size": [1, 0.5]}
							}
						},
						{
							"origin": [-0.49657, 1.74535, -2.57813],
							"size": [0.10938, 0.0625, 0.78131],
							"pivot": [-0.44189, 1.98753, -1.57026],
							"rotation": [0, 0, 62.5],
							"uv": {
								"east": {"uv": [14, 6], "uv_size": [1, 0.5]},
								"west": {"uv": [7, 14], "uv_size": [1, 0.5]},
								"up": {"uv": [14, 7], "uv_size": [0.5, 1]}
							}
						},
						{
							"origin": [-0.49657, 2.51065, -2.49837],
							"size": [0.10938, 0.0625, 0.08839],
							"inflate": 0.001,
							"pivot": [-0.44189, 1.98753, -1.57026],
							"rotation": [45, 0, 62.5],
							"uv": {
								"east": {"uv": [7, 18], "uv_size": [0.5, 0.5]},
								"west": {"uv": [18, 7], "uv_size": [0.5, 0.5]},
								"up": {"uv": [8, 18], "uv_size": [0.5, 0.5]}
							}
						},
						{
							"origin": [-1.60539, 1.93344, -2.48275],
							"size": [0.10938, 0.0625, 0.08839],
							"inflate": 0.001,
							"pivot": [-1.5507, 1.41032, -1.55463],
							"rotation": [-45, 0, 62.5],
							"uv": {
								"east": {"uv": [18, 8], "uv_size": [0.5, 0.5]},
								"west": {"uv": [9, 18], "uv_size": [0.5, 0.5]},
								"up": {"uv": [18, 9], "uv_size": [0.5, 0.5]}
							}
						},
						{
							"origin": [-0.75876, 0.73298, -2.90716],
							"size": [0.10938, 0.34375, 2.86844],
							"inflate": 0.001,
							"pivot": [-0.70407, 0.70173, -1.57031],
							"rotation": [0, 0, -45],
							"uv": {
								"east": {"uv": [0, 7], "uv_size": [3, 0.5]},
								"south": {"uv": [10, 18], "uv_size": [0.5, 0.5]},
								"west": {"uv": [7, 0], "uv_size": [3, 0.5]}
							}
						},
						{
							"origin": [-0.75876, 0.73298, -2.99796],
							"size": [0.10938, 0.09428, 0.0908],
							"inflate": 0.001,
							"pivot": [-0.70407, 0.70173, -1.57031],
							"rotation": [0, 0, -45],
							"uv": {
								"north": {"uv": [18, 10], "uv_size": [0.5, 0.5]},
								"east": {"uv": [11, 18], "uv_size": [0.5, 0.5]},
								"south": {"uv": [18, 11], "uv_size": [0.5, 0.5]},
								"west": {"uv": [12, 18], "uv_size": [0.5, 0.5]},
								"up": {"uv": [18, 12], "uv_size": [0.5, 0.5]},
								"down": {"uv": [13, 18.5], "uv_size": [0.5, -0.5]}
							}
						},
						{
							"origin": [-0.86375, 0.75985, -2.98248],
							"size": [0.10938, 0.26548, 0.09089],
							"pivot": [-0.80906, 0.80672, -2.93626],
							"rotation": [-25, 0, -45],
							"uv": {
								"north": {"uv": [18, 13], "uv_size": [0.5, 0.5]},
								"east": {"uv": [14, 18], "uv_size": [0.5, 0.5]},
								"west": {"uv": [18, 14], "uv_size": [0.5, 0.5]}
							}
						}
					]
				},
				{
					"name": "bone2",
					"parent": "scope_body",
					"pivot": [0, 8.075, -0.25],
					"cubes": [
						{
							"origin": [-0.76562, -0.06562, -3.03125],
							"size": [1.53125, 0.15625, 2.92188],
							"uv": {
								"north": {"uv": [11, 4], "uv_size": [1.5, 0.5]},
								"east": {"uv": [7, 1], "uv_size": [3, 0.5]},
								"south": {"uv": [5, 11], "uv_size": [1.5, 0.5]},
								"west": {"uv": [4, 7], "uv_size": [3, 0.5]},
								"up": {"uv": [0, 0], "uv_size": [1.5, 3]},
								"down": {"uv": [2, 3], "uv_size": [1.5, -3]}
							}
						},
						{
							"origin": [-0.68749, -0.42499, -3.03125],
							"size": [0.29688, 0.07813, 2.92188],
							"uv": {
								"north": {"uv": [15, 18], "uv_size": [0.5, 0.5]},
								"south": {"uv": [18, 15], "uv_size": [0.5, 0.5]},
								"west": {"uv": [7, 6], "uv_size": [3, 0.5]},
								"down": {"uv": [7, 10], "uv_size": [0.5, -3]}
							}
						},
						{
							"origin": [-0.96005, -0.78502, -3.03125],
							"size": [0.11049, 0.0625, 2.92188],
							"inflate": -0.001,
							"pivot": [-0.33395, -0.80065, -0.25],
							"rotation": [0, 0, 45],
							"uv": {
								"north": {"uv": [16, 18], "uv_size": [0.5, 0.5]},
								"south": {"uv": [18, 16], "uv_size": [0.5, 0.5]},
								"down": {"uv": [0, 11], "uv_size": [0.5, -3]}
							}
						},
						{
							"origin": [0.84311, -0.7694, -3.03125],
							"size": [0.11049, 0.0625, 2.92188],
							"inflate": -0.001,
							"pivot": [0.34958, -0.78503, -0.25],
							"rotation": [0, 0, -45],
							"uv": {
								"north": {"uv": [17, 18], "uv_size": [0.5, 0.5]},
								"south": {"uv": [18, 17], "uv_size": [0.5, 0.5]},
								"down": {"uv": [1, 11], "uv_size": [0.5, -3]}
							}
						},
						{
							"origin": [-0.76562, -0.34687, -3.03125],
							"size": [0.25, 0.28125, 2.92188],
							"uv": {
								"north": {"uv": [18, 18], "uv_size": [0.5, 0.5]},
								"east": {"uv": [8, 2], "uv_size": [3, 0.5]},
								"south": {"uv": [0, 19], "uv_size": [0.5, 0.5]},
								"west": {"uv": [8, 3], "uv_size": [3, 0.5]}
							}
						},
						{
							"origin": [-0.74778, -0.69395, -3.03125],
							"size": [0.1875, 0.09375, 2.92188],
							"inflate": -0.001,
							"pivot": [-0.16965, -0.67833, -0.25],
							"rotation": [0, 0, 45],
							"uv": {
								"north": {"uv": [19, 0], "uv_size": [0.5, 0.5]},
								"south": {"uv": [1, 19], "uv_size": [0.5, 0.5]},
								"up": {"uv": [2, 8], "uv_size": [0.5, 3]}
							}
						},
						{
							"origin": [0.56029, -0.69395, -3.03125],
							"size": [0.1875, 0.09375, 2.92188],
							"inflate": -0.001,
							"pivot": [0.16966, -0.67833, -0.25],
							"rotation": [0, 0, -45],
							"uv": {
								"north": {"uv": [19, 1], "uv_size": [0.5, 0.5]},
								"south": {"uv": [2, 19], "uv_size": [0.5, 0.5]},
								"up": {"uv": [4, 8], "uv_size": [0.5, 3]}
							}
						},
						{
							"origin": [-1.32609, -0.42186, -3.03125],
							"size": [0.1875, 0.125, 2.92188],
							"inflate": -0.001,
							"pivot": [-0.81047, -0.37498, -0.25],
							"rotation": [0, 0, 135],
							"uv": {
								"north": {"uv": [19, 2], "uv_size": [0.5, 0.5]},
								"south": {"uv": [3, 19], "uv_size": [0.5, 0.5]},
								"up": {"uv": [5, 8], "uv_size": [0.5, 3]}
							}
						},
						{
							"origin": [1.13859, -0.42186, -3.03125],
							"size": [0.1875, 0.125, 2.92188],
							"inflate": -0.001,
							"pivot": [0.81047, -0.37498, -0.25],
							"rotation": [0, 0, -135],
							"uv": {
								"north": {"uv": [19, 3], "uv_size": [0.5, 0.5]},
								"south": {"uv": [4, 19], "uv_size": [0.5, 0.5]},
								"up": {"uv": [6, 8], "uv_size": [0.5, 3]}
							}
						},
						{
							"origin": [0.51563, -0.34687, -3.03125],
							"size": [0.25, 0.28125, 2.92188],
							"uv": {
								"north": {"uv": [19, 4], "uv_size": [0.5, 0.5]},
								"east": {"uv": [8, 4], "uv_size": [3, 0.5]},
								"south": {"uv": [5, 19], "uv_size": [0.5, 0.5]},
								"west": {"uv": [8, 7], "uv_size": [3, 0.5]}
							}
						},
						{
							"origin": [0.39063, -0.42499, -3.03125],
							"size": [0.29688, 0.07813, 2.92188],
							"uv": {
								"north": {"uv": [19, 5], "uv_size": [0.5, 0.5]},
								"east": {"uv": [8, 8], "uv_size": [3, 0.5]},
								"south": {"uv": [6, 19], "uv_size": [0.5, 0.5]},
								"down": {"uv": [3, 12], "uv_size": [0.5, -3]}
							}
						}
					]
				},
				{
					"name": "bone5",
					"parent": "scope_body",
					"pivot": [0, 8.075, -0.25],
					"cubes": [
						{
							"origin": [-0.6875, 0.09063, -3],
							"size": [1.375, 0.10937, 0.125],
							"uv": {
								"north": {"uv": [11, 5], "uv_size": [1.5, 0.5]},
								"east": {"uv": [19, 6], "uv_size": [0.5, 0.5]},
								"west": {"uv": [7, 19], "uv_size": [0.5, 0.5]},
								"down": {"uv": [7, 11.5], "uv_size": [1.5, -0.5]}
							}
						},
						{
							"origin": [-0.6875, 0.17734, -2.98633],
							"size": [1.375, 0.39528, 0.12545],
							"inflate": -0.001,
							"pivot": [0, 0.23203, -2.92338],
							"rotation": [-18.5, 0, 0],
							"uv": {
								"north": {"uv": [11, 7], "uv_size": [1.5, 0.5]},
								"east": {"uv": [19, 7], "uv_size": [0.5, 0.5]},
								"west": {"uv": [8, 19], "uv_size": [0.5, 0.5]}
							}
						},
						{
							"origin": [-0.6875, 0.09063, -2.875],
							"size": [1.375, 0.48437, 2.17188],
							"uv": {
								"east": {"uv": [8, 9], "uv_size": [2, 0.5]},
								"west": {"uv": [10, 0], "uv_size": [2, 0.5]},
								"down": {"uv": [0, 5], "uv_size": [1.5, -2]}
							}
						},
						{
							"origin": [-0.6875, 0.575, -2.875],
							"size": [1.375, 0.1875, 0.54688],
							"uv": {
								"north": {"uv": [11, 8], "uv_size": [1.5, 0.5]},
								"east": {"uv": [19, 8], "uv_size": [0.5, 0.5]},
								"west": {"uv": [9, 19], "uv_size": [0.5, 0.5]},
								"up": {"uv": [9, 11], "uv_size": [1.5, 0.5]}
							}
						},
						{
							"origin": [-0.6875, 0.55153, -2.33734],
							"size": [1.375, 0.1875, 1.79688],
							"pivot": [0, 0.64528, -2.0639],
							"rotation": [-5, 0, 0],
							"uv": {
								"up": {"uv": [2, 3], "uv_size": [1.5, 2]}
							}
						},
						{
							"origin": [-0.6875, 0.7625, -2.8125],
							"size": [1.375, 0.0625, 0.48438],
							"uv": {
								"north": {"uv": [11, 10], "uv_size": [1.5, 0.5]},
								"east": {"uv": [19, 9], "uv_size": [0.5, 0.5]},
								"south": {"uv": [11, 11], "uv_size": [1.5, 0.5]},
								"west": {"uv": [10, 19], "uv_size": [0.5, 0.5]},
								"up": {"uv": [12, 0], "uv_size": [1.5, 0.5]}
							}
						},
						{
							"origin": [-0.6875, 0.575, -2.32812],
							"size": [0.25, 0.25, 1.625],
							"uv": {
								"east": {"uv": [1, 12], "uv_size": [1.5, 0.5]},
								"west": {"uv": [12, 1], "uv_size": [1.5, 0.5]},
								"up": {"uv": [3, 12], "uv_size": [0.5, 1.5]}
							}
						},
						{
							"origin": [0.4375, 0.575, -2.32812],
							"size": [0.25, 0.25, 1.625],
							"uv": {
								"east": {"uv": [5, 12], "uv_size": [1.5, 0.5]},
								"west": {"uv": [12, 6], "uv_size": [1.5, 0.5]},
								"up": {"uv": [7, 12], "uv_size": [0.5, 1.5]}
							}
						},
						{
							"origin": [0.16999, 0.575, -2.09051],
							"size": [0.25, 0.25, 1.5],
							"inflate": -0.001,
							"pivot": [-0.26751, 0.7625, -0.01238],
							"rotation": [0, -7.5, 0],
							"uv": {
								"east": {"uv": [8, 12], "uv_size": [1.5, 0.5]},
								"up": {"uv": [10, 12], "uv_size": [0.5, 1.5]}
							}
						},
						{
							"origin": [-0.41999, 0.575, -2.09051],
							"size": [0.25, 0.25, 1.5],
							"inflate": -0.001,
							"pivot": [0.26751, 0.7625, -0.01238],
							"rotation": [0, 7.5, 0],
							"uv": {
								"west": {"uv": [12, 9], "uv_size": [1.5, 0.5]},
								"up": {"uv": [11, 12], "uv_size": [0.5, 1.5]}
							}
						},
						{
							"origin": [-0.6875, 0.09063, -0.70312],
							"size": [1.375, 0.73437, 0.8125],
							"uv": {
								"east": {"uv": [8, 14], "uv_size": [1, 0.5]},
								"south": {"uv": [12, 12], "uv_size": [1.5, 0.5]},
								"west": {"uv": [14, 8], "uv_size": [1, 0.5]},
								"down": {"uv": [9, 6], "uv_size": [1.5, -1]}
							}
						},
						{
							"origin": [-0.5625, 0.09063, 0.10938],
							"size": [0.26563, 0.67187, 0.125],
							"uv": {
								"south": {"uv": [19, 10], "uv_size": [0.5, 0.5]},
								"west": {"uv": [11, 19], "uv_size": [0.5, 0.5]},
								"up": {"uv": [19, 11], "uv_size": [0.5, 0.5]},
								"down": {"uv": [12, 19.5], "uv_size": [0.5, -0.5]}
							}
						},
						{
							"origin": [-0.09375, 0.21563, 0.10938],
							"size": [0.3125, 0.20312, 0.26563],
							"uv": {
								"south": {"uv": [19, 12], "uv_size": [0.5, 0.5]},
								"up": {"uv": [13, 19], "uv_size": [0.5, 0.5]},
								"down": {"uv": [19, 13.5], "uv_size": [0.5, -0.5]}
							}
						},
						{
							"origin": [-0.08404, 0.21563, 0.35156],
							"size": [0.04688, 0.20312, 0.04688],
							"inflate": -0.001,
							"pivot": [-0.0606, 0.30156, 0.375],
							"rotation": [0, -45, 0],
							"uv": {
								"south": {"uv": [14, 19], "uv_size": [0.5, 0.5]},
								"west": {"uv": [19, 14], "uv_size": [0.5, 0.5]},
								"up": {"uv": [15, 19], "uv_size": [0.5, 0.5]},
								"down": {"uv": [19, 15.5], "uv_size": [0.5, -0.5]}
							}
						},
						{
							"origin": [0.16217, 0.21563, 0.35156],
							"size": [0.04688, 0.20312, 0.04688],
							"inflate": -0.001,
							"pivot": [0.1856, 0.30156, 0.375],
							"rotation": [0, -45, 0],
							"uv": {
								"south": {"uv": [16, 19], "uv_size": [0.5, 0.5]},
								"west": {"uv": [19, 16], "uv_size": [0.5, 0.5]},
								"up": {"uv": [17, 19], "uv_size": [0.5, 0.5]},
								"down": {"uv": [19, 17.5], "uv_size": [0.5, -0.5]}
							}
						},
						{
							"origin": [0.08025, 0.21563, 0.35156],
							"size": [0.04688, 0.20312, 0.04688],
							"inflate": -0.001,
							"pivot": [0.10369, 0.30156, 0.375],
							"rotation": [0, -45, 0],
							"uv": {
								"south": {"uv": [18, 19], "uv_size": [0.5, 0.5]},
								"west": {"uv": [19, 18], "uv_size": [0.5, 0.5]},
								"up": {"uv": [19, 19], "uv_size": [0.5, 0.5]},
								"down": {"uv": [0, 20.5], "uv_size": [0.5, -0.5]}
							}
						},
						{
							"origin": [-0.00213, 0.21563, 0.35156],
							"size": [0.04688, 0.20312, 0.04688],
							"inflate": -0.001,
							"pivot": [0.02131, 0.30156, 0.375],
							"rotation": [0, -45, 0],
							"uv": {
								"south": {"uv": [20, 0], "uv_size": [0.5, 0.5]},
								"west": {"uv": [1, 20], "uv_size": [0.5, 0.5]},
								"up": {"uv": [20, 1], "uv_size": [0.5, 0.5]},
								"down": {"uv": [2, 20.5], "uv_size": [0.5, -0.5]}
							}
						},
						{
							"origin": [-0.11729, 0.21563, 0.10597],
							"size": [0.0625, 0.20312, 0.26563],
							"inflate": 0.001,
							"pivot": [-0.08604, 0.30156, 0.23878],
							"rotation": [0, 10, 0],
							"uv": {
								"east": {"uv": [20, 2], "uv_size": [0.5, 0.5]},
								"up": {"uv": [3, 20], "uv_size": [0.5, 0.5]},
								"down": {"uv": [20, 3.5], "uv_size": [0.5, -0.5]}
							}
						},
						{
							"origin": [0.17979, 0.21563, 0.10597],
							"size": [0.0625, 0.20312, 0.26563],
							"inflate": 0.001,
							"pivot": [0.21104, 0.30156, 0.23878],
							"rotation": [0, -10, 0],
							"uv": {
								"west": {"uv": [4, 20], "uv_size": [0.5, 0.5]},
								"up": {"uv": [20, 4], "uv_size": [0.5, 0.5]},
								"down": {"uv": [5, 20.5], "uv_size": [0.5, -0.5]}
							}
						},
						{
							"origin": [0.29688, 0.09063, 0.10938],
							"size": [0.26563, 0.67187, 0.125],
							"uv": {
								"east": {"uv": [20, 5], "uv_size": [0.5, 0.5]},
								"south": {"uv": [6, 20], "uv_size": [0.5, 0.5]},
								"up": {"uv": [20, 6], "uv_size": [0.5, 0.5]},
								"down": {"uv": [7, 20.5], "uv_size": [0.5, -0.5]}
							}
						},
						{
							"origin": [-0.35937, 0.5125, 0.10938],
							"size": [0.71875, 0.4375, 0.25],
							"uv": {
								"south": {"uv": [20, 7], "uv_size": [0.5, 0.5]},
								"up": {"uv": [8, 20], "uv_size": [0.5, 0.5]},
								"down": {"uv": [20, 8.5], "uv_size": [0.5, -0.5]}
							}
						},
						{
							"origin": [-0.35937, 0.825, -0.70312],
							"size": [0.71875, 0.125, 0.8125],
							"uv": {
								"north": {"uv": [9, 20], "uv_size": [0.5, 0.5]},
								"east": {"uv": [9, 14], "uv_size": [1, 0.5]},
								"south": {"uv": [20, 9], "uv_size": [0.5, 0.5]},
								"west": {"uv": [14, 9], "uv_size": [1, 0.5]},
								"up": {"uv": [10, 14], "uv_size": [0.5, 1]},
								"down": {"uv": [14, 11], "uv_size": [0.5, -1]}
							}
						},
						{
							"origin": [-0.17187, 0.84062, -0.76562],
							"size": [0.34375, 0.03125, 0.0625],
							"uv": {
								"north": {"uv": [10, 20], "uv_size": [0.5, 0.5]},
								"east": {"uv": [20, 10], "uv_size": [0.5, 0.5]},
								"west": {"uv": [11, 20], "uv_size": [0.5, 0.5]},
								"up": {"uv": [20, 11], "uv_size": [0.5, 0.5]},
								"down": {"uv": [12, 20.5], "uv_size": [0.5, -0.5]}
							}
						},
						{
							"origin": [-0.17187, 0.71562, -0.76562],
							"size": [0.03125, 0.125, 0.0625],
							"uv": {
								"north": {"uv": [20, 12], "uv_size": [0.5, 0.5]},
								"east": {"uv": [13, 20], "uv_size": [0.5, 0.5]},
								"west": {"uv": [20, 13], "uv_size": [0.5, 0.5]}
							}
						},
						{
							"origin": [0.14063, 0.71562, -0.76562],
							"size": [0.03125, 0.125, 0.0625],
							"uv": {
								"north": {"uv": [14, 20], "uv_size": [0.5, 0.5]},
								"east": {"uv": [20, 14], "uv_size": [0.5, 0.5]},
								"west": {"uv": [15, 20], "uv_size": [0.5, 0.5]}
							}
						},
						{
							"origin": [-0.17187, 0.68437, -0.76562],
							"size": [0.34375, 0.03125, 0.0625],
							"uv": {
								"north": {"uv": [20, 15], "uv_size": [0.5, 0.5]},
								"east": {"uv": [16, 20], "uv_size": [0.5, 0.5]},
								"west": {"uv": [20, 16], "uv_size": [0.5, 0.5]},
								"up": {"uv": [17, 20], "uv_size": [0.5, 0.5]},
								"down": {"uv": [20, 17.5], "uv_size": [0.5, -0.5]}
							}
						},
						{
							"origin": [0.35938, 0.5125, 0.10938],
							"size": [0.32813, 0.3125, 0.25],
							"uv": {
								"south": {"uv": [18, 20], "uv_size": [0.5, 0.5]},
								"west": {"uv": [20, 18], "uv_size": [0.5, 0.5]}
							}
						},
						{
							"origin": [0.29688, 0.3992, 0.38383],
							"size": [0.39063, 0.375, 0.1875],
							"inflate": -0.001,
							"pivot": [0.125, 0.8992, 0.14945],
							"rotation": [-45, 0, 0],
							"uv": {
								"east": {"uv": [19, 20], "uv_size": [0.5, 0.5]},
								"south": {"uv": [20, 19], "uv_size": [0.5, 0.5]},
								"west": {"uv": [20, 20], "uv_size": [0.5, 0.5]}
							}
						},
						{
							"origin": [-0.6875, 0.3992, 0.38383],
							"size": [0.39063, 0.375, 0.1875],
							"inflate": -0.001,
							"pivot": [-0.125, 0.8992, 0.14945],
							"rotation": [-45, 0, 0],
							"uv": {
								"east": {"uv": [0, 21], "uv_size": [0.5, 0.5]},
								"south": {"uv": [21, 0], "uv_size": [0.5, 0.5]},
								"west": {"uv": [1, 21], "uv_size": [0.5, 0.5]}
							}
						},
						{
							"origin": [-0.29687, 0.6492, 0.25883],
							"size": [0.59375, 0.125, 0.125],
							"pivot": [-0.125, 0.8992, -0.03805],
							"rotation": [-45, 0, 0],
							"uv": {
								"north": {"uv": [21, 1], "uv_size": [0.5, 0.5]},
								"east": {"uv": [2, 21], "uv_size": [0.5, 0.5]},
								"south": {"uv": [21, 2], "uv_size": [0.5, 0.5]},
								"west": {"uv": [3, 21], "uv_size": [0.5, 0.5]},
								"up": {"uv": [21, 3], "uv_size": [0.5, 0.5]},
								"down": {"uv": [4, 21.5], "uv_size": [0.5, -0.5]}
							}
						},
						{
							"origin": [-0.76966, 0.89328, -0.70312],
							"size": [0.35113, 0.12411, 1.0625],
							"inflate": -0.001,
							"pivot": [-0.20716, 1.14328, -0.3125],
							"rotation": [0, 0, -21],
							"uv": {
								"north": {"uv": [21, 4], "uv_size": [0.5, 0.5]},
								"south": {"uv": [5, 21], "uv_size": [0.5, 0.5]},
								"up": {"uv": [11, 14], "uv_size": [0.5, 1]}
							}
						},
						{
							"origin": [-0.6875, 0.5125, 0.10938],
							"size": [0.32813, 0.3125, 0.25],
							"uv": {
								"east": {"uv": [21, 5], "uv_size": [0.5, 0.5]},
								"south": {"uv": [6, 21], "uv_size": [0.5, 0.5]}
							}
						},
						{
							"origin": [0.41853, 0.89328, -0.70312],
							"size": [0.35113, 0.12411, 1.0625],
							"inflate": -0.001,
							"pivot": [0.20716, 1.14328, -0.3125],
							"rotation": [0, 0, 21],
							"uv": {
								"north": {"uv": [21, 6], "uv_size": [0.5, 0.5]},
								"south": {"uv": [7, 21], "uv_size": [0.5, 0.5]},
								"up": {"uv": [14, 11], "uv_size": [0.5, 1]}
							}
						},
						{
							"origin": [0.32041, 0.09063, 0.47509],
							"size": [0.17678, 0.67187, 0.125],
							"inflate": -0.001,
							"pivot": [0, 0.7625, 0.125],
							"rotation": [0, 45, 0],
							"uv": {
								"south": {"uv": [21, 7], "uv_size": [0.5, 0.5]},
								"down": {"uv": [8, 21.5], "uv_size": [0.5, -0.5]}
							}
						},
						{
							"origin": [-0.49718, 0.09063, 0.47509],
							"size": [0.17678, 0.67187, 0.125],
							"inflate": -0.001,
							"pivot": [0, 0.7625, 0.125],
							"rotation": [0, -45, 0],
							"uv": {
								"south": {"uv": [21, 8], "uv_size": [0.5, 0.5]},
								"down": {"uv": [9, 21.5], "uv_size": [0.5, -0.5]}
							}
						}
					]
				},
				{
					"name": "bone6",
					"parent": "scope_body",
					"pivot": [0, 8.075, -0.25],
					"cubes": [
						{
							"origin": [0.51831, 0.73883, -2.8125],
							"size": [0.29688, 0.09375, 0.79688],
							"inflate": -0.001,
							"pivot": [0.58081, 0.95758, -0.25],
							"rotation": [0, 0, -45],
							"uv": {
								"north": {"uv": [21, 9], "uv_size": [0.5, 0.5]},
								"south": {"uv": [10, 21], "uv_size": [0.5, 0.5]},
								"up": {"uv": [12, 14], "uv_size": [0.5, 1]},
								"down": {"uv": [14, 13], "uv_size": [0.5, -1]}
							}
						},
						{
							"origin": [0.61996, 0.81238, -2.5625],
							"size": [0.60937, 0.09375, 0.54688],
							"pivot": [0.68246, 1.03113, -0.25],
							"rotation": [0, 0, -90],
							"uv": {
								"south": {"uv": [21, 10], "uv_size": [0.5, 0.5]},
								"up": {"uv": [11, 21], "uv_size": [0.5, 0.5]},
								"down": {"uv": [21, 11.5], "uv_size": [0.5, -0.5]}
							}
						},
						{
							"origin": [0.63794, 1.25226, -2.62026],
							"size": [0.06229, 0.09375, 0.05776],
							"inflate": 0.001,
							"pivot": [0.70044, 1.47101, -0.25],
							"rotation": [0, 0, -134],
							"uv": {
								"north": {"uv": [12, 21], "uv_size": [0.5, 0.5]},
								"up": {"uv": [21, 12], "uv_size": [0.5, 0.5]},
								"down": {"uv": [13, 21.5], "uv_size": [0.5, -0.5]}
							}
						},
						{
							"origin": [0.50126, 1.391, -2.5625],
							"size": [0.4375, 0.09375, 0.54688],
							"pivot": [0.56376, 1.60975, -0.25],
							"rotation": [0, 0, -164],
							"uv": {
								"north": {"uv": [21, 13], "uv_size": [0.5, 0.5]},
								"south": {"uv": [14, 21], "uv_size": [0.5, 0.5]},
								"up": {"uv": [21, 14], "uv_size": [0.5, 0.5]},
								"down": {"uv": [15, 21.5], "uv_size": [0.5, -0.5]}
							}
						},
						{
							"origin": [0.13858, 1.48589, -2.5625],
							"size": [0.52716, 0.09375, 0.54688],
							"inflate": 0.001,
							"pivot": [0.20108, 1.70464, -0.25],
							"rotation": [0, 0, -180],
							"uv": {
								"north": {"uv": [21, 15], "uv_size": [0.5, 0.5]},
								"south": {"uv": [16, 21], "uv_size": [0.5, 0.5]},
								"up": {"uv": [21, 16], "uv_size": [0.5, 0.5]},
								"down": {"uv": [17, 21.5], "uv_size": [0.5, -0.5]}
							}
						},
						{
							"origin": [0.61996, 0.81238, -2.8125],
							"size": [0.10937, 0.09375, 0.25],
							"pivot": [0.68246, 1.03113, -0.25],
							"rotation": [0, 0, -90],
							"uv": {
								"north": {"uv": [21, 17], "uv_size": [0.5, 0.5]},
								"up": {"uv": [18, 21], "uv_size": [0.5, 0.5]},
								"down": {"uv": [21, 18.5], "uv_size": [0.5, -0.5]}
							}
						},
						{
							"origin": [0.72153, 1.12569, -2.83914],
							"size": [0.1875, 0.09375, 0.5],
							"inflate": -0.001,
							"pivot": [0.85434, 1.17256, -2.71414],
							"rotation": [0, 67.5, -90],
							"uv": {
								"west": {"uv": [19, 21], "uv_size": [0.5, 0.5]},
								"up": {"uv": [21, 19], "uv_size": [0.5, 0.5]},
								"down": {"uv": [20, 21.5], "uv_size": [0.5, -0.5]}
							}
						},
						{
							"origin": [0.2674, 1.27432, -2.62026],
							"size": [0.5, 0.09375, 0.05776],
							"pivot": [0.68246, 1.49307, -0.05866],
							"rotation": [0, 0, -90],
							"uv": {
								"north": {"uv": [21, 20], "uv_size": [0.5, 0.5]},
								"up": {"uv": [21, 21], "uv_size": [0.5, 0.5]},
								"down": {"uv": [0, 22.5], "uv_size": [0.5, -0.5]}
							}
						},
						{
							"origin": [0.63794, 1.25226, -2.5625],
							"size": [0.3125, 0.09375, 0.54688],
							"inflate": 0.001,
							"pivot": [0.70044, 1.47101, -0.25],
							"rotation": [0, 0, -134],
							"uv": {
								"north": {"uv": [22, 0], "uv_size": [0.5, 0.5]},
								"south": {"uv": [1, 22], "uv_size": [0.5, 0.5]},
								"up": {"uv": [22, 1], "uv_size": [0.5, 0.5]},
								"down": {"uv": [2, 22.5], "uv_size": [0.5, -0.5]}
							}
						},
						{
							"origin": [0.7765, 1.56057, -2.614],
							"size": [0.25679, 0.09375, 0.0625],
							"inflate": -0.001,
							"pivot": [0.80762, 1.60745, -2.58545],
							"rotation": [0, -13, -134],
							"uv": {
								"north": {"uv": [22, 2], "uv_size": [0.5, 0.5]},
								"up": {"uv": [3, 22], "uv_size": [0.5, 0.5]},
								"down": {"uv": [22, 3.5], "uv_size": [0.5, -0.5]}
							}
						},
						{
							"origin": [-0.95044, 1.25226, -2.5625],
							"size": [0.3125, 0.09375, 0.54688],
							"inflate": 0.001,
							"pivot": [-0.70044, 1.47101, -0.25],
							"rotation": [0, 0, 134],
							"uv": {
								"north": {"uv": [4, 22], "uv_size": [0.5, 0.5]},
								"south": {"uv": [22, 4], "uv_size": [0.5, 0.5]},
								"up": {"uv": [5, 22], "uv_size": [0.5, 0.5]},
								"down": {"uv": [22, 5.5], "uv_size": [0.5, -0.5]}
							}
						},
						{
							"origin": [-0.7674, 1.27432, -2.62026],
							"size": [0.5, 0.09375, 0.05776],
							"pivot": [-0.68246, 1.49307, -0.05866],
							"rotation": [0, 0, 90],
							"uv": {
								"north": {"uv": [6, 22], "uv_size": [0.5, 0.5]},
								"up": {"uv": [22, 6], "uv_size": [0.5, 0.5]},
								"down": {"uv": [7, 22.5], "uv_size": [0.5, -0.5]}
							}
						},
						{
							"origin": [-0.90903, 1.12569, -2.83914],
							"size": [0.1875, 0.09375, 0.5],
							"inflate": -0.001,
							"pivot": [-0.85434, 1.17256, -2.71414],
							"rotation": [0, -67.5, 90],
							"uv": {
								"east": {"uv": [22, 7], "uv_size": [0.5, 0.5]},
								"up": {"uv": [8, 22], "uv_size": [0.5, 0.5]},
								"down": {"uv": [22, 8.5], "uv_size": [0.5, -0.5]}
							}
						},
						{
							"origin": [-0.72934, 0.81238, -2.8125],
							"size": [0.10937, 0.09375, 0.25],
							"pivot": [-0.68246, 1.03113, -0.25],
							"rotation": [0, 0, 90],
							"uv": {
								"north": {"uv": [9, 22], "uv_size": [0.5, 0.5]},
								"up": {"uv": [22, 9], "uv_size": [0.5, 0.5]},
								"down": {"uv": [10, 22.5], "uv_size": [0.5, -0.5]}
							}
						},
						{
							"origin": [-0.93876, 1.391, -2.5625],
							"size": [0.4375, 0.09375, 0.54688],
							"pivot": [-0.56376, 1.60975, -0.25],
							"rotation": [0, 0, 164],
							"uv": {
								"north": {"uv": [22, 10], "uv_size": [0.5, 0.5]},
								"south": {"uv": [11, 22], "uv_size": [0.5, 0.5]},
								"up": {"uv": [22, 11], "uv_size": [0.5, 0.5]},
								"down": {"uv": [12, 22.5], "uv_size": [0.5, -0.5]}
							}
						},
						{
							"origin": [-0.70024, 1.25226, -2.62026],
							"size": [0.06229, 0.09375, 0.05776],
							"inflate": 0.001,
							"pivot": [-0.70044, 1.47101, -0.25],
							"rotation": [0, 0, 134],
							"uv": {
								"north": {"uv": [22, 12], "uv_size": [0.5, 0.5]},
								"up": {"uv": [13, 22], "uv_size": [0.5, 0.5]},
								"down": {"uv": [22, 13.5], "uv_size": [0.5, -0.5]}
							}
						},
						{
							"origin": [-1.22934, 0.81238, -2.5625],
							"size": [0.60937, 0.09375, 0.54688],
							"pivot": [-0.68246, 1.03113, -0.25],
							"rotation": [0, 0, 90],
							"uv": {
								"south": {"uv": [14, 22], "uv_size": [0.5, 0.5]},
								"up": {"uv": [22, 14], "uv_size": [0.5, 0.5]},
								"down": {"uv": [15, 22.5], "uv_size": [0.5, -0.5]}
							}
						},
						{
							"origin": [-0.81518, 0.73883, -2.8125],
							"size": [0.29688, 0.09375, 0.79688],
							"inflate": -0.001,
							"pivot": [-0.58081, 0.95758, -0.25],
							"rotation": [0, 0, 45],
							"uv": {
								"north": {"uv": [22, 15], "uv_size": [0.5, 0.5]},
								"south": {"uv": [16, 22], "uv_size": [0.5, 0.5]},
								"up": {"uv": [13, 14], "uv_size": [0.5, 1]},
								"down": {"uv": [14, 14], "uv_size": [0.5, -1]}
							}
						},
						{
							"origin": [-1.03328, 1.56057, -2.614],
							"size": [0.25679, 0.09375, 0.0625],
							"inflate": -0.001,
							"pivot": [-0.80762, 1.60745, -2.58545],
							"rotation": [0, 13, 134],
							"uv": {
								"north": {"uv": [22, 16], "uv_size": [0.5, 0.5]},
								"up": {"uv": [17, 22], "uv_size": [0.5, 0.5]},
								"down": {"uv": [22, 17.5], "uv_size": [0.5, -0.5]}
							}
						}
					]
				},
				{
					"name": "bone7",
					"parent": "scope_body",
					"pivot": [0.03125, 8.075, -0.25],
					"cubes": [
						{
							"origin": [0.79688, -0.2955, -2.737],
							"size": [0.0625, 0.1875, 0.07813],
							"inflate": 0.001,
							"pivot": [0, -0.99862, -1.51734],
							"rotation": [-45, 0, 0],
							"uv": {
								"north": {"uv": [18, 22], "uv_size": [0.5, 0.5]},
								"west": {"uv": [22, 18], "uv_size": [0.5, 0.5]},
								"down": {"uv": [19, 22.5], "uv_size": [0.5, -0.5]}
							}
						},
						{
							"origin": [0.79687, 0.29115, -1.33385],
							"size": [0.0625, 0.1875, 0.07813],
							"inflate": 0.001,
							"pivot": [0.82813, 0.375, -1.25],
							"rotation": [45, 0, 0],
							"uv": {
								"north": {"uv": [22, 19], "uv_size": [0.5, 0.5]},
								"west": {"uv": [20, 22], "uv_size": [0.5, 0.5]},
								"up": {"uv": [22, 20], "uv_size": [0.5, 0.5]},
								"down": {"uv": [21, 22.5], "uv_size": [0.5, -0.5]}
							}
						},
						{
							"origin": [0.79687, 0.29766, -1.26992],
							"size": [0.0625, 0.15468, 0.08917],
							"pivot": [0.82813, 0.375, -1.25],
							"rotation": [90, 0, 0],
							"uv": {
								"south": {"uv": [22, 21], "uv_size": [0.5, 0.5]},
								"west": {"uv": [22, 22], "uv_size": [0.5, 0.5]}
							}
						},
						{
							"origin": [0.79687, 0.27135, -1.33385],
							"size": [0.0625, 0.1875, 0.07813],
							"inflate": -0.001,
							"pivot": [0.82813, 0.375, -1.25],
							"rotation": [135, 0, 0],
							"uv": {
								"west": {"uv": [0, 23], "uv_size": [0.5, 0.5]},
								"down": {"uv": [23, 0.5], "uv_size": [0.5, -0.5]}
							}
						},
						{
							"origin": [0.79687, 0.26535, -1.79151],
							"size": [0.0625, 0.15468, 0.08917],
							"pivot": [0.82813, 0.34805, -1.74464],
							"rotation": [-90, 0, 0],
							"uv": {
								"south": {"uv": [1, 23], "uv_size": [0.5, 0.5]},
								"west": {"uv": [23, 1], "uv_size": [0.5, 0.5]}
							}
						},
						{
							"origin": [0.79687, 0.31144, -1.73706],
							"size": [0.0625, 0.1875, 0.07813],
							"inflate": -0.001,
							"pivot": [0.82813, 0.40519, -1.70581],
							"rotation": [-135, 0, 0],
							"uv": {
								"north": {"uv": [2, 23], "uv_size": [0.5, 0.5]},
								"west": {"uv": [23, 2], "uv_size": [0.5, 0.5]},
								"up": {"uv": [3, 23], "uv_size": [0.5, 0.5]}
							}
						},
						{
							"origin": [0.65625, 0.28125, -1.96875],
							"size": [0.17188, 0.1875, 0.4375],
							"uv": {
								"north": {"uv": [23, 3], "uv_size": [0.5, 0.5]},
								"east": {"uv": [4, 23], "uv_size": [0.5, 0.5]},
								"south": {"uv": [23, 4], "uv_size": [0.5, 0.5]},
								"west": {"uv": [5, 23], "uv_size": [0.5, 0.5]},
								"up": {"uv": [23, 5], "uv_size": [0.5, 0.5]},
								"down": {"uv": [6, 23.5], "uv_size": [0.5, -0.5]}
							}
						},
						{
							"origin": [0.65625, -0.13282, -2.58075],
							"size": [0.17188, 0.0625, 0.08839],
							"inflate": -0.001,
							"pivot": [0.03125, -0.96095, -1.36109],
							"rotation": [-45, 0, 0],
							"uv": {
								"west": {"uv": [23, 6], "uv_size": [0.5, 0.5]},
								"up": {"uv": [7, 23], "uv_size": [0.5, 0.5]}
							}
						},
						{
							"origin": [0.65625, 0.21875, -1.90625],
							"size": [0.17188, 0.3125, 0.3125],
							"inflate": 0.001,
							"uv": {
								"west": {"uv": [23, 7], "uv_size": [0.5, 0.5]},
								"up": {"uv": [8, 23], "uv_size": [0.5, 0.5]},
								"down": {"uv": [23, 8.5], "uv_size": [0.5, -0.5]}
							}
						},
						{
							"origin": [0.65625, -0.13282, -1.00764],
							"size": [0.17188, 0.0625, 0.08839],
							"inflate": -0.001,
							"pivot": [0.03125, -0.96095, -2.13891],
							"rotation": [45, 0, 0],
							"uv": {
								"west": {"uv": [9, 23], "uv_size": [0.5, 0.5]},
								"up": {"uv": [23, 9], "uv_size": [0.5, 0.5]}
							}
						},
						{
							"origin": [0.65625, 0.3578, -1.67724],
							"size": [0.17188, 0.0625, 0.08839],
							"inflate": -0.001,
							"pivot": [0.77344, 0.2721, -1.75],
							"rotation": [135, 0, 0],
							"uv": {
								"west": {"uv": [10, 23], "uv_size": [0.5, 0.5]},
								"up": {"uv": [23, 10], "uv_size": [0.5, 0.5]}
							}
						},
						{
							"origin": [0.65625, 0.3578, -1.91115],
							"size": [0.17188, 0.0625, 0.08839],
							"inflate": -0.001,
							"pivot": [0.77344, 0.2721, -1.75],
							"rotation": [-135, 0, 0],
							"uv": {
								"west": {"uv": [11, 23], "uv_size": [0.5, 0.5]},
								"up": {"uv": [23, 11], "uv_size": [0.5, 0.5]}
							}
						},
						{
							"origin": [0.65625, 0.21562, -1.40716],
							"size": [0.17188, 0.3125, 0.3125],
							"inflate": 0.001,
							"uv": {
								"west": {"uv": [12, 23], "uv_size": [0.5, 0.5]},
								"up": {"uv": [23, 12], "uv_size": [0.5, 0.5]},
								"down": {"uv": [13, 23.5], "uv_size": [0.5, -0.5]}
							}
						},
						{
							"origin": [0.65625, 0.27812, -1.46966],
							"size": [0.17188, 0.1875, 0.4375],
							"uv": {
								"north": {"uv": [23, 13], "uv_size": [0.5, 0.5]},
								"east": {"uv": [14, 23], "uv_size": [0.5, 0.5]},
								"south": {"uv": [23, 14], "uv_size": [0.5, 0.5]},
								"west": {"uv": [15, 23], "uv_size": [0.5, 0.5]},
								"up": {"uv": [23, 15], "uv_size": [0.5, 0.5]},
								"down": {"uv": [16, 23.5], "uv_size": [0.5, -0.5]}
							}
						},
						{
							"origin": [0.65625, -0.13595, -0.50855],
							"size": [0.17188, 0.0625, 0.08839],
							"inflate": -0.001,
							"pivot": [0.03125, -0.96407, -1.63982],
							"rotation": [45, 0, 0],
							"uv": {
								"west": {"uv": [23, 16], "uv_size": [0.5, 0.5]},
								"up": {"uv": [17, 23], "uv_size": [0.5, 0.5]}
							}
						},
						{
							"origin": [0.65625, -0.13595, -2.08166],
							"size": [0.17188, 0.0625, 0.08839],
							"inflate": -0.001,
							"pivot": [0.03125, -0.96407, -0.862],
							"rotation": [-45, 0, 0],
							"uv": {
								"west": {"uv": [23, 17], "uv_size": [0.5, 0.5]},
								"up": {"uv": [18, 23], "uv_size": [0.5, 0.5]}
							}
						},
						{
							"origin": [0.65625, 0.35468, -1.41206],
							"size": [0.17188, 0.0625, 0.08839],
							"inflate": -0.001,
							"pivot": [0.77344, 0.26897, -1.25091],
							"rotation": [-135, 0, 0],
							"uv": {
								"west": {"uv": [23, 18], "uv_size": [0.5, 0.5]},
								"up": {"uv": [19, 23], "uv_size": [0.5, 0.5]}
							}
						},
						{
							"origin": [0.65625, 0.35468, -1.17815],
							"size": [0.17188, 0.0625, 0.08839],
							"inflate": -0.001,
							"pivot": [0.77344, 0.26897, -1.25091],
							"rotation": [135, 0, 0],
							"uv": {
								"west": {"uv": [23, 19], "uv_size": [0.5, 0.5]},
								"up": {"uv": [20, 23], "uv_size": [0.5, 0.5]}
							}
						}
					]
				},
				{
					"name": "bone8",
					"parent": "scope_body",
					"pivot": [0, 8.075, -0.25],
					"cubes": [
						{
							"origin": [1.07813, -0.25312, -1.53125],
							"size": [0.125, 0.20312, 0.23438],
							"uv": {
								"west": {"uv": [23, 20], "uv_size": [0.5, 0.5]},
								"up": {"uv": [21, 23], "uv_size": [0.5, 0.5]},
								"down": {"uv": [23, 21.5], "uv_size": [0.5, -0.5]}
							}
						},
						{
							"origin": [1.14268, -0.25312, -1.37539],
							"size": [0.125, 0.20312, 0.17678],
							"inflate": -0.001,
							"pivot": [1.14063, -0.15156, -1.41406],
							"rotation": [0, -45, 0],
							"uv": {
								"west": {"uv": [22, 23], "uv_size": [0.5, 0.5]},
								"up": {"uv": [23, 22], "uv_size": [0.5, 0.5]},
								"down": {"uv": [23, 23.5], "uv_size": [0.5, -0.5]}
							}
						},
						{
							"origin": [0.92518, -0.25312, -1.64638],
							"size": [0.125, 0.20312, 0.17678],
							"inflate": -0.001,
							"pivot": [1.05224, -0.15156, -1.68505],
							"rotation": [0, 45, 0],
							"uv": {
								"west": {"uv": [0, 24], "uv_size": [0.5, 0.5]},
								"up": {"uv": [24, 0], "uv_size": [0.5, 0.5]},
								"down": {"uv": [1, 24.5], "uv_size": [0.5, -0.5]}
							}
						},
						{
							"origin": [0.76563, -0.25312, -1.65625],
							"size": [0.3125, 0.20312, 0.48438],
							"uv": {
								"north": {"uv": [24, 1], "uv_size": [0.5, 0.5]},
								"east": {"uv": [2, 24], "uv_size": [0.5, 0.5]},
								"south": {"uv": [24, 2], "uv_size": [0.5, 0.5]},
								"up": {"uv": [3, 24], "uv_size": [0.5, 0.5]},
								"down": {"uv": [24, 3.5], "uv_size": [0.5, -0.5]}
							}
						},
						{
							"origin": [0.89063, -0.37812, -1.42187],
							"size": [0.125, 0.45312, 0.125],
							"pivot": [0.92188, -0.15156, -1.41406],
							"rotation": [0, 45, 0],
							"uv": {
								"north": {"uv": [4, 24], "uv_size": [0.5, 0.5]},
								"east": {"uv": [24, 4], "uv_size": [0.5, 0.5]},
								"south": {"uv": [5, 24], "uv_size": [0.5, 0.5]},
								"west": {"uv": [24, 5], "uv_size": [0.5, 0.5]},
								"up": {"uv": [6, 24], "uv_size": [0.5, 0.5]},
								"down": {"uv": [24, 6.5], "uv_size": [0.5, -0.5]}
							}
						},
						{
							"origin": [0.84375, -0.05, -1.59375],
							"size": [0.26563, 0.10938, 0.82813],
							"uv": {
								"east": {"uv": [14, 14], "uv_size": [1, 0.5]},
								"west": {"uv": [0, 15], "uv_size": [1, 0.5]},
								"up": {"uv": [15, 0], "uv_size": [0.5, 1]},
								"down": {"uv": [1, 16], "uv_size": [0.5, -1]}
							}
						},
						{
							"origin": [0.90625, -0.05, -1.65625],
							"size": [0.14063, 0.10938, 0.0625],
							"uv": {
								"north": {"uv": [7, 24], "uv_size": [0.5, 0.5]},
								"up": {"uv": [24, 7], "uv_size": [0.5, 0.5]}
							}
						},
						{
							"origin": [0.86055, -0.05, -1.61568],
							"size": [0.08839, 0.10938, 0.0625],
							"inflate": -0.001,
							"pivot": [0.87863, 0.00469, -1.58443],
							"rotation": [0, 45, 0],
							"uv": {
								"north": {"uv": [8, 24], "uv_size": [0.5, 0.5]},
								"up": {"uv": [24, 8], "uv_size": [0.5, 0.5]}
							}
						},
						{
							"origin": [1.01948, -0.05, -1.65262],
							"size": [0.08839, 0.10938, 0.0625],
							"inflate": -0.001,
							"pivot": [1.03756, 0.00469, -1.62137],
							"rotation": [0, -45, 0],
							"uv": {
								"north": {"uv": [9, 24], "uv_size": [0.5, 0.5]},
								"up": {"uv": [24, 9], "uv_size": [0.5, 0.5]}
							}
						},
						{
							"origin": [0.86055, -0.3625, -1.61568],
							"size": [0.08839, 0.10938, 0.0625],
							"inflate": -0.001,
							"pivot": [0.87863, -0.30781, -1.58443],
							"rotation": [0, 45, 0],
							"uv": {
								"north": {"uv": [10, 24], "uv_size": [0.5, 0.5]},
								"down": {"uv": [24, 10.5], "uv_size": [0.5, -0.5]}
							}
						},
						{
							"origin": [0.90625, -0.3625, -1.65625],
							"size": [0.14063, 0.10938, 0.0625],
							"uv": {
								"north": {"uv": [11, 24], "uv_size": [0.5, 0.5]},
								"down": {"uv": [24, 11.5], "uv_size": [0.5, -0.5]}
							}
						},
						{
							"origin": [1.01948, -0.3625, -1.65262],
							"size": [0.08839, 0.10938, 0.0625],
							"inflate": -0.001,
							"pivot": [1.03756, -0.30781, -1.62137],
							"rotation": [0, -45, 0],
							"uv": {
								"north": {"uv": [12, 24], "uv_size": [0.5, 0.5]},
								"down": {"uv": [24, 12.5], "uv_size": [0.5, -0.5]}
							}
						},
						{
							"origin": [0.84375, -0.25313, -1.14062],
							"size": [0.17188, 0.20313, 0.34375],
							"uv": {
								"north": {"uv": [13, 24], "uv_size": [0.5, 0.5]},
								"east": {"uv": [24, 13], "uv_size": [0.5, 0.5]},
								"south": {"uv": [14, 24], "uv_size": [0.5, 0.5]},
								"west": {"uv": [24, 14], "uv_size": [0.5, 0.5]},
								"up": {"uv": [15, 24], "uv_size": [0.5, 0.5]},
								"down": {"uv": [24, 15.5], "uv_size": [0.5, -0.5]}
							}
						},
						{
							"origin": [0.9617, -0.05, -0.77629],
							"size": [0.125, 0.10938, 0.47597],
							"inflate": -0.001,
							"pivot": [0.97586, 0.00469, -0.51126],
							"rotation": [0, -5, 0],
							"uv": {
								"west": {"uv": [16, 24], "uv_size": [0.5, 0.5]},
								"up": {"uv": [24, 16], "uv_size": [0.5, 0.5]},
								"down": {"uv": [17, 24.5], "uv_size": [0.5, -0.5]}
							}
						},
						{
							"origin": [1.07902, -0.3625, -0.21818],
							"size": [0.04419, 0.42187, 0.0625],
							"pivot": [1.0529, -0.30781, -0.18693],
							"rotation": [0, 55, 0],
							"uv": {
								"south": {"uv": [24, 17], "uv_size": [0.5, 0.5]},
								"up": {"uv": [18, 24], "uv_size": [0.5, 0.5]},
								"down": {"uv": [24, 18.5], "uv_size": [0.5, -0.5]}
							}
						},
						{
							"origin": [1.10936, -0.3625, -0.26042],
							"size": [0.04688, 0.42187, 0.04688],
							"pivot": [1.10155, -0.30781, -0.22917],
							"rotation": [0, 55, 0],
							"uv": {
								"south": {"uv": [19, 24], "uv_size": [0.5, 0.5]},
								"west": {"uv": [24, 19], "uv_size": [0.5, 0.5]},
								"up": {"uv": [20, 24], "uv_size": [0.5, 0.5]},
								"down": {"uv": [24, 20.5], "uv_size": [0.5, -0.5]}
							}
						},
						{
							"origin": [1.0958, -0.3625, -0.33735],
							"size": [0.04688, 0.42187, 0.04688],
							"pivot": [1.08798, -0.30781, -0.3061],
							"rotation": [0, 55, 0],
							"uv": {
								"south": {"uv": [21, 24], "uv_size": [0.5, 0.5]},
								"west": {"uv": [24, 21], "uv_size": [0.5, 0.5]},
								"up": {"uv": [22, 24], "uv_size": [0.5, 0.5]},
								"down": {"uv": [24, 22.5], "uv_size": [0.5, -0.5]}
							}
						},
						{
							"origin": [1.08223, -0.3625, -0.41429],
							"size": [0.04688, 0.42187, 0.04688],
							"pivot": [1.07442, -0.30781, -0.38304],
							"rotation": [0, 55, 0],
							"uv": {
								"south": {"uv": [23, 24], "uv_size": [0.5, 0.5]},
								"west": {"uv": [24, 23], "uv_size": [0.5, 0.5]},
								"up": {"uv": [24, 24], "uv_size": [0.5, 0.5]},
								"down": {"uv": [0, 25.5], "uv_size": [0.5, -0.5]}
							}
						},
						{
							"origin": [1.06381, -0.3625, -0.09192],
							"size": [0.10937, 0.42188, 0.03125],
							"inflate": 0.001,
							"pivot": [0.39193, -0.55, 0.32995],
							"rotation": [0, 10, 0],
							"uv": {
								"south": {"uv": [25, 0], "uv_size": [0.5, 0.5]},
								"up": {"uv": [1, 25], "uv_size": [0.5, 0.5]},
								"down": {"uv": [25, 1.5], "uv_size": [0.5, -0.5]}
							}
						},
						{
							"origin": [0.95478, -0.3625, -0.21328],
							"size": [0.04419, 0.42188, 0.0625],
							"pivot": [1.02509, -0.30781, -0.18203],
							"rotation": [0, -35, 0],
							"uv": {
								"south": {"uv": [2, 25], "uv_size": [0.5, 0.5]},
								"up": {"uv": [25, 2], "uv_size": [0.5, 0.5]},
								"down": {"uv": [3, 25.5], "uv_size": [0.5, -0.5]}
							}
						},
						{
							"origin": [1.0217, -0.3625, -0.6691],
							"size": [0.17187, 0.42188, 0.57813],
							"inflate": 0.001,
							"pivot": [0.38108, -0.55, 0.2684],
							"rotation": [0, 10, 0],
							"uv": {
								"east": {"uv": [25, 3], "uv_size": [0.5, 0.5]},
								"west": {"uv": [4, 25], "uv_size": [0.5, 0.5]},
								"up": {"uv": [25, 4], "uv_size": [0.5, 0.5]},
								"down": {"uv": [5, 25.5], "uv_size": [0.5, -0.5]}
							}
						},
						{
							"origin": [0.9617, -0.3625, -0.77629],
							"size": [0.125, 0.10938, 0.47597],
							"inflate": -0.001,
							"pivot": [0.97586, -0.30781, -0.51126],
							"rotation": [0, -5, 0],
							"uv": {
								"west": {"uv": [25, 5], "uv_size": [0.5, 0.5]},
								"up": {"uv": [6, 25], "uv_size": [0.5, 0.5]},
								"down": {"uv": [25, 6.5], "uv_size": [0.5, -0.5]}
							}
						},
						{
							"origin": [0.84375, -0.3625, -1.59375],
							"size": [0.26563, 0.10938, 0.82813],
							"uv": {
								"east": {"uv": [15, 1], "uv_size": [1, 0.5]},
								"west": {"uv": [2, 15], "uv_size": [1, 0.5]},
								"up": {"uv": [15, 2], "uv_size": [0.5, 1]},
								"down": {"uv": [3, 16], "uv_size": [0.5, -1]}
							}
						}
					]
				},
				{
					"name": "bone9",
					"parent": "scope_body",
					"pivot": [0, 8.075, -0.25],
					"cubes": [
						{
							"origin": [0.8125, -0.3625, -2.46875],
							"size": [0.0625, 0.5625, 0.0625],
							"pivot": [0.84375, -0.05, -2.4375],
							"rotation": [27.5, 0, 0],
							"uv": {
								"north": {"uv": [7, 25], "uv_size": [0.5, 0.5]},
								"east": {"uv": [25, 7], "uv_size": [0.5, 0.5]},
								"south": {"uv": [8, 25], "uv_size": [0.5, 0.5]},
								"west": {"uv": [25, 8], "uv_size": [0.5, 0.5]}
							}
						},
						{
							"origin": [0.8125, -0.3827, -2.47372],
							"size": [0.0625, 0.14062, 0.0625],
							"inflate": 0.001,
							"pivot": [0.84375, -0.49208, -2.44247],
							"rotation": [-37.5, 0, 0],
							"uv": {
								"north": {"uv": [9, 25], "uv_size": [0.5, 0.5]},
								"east": {"uv": [25, 9], "uv_size": [0.5, 0.5]},
								"south": {"uv": [10, 25], "uv_size": [0.5, 0.5]},
								"west": {"uv": [25, 10], "uv_size": [0.5, 0.5]}
							}
						},
						{
							"origin": [0.8125, -0.37141, -2.62867],
							"size": [0.0625, 0.25, 0.0625],
							"pivot": [0.84375, -0.37141, -2.59742],
							"rotation": [-95, 0, 0],
							"uv": {
								"north": {"uv": [11, 25], "uv_size": [0.5, 0.5]},
								"east": {"uv": [25, 11], "uv_size": [0.5, 0.5]},
								"south": {"uv": [12, 25], "uv_size": [0.5, 0.5]},
								"west": {"uv": [25, 12], "uv_size": [0.5, 0.5]}
							}
						},
						{
							"origin": [0.8125, -0.32188, -2.83871],
							"size": [0.0625, 0.3125, 0.0625],
							"inflate": 0.001,
							"pivot": [0.84375, -0.25938, -2.80746],
							"rotation": [-117.5, 0, 0],
							"uv": {
								"north": {"uv": [13, 25], "uv_size": [0.5, 0.5]},
								"east": {"uv": [25, 13], "uv_size": [0.5, 0.5]},
								"south": {"uv": [14, 25], "uv_size": [0.5, 0.5]},
								"west": {"uv": [25, 14], "uv_size": [0.5, 0.5]}
							}
						},
						{
							"origin": [0.8125, -0.08456, -2.9963],
							"size": [0.0625, 0.3125, 0.0625],
							"pivot": [0.84375, -0.02206, -2.96505],
							"rotation": [-152.5, 0, 0],
							"uv": {
								"north": {"uv": [15, 25], "uv_size": [0.5, 0.5]},
								"east": {"uv": [25, 15], "uv_size": [0.5, 0.5]},
								"south": {"uv": [16, 25], "uv_size": [0.5, 0.5]},
								"west": {"uv": [25, 16], "uv_size": [0.5, 0.5]}
							}
						},
						{
							"origin": [0.8125, 0.10645, -3.05674],
							"size": [0.0625, 0.14063, 0.0625],
							"inflate": 0.001,
							"pivot": [0.80468, 0.13512, -3.02549],
							"rotation": [-162.5, 0, 0],
							"uv": {
								"north": {"uv": [17, 25], "uv_size": [0.5, 0.5]},
								"east": {"uv": [25, 17], "uv_size": [0.5, 0.5]},
								"south": {"uv": [18, 25], "uv_size": [0.5, 0.5]},
								"west": {"uv": [25, 18], "uv_size": [0.5, 0.5]}
							}
						},
						{
							"origin": [0.8096, 0.09577, -3.06144],
							"size": [0.0625, 0.07812, 0.0625],
							"pivot": [0.80468, 0.15002, -3.03019],
							"rotation": [-164.72731, 8.64738, -28.83844],
							"uv": {
								"north": {"uv": [19, 25], "uv_size": [0.5, 0.5]},
								"east": {"uv": [25, 19], "uv_size": [0.5, 0.5]},
								"south": {"uv": [20, 25], "uv_size": [0.5, 0.5]},
								"west": {"uv": [25, 20], "uv_size": [0.5, 0.5]}
							}
						},
						{
							"origin": [0.82289, -0.00623, -3.06144],
							"size": [0.0625, 0.1875, 0.0625],
							"inflate": 0.001,
							"pivot": [0.80468, 0.15002, -3.03019],
							"rotation": [180, 17.5, -90],
							"uv": {
								"north": {"uv": [21, 25], "uv_size": [0.5, 0.5]},
								"east": {"uv": [25, 21], "uv_size": [0.5, 0.5]},
								"south": {"uv": [22, 25], "uv_size": [0.5, 0.5]},
								"west": {"uv": [25, 22], "uv_size": [0.5, 0.5]},
								"down": {"uv": [23, 25.5], "uv_size": [0.5, -0.5]}
							}
						},
						{
							"origin": [0.615, 0.10938, -2.67504],
							"size": [0.375, 0.576, 0.23859],
							"inflate": 0.001,
							"uv": {
								"east": {"uv": [25, 23], "uv_size": [0.5, 0.5]},
								"west": {"uv": [24, 25], "uv_size": [0.5, 0.5]},
								"up": {"uv": [25, 24], "uv_size": [0.5, 0.5]},
								"down": {"uv": [25, 25.5], "uv_size": [0.5, -0.5]}
							}
						},
						{
							"origin": [0.615, 0.10938, -2.67504],
							"size": [0.375, 0.576, 0.23859],
							"inflate": -0.001,
							"pivot": [-0.288, 0.39738, -2.55575],
							"rotation": [-45, 0, 0],
							"uv": {
								"east": {"uv": [0, 26], "uv_size": [0.5, 0.5]},
								"west": {"uv": [26, 0], "uv_size": [0.5, 0.5]},
								"up": {"uv": [1, 26], "uv_size": [0.5, 0.5]},
								"down": {"uv": [26, 1.5], "uv_size": [0.5, -0.5]}
							}
						},
						{
							"origin": [0.615, 0.27808, -2.84375],
							"size": [0.375, 0.23859, 0.576],
							"uv": {
								"north": {"uv": [2, 26], "uv_size": [0.5, 0.5]},
								"east": {"uv": [26, 2], "uv_size": [0.5, 0.5]},
								"south": {"uv": [3, 26], "uv_size": [0.5, 0.5]},
								"west": {"uv": [26, 3], "uv_size": [0.5, 0.5]}
							}
						},
						{
							"origin": [0.615, 0.27808, -2.84375],
							"size": [0.375, 0.23859, 0.576],
							"inflate": -0.001,
							"pivot": [-0.288, 0.39738, -2.55575],
							"rotation": [-45, 0, 0],
							"uv": {
								"north": {"uv": [4, 26], "uv_size": [0.5, 0.5]},
								"east": {"uv": [26, 4], "uv_size": [0.5, 0.5]},
								"south": {"uv": [5, 26], "uv_size": [0.5, 0.5]},
								"west": {"uv": [26, 5], "uv_size": [0.5, 0.5]}
							}
						}
					]
				},
				{
					"name": "bone10",
					"parent": "scope_body",
					"pivot": [0, 8.075, -0.25],
					"cubes": [
						{
							"origin": [-1.45312, 0.1375, -2.42279],
							"size": [0.65625, 0.3125, 1.66532],
							"inflate": 0.001,
							"uv": {
								"north": {"uv": [6, 26], "uv_size": [0.5, 0.5]},
								"east": {"uv": [0, 13], "uv_size": [1.5, 0.5]},
								"south": {"uv": [26, 6], "uv_size": [0.5, 0.5]}
							}
						},
						{
							"origin": [-1.36552, 0.34899, -2.42279],
							"size": [0.125, 0.07812, 1.66532],
							"inflate": -0.001,
							"pivot": [-1.2874, 0.50524, -1.59013],
							"rotation": [0, 0, 45],
							"uv": {
								"north": {"uv": [7, 26], "uv_size": [0.5, 0.5]},
								"east": {"uv": [13, 2], "uv_size": [1.5, 0.5]},
								"south": {"uv": [26, 7], "uv_size": [0.5, 0.5]}
							}
						},
						{
							"origin": [-1.30655, 0.30654, -2.42279],
							"size": [0.1875, 0.48437, 1.66532],
							"pivot": [-1.22843, 0.46279, -1.59013],
							"rotation": [0, 0, 77.5],
							"uv": {
								"north": {"uv": [8, 26], "uv_size": [0.5, 0.5]},
								"east": {"uv": [13, 3], "uv_size": [1.5, 0.5]},
								"south": {"uv": [26, 8], "uv_size": [0.5, 0.5]}
							}
						},
						{
							"origin": [-1.30655, 0.36904, -0.75747],
							"size": [0.25, 0.32812, 0.125],
							"inflate": 0.002,
							"pivot": [-1.22843, 0.36904, -1.59013],
							"rotation": [0, 0, 77.5],
							"uv": {
								"east": {"uv": [9, 26], "uv_size": [0.5, 0.5]},
								"south": {"uv": [26, 9], "uv_size": [0.5, 0.5]},
								"down": {"uv": [10, 26.5], "uv_size": [0.5, -0.5]}
							}
						},
						{
							"origin": [-1.38468, 0.41591, -1.70404],
							"size": [0.07813, 0.29687, 0.47782],
							"inflate": 0.001,
							"pivot": [-1.22843, 0.46279, -1.59013],
							"rotation": [0, 0, 77.5],
							"uv": {
								"east": {"uv": [26, 10], "uv_size": [0.5, 0.5]},
								"up": {"uv": [11, 26], "uv_size": [0.5, 0.5]},
								"down": {"uv": [26, 11.5], "uv_size": [0.5, -0.5]}
							}
						},
						{
							"origin": [-0.96105, 0.61169, -1.79405],
							"size": [0.07813, 0.125, 0.08839],
							"inflate": -0.001,
							"pivot": [-0.92199, 0.65076, -1.49264],
							"rotation": [45, 0, 77.5],
							"uv": {
								"east": {"uv": [12, 26], "uv_size": [0.5, 0.5]},
								"west": {"uv": [26, 12], "uv_size": [0.5, 0.5]},
								"up": {"uv": [13, 26], "uv_size": [0.5, 0.5]}
							}
						},
						{
							"origin": [-1.07121, 0.58727, -0.86083],
							"size": [0.07812, 0.125, 0.08839],
							"inflate": -0.001,
							"pivot": [-1.03215, 0.62633, -1.07385],
							"rotation": [-135, 0, 77.5],
							"uv": {
								"east": {"uv": [26, 13], "uv_size": [0.5, 0.5]},
								"west": {"uv": [14, 26], "uv_size": [0.5, 0.5]},
								"up": {"uv": [26, 14], "uv_size": [0.5, 0.5]}
							}
						},
						{
							"origin": [-0.96105, 0.61169, -1.22459],
							"size": [0.07813, 0.125, 0.08839],
							"inflate": -0.001,
							"pivot": [-0.92199, 0.65076, -1.43761],
							"rotation": [-45, 0, 77.5],
							"uv": {
								"east": {"uv": [15, 26], "uv_size": [0.5, 0.5]},
								"west": {"uv": [26, 15], "uv_size": [0.5, 0.5]},
								"up": {"uv": [16, 26], "uv_size": [0.5, 0.5]}
							}
						},
						{
							"origin": [-1.07121, 0.58727, -2.15781],
							"size": [0.07812, 0.125, 0.08839],
							"inflate": -0.001,
							"pivot": [-1.03215, 0.62633, -1.8564],
							"rotation": [135, 0, 77.5],
							"uv": {
								"east": {"uv": [26, 16], "uv_size": [0.5, 0.5]},
								"west": {"uv": [17, 26], "uv_size": [0.5, 0.5]},
								"up": {"uv": [26, 17], "uv_size": [0.5, 0.5]}
							}
						},
						{
							"origin": [-1.38468, 0.47841, -1.76654],
							"size": [0.07813, 0.17187, 0.60282],
							"pivot": [-1.22843, 0.46279, -1.59013],
							"rotation": [0, 0, 77.5],
							"uv": {
								"north": {"uv": [18, 26], "uv_size": [0.5, 0.5]},
								"east": {"uv": [26, 18], "uv_size": [0.5, 0.5]},
								"south": {"uv": [19, 26], "uv_size": [0.5, 0.5]}
							}
						},
						{
							"origin": [-0.84686, 0.37571, -2.42279],
							"size": [0.16008, 0.12811, 1.66532],
							"inflate": -0.001,
							"pivot": [-0.76874, 0.53196, -1.59013],
							"rotation": [0, 0, 90],
							"uv": {
								"north": {"uv": [26, 19], "uv_size": [0.5, 0.5]},
								"east": {"uv": [4, 13], "uv_size": [1.5, 0.5]},
								"south": {"uv": [20, 26], "uv_size": [0.5, 0.5]}
							}
						},
						{
							"origin": [-0.75311, 0.37571, -0.75747],
							"size": [0.56633, 0.12811, 0.125],
							"pivot": [-0.76874, 0.53196, -1.59013],
							"rotation": [0, 0, 90],
							"uv": {
								"east": {"uv": [26, 20], "uv_size": [0.5, 0.5]},
								"south": {"uv": [21, 26], "uv_size": [0.5, 0.5]},
								"west": {"uv": [26, 21], "uv_size": [0.5, 0.5]}
							}
						},
						{
							"origin": [-0.56561, 0.26633, -0.75747],
							"size": [0.37883, 0.10938, 0.125],
							"pivot": [-0.76874, 0.53196, -1.59013],
							"rotation": [0, 0, 90],
							"uv": {
								"south": {"uv": [22, 26], "uv_size": [0.5, 0.5]},
								"west": {"uv": [26, 22], "uv_size": [0.5, 0.5]},
								"down": {"uv": [23, 26.5], "uv_size": [0.5, -0.5]}
							}
						},
						{
							"origin": [-0.66266, 0.47976, -0.75747],
							"size": [0.14446, 0.10938, 0.125],
							"pivot": [-1.10016, 0.74539, -1.59013],
							"rotation": [0, 0, 90],
							"uv": {
								"east": {"uv": [26, 23], "uv_size": [0.5, 0.5]},
								"south": {"uv": [24, 26], "uv_size": [0.5, 0.5]},
								"down": {"uv": [26, 24.5], "uv_size": [0.5, -0.5]}
							}
						},
						{
							"origin": [-0.28208, 0.25032, -0.75747],
							"size": [0.14446, 0.10937, 0.125],
							"inflate": -0.001,
							"pivot": [-0.71958, 0.51594, -1.59013],
							"rotation": [0, 0, 135],
							"uv": {
								"south": {"uv": [25, 26], "uv_size": [0.5, 0.5]},
								"down": {"uv": [26, 25.5], "uv_size": [0.5, -0.5]}
							}
						},
						{
							"origin": [-1.43377, -0.12523, -1.04779],
							"size": [0.39063, 0.25, 0.29032],
							"inflate": -0.001,
							"pivot": [-1.10564, 0.03102, -1.59013],
							"rotation": [0, 0, 42.5],
							"uv": {
								"north": {"uv": [26, 26], "uv_size": [0.5, 0.5]},
								"south": {"uv": [0, 27], "uv_size": [0.5, 0.5]},
								"down": {"uv": [27, 0.5], "uv_size": [0.5, -0.5]}
							}
						},
						{
							"origin": [-1.38689, -0.0471, -0.75747],
							"size": [0.20313, 0.17188, 0.125],
							"inflate": 0.001,
							"pivot": [-1.10564, 0.03102, -1.59013],
							"rotation": [0, 0, 42.5],
							"uv": {
								"south": {"uv": [1, 27], "uv_size": [0.5, 0.5]},
								"west": {"uv": [27, 1], "uv_size": [0.5, 0.5]},
								"down": {"uv": [2, 27.5], "uv_size": [0.5, -0.5]}
							}
						},
						{
							"origin": [-1.40138, -0.19915, -0.75747],
							"size": [0.20313, 0.29688, 0.125],
							"inflate": -0.002,
							"pivot": [-1.12013, 0.00397, -1.59013],
							"rotation": [0, 0, 110],
							"uv": {
								"south": {"uv": [27, 2], "uv_size": [0.5, 0.5]},
								"west": {"uv": [3, 27], "uv_size": [0.5, 0.5]}
							}
						},
						{
							"origin": [-1.43377, -0.12523, -2.42279],
							"size": [0.39063, 0.25, 0.29032],
							"inflate": -0.001,
							"pivot": [-1.10564, 0.03102, -2.96513],
							"rotation": [0, 0, 42.5],
							"uv": {
								"north": {"uv": [27, 3], "uv_size": [0.5, 0.5]},
								"south": {"uv": [4, 27], "uv_size": [0.5, 0.5]},
								"down": {"uv": [27, 4.5], "uv_size": [0.5, -0.5]}
							}
						},
						{
							"origin": [-1.30877, -0.06273, -2.13247],
							"size": [0.17188, 0.1875, 1.08468],
							"pivot": [-1.10564, 0.03102, -2.96513],
							"rotation": [0, 0, 42.5],
							"uv": {
								"down": {"uv": [15, 4], "uv_size": [0.5, -1]}
							}
						},
						{
							"origin": [-1.43377, -0.12523, -2.13247],
							"size": [0.125, 0.25, 1.08468],
							"pivot": [-1.10564, 0.03102, -2.96513],
							"rotation": [0, 0, 42.5],
							"uv": {
								"west": {"uv": [4, 15], "uv_size": [1, 0.5]},
								"down": {"uv": [15, 5], "uv_size": [0.5, -1]}
							}
						},
						{
							"origin": [-1.13689, -0.12523, -2.13247],
							"size": [0.09375, 0.25, 1.08468],
							"pivot": [-1.10564, 0.03102, -2.96513],
							"rotation": [0, 0, 42.5],
							"uv": {
								"east": {"uv": [5, 15], "uv_size": [1, 0.5]},
								"down": {"uv": [15, 6], "uv_size": [0.5, -1]}
							}
						},
						{
							"origin": [-0.67155, -0.523, -1.66984],
							"size": [0.10938, 0.25, 0.42843],
							"inflate": -0.001,
							"pivot": [-0.67155, -0.36675, -2.53375],
							"rotation": [0, -45, 42.5],
							"uv": {
								"east": {"uv": [5, 27], "uv_size": [0.5, 0.5]},
								"west": {"uv": [27, 5], "uv_size": [0.5, 0.5]},
								"down": {"uv": [6, 27.5], "uv_size": [0.5, -0.5]}
							}
						},
						{
							"origin": [-1.47133, 0.12714, -2.21447],
							"size": [0.10938, 0.25, 0.42843],
							"inflate": -0.002,
							"pivot": [-1.39321, 0.25214, -1.70337],
							"rotation": [180, -45, -137.5],
							"uv": {
								"east": {"uv": [27, 6], "uv_size": [0.5, 0.5]},
								"west": {"uv": [7, 27], "uv_size": [0.5, 0.5]},
								"down": {"uv": [27, 7.5], "uv_size": [0.5, -0.5]}
							}
						},
						{
							"origin": [-1.19082, -0.2007, -2.42279],
							"size": [0.2639, 0.36825, 1.66532],
							"pivot": [-1.00888, -0.04445, -1.59013],
							"rotation": [0, 0, 90],
							"uv": {
								"north": {"uv": [8, 27], "uv_size": [0.5, 0.5]},
								"south": {"uv": [27, 8], "uv_size": [0.5, 0.5]},
								"west": {"uv": [13, 4], "uv_size": [1.5, 0.5]},
								"down": {"uv": [2, 14.5], "uv_size": [0.5, -1.5]}
							}
						},
						{
							"origin": [-1.16825, 0.08925, -2.68953],
							"size": [0.744, 0.384, 0.15906],
							"pivot": [-1.15625, 0.28125, -2.61],
							"rotation": [0, -90, -67.5],
							"uv": {
								"east": {"uv": [9, 27], "uv_size": [0.5, 0.5]},
								"up": {"uv": [27, 9], "uv_size": [0.5, 0.5]},
								"down": {"uv": [10, 27.5], "uv_size": [0.5, -0.5]}
							}
						},
						{
							"origin": [-1.16825, 0.20172, -2.802],
							"size": [0.744, 0.15906, 0.384],
							"inflate": -0.001,
							"pivot": [-1.15625, 0.28125, -2.61],
							"rotation": [0, -90, -22.5],
							"uv": {
								"north": {"uv": [27, 10], "uv_size": [0.5, 0.5]},
								"east": {"uv": [11, 27], "uv_size": [0.5, 0.5]},
								"south": {"uv": [27, 11], "uv_size": [0.5, 0.5]}
							}
						},
						{
							"origin": [-1.16825, 0.20172, -2.802],
							"size": [0.744, 0.15906, 0.384],
							"inflate": 0.001,
							"pivot": [-1.15625, 0.28125, -2.61],
							"rotation": [0, -90, -67.5],
							"uv": {
								"north": {"uv": [12, 27], "uv_size": [0.5, 0.5]},
								"east": {"uv": [27, 12], "uv_size": [0.5, 0.5]},
								"south": {"uv": [13, 27], "uv_size": [0.5, 0.5]}
							}
						},
						{
							"origin": [-1.16825, 0.08925, -2.68953],
							"size": [0.744, 0.384, 0.15906],
							"inflate": -0.001,
							"pivot": [-1.15625, 0.28125, -2.61],
							"rotation": [0, -90, -22.5],
							"uv": {
								"east": {"uv": [27, 13], "uv_size": [0.5, 0.5]},
								"up": {"uv": [14, 27], "uv_size": [0.5, 0.5]},
								"down": {"uv": [27, 14.5], "uv_size": [0.5, -0.5]}
							}
						},
						{
							"origin": [-511.70881, 0.1875, -513.26422],
							"size": [0.07813, 0.125, 0.125],
							"pivot": [-1.11206, 0.28125, -513.17047],
							"rotation": [0, 90, 45],
							"uv": {
								"north": {"uv": [15, 27], "uv_size": [0.5, 0.5]},
								"south": {"uv": [27, 15], "uv_size": [0.5, 0.5]},
								"west": {"uv": [16, 27], "uv_size": [0.5, 0.5]},
								"up": {"uv": [27, 16], "uv_size": [0.5, 0.5]},
								"down": {"uv": [17, 27.5], "uv_size": [0.5, -0.5]}
							}
						}
					]
				},
				{
					"name": "bone11",
					"parent": "scope_body",
					"pivot": [0, 8.075, -0.25],
					"cubes": [
						{
							"origin": [0.6875, -0.2375, -1.125],
							"size": [0.125, 0.1875, 0.1875],
							"pivot": [-0.1875, -0.2375, -0.125],
							"rotation": [-45, 0, 0],
							"uv": {
								"north": {"uv": [27, 17], "uv_size": [0.5, 0.5]},
								"south": {"uv": [18, 27], "uv_size": [0.5, 0.5]},
								"west": {"uv": [27, 18], "uv_size": [0.5, 0.5]},
								"up": {"uv": [19, 27], "uv_size": [0.5, 0.5]},
								"down": {"uv": [27, 19.5], "uv_size": [0.5, -0.5]}
							}
						},
						{
							"origin": [0.6875, -0.175, -0.625],
							"size": [0.125, 0.125, 0.125],
							"pivot": [-0.1875, -0.2375, 0.375],
							"rotation": [-45, 0, 0],
							"uv": {
								"north": {"uv": [20, 27], "uv_size": [0.5, 0.5]},
								"south": {"uv": [27, 20], "uv_size": [0.5, 0.5]},
								"west": {"uv": [21, 27], "uv_size": [0.5, 0.5]},
								"up": {"uv": [27, 21], "uv_size": [0.5, 0.5]},
								"down": {"uv": [22, 27.5], "uv_size": [0.5, -0.5]}
							}
						},
						{
							"origin": [0.6875, -0.175, -2.57812],
							"size": [0.125, 0.125, 0.125],
							"pivot": [-0.1875, -0.2375, -1.57812],
							"rotation": [-45, 0, 0],
							"uv": {
								"north": {"uv": [27, 22], "uv_size": [0.5, 0.5]},
								"south": {"uv": [23, 27], "uv_size": [0.5, 0.5]},
								"west": {"uv": [27, 23], "uv_size": [0.5, 0.5]},
								"up": {"uv": [24, 27], "uv_size": [0.5, 0.5]},
								"down": {"uv": [27, 24.5], "uv_size": [0.5, -0.5]}
							}
						},
						{
							"origin": [-0.8125, -0.425, -3.32812],
							"size": [0.125, 0.125, 0.125],
							"pivot": [0.1875, -0.4875, -2.32812],
							"rotation": [-45, 0, 0],
							"uv": {
								"north": {"uv": [25, 27], "uv_size": [0.5, 0.5]},
								"east": {"uv": [27, 25], "uv_size": [0.5, 0.5]},
								"south": {"uv": [26, 27], "uv_size": [0.5, 0.5]},
								"up": {"uv": [27, 26], "uv_size": [0.5, 0.5]},
								"down": {"uv": [27, 27.5], "uv_size": [0.5, -0.5]}
							}
						},
						{
							"origin": [-0.8125, -0.425, -0.64062],
							"size": [0.125, 0.125, 0.125],
							"pivot": [0.1875, -0.4875, 0.35938],
							"rotation": [-45, 0, 0],
							"uv": {
								"north": {"uv": [0, 28], "uv_size": [0.5, 0.5]},
								"east": {"uv": [28, 0], "uv_size": [0.5, 0.5]},
								"south": {"uv": [1, 28], "uv_size": [0.5, 0.5]},
								"up": {"uv": [28, 1], "uv_size": [0.5, 0.5]},
								"down": {"uv": [2, 28.5], "uv_size": [0.5, -0.5]}
							}
						},
						{
							"origin": [-0.8125, -0.175, -0.95312],
							"size": [0.125, 0.125, 0.125],
							"pivot": [0.1875, -0.2375, 0.04688],
							"rotation": [-45, 0, 0],
							"uv": {
								"north": {"uv": [28, 2], "uv_size": [0.5, 0.5]},
								"east": {"uv": [3, 28], "uv_size": [0.5, 0.5]},
								"south": {"uv": [28, 3], "uv_size": [0.5, 0.5]},
								"up": {"uv": [4, 28], "uv_size": [0.5, 0.5]},
								"down": {"uv": [28, 4.5], "uv_size": [0.5, -0.5]}
							}
						},
						{
							"origin": [-1.46875, -0.425, -2.67187],
							"size": [0.125, 0.125, 0.125],
							"pivot": [-0.46875, -0.4875, -1.67187],
							"rotation": [-45, 0, 0],
							"uv": {
								"north": {"uv": [5, 28], "uv_size": [0.5, 0.5]},
								"east": {"uv": [28, 5], "uv_size": [0.5, 0.5]},
								"south": {"uv": [6, 28], "uv_size": [0.5, 0.5]},
								"up": {"uv": [28, 6], "uv_size": [0.5, 0.5]},
								"down": {"uv": [7, 28.5], "uv_size": [0.5, -0.5]}
							}
						},
						{
							"origin": [-1.4158, 0.52905, -2.1839],
							"size": [0.125, 0.125, 0.125],
							"pivot": [-1.3533, 0.46655, -2.2464],
							"rotation": [45, 0, 77.5],
							"uv": {
								"north": {"uv": [28, 7], "uv_size": [0.5, 0.5]},
								"east": {"uv": [8, 28], "uv_size": [0.5, 0.5]},
								"south": {"uv": [28, 8], "uv_size": [0.5, 0.5]},
								"up": {"uv": [9, 28], "uv_size": [0.5, 0.5]},
								"down": {"uv": [28, 9.5], "uv_size": [0.5, -0.5]}
							}
						},
						{
							"origin": [0.6875, -0.425, -0.625],
							"size": [0.125, 0.125, 0.125],
							"pivot": [-0.1875, -0.4875, 0.375],
							"rotation": [-45, 0, 0],
							"uv": {
								"north": {"uv": [10, 28], "uv_size": [0.5, 0.5]},
								"south": {"uv": [28, 10], "uv_size": [0.5, 0.5]},
								"west": {"uv": [11, 28], "uv_size": [0.5, 0.5]},
								"up": {"uv": [28, 11], "uv_size": [0.5, 0.5]},
								"down": {"uv": [12, 28.5], "uv_size": [0.5, -0.5]}
							}
						}
					]
				},
				{
					"name": "laser_beam",
					"parent": "scope_body",
					"pivot": [-1.15625, 0.28126, -2.625]
				},
				{
					"name": "oculars",
					"pivot": [0, 0, 0]
				},
				{
					"name": "ocular_sight",
					"parent": "oculars",
					"pivot": [0, 0.9375, -0.975],
					"cubes": [
						{
							"origin": [-0.37638, 0.83677, -2.419],
							"size": [0.74963, 1.02491, 0.02463],
							"uv": {
								"south": {"uv": [6, 15], "uv_size": [0.5, 1]}
							}
						},
						{
							"origin": [0.37325, 0.83677, -2.419],
							"size": [0.4375, 0.96241, 0.02463],
							"uv": {
								"south": {"uv": [15, 6], "uv_size": [0.5, 1]}
							}
						},
						{
							"origin": [-0.81075, 0.83677, -2.419],
							"size": [0.4375, 0.96241, 0.02463],
							"uv": {
								"south": {"uv": [7, 15], "uv_size": [0.5, 1]}
							}
						}
					]
				},
				{
					"name": "ocular_scope_2",
					"parent": "oculars",
					"pivot": [0, 0, 0]
				},
				{
					"name": "divisions",
					"pivot": [0, 0, 0]
				},
				{
					"name": "division",
					"parent": "divisions",
					"pivot": [0.05, 0.6375, -55]
				},
				{
					"name": "division_illuminated",
					"parent": "division",
					"pivot": [0.05, 0.7375, -75],
					"cubes": [
						{
							"origin": [-0.25, 1.1575, -65],
							"size": [0.5, 0.5, 0.3],
							"pivot": [0, 1.4075, -64.85],
							"rotation": [0, 0, 90],
							"uv": {
								"south": {"uv": [28, 12], "uv_size": [4, 4]}
							}
						}
					]
				},
				{
					"name": "division_2",
					"parent": "divisions",
					"pivot": [0, 0, -25]
				},
				{
					"name": "views",
					"pivot": [0, 0, 0]
				},
				{
					"name": "scope_view",
					"parent": "views",
					"pivot": [0, 1.3875, 6.75]
				},
				{
					"name": "scope_view_2",
					"parent": "views",
					"pivot": [-2, 2, 7.35],
					"rotation": [0, 0, -45]
				}
			]
		}
	]
}