{
	"format_version": "1.12.0",
	"minecraft:geometry": [
		{
			"description": {
				"identifier": "geometry.sight_coyote - Converted",
				"texture_width": 32,
				"texture_height": 32,
				"visible_bounds_width": 7,
				"visible_bounds_height": 2.5,
				"visible_bounds_offset": [0, 0.75, 0]
			},
			"bones": [
				{
					"name": "scope_body",
					"pivot": [0, 7.575, 0.25]
				},
				{
					"name": "bone2",
					"parent": "scope_body",
					"pivot": [0, 7.575, 0.25],
					"cubes": [
						{
							"origin": [0.375, -0.425, -1.625],
							"size": [0.375, 0.5625, 2.09375],
							"uv": {
								"east": {"uv": [2, 3], "uv_size": [2, 0.5]},
								"west": {"uv": [3, 2], "uv_size": [2, 0.5]},
								"down": {"uv": [0, 6], "uv_size": [0.5, -2]}
							}
						},
						{
							"origin": [0.375, -0.1125, -2.16627],
							"size": [0.375, 0.25, 0.54127],
							"uv": {
								"north": {"uv": [2, 13], "uv_size": [0.5, 0.5]},
								"east": {"uv": [13, 2], "uv_size": [0.5, 0.5]},
								"west": {"uv": [3, 13], "uv_size": [0.5, 0.5]}
							}
						},
						{
							"origin": [-0.75, -0.31675, -2.15401],
							"size": [0.375, 0.28125, 0.625],
							"inflate": -0.001,
							"pivot": [0.09375, -0.19175, -1.77901],
							"rotation": [-30, 0, 0],
							"uv": {
								"east": {"uv": [13, 3], "uv_size": [0.5, 0.5]},
								"west": {"uv": [4, 13], "uv_size": [0.5, 0.5]},
								"down": {"uv": [13, 4.5], "uv_size": [0.5, -0.5]}
							}
						},
						{
							"origin": [-0.75, -0.1125, -2.16627],
							"size": [0.375, 0.25, 0.54127],
							"uv": {
								"north": {"uv": [5, 13], "uv_size": [0.5, 0.5]},
								"east": {"uv": [13, 5], "uv_size": [0.5, 0.5]},
								"west": {"uv": [6, 13], "uv_size": [0.5, 0.5]}
							}
						},
						{
							"origin": [-0.75, -0.425, -1.625],
							"size": [0.1875, 0.5625, 0.73438],
							"uv": {
								"east": {"uv": [13, 6], "uv_size": [0.5, 0.5]},
								"up": {"uv": [7, 13], "uv_size": [0.5, 0.5]},
								"down": {"uv": [13, 7.5], "uv_size": [0.5, -0.5]}
							}
						},
						{
							"origin": [-0.73941, -0.425, -0.93391],
							"size": [0.1875, 0.5625, 0.41829],
							"inflate": -0.001,
							"pivot": [-0.65625, -0.14375, -0.89062],
							"rotation": [0, 27.5, 0],
							"uv": {
								"east": {"uv": [8, 13], "uv_size": [0.5, 0.5]},
								"up": {"uv": [13, 8], "uv_size": [0.5, 0.5]},
								"down": {"uv": [9, 13.5], "uv_size": [0.5, -0.5]}
							}
						},
						{
							"origin": [0.375, -0.31675, -2.15401],
							"size": [0.375, 0.28125, 0.625],
							"inflate": -0.001,
							"pivot": [0.09375, -0.19175, -1.77901],
							"rotation": [-30, 0, 0],
							"uv": {
								"east": {"uv": [10, 13], "uv_size": [0.5, 0.5]},
								"west": {"uv": [13, 10], "uv_size": [0.5, 0.5]},
								"down": {"uv": [11, 13.5], "uv_size": [0.5, -0.5]}
							}
						},
						{
							"origin": [0.375, -0.2375, 0.46875],
							"size": [0.1875, 0.4375, 0.1875],
							"uv": {
								"east": {"uv": [13, 11], "uv_size": [0.5, 0.5]},
								"south": {"uv": [12, 13], "uv_size": [0.5, 0.5]},
								"west": {"uv": [13, 12], "uv_size": [0.5, 0.5]}
							}
						},
						{
							"origin": [-0.5625, -0.2375, 0.46875],
							"size": [0.1875, 0.4375, 0.1875],
							"uv": {
								"east": {"uv": [13, 13], "uv_size": [0.5, 0.5]},
								"south": {"uv": [0, 14], "uv_size": [0.5, 0.5]},
								"west": {"uv": [14, 0], "uv_size": [0.5, 0.5]}
							}
						},
						{
							"origin": [-0.4375, -0.00312, -2.16627],
							"size": [0.8125, 0.20312, 2.82252],
							"uv": {
								"north": {"uv": [8, 9], "uv_size": [1, 0.5]},
								"south": {"uv": [9, 8], "uv_size": [1, 0.5]},
								"down": {"uv": [0, 3], "uv_size": [1, -3]}
							}
						},
						{
							"origin": [-0.05838, -0.03313, -2.16627],
							"size": [0.1875, 0.14062, 2.82252],
							"inflate": -0.001,
							"pivot": [-0.12088, -0.455, 0.25],
							"rotation": [0, 0, -45],
							"uv": {
								"north": {"uv": [1, 14], "uv_size": [0.5, 0.5]},
								"south": {"uv": [14, 1], "uv_size": [0.5, 0.5]},
								"down": {"uv": [1, 3], "uv_size": [0.5, -3]}
							}
						},
						{
							"origin": [-0.12912, -0.03313, -2.16627],
							"size": [0.1875, 0.14062, 2.82252],
							"inflate": -0.001,
							"pivot": [0.12088, -0.455, 0.25],
							"rotation": [0, 0, 45],
							"uv": {
								"north": {"uv": [2, 14], "uv_size": [0.5, 0.5]},
								"south": {"uv": [14, 2], "uv_size": [0.5, 0.5]},
								"down": {"uv": [2, 3], "uv_size": [0.5, -3]}
							}
						},
						{
							"origin": [-0.75, 0.2625, -0.63986],
							"size": [1.3105, 0.37535, 1.10861],
							"uv": {
								"east": {"uv": [9, 9], "uv_size": [1, 0.5]},
								"up": {"uv": [0, 3], "uv_size": [1.5, 1]}
							}
						},
						{
							"origin": [-0.75, 0.42907, 0.2975],
							"size": [0.1875, 0.14063, 0.25],
							"inflate": -0.001,
							"pivot": [-0.64844, 0.48376, 0.485],
							"rotation": [135, 0, 0],
							"uv": {
								"east": {"uv": [3, 14], "uv_size": [0.5, 0.5]},
								"west": {"uv": [14, 3], "uv_size": [0.5, 0.5]},
								"down": {"uv": [4, 14.5], "uv_size": [0.5, -0.5]}
							}
						},
						{
							"origin": [-0.75, 0.53309, 0.40419],
							"size": [0.1875, 0.14063, 0.25],
							"inflate": -0.001,
							"pivot": [-0.64844, 0.58778, 0.52919],
							"rotation": [45, 0, 0],
							"uv": {
								"east": {"uv": [14, 4], "uv_size": [0.5, 0.5]},
								"west": {"uv": [5, 14], "uv_size": [0.5, 0.5]},
								"down": {"uv": [14, 5.5], "uv_size": [0.5, -0.5]}
							}
						},
						{
							"origin": [-0.75, 0.6375, 0.40625],
							"size": [0.20313, 0.10938, 0.25],
							"uv": {
								"east": {"uv": [6, 14], "uv_size": [0.5, 0.5]},
								"south": {"uv": [14, 6], "uv_size": [0.5, 0.5]},
								"west": {"uv": [7, 14], "uv_size": [0.5, 0.5]},
								"up": {"uv": [14, 7], "uv_size": [0.5, 0.5]}
							}
						},
						{
							"origin": [0.5625, 0.53309, 0.34169],
							"size": [0.1875, 0.14063, 0.3125],
							"inflate": -0.001,
							"pivot": [0.64844, 0.58778, 0.52919],
							"rotation": [45, 0, 0],
							"uv": {
								"east": {"uv": [8, 14], "uv_size": [0.5, 0.5]},
								"west": {"uv": [14, 8], "uv_size": [0.5, 0.5]},
								"down": {"uv": [9, 14.5], "uv_size": [0.5, -0.5]}
							}
						},
						{
							"origin": [0.54688, 0.6375, 0.40625],
							"size": [0.20313, 0.10938, 0.25],
							"uv": {
								"east": {"uv": [14, 9], "uv_size": [0.5, 0.5]},
								"south": {"uv": [10, 14], "uv_size": [0.5, 0.5]},
								"west": {"uv": [14, 10], "uv_size": [0.5, 0.5]},
								"up": {"uv": [11, 14], "uv_size": [0.5, 0.5]}
							}
						},
						{
							"origin": [-0.1875, 0.2625, -0.82936],
							"size": [0.37501, 0.37735, 0.1875],
							"inflate": -0.001,
							"uv": {
								"north": {"uv": [14, 11], "uv_size": [0.5, 0.5]},
								"up": {"uv": [12, 14], "uv_size": [0.5, 0.5]},
								"down": {"uv": [14, 12.5], "uv_size": [0.5, -0.5]}
							}
						},
						{
							"origin": [-0.11396, 0.2635, -0.85034],
							"size": [0.5, 0.37735, 0.1875],
							"inflate": -0.001,
							"pivot": [0.13604, -0.424, 0.22902],
							"rotation": [0, 30, 0],
							"uv": {
								"north": {"uv": [13, 14], "uv_size": [0.5, 0.5]},
								"up": {"uv": [14, 13], "uv_size": [0.5, 0.5]},
								"down": {"uv": [14, 14.5], "uv_size": [0.5, -0.5]}
							}
						},
						{
							"origin": [-0.38604, 0.2635, -0.85034],
							"size": [0.5, 0.37735, 0.1875],
							"inflate": -0.001,
							"pivot": [-0.13604, -0.424, 0.22902],
							"rotation": [0, -30, 0],
							"uv": {
								"north": {"uv": [0, 15], "uv_size": [0.5, 0.5]},
								"up": {"uv": [15, 0], "uv_size": [0.5, 0.5]},
								"down": {"uv": [1, 15.5], "uv_size": [0.5, -0.5]}
							}
						},
						{
							"origin": [0.5605, 0.1375, -0.63986],
							"size": [0.1895, 0.50035, 1.10861],
							"uv": {
								"west": {"uv": [0, 10], "uv_size": [1, 0.5]}
							}
						},
						{
							"origin": [-0.73773, 0.1905, -0.82812],
							"size": [0.25, 0.12735, 1.48437],
							"inflate": -0.001,
							"pivot": [-0.58148, 0.25417, -0.08656],
							"rotation": [0, 0, 25],
							"uv": {
								"south": {"uv": [15, 1], "uv_size": [0.5, 0.5]},
								"down": {"uv": [4, 4.5], "uv_size": [0.5, -1.5]}
							}
						},
						{
							"origin": [-0.75, 0.2625, 0.46875],
							"size": [0.1875, 0.12735, 0.1875],
							"uv": {
								"east": {"uv": [2, 15], "uv_size": [0.5, 0.5]},
								"south": {"uv": [15, 2], "uv_size": [0.5, 0.5]},
								"down": {"uv": [3, 15.5], "uv_size": [0.5, -0.5]}
							}
						},
						{
							"origin": [-0.54687, 0.54355, -1.22767],
							"size": [1.09375, 0.125, 0.60938],
							"pivot": [0.65625, 0.60605, -0.57142],
							"rotation": [27.5, 0, 0],
							"uv": {
								"up": {"uv": [1, 10], "uv_size": [1, 0.5]}
							}
						},
						{
							"origin": [-0.75, 0.1375, -2.0635],
							"size": [0.20313, 0.4375, 1.42164],
							"inflate": 0.001,
							"uv": {
								"east": {"uv": [1, 5], "uv_size": [1.5, 0.5]},
								"down": {"uv": [5, 2.5], "uv_size": [0.5, -1.5]}
							}
						},
						{
							"origin": [0.54688, 0.1375, -2.0625],
							"size": [0.20313, 0.4375, 1.42188],
							"inflate": 0.001,
							"uv": {
								"east": {"uv": [5, 3], "uv_size": [1.5, 0.5]},
								"west": {"uv": [4, 5], "uv_size": [1.5, 0.5]}
							}
						},
						{
							"origin": [0.04414, 0.92379, -2.0625],
							"size": [0.125, 0.25, 1.42188],
							"pivot": [-0.50274, 0.23629, 0.25],
							"rotation": [0, 0, 45],
							"uv": {
								"north": {"uv": [15, 3], "uv_size": [0.5, 0.5]},
								"east": {"uv": [5, 4], "uv_size": [1.5, 0.5]},
								"south": {"uv": [4, 15], "uv_size": [0.5, 0.5]},
								"west": {"uv": [0, 6], "uv_size": [1.5, 0.5]},
								"up": {"uv": [6, 0], "uv_size": [0.5, 1.5]},
								"down": {"uv": [2, 7.5], "uv_size": [0.5, -1.5]}
							}
						},
						{
							"origin": [-0.16914, 0.92379, -2.0625],
							"size": [0.125, 0.25, 1.42188],
							"pivot": [0.50274, 0.23629, 0.25],
							"rotation": [0, 0, -45],
							"uv": {
								"north": {"uv": [15, 4], "uv_size": [0.5, 0.5]},
								"east": {"uv": [6, 2], "uv_size": [1.5, 0.5]},
								"south": {"uv": [5, 15], "uv_size": [0.5, 0.5]},
								"west": {"uv": [3, 6], "uv_size": [1.5, 0.5]},
								"up": {"uv": [5, 6], "uv_size": [0.5, 1.5]},
								"down": {"uv": [6, 6.5], "uv_size": [0.5, -1.5]}
							}
						},
						{
							"origin": [-0.6875, 0.26249, -2.59375],
							"size": [1.375, 0.25, 0.53125],
							"uv": {
								"north": {"uv": [0, 7], "uv_size": [1.5, 0.5]},
								"up": {"uv": [7, 0], "uv_size": [1.5, 0.5]},
								"down": {"uv": [7, 1.5], "uv_size": [1.5, -0.5]}
							}
						},
						{
							"origin": [-0.5625, 0.15874, -2.19997],
							"size": [1.125, 0.21044, 0.32366],
							"pivot": [0, 0.25199, -1.93435],
							"rotation": [-40, 0, 0],
							"uv": {
								"north": {"uv": [10, 2], "uv_size": [1, 0.5]},
								"east": {"uv": [15, 5], "uv_size": [0.5, 0.5]},
								"south": {"uv": [4, 10], "uv_size": [1, 0.5]},
								"west": {"uv": [6, 15], "uv_size": [0.5, 0.5]},
								"up": {"uv": [5, 10], "uv_size": [1, 0.5]},
								"down": {"uv": [6, 10.5], "uv_size": [1, -0.5]}
							}
						},
						{
							"origin": [-0.5625, 0.14325, -1.94983],
							"size": [1.125, 0.23438, 1.34375],
							"uv": {
								"up": {"uv": [3, 0], "uv_size": [1, 1.5]}
							}
						},
						{
							"origin": [-0.75, 0.16459, -2.50719],
							"size": [1.5, 0.1875, 0.59375],
							"inflate": -0.001,
							"pivot": [0.09375, 0.28178, -2.24156],
							"rotation": [-20, 0, 0],
							"uv": {
								"north": {"uv": [3, 7], "uv_size": [1.5, 0.5]},
								"east": {"uv": [15, 6], "uv_size": [0.5, 0.5]},
								"south": {"uv": [7, 3], "uv_size": [1.5, 0.5]},
								"west": {"uv": [7, 15], "uv_size": [0.5, 0.5]},
								"up": {"uv": [7, 4], "uv_size": [1.5, 0.5]},
								"down": {"uv": [7, 5.5], "uv_size": [1.5, -0.5]}
							}
						},
						{
							"origin": [-0.69535, 0.1375, -0.80608],
							"size": [0.20313, 0.375, 0.25],
							"pivot": [-0.59379, 0.325, -0.68108],
							"rotation": [0, 65, 0],
							"uv": {
								"east": {"uv": [15, 7], "uv_size": [0.5, 0.5]},
								"down": {"uv": [8, 15.5], "uv_size": [0.5, -0.5]}
							}
						},
						{
							"origin": [-0.5625, 0.2, 0.59375],
							"size": [1.125, 0.37735, 0.0625],
							"uv": {
								"east": {"uv": [15, 8], "uv_size": [0.5, 0.5]},
								"south": {"uv": [10, 6], "uv_size": [1, 0.5]},
								"west": {"uv": [9, 15], "uv_size": [0.5, 0.5]}
							}
						},
						{
							"origin": [-0.5625, 0.26115, 1.04462],
							"size": [1.125, 0.08839, 0.0625],
							"pivot": [0, -0.125, 0.5],
							"rotation": [45, 0, 0],
							"uv": {
								"east": {"uv": [15, 9], "uv_size": [0.5, 0.5]},
								"south": {"uv": [7, 10], "uv_size": [1, 0.5]},
								"west": {"uv": [10, 15], "uv_size": [0.5, 0.5]}
							}
						},
						{
							"origin": [-0.5625, 0.21562, 0.46875],
							"size": [1.125, 0.42423, 0.125],
							"uv": {
								"up": {"uv": [10, 7], "uv_size": [1, 0.5]}
							}
						},
						{
							"origin": [-0.32989, 0.2625, 0.02616],
							"size": [0.26517, 0.37735, 0.19665],
							"pivot": [-0.83682, -0.425, -0.16134],
							"rotation": [0, -45, 0],
							"uv": {
								"south": {"uv": [15, 10], "uv_size": [0.5, 0.5]}
							}
						},
						{
							"origin": [0.06472, -0.2375, 0.08866],
							"size": [0.26517, 0.87735, 0.13415],
							"inflate": -0.001,
							"pivot": [0.83682, -0.425, -0.16134],
							"rotation": [0, 45, 0],
							"uv": {
								"south": {"uv": [8, 10], "uv_size": [0.5, 1]}
							}
						},
						{
							"origin": [0.375, -0.04935, 0.04105],
							"size": [0.375, 0.26517, 0.2721],
							"inflate": -0.001,
							"pivot": [0, -0.425, -0.0625],
							"rotation": [-45, 0, 0],
							"uv": {
								"east": {"uv": [11, 15], "uv_size": [0.5, 0.5]},
								"south": {"uv": [15, 11], "uv_size": [0.5, 0.5]},
								"west": {"uv": [12, 15], "uv_size": [0.5, 0.5]},
								"up": {"uv": [15, 12], "uv_size": [0.5, 0.5]}
							}
						},
						{
							"origin": [-0.5625, -0.425, -1.625],
							"size": [0.1875, 0.625, 2.09375],
							"uv": {
								"east": {"uv": [4, 0], "uv_size": [2, 0.5]},
								"west": {"uv": [1, 4], "uv_size": [2, 0.5]},
								"down": {"uv": [3, 6], "uv_size": [0.5, -2]}
							}
						},
						{
							"origin": [-0.64062, -0.2375, -0.46875],
							"size": [0.07813, 0.23437, 0.67188],
							"uv": {
								"north": {"uv": [13, 15], "uv_size": [0.5, 0.5]},
								"east": {"uv": [15, 13], "uv_size": [0.5, 0.5]},
								"south": {"uv": [14, 15], "uv_size": [0.5, 0.5]},
								"west": {"uv": [15, 14], "uv_size": [0.5, 0.5]}
							}
						},
						{
							"origin": [-0.67187, -0.175, -0.1875],
							"size": [1.32813, 0.10937, 0.10938],
							"pivot": [-0.63281, -0.12031, -0.13281],
							"rotation": [45, 0, 0],
							"uv": {
								"north": {"uv": [6, 7], "uv_size": [1.5, 0.5]},
								"east": {"uv": [15, 15], "uv_size": [0.5, 0.5]},
								"south": {"uv": [7, 6], "uv_size": [1.5, 0.5]},
								"west": {"uv": [0, 16], "uv_size": [0.5, 0.5]},
								"up": {"uv": [0, 8], "uv_size": [1.5, 0.5]},
								"down": {"uv": [2, 8.5], "uv_size": [1.5, -0.5]}
							}
						},
						{
							"origin": [-0.64062, 0.25654, 0.04008],
							"size": [0.07813, 0.125, 0.13258],
							"inflate": -0.001,
							"pivot": [0, -0.425, 0.25],
							"rotation": [45, 0, 0],
							"uv": {
								"east": {"uv": [16, 0], "uv_size": [0.5, 0.5]},
								"west": {"uv": [1, 16], "uv_size": [0.5, 0.5]},
								"up": {"uv": [16, 1], "uv_size": [0.5, 0.5]}
							}
						},
						{
							"origin": [-0.64062, -0.47583, -0.37225],
							"size": [0.07813, 0.125, 0.13258],
							"inflate": -0.001,
							"pivot": [-0.60156, -0.24018, -0.13281],
							"rotation": [-45, 0, 0],
							"uv": {
								"east": {"uv": [2, 16], "uv_size": [0.5, 0.5]},
								"west": {"uv": [16, 2], "uv_size": [0.5, 0.5]},
								"down": {"uv": [3, 16.5], "uv_size": [0.5, -0.5]}
							}
						},
						{
							"origin": [-0.64062, -0.12953, -0.37225],
							"size": [0.07813, 0.125, 0.13258],
							"inflate": -0.001,
							"pivot": [-0.60156, -0.24018, -0.13281],
							"rotation": [-135, 0, 0],
							"uv": {
								"east": {"uv": [16, 3], "uv_size": [0.5, 0.5]},
								"west": {"uv": [4, 16], "uv_size": [0.5, 0.5]},
								"up": {"uv": [16, 4], "uv_size": [0.5, 0.5]}
							}
						},
						{
							"origin": [-0.64062, 1.30878, 0.32669],
							"size": [0.07813, 0.125, 0.13258],
							"inflate": -0.001,
							"pivot": [0, 0.62724, 0.53661],
							"rotation": [135, 0, 0],
							"uv": {
								"east": {"uv": [5, 16], "uv_size": [0.5, 0.5]},
								"west": {"uv": [16, 5], "uv_size": [0.5, 0.5]},
								"down": {"uv": [6, 16.5], "uv_size": [0.5, -0.5]}
							}
						},
						{
							"origin": [-0.64062, -0.33125, -0.375],
							"size": [0.07813, 0.42187, 0.48438],
							"inflate": 0.001,
							"uv": {
								"east": {"uv": [16, 6], "uv_size": [0.5, 0.5]},
								"west": {"uv": [7, 16], "uv_size": [0.5, 0.5]},
								"up": {"uv": [16, 7], "uv_size": [0.5, 0.5]},
								"down": {"uv": [8, 16.5], "uv_size": [0.5, -0.5]}
							}
						},
						{
							"origin": [-0.5625, -0.04935, 0.04105],
							"size": [0.1875, 0.26517, 0.2721],
							"inflate": -0.001,
							"pivot": [0, -0.425, -0.0625],
							"rotation": [-45, 0, 0],
							"uv": {
								"east": {"uv": [16, 8], "uv_size": [0.5, 0.5]},
								"south": {"uv": [9, 16], "uv_size": [0.5, 0.5]},
								"west": {"uv": [16, 9], "uv_size": [0.5, 0.5]}
							}
						},
						{
							"origin": [0.54688, 0.26249, -2.53125],
							"size": [0.20313, 0.75001, 0.59375],
							"uv": {
								"east": {"uv": [10, 8], "uv_size": [0.5, 1]},
								"west": {"uv": [9, 10], "uv_size": [0.5, 1]},
								"up": {"uv": [10, 16], "uv_size": [0.5, 0.5]},
								"down": {"uv": [16, 10.5], "uv_size": [0.5, -0.5]}
							}
						},
						{
							"origin": [-0.63283, 0.26249, -3.59369],
							"size": [0.08839, 0.75001, 0.0625],
							"inflate": -0.001,
							"pivot": [-1.1797, -0.55, -1.49994],
							"rotation": [0, -45, 0],
							"uv": {
								"north": {"uv": [10, 9], "uv_size": [0.5, 1]},
								"up": {"uv": [11, 16], "uv_size": [0.5, 0.5]},
								"down": {"uv": [16, 11.5], "uv_size": [0.5, -0.5]}
							}
						},
						{
							"origin": [0.54688, 0.5125, -2.59375],
							"size": [0.14063, 0.5, 0.0625],
							"uv": {
								"north": {"uv": [12, 16], "uv_size": [0.5, 0.5]},
								"up": {"uv": [16, 12], "uv_size": [0.5, 0.5]}
							}
						},
						{
							"origin": [0.35938, 0.5125, -2.59375],
							"size": [0.1875, 0.3125, 0.53125],
							"uv": {
								"north": {"uv": [13, 16], "uv_size": [0.5, 0.5]},
								"east": {"uv": [16, 13], "uv_size": [0.5, 0.5]},
								"south": {"uv": [14, 16], "uv_size": [0.5, 0.5]}
							}
						},
						{
							"origin": [-0.26379, 1.44556, -2.59375],
							"size": [0.14062, 0.26517, 0.53125],
							"inflate": -0.001,
							"pivot": [-0.70129, 0.38306, -0.5],
							"rotation": [0, 0, 45],
							"uv": {
								"north": {"uv": [16, 14], "uv_size": [0.5, 0.5]},
								"east": {"uv": [15, 16], "uv_size": [0.5, 0.5]},
								"south": {"uv": [16, 15], "uv_size": [0.5, 0.5]}
							}
						},
						{
							"origin": [-0.57152, 1.29607, -2.59375],
							"size": [0.15625, 0.375, 0.53125],
							"inflate": -0.002,
							"pivot": [-1.11839, 0.10857, -0.5],
							"rotation": [0, 0, 47.5],
							"uv": {
								"north": {"uv": [16, 16], "uv_size": [0.5, 0.5]},
								"east": {"uv": [0, 17], "uv_size": [0.5, 0.5]},
								"south": {"uv": [17, 0], "uv_size": [0.5, 0.5]}
							}
						},
						{
							"origin": [-0.15728, 0.90077, -2.59375],
							"size": [0.14063, 0.28125, 0.53125],
							"inflate": -0.001,
							"pivot": [-0.70416, -0.16173, -0.5],
							"rotation": [0, 0, 25],
							"uv": {
								"north": {"uv": [1, 17], "uv_size": [0.5, 0.5]},
								"east": {"uv": [17, 1], "uv_size": [0.5, 0.5]},
								"south": {"uv": [2, 17], "uv_size": [0.5, 0.5]}
							}
						},
						{
							"origin": [-0.75, 0.26249, -2.53125],
							"size": [0.20313, 0.75001, 0.59375],
							"uv": {
								"east": {"uv": [10, 10], "uv_size": [0.5, 1]},
								"west": {"uv": [0, 11], "uv_size": [0.5, 1]},
								"up": {"uv": [17, 2], "uv_size": [0.5, 0.5]},
								"down": {"uv": [3, 17.5], "uv_size": [0.5, -0.5]}
							}
						},
						{
							"origin": [0.54444, 0.26249, -3.59369],
							"size": [0.08839, 0.75001, 0.0625],
							"inflate": -0.001,
							"pivot": [1.1797, -0.55, -1.49994],
							"rotation": [0, 45, 0],
							"uv": {
								"north": {"uv": [11, 0], "uv_size": [0.5, 1]},
								"up": {"uv": [17, 3], "uv_size": [0.5, 0.5]},
								"down": {"uv": [4, 17.5], "uv_size": [0.5, -0.5]}
							}
						},
						{
							"origin": [-0.54687, 0.5125, -2.59375],
							"size": [0.1875, 0.3125, 0.53125],
							"uv": {
								"north": {"uv": [17, 4], "uv_size": [0.5, 0.5]},
								"south": {"uv": [5, 17], "uv_size": [0.5, 0.5]},
								"west": {"uv": [17, 5], "uv_size": [0.5, 0.5]}
							}
						},
						{
							"origin": [0.41527, 1.29607, -2.59375],
							"size": [0.15625, 0.375, 0.53125],
							"inflate": -0.002,
							"pivot": [1.11839, 0.10857, -0.5],
							"rotation": [0, 0, -47.5],
							"uv": {
								"north": {"uv": [6, 17], "uv_size": [0.5, 0.5]},
								"south": {"uv": [17, 6], "uv_size": [0.5, 0.5]},
								"west": {"uv": [7, 17], "uv_size": [0.5, 0.5]}
							}
						},
						{
							"origin": [0.01666, 0.90077, -2.59375],
							"size": [0.14063, 0.28125, 0.53125],
							"inflate": -0.001,
							"pivot": [0.70416, -0.16173, -0.5],
							"rotation": [0, 0, -25],
							"uv": {
								"north": {"uv": [17, 7], "uv_size": [0.5, 0.5]},
								"south": {"uv": [8, 17], "uv_size": [0.5, 0.5]},
								"west": {"uv": [17, 8], "uv_size": [0.5, 0.5]}
							}
						},
						{
							"origin": [0.12316, 1.44556, -2.59375],
							"size": [0.14062, 0.26517, 0.53125],
							"inflate": -0.001,
							"pivot": [0.70129, 0.38306, -0.5],
							"rotation": [0, 0, -45],
							"uv": {
								"north": {"uv": [9, 17], "uv_size": [0.5, 0.5]},
								"south": {"uv": [17, 9], "uv_size": [0.5, 0.5]},
								"west": {"uv": [10, 17], "uv_size": [0.5, 0.5]}
							}
						},
						{
							"origin": [-0.6875, 0.5125, -2.59375],
							"size": [0.14063, 0.5, 0.0625],
							"uv": {
								"north": {"uv": [17, 10], "uv_size": [0.5, 0.5]},
								"up": {"uv": [11, 17], "uv_size": [0.5, 0.5]}
							}
						}
					]
				},
				{
					"name": "bone3",
					"parent": "scope_body",
					"pivot": [0, 7.575, 0.25],
					"cubes": [
						{
							"origin": [0.54688, 0.50844, -2.15104],
							"size": [0.20313, 0.375, 0.78125],
							"inflate": -0.001,
							"pivot": [0.65625, 0.63344, -1.85416],
							"rotation": [-37.5, 0, 0],
							"uv": {
								"east": {"uv": [1, 11], "uv_size": [1, 0.5]},
								"west": {"uv": [11, 1], "uv_size": [1, 0.5]},
								"up": {"uv": [2, 11], "uv_size": [0.5, 1]}
							}
						},
						{
							"origin": [0.63794, 0.51786, -1.9375],
							"size": [0.08839, 0.0625, 1.3125],
							"inflate": -0.001,
							"pivot": [0.73169, 0.54911, -1.28125],
							"rotation": [0, 0, 45],
							"uv": {
								"up": {"uv": [4, 8], "uv_size": [0.5, 1.5]}
							}
						},
						{
							"origin": [0.54688, 0.575, -1.9375],
							"size": [0.14063, 0.0625, 1.3125],
							"uv": {
								"east": {"uv": [8, 2], "uv_size": [1.5, 0.5]},
								"west": {"uv": [5, 8], "uv_size": [1.5, 0.5]},
								"up": {"uv": [7, 8], "uv_size": [0.5, 1.5]}
							}
						},
						{
							"origin": [0.54688, 0.54355, -0.91517],
							"size": [0.20313, 0.125, 0.5625],
							"inflate": -0.001,
							"pivot": [0.65625, 0.60605, -0.57142],
							"rotation": [27.5, 0, 0],
							"uv": {
								"east": {"uv": [17, 11], "uv_size": [0.5, 0.5]},
								"west": {"uv": [12, 17], "uv_size": [0.5, 0.5]},
								"up": {"uv": [17, 12], "uv_size": [0.5, 0.5]}
							}
						},
						{
							"origin": [0.54688, 0.6375, -0.40625],
							"size": [0.20313, 0.125, 0.53325],
							"uv": {
								"east": {"uv": [13, 17], "uv_size": [0.5, 0.5]},
								"west": {"uv": [17, 13], "uv_size": [0.5, 0.5]},
								"up": {"uv": [14, 17], "uv_size": [0.5, 0.5]}
							}
						},
						{
							"origin": [0.54688, 0.66776, -0.09615],
							"size": [0.20313, 0.14063, 0.3125],
							"inflate": -0.001,
							"pivot": [0.65625, 0.74589, -0.0024],
							"rotation": [40, 0, 0],
							"uv": {
								"east": {"uv": [17, 14], "uv_size": [0.5, 0.5]},
								"west": {"uv": [15, 17], "uv_size": [0.5, 0.5]},
								"up": {"uv": [17, 15], "uv_size": [0.5, 0.5]}
							}
						},
						{
							"origin": [0.54688, 0.6375, 0.125],
							"size": [0.20313, 0.29688, 0.28125],
							"uv": {
								"east": {"uv": [16, 17], "uv_size": [0.5, 0.5]},
								"west": {"uv": [17, 16], "uv_size": [0.5, 0.5]},
								"up": {"uv": [17, 17], "uv_size": [0.5, 0.5]}
							}
						},
						{
							"origin": [0.54688, 0.72138, 0.33097],
							"size": [0.20313, 0.14063, 0.26563],
							"inflate": -0.001,
							"pivot": [0.65625, 0.80732, 0.45597],
							"rotation": [-45, 0, 0],
							"uv": {
								"east": {"uv": [0, 18], "uv_size": [0.5, 0.5]},
								"west": {"uv": [18, 0], "uv_size": [0.5, 0.5]},
								"up": {"uv": [1, 18], "uv_size": [0.5, 0.5]}
							}
						},
						{
							"origin": [-0.75, 0.50844, -2.15104],
							"size": [0.20313, 0.375, 0.78125],
							"inflate": -0.001,
							"pivot": [-0.65625, 0.63344, -1.85416],
							"rotation": [-37.5, 0, 0],
							"uv": {
								"east": {"uv": [11, 2], "uv_size": [1, 0.5]},
								"west": {"uv": [3, 11], "uv_size": [1, 0.5]},
								"up": {"uv": [11, 3], "uv_size": [0.5, 1]}
							}
						},
						{
							"origin": [-0.72633, 0.51786, -1.9375],
							"size": [0.08839, 0.0625, 1.3125],
							"inflate": -0.001,
							"pivot": [-0.73169, 0.54911, -1.28125],
							"rotation": [0, 0, -45],
							"uv": {
								"up": {"uv": [8, 7], "uv_size": [0.5, 1.5]}
							}
						},
						{
							"origin": [-0.6875, 0.575, -1.9375],
							"size": [0.14063, 0.0625, 1.3125],
							"uv": {
								"east": {"uv": [0, 9], "uv_size": [1.5, 0.5]},
								"west": {"uv": [9, 0], "uv_size": [1.5, 0.5]},
								"up": {"uv": [2, 9], "uv_size": [0.5, 1.5]}
							}
						},
						{
							"origin": [-0.75, 0.54355, -0.91517],
							"size": [0.20313, 0.125, 0.5625],
							"inflate": -0.001,
							"pivot": [-0.65625, 0.60605, -0.57142],
							"rotation": [27.5, 0, 0],
							"uv": {
								"east": {"uv": [18, 1], "uv_size": [0.5, 0.5]},
								"west": {"uv": [2, 18], "uv_size": [0.5, 0.5]},
								"up": {"uv": [18, 2], "uv_size": [0.5, 0.5]}
							}
						},
						{
							"origin": [-0.75, 0.6375, -0.40625],
							"size": [0.20313, 0.125, 0.53325],
							"uv": {
								"east": {"uv": [3, 18], "uv_size": [0.5, 0.5]},
								"west": {"uv": [18, 3], "uv_size": [0.5, 0.5]},
								"up": {"uv": [4, 18], "uv_size": [0.5, 0.5]}
							}
						},
						{
							"origin": [-0.75, 0.66776, -0.09615],
							"size": [0.20313, 0.14063, 0.3125],
							"inflate": -0.001,
							"pivot": [-0.65625, 0.74589, -0.0024],
							"rotation": [40, 0, 0],
							"uv": {
								"east": {"uv": [18, 4], "uv_size": [0.5, 0.5]},
								"west": {"uv": [5, 18], "uv_size": [0.5, 0.5]},
								"up": {"uv": [18, 5], "uv_size": [0.5, 0.5]}
							}
						},
						{
							"origin": [-0.75, 0.6375, 0.125],
							"size": [0.20313, 0.29688, 0.28125],
							"uv": {
								"east": {"uv": [6, 18], "uv_size": [0.5, 0.5]},
								"west": {"uv": [18, 6], "uv_size": [0.5, 0.5]},
								"up": {"uv": [7, 18], "uv_size": [0.5, 0.5]}
							}
						},
						{
							"origin": [-0.75, 0.72138, 0.33097],
							"size": [0.20313, 0.14063, 0.26563],
							"inflate": -0.001,
							"pivot": [-0.65625, 0.80732, 0.45597],
							"rotation": [-45, 0, 0],
							"uv": {
								"east": {"uv": [18, 7], "uv_size": [0.5, 0.5]},
								"west": {"uv": [8, 18], "uv_size": [0.5, 0.5]},
								"up": {"uv": [18, 8], "uv_size": [0.5, 0.5]}
							}
						},
						{
							"origin": [-0.84375, 0.04375, 0.53125],
							"size": [0.28125, 0.25, 0.25],
							"inflate": -0.001,
							"pivot": [0, -0.01875, -0.21875],
							"rotation": [45, 0, 0],
							"uv": {
								"north": {"uv": [9, 18], "uv_size": [0.5, 0.5]},
								"east": {"uv": [18, 9], "uv_size": [0.5, 0.5]},
								"south": {"uv": [10, 18], "uv_size": [0.5, 0.5]},
								"west": {"uv": [18, 10], "uv_size": [0.5, 0.5]},
								"up": {"uv": [11, 18], "uv_size": [0.5, 0.5]},
								"down": {"uv": [18, 11.5], "uv_size": [0.5, -0.5]}
							}
						},
						{
							"origin": [-0.5625, 0.10625, 0.59375],
							"size": [1.34375, 0.125, 0.125],
							"inflate": -0.001,
							"pivot": [0, -0.01875, -0.21875],
							"rotation": [45, 0, 0],
							"uv": {
								"north": {"uv": [9, 1], "uv_size": [1.5, 0.5]},
								"east": {"uv": [12, 18], "uv_size": [0.5, 0.5]},
								"south": {"uv": [9, 3], "uv_size": [1.5, 0.5]},
								"west": {"uv": [18, 12], "uv_size": [0.5, 0.5]},
								"up": {"uv": [9, 4], "uv_size": [1.5, 0.5]},
								"down": {"uv": [5, 9.5], "uv_size": [1.5, -0.5]}
							}
						}
					]
				},
				{
					"name": "bone4",
					"parent": "scope_body",
					"pivot": [0, 7.575, 0.25],
					"cubes": [
						{
							"origin": [-0.04687, 0.31478, -1.91211],
							"size": [0.09375, 0.38007, 0.72286],
							"inflate": -0.001,
							"pivot": [0, 0.51009, -1.58769],
							"rotation": [-47.5, 0, 0],
							"uv": {
								"east": {"uv": [13, 18], "uv_size": [0.5, 0.5]},
								"west": {"uv": [18, 13], "uv_size": [0.5, 0.5]},
								"up": {"uv": [14, 18], "uv_size": [0.5, 0.5]}
							}
						},
						{
							"origin": [-0.04687, 0.325, -2.42187],
							"size": [0.09375, 0.54688, 0.75],
							"uv": {
								"north": {"uv": [18, 14], "uv_size": [0.5, 0.5]},
								"east": {"uv": [4, 11], "uv_size": [1, 0.5]},
								"west": {"uv": [11, 4], "uv_size": [1, 0.5]},
								"up": {"uv": [5, 11], "uv_size": [0.5, 1]}
							}
						},
						{
							"origin": [-0.04687, 0.87187, -2.42187],
							"size": [0.09375, 0.03183, 0.56946],
							"uv": {
								"north": {"uv": [15, 18], "uv_size": [0.5, 0.5]},
								"east": {"uv": [18, 15], "uv_size": [0.5, 0.5]},
								"west": {"uv": [16, 18], "uv_size": [0.5, 0.5]},
								"up": {"uv": [18, 16], "uv_size": [0.5, 0.5]}
							}
						},
						{
							"origin": [-0.04687, 0.91955, -1.85937],
							"size": [0.09375, 0.03125, 0.18333],
							"inflate": 0.001,
							"pivot": [0, 0.8875, -2.125],
							"rotation": [-10, 0, 0],
							"uv": {
								"east": {"uv": [17, 18], "uv_size": [0.5, 0.5]},
								"west": {"uv": [18, 17], "uv_size": [0.5, 0.5]},
								"up": {"uv": [18, 18], "uv_size": [0.5, 0.5]}
							}
						},
						{
							"origin": [-0.05429, 0.92941, -2.42187],
							"size": [0.0625, 0.03125, 0.125],
							"pivot": [-0.10117, 0.93722, -2.04687],
							"rotation": [0, 0, 45],
							"uv": {
								"north": {"uv": [0, 19], "uv_size": [0.5, 0.5]},
								"south": {"uv": [19, 0], "uv_size": [0.5, 0.5]},
								"down": {"uv": [1, 19.5], "uv_size": [0.5, -0.5]}
							}
						},
						{
							"origin": [-0.00324, 1.01574, -2.42187],
							"size": [0.0625, 0.03125, 0.125],
							"pivot": [-0.06574, 1.02355, -2.04687],
							"rotation": [0, 0, 90],
							"uv": {
								"north": {"uv": [19, 1], "uv_size": [0.5, 0.5]},
								"south": {"uv": [2, 19], "uv_size": [0.5, 0.5]},
								"down": {"uv": [19, 2.5], "uv_size": [0.5, -0.5]}
							}
						},
						{
							"origin": [-0.00821, 0.92941, -2.42187],
							"size": [0.0625, 0.03125, 0.125],
							"pivot": [0.10117, 0.93722, -2.04687],
							"rotation": [0, 0, -45],
							"uv": {
								"north": {"uv": [3, 19], "uv_size": [0.5, 0.5]},
								"south": {"uv": [19, 3], "uv_size": [0.5, 0.5]},
								"down": {"uv": [4, 19.5], "uv_size": [0.5, -0.5]}
							}
						},
						{
							"origin": [-0.14536, 1.0361, -2.42187],
							"size": [0.0625, 0.03125, 0.125],
							"pivot": [-0.02036, 1.04391, -2.04687],
							"rotation": [0, 0, -135],
							"uv": {
								"north": {"uv": [19, 4], "uv_size": [0.5, 0.5]},
								"south": {"uv": [5, 19], "uv_size": [0.5, 0.5]},
								"down": {"uv": [19, 5.5], "uv_size": [0.5, -0.5]}
							}
						},
						{
							"origin": [-0.05926, 1.01574, -2.42187],
							"size": [0.0625, 0.03125, 0.125],
							"pivot": [0.06574, 1.02355, -2.04687],
							"rotation": [0, 0, -90],
							"uv": {
								"north": {"uv": [6, 19], "uv_size": [0.5, 0.5]},
								"east": {"uv": [19, 6], "uv_size": [0.5, 0.5]},
								"south": {"uv": [7, 19], "uv_size": [0.5, 0.5]},
								"west": {"uv": [19, 7], "uv_size": [0.5, 0.5]},
								"up": {"uv": [8, 19], "uv_size": [0.5, 0.5]},
								"down": {"uv": [19, 8.5], "uv_size": [0.5, -0.5]}
							}
						},
						{
							"origin": [-0.00821, 0.92941, -2.17187],
							"size": [0.0625, 0.03125, 0.125],
							"pivot": [0.10117, 0.93722, -1.79687],
							"rotation": [0, 0, -45],
							"uv": {
								"north": {"uv": [9, 19], "uv_size": [0.5, 0.5]},
								"east": {"uv": [19, 9], "uv_size": [0.5, 0.5]},
								"south": {"uv": [10, 19], "uv_size": [0.5, 0.5]},
								"west": {"uv": [19, 10], "uv_size": [0.5, 0.5]},
								"up": {"uv": [11, 19], "uv_size": [0.5, 0.5]},
								"down": {"uv": [19, 11.5], "uv_size": [0.5, -0.5]}
							}
						},
						{
							"origin": [-0.05429, 0.92941, -2.17187],
							"size": [0.0625, 0.03125, 0.125],
							"pivot": [-0.10117, 0.93722, -1.79687],
							"rotation": [0, 0, 45],
							"uv": {
								"north": {"uv": [12, 19], "uv_size": [0.5, 0.5]},
								"east": {"uv": [19, 12], "uv_size": [0.5, 0.5]},
								"south": {"uv": [13, 19], "uv_size": [0.5, 0.5]},
								"west": {"uv": [19, 13], "uv_size": [0.5, 0.5]},
								"up": {"uv": [14, 19], "uv_size": [0.5, 0.5]},
								"down": {"uv": [19, 14.5], "uv_size": [0.5, -0.5]}
							}
						},
						{
							"origin": [-0.00324, 1.01574, -2.17187],
							"size": [0.0625, 0.03125, 0.125],
							"pivot": [-0.06574, 1.02355, -1.79687],
							"rotation": [0, 0, 90],
							"uv": {
								"north": {"uv": [15, 19], "uv_size": [0.5, 0.5]},
								"east": {"uv": [19, 15], "uv_size": [0.5, 0.5]},
								"south": {"uv": [16, 19], "uv_size": [0.5, 0.5]},
								"west": {"uv": [19, 16], "uv_size": [0.5, 0.5]},
								"up": {"uv": [17, 19], "uv_size": [0.5, 0.5]},
								"down": {"uv": [19, 17.5], "uv_size": [0.5, -0.5]}
							}
						},
						{
							"origin": [0.08286, 1.0361, -2.17187],
							"size": [0.0625, 0.03125, 0.125],
							"pivot": [0.02036, 1.04391, -1.79687],
							"rotation": [0, 0, 135],
							"uv": {
								"north": {"uv": [18, 19], "uv_size": [0.5, 0.5]},
								"east": {"uv": [19, 18], "uv_size": [0.5, 0.5]},
								"south": {"uv": [19, 19], "uv_size": [0.5, 0.5]},
								"west": {"uv": [0, 20], "uv_size": [0.5, 0.5]},
								"up": {"uv": [20, 0], "uv_size": [0.5, 0.5]},
								"down": {"uv": [1, 20.5], "uv_size": [0.5, -0.5]}
							}
						},
						{
							"origin": [0.16194, 0.98962, -2.17187],
							"size": [0.05871, 0.03125, 0.125],
							"pivot": [0.09565, 0.99743, -1.79687],
							"rotation": [0, 0, -180],
							"uv": {
								"north": {"uv": [20, 1], "uv_size": [0.5, 0.5]},
								"east": {"uv": [2, 20], "uv_size": [0.5, 0.5]},
								"south": {"uv": [20, 2], "uv_size": [0.5, 0.5]},
								"west": {"uv": [3, 20], "uv_size": [0.5, 0.5]},
								"up": {"uv": [20, 3], "uv_size": [0.5, 0.5]},
								"down": {"uv": [4, 20.5], "uv_size": [0.5, -0.5]}
							}
						},
						{
							"origin": [-0.14536, 1.0361, -2.17187],
							"size": [0.0625, 0.03125, 0.125],
							"pivot": [-0.02036, 1.04391, -1.79687],
							"rotation": [0, 0, -135],
							"uv": {
								"north": {"uv": [20, 4], "uv_size": [0.5, 0.5]},
								"east": {"uv": [5, 20], "uv_size": [0.5, 0.5]},
								"south": {"uv": [20, 5], "uv_size": [0.5, 0.5]},
								"west": {"uv": [6, 20], "uv_size": [0.5, 0.5]},
								"up": {"uv": [20, 6], "uv_size": [0.5, 0.5]},
								"down": {"uv": [7, 20.5], "uv_size": [0.5, -0.5]}
							}
						},
						{
							"origin": [-0.05926, 1.01574, -2.17187],
							"size": [0.0625, 0.03125, 0.125],
							"pivot": [0.06574, 1.02355, -1.79687],
							"rotation": [0, 0, -90],
							"uv": {
								"north": {"uv": [20, 7], "uv_size": [0.5, 0.5]},
								"east": {"uv": [8, 20], "uv_size": [0.5, 0.5]},
								"south": {"uv": [20, 8], "uv_size": [0.5, 0.5]},
								"west": {"uv": [9, 20], "uv_size": [0.5, 0.5]},
								"up": {"uv": [20, 9], "uv_size": [0.5, 0.5]},
								"down": {"uv": [10, 20.5], "uv_size": [0.5, -0.5]}
							}
						},
						{
							"origin": [0.08286, 1.0361, -2.42187],
							"size": [0.0625, 0.03125, 0.125],
							"pivot": [0.02036, 1.04391, -2.04687],
							"rotation": [0, 0, 135],
							"uv": {
								"north": {"uv": [20, 10], "uv_size": [0.5, 0.5]},
								"south": {"uv": [11, 20], "uv_size": [0.5, 0.5]},
								"down": {"uv": [20, 11.5], "uv_size": [0.5, -0.5]}
							}
						},
						{
							"origin": [0.16194, 0.98962, -2.42187],
							"size": [0.05871, 0.03125, 0.125],
							"pivot": [0.09565, 0.99743, -2.04687],
							"rotation": [0, 0, -180],
							"uv": {
								"north": {"uv": [12, 20], "uv_size": [0.5, 0.5]},
								"south": {"uv": [20, 12], "uv_size": [0.5, 0.5]},
								"down": {"uv": [13, 20.5], "uv_size": [0.5, -0.5]}
							}
						}
					]
				},
				{
					"name": "bone8_illuminated",
					"parent": "bone4",
					"pivot": [0, 7.575, 0.25],
					"cubes": [
						{
							"origin": [0.13488, 0.88598, -1.64278],
							"size": [0.70875, 0.10368, 0.04295],
							"pivot": [0, 0.93782, -1.6213],
							"rotation": [0, 90, -22.5],
							"uv": {
								"east": {"uv": [20, 13], "uv_size": [0.5, 0.5]},
								"west": {"uv": [14, 20], "uv_size": [0.5, 0.5]},
								"up": {"uv": [20, 14], "uv_size": [0.5, 0.5]},
								"down": {"uv": [15, 20.5], "uv_size": [0.5, -0.5]}
							}
						},
						{
							"origin": [0.13488, 0.88598, -1.64278],
							"size": [0.70875, 0.10368, 0.04295],
							"pivot": [0, 0.93782, -1.6213],
							"rotation": [0, 90, 22.5],
							"uv": {
								"east": {"uv": [20, 15], "uv_size": [0.5, 0.5]},
								"west": {"uv": [16, 20], "uv_size": [0.5, 0.5]},
								"up": {"uv": [20, 16], "uv_size": [0.5, 0.5]},
								"down": {"uv": [17, 20.5], "uv_size": [0.5, -0.5]}
							}
						},
						{
							"origin": [0.13488, 0.91635, -1.67314],
							"size": [0.70875, 0.04295, 0.10368],
							"pivot": [0, 0.93782, -1.6213],
							"rotation": [0, 90, -22.5],
							"uv": {
								"north": {"uv": [20, 17], "uv_size": [0.5, 0.5]},
								"east": {"uv": [18, 20], "uv_size": [0.5, 0.5]},
								"south": {"uv": [20, 18], "uv_size": [0.5, 0.5]},
								"west": {"uv": [19, 20], "uv_size": [0.5, 0.5]}
							}
						},
						{
							"origin": [0.13488, 0.91635, -1.67314],
							"size": [0.70875, 0.04295, 0.10368],
							"pivot": [0, 0.93782, -1.6213],
							"rotation": [0, 90, 22.5],
							"uv": {
								"north": {"uv": [20, 19], "uv_size": [0.5, 0.5]},
								"east": {"uv": [20, 20], "uv_size": [0.5, 0.5]},
								"south": {"uv": [0, 21], "uv_size": [0.5, 0.5]},
								"west": {"uv": [21, 0], "uv_size": [0.5, 0.5]}
							}
						}
					]
				},
				{
					"name": "bone5",
					"parent": "scope_body",
					"pivot": [0, 7.575, 0.25],
					"cubes": [
						{
							"origin": [0.1148, 0.66776, -0.73746],
							"size": [0.18638, 0.07813, 0.20756],
							"inflate": -0.001,
							"pivot": [0.28667, 0.76485, -0.65735],
							"rotation": [22.5, 25, 0],
							"uv": {
								"east": {"uv": [1, 21], "uv_size": [0.5, 0.5]},
								"west": {"uv": [21, 1], "uv_size": [0.5, 0.5]},
								"up": {"uv": [2, 21], "uv_size": [0.5, 0.5]}
							}
						},
						{
							"origin": [0.45354, 0.63985, -0.53551],
							"size": [0.125, 0.07682, 0.28162],
							"pivot": [0, -0.425, 0.0625],
							"rotation": [0, 25, 0],
							"uv": {
								"north": {"uv": [21, 2], "uv_size": [0.5, 0.5]},
								"east": {"uv": [3, 21], "uv_size": [0.5, 0.5]},
								"south": {"uv": [21, 3], "uv_size": [0.5, 0.5]},
								"west": {"uv": [4, 21], "uv_size": [0.5, 0.5]},
								"up": {"uv": [21, 4], "uv_size": [0.5, 0.5]},
								"down": {"uv": [5, 21.5], "uv_size": [0.5, -0.5]}
							}
						},
						{
							"origin": [0.20354, 0.71379, -0.34375],
							"size": [0.375, 0.08231, 0.08986],
							"pivot": [0, -0.425, 0.0625],
							"rotation": [0, 25, 0],
							"uv": {
								"north": {"uv": [21, 5], "uv_size": [0.5, 0.5]},
								"west": {"uv": [6, 21], "uv_size": [0.5, 0.5]},
								"up": {"uv": [21, 6], "uv_size": [0.5, 0.5]},
								"down": {"uv": [7, 21.5], "uv_size": [0.5, -0.5]}
							}
						},
						{
							"origin": [-0.01563, 0.63985, -0.58411],
							"size": [0.42711, 0.07682, 0.54322],
							"pivot": [0, -0.425, -0.3125],
							"rotation": [0, 90, 0],
							"uv": {
								"west": {"uv": [21, 7], "uv_size": [0.5, 0.5]},
								"up": {"uv": [8, 21], "uv_size": [0.5, 0.5]}
							}
						},
						{
							"origin": [-0.30118, 0.66776, -0.73746],
							"size": [0.18638, 0.07813, 0.20756],
							"inflate": -0.001,
							"pivot": [-0.28667, 0.76485, -0.65735],
							"rotation": [22.5, -25, 0],
							"uv": {
								"east": {"uv": [21, 8], "uv_size": [0.5, 0.5]},
								"west": {"uv": [9, 21], "uv_size": [0.5, 0.5]},
								"up": {"uv": [21, 9], "uv_size": [0.5, 0.5]}
							}
						},
						{
							"origin": [-0.39062, 0.70709, -0.39101],
							"size": [0.2069, 0.125, 0.24496],
							"inflate": -0.001,
							"pivot": [-0.28529, 0.71797, -0.38548],
							"rotation": [45, 0, 0],
							"uv": {
								"east": {"uv": [10, 21], "uv_size": [0.5, 0.5]},
								"west": {"uv": [21, 10], "uv_size": [0.5, 0.5]},
								"up": {"uv": [11, 21], "uv_size": [0.5, 0.5]}
							}
						},
						{
							"origin": [-0.07468, 0.75227, -0.6104],
							"size": [0.12937, 0.07943, 0.54322],
							"pivot": [0, 0.79199, -0.33879],
							"rotation": [90, 57.5, 90],
							"uv": {
								"up": {"uv": [21, 11], "uv_size": [0.5, 0.5]}
							}
						},
						{
							"origin": [-0.01563, 0.71667, -0.58411],
							"size": [0.10937, 0.07943, 0.54322],
							"pivot": [0, -0.425, -0.3125],
							"rotation": [0, 90, 0],
							"uv": {
								"west": {"uv": [12, 21], "uv_size": [0.5, 0.5]}
							}
						},
						{
							"origin": [0.21854, 0.71667, -0.41353],
							"size": [0.0625, 0.07943, 0.19886],
							"pivot": [-0.02853, -0.425, -0.34263],
							"rotation": [0, 90, 0],
							"uv": {
								"west": {"uv": [21, 12], "uv_size": [0.5, 0.5]},
								"up": {"uv": [13, 21], "uv_size": [0.5, 0.5]}
							}
						},
						{
							"origin": [0.32547, 0.71667, -0.5129],
							"size": [0.0625, 0.07943, 0.19947],
							"inflate": -0.001,
							"pivot": [0.10672, -0.425, -0.42879],
							"rotation": [-180, 25, 180],
							"uv": {
								"east": {"uv": [21, 13], "uv_size": [0.5, 0.5]},
								"west": {"uv": [14, 21], "uv_size": [0.5, 0.5]},
								"up": {"uv": [21, 14], "uv_size": [0.5, 0.5]}
							}
						},
						{
							"origin": [-0.38797, 0.71667, -0.5129],
							"size": [0.0625, 0.07943, 0.19947],
							"inflate": -0.001,
							"pivot": [-0.10672, -0.425, -0.42879],
							"rotation": [-180, -25, -180],
							"uv": {
								"east": {"uv": [15, 21], "uv_size": [0.5, 0.5]},
								"west": {"uv": [21, 15], "uv_size": [0.5, 0.5]},
								"up": {"uv": [16, 21], "uv_size": [0.5, 0.5]}
							}
						},
						{
							"origin": [0.18373, 0.70898, -0.39023],
							"size": [0.2069, 0.125, 0.24496],
							"inflate": -0.001,
							"pivot": [0.28906, 0.71797, -0.38281],
							"rotation": [45, 0, 0],
							"uv": {
								"east": {"uv": [21, 16], "uv_size": [0.5, 0.5]},
								"west": {"uv": [17, 21], "uv_size": [0.5, 0.5]},
								"up": {"uv": [21, 17], "uv_size": [0.5, 0.5]}
							}
						},
						{
							"origin": [0.27161, 0.63985, -0.46875],
							"size": [0.11902, 0.15625, 0.17188],
							"uv": {
								"north": {"uv": [18, 21], "uv_size": [0.5, 0.5]},
								"east": {"uv": [21, 18], "uv_size": [0.5, 0.5]},
								"south": {"uv": [19, 21], "uv_size": [0.5, 0.5]},
								"west": {"uv": [21, 19], "uv_size": [0.5, 0.5]},
								"up": {"uv": [20, 21], "uv_size": [0.5, 0.5]},
								"down": {"uv": [21, 20.5], "uv_size": [0.5, -0.5]}
							}
						},
						{
							"origin": [-0.39062, 0.63985, -0.29687],
							"size": [0.78125, 0.22535, 0.80303],
							"uv": {
								"east": {"uv": [11, 5], "uv_size": [1, 0.5]},
								"west": {"uv": [6, 11], "uv_size": [1, 0.5]},
								"up": {"uv": [4, 1], "uv_size": [1, 1]}
							}
						},
						{
							"origin": [0.32813, 0.86519, -0.35937],
							"size": [0.0625, 0.10278, 0.82813],
							"uv": {
								"north": {"uv": [21, 21], "uv_size": [0.5, 0.5]},
								"west": {"uv": [11, 6], "uv_size": [1, 0.5]}
							}
						},
						{
							"origin": [0.30692, 0.93413, -0.35937],
							"size": [0.0625, 0.08839, 0.82813],
							"inflate": -0.001,
							"pivot": [0.33817, 0.97564, 0.08594],
							"rotation": [0, 0, -45],
							"uv": {
								"north": {"uv": [0, 22], "uv_size": [0.5, 0.5]},
								"south": {"uv": [22, 0], "uv_size": [0.5, 0.5]},
								"west": {"uv": [7, 11], "uv_size": [1, 0.5]}
							}
						},
						{
							"origin": [0.21875, 0.87422, -0.35937],
							"size": [0.10937, 0.15625, 0.82813],
							"uv": {
								"north": {"uv": [1, 22], "uv_size": [0.5, 0.5]},
								"south": {"uv": [22, 1], "uv_size": [0.5, 0.5]},
								"up": {"uv": [11, 7], "uv_size": [0.5, 1]}
							}
						},
						{
							"origin": [0.17188, 0.68483, 0.45799],
							"size": [0.21875, 0.28125, 0.09375],
							"inflate": 0.001,
							"pivot": [0, 0.7317, 0.50486],
							"rotation": [20, 0, 0],
							"uv": {
								"east": {"uv": [2, 22], "uv_size": [0.5, 0.5]},
								"south": {"uv": [22, 2], "uv_size": [0.5, 0.5]},
								"west": {"uv": [3, 22], "uv_size": [0.5, 0.5]}
							}
						},
						{
							"origin": [-0.39062, 0.74253, 0.45224],
							"size": [0.78125, 0.03125, 0.03125],
							"pivot": [0, 0.5394, 0.43661],
							"rotation": [-25, 0, 0],
							"uv": {
								"east": {"uv": [22, 3], "uv_size": [0.5, 0.5]},
								"south": {"uv": [8, 11], "uv_size": [1, 0.5]},
								"west": {"uv": [4, 22], "uv_size": [0.5, 0.5]},
								"up": {"uv": [11, 8], "uv_size": [1, 0.5]}
							}
						},
						{
							"origin": [-0.39062, 0.78406, 0.43712],
							"size": [0.78125, 0.03125, 0.03125],
							"pivot": [0, 0.58093, 0.42149],
							"rotation": [-25, 0, 0],
							"uv": {
								"east": {"uv": [22, 4], "uv_size": [0.5, 0.5]},
								"south": {"uv": [9, 11], "uv_size": [1, 0.5]},
								"west": {"uv": [5, 22], "uv_size": [0.5, 0.5]},
								"up": {"uv": [11, 9], "uv_size": [1, 0.5]}
							}
						},
						{
							"origin": [-0.39062, 0.82559, 0.42201],
							"size": [0.78125, 0.03125, 0.03125],
							"pivot": [0, 0.62246, 0.40638],
							"rotation": [-25, 0, 0],
							"uv": {
								"east": {"uv": [22, 5], "uv_size": [0.5, 0.5]},
								"south": {"uv": [10, 11], "uv_size": [1, 0.5]},
								"west": {"uv": [6, 22], "uv_size": [0.5, 0.5]},
								"up": {"uv": [11, 10], "uv_size": [1, 0.5]}
							}
						},
						{
							"origin": [-0.39062, 0.86712, 0.40689],
							"size": [0.78125, 0.03125, 0.03125],
							"pivot": [0, 0.66399, 0.39126],
							"rotation": [-25, 0, 0],
							"uv": {
								"east": {"uv": [22, 6], "uv_size": [0.5, 0.5]},
								"south": {"uv": [11, 11], "uv_size": [1, 0.5]},
								"west": {"uv": [7, 22], "uv_size": [0.5, 0.5]},
								"up": {"uv": [0, 12], "uv_size": [1, 0.5]}
							}
						},
						{
							"origin": [0.10938, 0.90865, 0.39178],
							"size": [0.28125, 0.03125, 0.03125],
							"pivot": [0, 0.70552, 0.37615],
							"rotation": [-25, 0, 0],
							"uv": {
								"north": {"uv": [22, 7], "uv_size": [0.5, 0.5]},
								"east": {"uv": [8, 22], "uv_size": [0.5, 0.5]},
								"south": {"uv": [22, 8], "uv_size": [0.5, 0.5]},
								"west": {"uv": [9, 22], "uv_size": [0.5, 0.5]},
								"up": {"uv": [22, 9], "uv_size": [0.5, 0.5]},
								"down": {"uv": [10, 22.5], "uv_size": [0.5, -0.5]}
							}
						},
						{
							"origin": [-0.39063, 0.95018, 0.37666],
							"size": [0.23438, 0.03125, 0.03125],
							"pivot": [0, 0.74705, 0.36103],
							"rotation": [-25, 0, 0],
							"uv": {
								"east": {"uv": [22, 10], "uv_size": [0.5, 0.5]},
								"south": {"uv": [11, 22], "uv_size": [0.5, 0.5]},
								"west": {"uv": [22, 11], "uv_size": [0.5, 0.5]},
								"up": {"uv": [12, 22], "uv_size": [0.5, 0.5]}
							}
						},
						{
							"origin": [-0.39063, 0.90865, 0.39178],
							"size": [0.28125, 0.03125, 0.03125],
							"pivot": [0, 0.70552, 0.37615],
							"rotation": [-25, 0, 0],
							"uv": {
								"east": {"uv": [22, 12], "uv_size": [0.5, 0.5]},
								"south": {"uv": [13, 22], "uv_size": [0.5, 0.5]},
								"west": {"uv": [22, 13], "uv_size": [0.5, 0.5]},
								"up": {"uv": [14, 22], "uv_size": [0.5, 0.5]}
							}
						},
						{
							"origin": [0.15626, 0.95018, 0.37666],
							"size": [0.23438, 0.03125, 0.03125],
							"pivot": [0, 0.74705, 0.36103],
							"rotation": [-25, 0, 0],
							"uv": {
								"north": {"uv": [22, 14], "uv_size": [0.5, 0.5]},
								"east": {"uv": [15, 22], "uv_size": [0.5, 0.5]},
								"south": {"uv": [22, 15], "uv_size": [0.5, 0.5]},
								"west": {"uv": [16, 22], "uv_size": [0.5, 0.5]},
								"up": {"uv": [22, 16], "uv_size": [0.5, 0.5]},
								"down": {"uv": [17, 22.5], "uv_size": [0.5, -0.5]}
							}
						},
						{
							"origin": [-0.39062, 0.63985, 0.46875],
							"size": [0.78125, 0.06384, 0.09619],
							"inflate": -0.001,
							"uv": {
								"north": {"uv": [12, 0], "uv_size": [1, 0.5]},
								"east": {"uv": [22, 17], "uv_size": [0.5, 0.5]},
								"south": {"uv": [1, 12], "uv_size": [1, 0.5]},
								"west": {"uv": [18, 22], "uv_size": [0.5, 0.5]},
								"up": {"uv": [12, 1], "uv_size": [1, 0.5]},
								"down": {"uv": [2, 12.5], "uv_size": [1, -0.5]}
							}
						},
						{
							"origin": [-0.17187, 0.68483, 0.45799],
							"size": [0.34375, 0.17187, 0.09375],
							"pivot": [-0.34375, 0.7317, 0.50486],
							"rotation": [20, 0, 0],
							"uv": {
								"north": {"uv": [22, 18], "uv_size": [0.5, 0.5]},
								"east": {"uv": [19, 22], "uv_size": [0.5, 0.5]},
								"south": {"uv": [22, 19], "uv_size": [0.5, 0.5]},
								"west": {"uv": [20, 22], "uv_size": [0.5, 0.5]},
								"up": {"uv": [22, 20], "uv_size": [0.5, 0.5]},
								"down": {"uv": [21, 22.5], "uv_size": [0.5, -0.5]}
							}
						},
						{
							"origin": [-0.10826, 0.61478, 0.52898],
							"size": [0.09375, 0.15625, 0.09375],
							"pivot": [0.28236, 0.53665, 0.57585],
							"rotation": [14.43276, -13.99545, 43.21918],
							"uv": {
								"north": {"uv": [22, 21], "uv_size": [0.5, 0.5]},
								"east": {"uv": [22, 22], "uv_size": [0.5, 0.5]},
								"south": {"uv": [0, 23], "uv_size": [0.5, 0.5]},
								"west": {"uv": [23, 0], "uv_size": [0.5, 0.5]},
								"up": {"uv": [1, 23], "uv_size": [0.5, 0.5]},
								"down": {"uv": [23, 1.5], "uv_size": [0.5, -0.5]}
							}
						},
						{
							"origin": [0.01451, 0.61478, 0.52898],
							"size": [0.09375, 0.15625, 0.09375],
							"pivot": [-0.28236, 0.53665, 0.57585],
							"rotation": [14.43276, 13.99545, -43.21918],
							"uv": {
								"north": {"uv": [2, 23], "uv_size": [0.5, 0.5]},
								"east": {"uv": [23, 2], "uv_size": [0.5, 0.5]},
								"south": {"uv": [3, 23], "uv_size": [0.5, 0.5]},
								"west": {"uv": [23, 3], "uv_size": [0.5, 0.5]},
								"up": {"uv": [4, 23], "uv_size": [0.5, 0.5]},
								"down": {"uv": [23, 4.5], "uv_size": [0.5, -0.5]}
							}
						},
						{
							"origin": [-0.39062, 0.68483, 0.45799],
							"size": [0.21875, 0.28125, 0.09375],
							"inflate": 0.001,
							"pivot": [-0.5625, 0.7317, 0.50486],
							"rotation": [20, 0, 0],
							"uv": {
								"east": {"uv": [5, 23], "uv_size": [0.5, 0.5]},
								"south": {"uv": [23, 5], "uv_size": [0.5, 0.5]},
								"west": {"uv": [6, 23], "uv_size": [0.5, 0.5]}
							}
						},
						{
							"origin": [-0.26362, 0.71345, -0.35937],
							"size": [0.10937, 0.28125, 0.82813],
							"inflate": -0.001,
							"pivot": [-0.24018, 0.91658, 0.08594],
							"rotation": [0, 0, -37.5],
							"uv": {
								"north": {"uv": [23, 6], "uv_size": [0.5, 0.5]},
								"south": {"uv": [7, 23], "uv_size": [0.5, 0.5]},
								"west": {"uv": [12, 2], "uv_size": [1, 0.5]}
							}
						},
						{
							"origin": [-0.32812, 0.87422, -0.35937],
							"size": [0.10937, 0.15625, 0.82813],
							"uv": {
								"north": {"uv": [23, 7], "uv_size": [0.5, 0.5]},
								"south": {"uv": [8, 23], "uv_size": [0.5, 0.5]},
								"up": {"uv": [3, 12], "uv_size": [0.5, 1]}
							}
						},
						{
							"origin": [-0.36942, 0.93413, -0.35937],
							"size": [0.0625, 0.08839, 0.82813],
							"inflate": -0.001,
							"pivot": [-0.33817, 0.97564, 0.08594],
							"rotation": [0, 0, 45],
							"uv": {
								"north": {"uv": [23, 8], "uv_size": [0.5, 0.5]},
								"east": {"uv": [12, 3], "uv_size": [1, 0.5]},
								"south": {"uv": [9, 23], "uv_size": [0.5, 0.5]}
							}
						},
						{
							"origin": [-0.39062, 0.86519, -0.35937],
							"size": [0.0625, 0.10278, 0.82813],
							"uv": {
								"north": {"uv": [23, 9], "uv_size": [0.5, 0.5]},
								"east": {"uv": [4, 12], "uv_size": [1, 0.5]}
							}
						},
						{
							"origin": [-0.57854, 0.71379, -0.34375],
							"size": [0.375, 0.08231, 0.08986],
							"pivot": [0, -0.425, 0.0625],
							"rotation": [0, -25, 0],
							"uv": {
								"north": {"uv": [10, 23], "uv_size": [0.5, 0.5]},
								"east": {"uv": [23, 10], "uv_size": [0.5, 0.5]},
								"up": {"uv": [11, 23], "uv_size": [0.5, 0.5]},
								"down": {"uv": [23, 11.5], "uv_size": [0.5, -0.5]}
							}
						},
						{
							"origin": [-0.39062, 0.63985, -0.46875],
							"size": [0.11902, 0.15625, 0.17187],
							"uv": {
								"north": {"uv": [12, 23], "uv_size": [0.5, 0.5]},
								"east": {"uv": [23, 12], "uv_size": [0.5, 0.5]},
								"south": {"uv": [13, 23], "uv_size": [0.5, 0.5]},
								"west": {"uv": [23, 13], "uv_size": [0.5, 0.5]},
								"up": {"uv": [14, 23], "uv_size": [0.5, 0.5]},
								"down": {"uv": [23, 14.5], "uv_size": [0.5, -0.5]}
							}
						},
						{
							"origin": [-0.57854, 0.63985, -0.53551],
							"size": [0.125, 0.07682, 0.28162],
							"pivot": [0, -0.425, 0.0625],
							"rotation": [0, -25, 0],
							"uv": {
								"north": {"uv": [15, 23], "uv_size": [0.5, 0.5]},
								"east": {"uv": [23, 15], "uv_size": [0.5, 0.5]},
								"south": {"uv": [16, 23], "uv_size": [0.5, 0.5]},
								"west": {"uv": [23, 16], "uv_size": [0.5, 0.5]},
								"up": {"uv": [17, 23], "uv_size": [0.5, 0.5]},
								"down": {"uv": [23, 17.5], "uv_size": [0.5, -0.5]}
							}
						},
						{
							"origin": [0.15425, 0.71345, -0.35937],
							"size": [0.10937, 0.28125, 0.82813],
							"inflate": -0.001,
							"pivot": [0.24019, 0.91658, 0.08594],
							"rotation": [0, 0, 37.5],
							"uv": {
								"north": {"uv": [18, 23], "uv_size": [0.5, 0.5]},
								"east": {"uv": [12, 4], "uv_size": [1, 0.5]},
								"south": {"uv": [23, 18], "uv_size": [0.5, 0.5]}
							}
						}
					]
				},
				{
					"name": "bone7_illuminated",
					"parent": "bone5",
					"pivot": [0, 7.575, 0.25],
					"cubes": [
						{
							"origin": [0.41613, 0.88598, 0.63847],
							"size": [0.94312, 0.10368, 0.04295],
							"pivot": [0.28125, 0.93782, 0.65995],
							"rotation": [0, 90, 22.5],
							"uv": {
								"east": {"uv": [19, 23], "uv_size": [0.5, 0.5]},
								"west": {"uv": [23, 19], "uv_size": [0.5, 0.5]},
								"up": {"uv": [5, 12], "uv_size": [1, 0.5]},
								"down": {"uv": [12, 5.5], "uv_size": [1, -0.5]}
							}
						},
						{
							"origin": [0.41613, 0.91635, 0.60811],
							"size": [0.94312, 0.04295, 0.10368],
							"pivot": [0.28125, 0.93782, 0.65995],
							"rotation": [0, 90, 22.5],
							"uv": {
								"north": {"uv": [6, 12], "uv_size": [1, 0.5]},
								"east": {"uv": [20, 23], "uv_size": [0.5, 0.5]},
								"south": {"uv": [12, 6], "uv_size": [1, 0.5]},
								"west": {"uv": [23, 20], "uv_size": [0.5, 0.5]}
							}
						},
						{
							"origin": [-1.35925, 0.88598, 0.63847],
							"size": [0.94312, 0.10368, 0.04295],
							"pivot": [-0.28125, 0.93782, 0.65995],
							"rotation": [0, -90, -22.5],
							"uv": {
								"east": {"uv": [21, 23], "uv_size": [0.5, 0.5]},
								"west": {"uv": [23, 21], "uv_size": [0.5, 0.5]},
								"up": {"uv": [7, 12], "uv_size": [1, 0.5]},
								"down": {"uv": [12, 7.5], "uv_size": [1, -0.5]}
							}
						},
						{
							"origin": [-1.35925, 0.91635, 0.60811],
							"size": [0.94312, 0.04295, 0.10368],
							"pivot": [-0.28125, 0.93782, 0.65995],
							"rotation": [0, -90, -22.5],
							"uv": {
								"north": {"uv": [8, 12], "uv_size": [1, 0.5]},
								"east": {"uv": [22, 23], "uv_size": [0.5, 0.5]},
								"south": {"uv": [12, 8], "uv_size": [1, 0.5]},
								"west": {"uv": [23, 22], "uv_size": [0.5, 0.5]}
							}
						},
						{
							"origin": [0.41613, 0.88598, 0.63847],
							"size": [0.94312, 0.10368, 0.04295],
							"pivot": [0.28125, 0.93782, 0.65995],
							"rotation": [0, 90, -22.5],
							"uv": {
								"east": {"uv": [23, 23], "uv_size": [0.5, 0.5]},
								"west": {"uv": [0, 24], "uv_size": [0.5, 0.5]},
								"up": {"uv": [9, 12], "uv_size": [1, 0.5]},
								"down": {"uv": [12, 9.5], "uv_size": [1, -0.5]}
							}
						},
						{
							"origin": [0.41613, 0.91635, 0.60811],
							"size": [0.94312, 0.04295, 0.10368],
							"pivot": [0.28125, 0.93782, 0.65995],
							"rotation": [0, 90, -22.5],
							"uv": {
								"north": {"uv": [10, 12], "uv_size": [1, 0.5]},
								"east": {"uv": [24, 0], "uv_size": [0.5, 0.5]},
								"south": {"uv": [12, 10], "uv_size": [1, 0.5]},
								"west": {"uv": [1, 24], "uv_size": [0.5, 0.5]}
							}
						},
						{
							"origin": [-1.35925, 0.88598, 0.63847],
							"size": [0.94312, 0.10368, 0.04295],
							"pivot": [-0.28125, 0.93782, 0.65995],
							"rotation": [0, -90, 22.5],
							"uv": {
								"east": {"uv": [24, 1], "uv_size": [0.5, 0.5]},
								"west": {"uv": [2, 24], "uv_size": [0.5, 0.5]},
								"up": {"uv": [11, 12], "uv_size": [1, 0.5]},
								"down": {"uv": [12, 11.5], "uv_size": [1, -0.5]}
							}
						},
						{
							"origin": [-1.35925, 0.91635, 0.60811],
							"size": [0.94312, 0.04295, 0.10368],
							"pivot": [-0.28125, 0.93782, 0.65995],
							"rotation": [0, -90, 22.5],
							"uv": {
								"north": {"uv": [12, 12], "uv_size": [1, 0.5]},
								"east": {"uv": [24, 2], "uv_size": [0.5, 0.5]},
								"south": {"uv": [0, 13], "uv_size": [1, 0.5]},
								"west": {"uv": [3, 24], "uv_size": [0.5, 0.5]}
							}
						}
					]
				},
				{
					"name": "bone6",
					"parent": "scope_body",
					"pivot": [0, 7.575, 0.25],
					"cubes": [
						{
							"origin": [0.75, -0.425, -1.1875],
							"size": [0.125, 0.07812, 1.53125],
							"inflate": -0.001,
							"uv": {
								"north": {"uv": [24, 3], "uv_size": [0.5, 0.5]},
								"west": {"uv": [9, 5], "uv_size": [1.5, 0.5]},
								"up": {"uv": [3, 9], "uv_size": [0.5, 1.5]},
								"down": {"uv": [9, 7.5], "uv_size": [0.5, -1.5]}
							}
						},
						{
							"origin": [0.5625, 0.02813, -1.1875],
							"size": [0.3125, 0.09375, 0.53125],
							"inflate": -0.001,
							"uv": {
								"north": {"uv": [4, 24], "uv_size": [0.5, 0.5]},
								"up": {"uv": [24, 4], "uv_size": [0.5, 0.5]},
								"down": {"uv": [5, 24.5], "uv_size": [0.5, -0.5]}
							}
						},
						{
							"origin": [1.14049, -0.425, 0.28675],
							"size": [0.125, 0.07812, 0.34375],
							"inflate": -0.001,
							"pivot": [1.20299, -0.3625, -0.07263],
							"rotation": [0, -45, 0],
							"uv": {
								"west": {"uv": [24, 5], "uv_size": [0.5, 0.5]},
								"up": {"uv": [6, 24], "uv_size": [0.5, 0.5]},
								"down": {"uv": [24, 6.5], "uv_size": [0.5, -0.5]}
							}
						},
						{
							"origin": [0.873, -0.425, 0.01562],
							"size": [0.11965, 0.07812, 0.21106],
							"inflate": -0.001,
							"uv": {
								"west": {"uv": [7, 24], "uv_size": [0.5, 0.5]},
								"up": {"uv": [24, 7], "uv_size": [0.5, 0.5]},
								"down": {"uv": [8, 24.5], "uv_size": [0.5, -0.5]}
							}
						},
						{
							"origin": [0.95369, -0.425, -1.25882],
							"size": [0.3125, 0.07812, 0.65625],
							"inflate": -0.001,
							"pivot": [1.20369, -0.38594, -0.4932],
							"rotation": [0, 30, 0],
							"uv": {
								"west": {"uv": [24, 8], "uv_size": [0.5, 0.5]},
								"up": {"uv": [9, 24], "uv_size": [0.5, 0.5]},
								"down": {"uv": [24, 9.5], "uv_size": [0.5, -0.5]}
							}
						},
						{
							"origin": [1.07813, -0.425, -0.61917],
							"size": [0.125, 0.07812, 0.09375],
							"uv": {
								"west": {"uv": [10, 24], "uv_size": [0.5, 0.5]},
								"up": {"uv": [24, 10], "uv_size": [0.5, 0.5]},
								"down": {"uv": [11, 24.5], "uv_size": [0.5, -0.5]}
							}
						},
						{
							"origin": [0.41443, -0.425, -0.79386],
							"size": [0.26563, 0.07812, 0.53125],
							"inflate": -0.001,
							"pivot": [0.61755, -0.38594, -0.02824],
							"rotation": [0, -45, 0],
							"uv": {
								"west": {"uv": [24, 11], "uv_size": [0.5, 0.5]},
								"up": {"uv": [12, 24], "uv_size": [0.5, 0.5]},
								"down": {"uv": [24, 12.5], "uv_size": [0.5, -0.5]}
							}
						},
						{
							"origin": [0.8139, -0.425, -0.08029],
							"size": [0.11807, 0.07812, 0.21006],
							"inflate": -0.001,
							"pivot": [0.87293, -0.38594, 0.02474],
							"rotation": [0, 65, 0],
							"uv": {
								"west": {"uv": [13, 24], "uv_size": [0.5, 0.5]},
								"up": {"uv": [24, 13], "uv_size": [0.5, 0.5]},
								"down": {"uv": [14, 24.5], "uv_size": [0.5, -0.5]}
							}
						},
						{
							"origin": [1.08598, -0.25701, -1.1875],
							"size": [0.125, 0.3125, 0.65625],
							"pivot": [0.33598, -0.69451, 0.25],
							"rotation": [0, 0, -30],
							"uv": {
								"north": {"uv": [24, 14], "uv_size": [0.5, 0.5]},
								"south": {"uv": [15, 24], "uv_size": [0.5, 0.5]},
								"west": {"uv": [24, 15], "uv_size": [0.5, 0.5]}
							}
						},
						{
							"origin": [1.07869, 0.02813, -1.25882],
							"size": [0.1875, 0.09375, 0.46875],
							"inflate": -0.001,
							"pivot": [1.20369, 0.05156, -0.4932],
							"rotation": [0, 30, 0],
							"uv": {
								"west": {"uv": [16, 24], "uv_size": [0.5, 0.5]},
								"up": {"uv": [24, 16], "uv_size": [0.5, 0.5]},
								"down": {"uv": [17, 24.5], "uv_size": [0.5, -0.5]}
							}
						},
						{
							"origin": [0.66335, 0.02813, -0.82381],
							"size": [0.25, 0.09375, 0.25],
							"pivot": [0.85085, 0.05156, -0.05819],
							"rotation": [0, -15, 0],
							"uv": {
								"west": {"uv": [24, 17], "uv_size": [0.5, 0.5]},
								"up": {"uv": [18, 24], "uv_size": [0.5, 0.5]},
								"down": {"uv": [24, 18.5], "uv_size": [0.5, -0.5]}
							}
						},
						{
							"origin": [0.5625, 0.02813, -0.65625],
							"size": [0.48217, 0.09375, 0.11618],
							"inflate": -0.001,
							"uv": {
								"south": {"uv": [19, 24], "uv_size": [0.5, 0.5]},
								"up": {"uv": [24, 19], "uv_size": [0.5, 0.5]},
								"down": {"uv": [20, 24.5], "uv_size": [0.5, -0.5]}
							}
						},
						{
							"origin": [0.95369, -0.33125, -1.13382],
							"size": [0.3125, 0.32813, 0.65625],
							"inflate": -0.001,
							"pivot": [1.20369, -0.38594, -0.4932],
							"rotation": [0, 30, 0],
							"uv": {
								"south": {"uv": [24, 20], "uv_size": [0.5, 0.5]},
								"west": {"uv": [21, 24], "uv_size": [0.5, 0.5]},
								"up": {"uv": [24, 21], "uv_size": [0.5, 0.5]},
								"down": {"uv": [22, 24.5], "uv_size": [0.5, -0.5]}
							}
						},
						{
							"origin": [0.95369, -0.00313, -0.72757],
							"size": [0.3125, 0.10938, 0.25],
							"inflate": -0.002,
							"pivot": [1.20369, -0.38594, -0.4932],
							"rotation": [0, 30, 0],
							"uv": {
								"north": {"uv": [24, 22], "uv_size": [0.5, 0.5]},
								"west": {"uv": [23, 24], "uv_size": [0.5, 0.5]},
								"up": {"uv": [24, 23], "uv_size": [0.5, 0.5]},
								"down": {"uv": [24, 24.5], "uv_size": [0.5, -0.5]}
							}
						},
						{
							"origin": [0.60938, -0.33125, -1.40737],
							"size": [0.3125, 0.32813, 0.46875],
							"inflate": -0.001,
							"pivot": [0.85938, -0.38594, -1.01675],
							"rotation": [0, 90, 0],
							"uv": {
								"west": {"uv": [0, 25], "uv_size": [0.5, 0.5]},
								"up": {"uv": [25, 0], "uv_size": [0.5, 0.5]},
								"down": {"uv": [1, 25.5], "uv_size": [0.5, -0.5]}
							}
						},
						{
							"origin": [-0.65595, -0.33125, -0.8608],
							"size": [0.71875, 0.4375, 0.20313],
							"inflate": -0.001,
							"pivot": [0.9378, -0.38594, -0.68892],
							"rotation": [0, 90, 0],
							"uv": {
								"north": {"uv": [25, 1], "uv_size": [0.5, 0.5]},
								"south": {"uv": [2, 25], "uv_size": [0.5, 0.5]},
								"up": {"uv": [25, 2], "uv_size": [0.5, 0.5]},
								"down": {"uv": [3, 25.5], "uv_size": [0.5, -0.5]}
							}
						},
						{
							"origin": [-0.94375, -0.33125, -0.78783],
							"size": [0.28676, 0.4375, 0.12629],
							"inflate": -0.001,
							"pivot": [0.93676, -0.38594, -0.69279],
							"rotation": [0, 90, 0],
							"uv": {
								"east": {"uv": [25, 3], "uv_size": [0.5, 0.5]},
								"south": {"uv": [4, 25], "uv_size": [0.5, 0.5]},
								"up": {"uv": [25, 4], "uv_size": [0.5, 0.5]},
								"down": {"uv": [5, 25.5], "uv_size": [0.5, -0.5]}
							}
						},
						{
							"origin": [0.9378, -0.33125, 0.99114],
							"size": [0.0625, 0.4375, 0.0625],
							"inflate": -0.002,
							"pivot": [0.96905, -0.1125, 1.02239],
							"rotation": [0, 45, 0],
							"uv": {
								"south": {"uv": [25, 5], "uv_size": [0.5, 0.5]},
								"west": {"uv": [6, 25], "uv_size": [0.5, 0.5]},
								"up": {"uv": [25, 6], "uv_size": [0.5, 0.5]},
								"down": {"uv": [7, 25.5], "uv_size": [0.5, -0.5]}
							}
						},
						{
							"origin": [0.9378, -0.33125, 0.86614],
							"size": [0.0625, 0.4375, 0.0625],
							"inflate": -0.002,
							"pivot": [0.96905, -0.1125, 0.89739],
							"rotation": [0, 45, 0],
							"uv": {
								"south": {"uv": [25, 7], "uv_size": [0.5, 0.5]},
								"west": {"uv": [8, 25], "uv_size": [0.5, 0.5]},
								"up": {"uv": [25, 8], "uv_size": [0.5, 0.5]},
								"down": {"uv": [9, 25.5], "uv_size": [0.5, -0.5]}
							}
						},
						{
							"origin": [0.9378, -0.33125, 0.74114],
							"size": [0.0625, 0.4375, 0.0625],
							"inflate": -0.002,
							"pivot": [0.96905, -0.1125, 0.77239],
							"rotation": [0, 45, 0],
							"uv": {
								"south": {"uv": [25, 9], "uv_size": [0.5, 0.5]},
								"west": {"uv": [10, 25], "uv_size": [0.5, 0.5]},
								"up": {"uv": [25, 10], "uv_size": [0.5, 0.5]},
								"down": {"uv": [11, 25.5], "uv_size": [0.5, -0.5]}
							}
						},
						{
							"origin": [0.9378, -0.33125, 0.61614],
							"size": [0.0625, 0.4375, 0.0625],
							"inflate": -0.002,
							"pivot": [0.96905, -0.1125, 0.64739],
							"rotation": [0, 45, 0],
							"uv": {
								"south": {"uv": [25, 11], "uv_size": [0.5, 0.5]},
								"west": {"uv": [12, 25], "uv_size": [0.5, 0.5]},
								"up": {"uv": [25, 12], "uv_size": [0.5, 0.5]},
								"down": {"uv": [13, 25.5], "uv_size": [0.5, -0.5]}
							}
						},
						{
							"origin": [0.9378, -0.33125, 0.49114],
							"size": [0.0625, 0.4375, 0.0625],
							"inflate": -0.002,
							"pivot": [0.96905, -0.1125, 0.52239],
							"rotation": [0, 45, 0],
							"uv": {
								"south": {"uv": [25, 13], "uv_size": [0.5, 0.5]},
								"west": {"uv": [14, 25], "uv_size": [0.5, 0.5]},
								"up": {"uv": [25, 14], "uv_size": [0.5, 0.5]},
								"down": {"uv": [15, 25.5], "uv_size": [0.5, -0.5]}
							}
						},
						{
							"origin": [0.71583, -0.33125, 0.96612],
							"size": [0.29687, 0.4375, 0.125],
							"inflate": -0.002,
							"pivot": [0.86426, 0.05938, 1.02862],
							"rotation": [-180, 75, 180],
							"uv": {
								"north": {"uv": [25, 15], "uv_size": [0.5, 0.5]},
								"up": {"uv": [16, 25], "uv_size": [0.5, 0.5]},
								"down": {"uv": [25, 16.5], "uv_size": [0.5, -0.5]}
							}
						},
						{
							"origin": [-0.6247, -0.00313, -1.5483],
							"size": [0.8125, 0.10938, 0.20313],
							"inflate": -0.001,
							"pivot": [0.9378, -0.38594, -1.37642],
							"rotation": [0, 90, 0],
							"uv": {
								"north": {"uv": [13, 0], "uv_size": [1, 0.5]},
								"west": {"uv": [17, 25], "uv_size": [0.5, 0.5]},
								"up": {"uv": [1, 13], "uv_size": [1, 0.5]},
								"down": {"uv": [13, 1.5], "uv_size": [1, -0.5]}
							}
						},
						{
							"origin": [0.54688, -0.00313, -1.02624],
							"size": [0.4375, 0.10938, 0.29657],
							"inflate": -0.001,
							"pivot": [1.23438, -0.38594, -0.76092],
							"rotation": [0, 90, 0],
							"uv": {
								"south": {"uv": [25, 17], "uv_size": [0.5, 0.5]},
								"up": {"uv": [18, 25], "uv_size": [0.5, 0.5]},
								"down": {"uv": [25, 18.5], "uv_size": [0.5, -0.5]}
							}
						},
						{
							"origin": [0.70313, -0.20625, -0.87867],
							"size": [0.35938, 0.17188, 0.34375],
							"inflate": 0.001,
							"pivot": [1.26563, -0.38594, -0.51929],
							"rotation": [0, 90, 0],
							"uv": {
								"north": {"uv": [19, 25], "uv_size": [0.5, 0.5]},
								"south": {"uv": [25, 19], "uv_size": [0.5, 0.5]},
								"up": {"uv": [20, 25], "uv_size": [0.5, 0.5]},
								"down": {"uv": [25, 20.5], "uv_size": [0.5, -0.5]}
							}
						},
						{
							"origin": [1.01563, -0.3625, -0.20679],
							"size": [0.125, 0.5, 0.125],
							"inflate": -0.001,
							"pivot": [1.07813, -0.1125, -0.14429],
							"rotation": [-180, 45, 180],
							"uv": {
								"north": {"uv": [21, 25], "uv_size": [0.5, 0.5]},
								"east": {"uv": [25, 21], "uv_size": [0.5, 0.5]},
								"south": {"uv": [22, 25], "uv_size": [0.5, 0.5]},
								"west": {"uv": [25, 22], "uv_size": [0.5, 0.5]},
								"up": {"uv": [23, 25], "uv_size": [0.5, 0.5]},
								"down": {"uv": [25, 23.5], "uv_size": [0.5, -0.5]}
							}
						},
						{
							"origin": [0.92188, -0.3625, -0.78492],
							"size": [0.09375, 0.5, 0.09375],
							"inflate": -0.001,
							"pivot": [0.98438, -0.1125, -0.72242],
							"rotation": [-180, 45, 180],
							"uv": {
								"north": {"uv": [24, 25], "uv_size": [0.5, 0.5]},
								"east": {"uv": [25, 24], "uv_size": [0.5, 0.5]},
								"south": {"uv": [25, 25], "uv_size": [0.5, 0.5]},
								"west": {"uv": [0, 26], "uv_size": [0.5, 0.5]},
								"up": {"uv": [26, 0], "uv_size": [0.5, 0.5]},
								"down": {"uv": [1, 26.5], "uv_size": [0.5, -0.5]}
							}
						},
						{
							"origin": [0.60938, -0.20625, -0.78492],
							"size": [0.54688, 0.17188, 0.15625],
							"pivot": [1.26563, -0.38594, -0.51929],
							"rotation": [0, 90, 0],
							"uv": {
								"east": {"uv": [26, 1], "uv_size": [0.5, 0.5]},
								"west": {"uv": [2, 26], "uv_size": [0.5, 0.5]},
								"up": {"uv": [26, 2], "uv_size": [0.5, 0.5]},
								"down": {"uv": [3, 26.5], "uv_size": [0.5, -0.5]}
							}
						},
						{
							"origin": [0.72425, -0.20625, -0.25759],
							"size": [0.13258, 0.17188, 0.125],
							"inflate": -0.001,
							"pivot": [1.26563, -0.38594, -0.51929],
							"rotation": [0, 45, 0],
							"uv": {
								"south": {"uv": [26, 3], "uv_size": [0.5, 0.5]},
								"up": {"uv": [4, 26], "uv_size": [0.5, 0.5]},
								"down": {"uv": [26, 4.5], "uv_size": [0.5, -0.5]}
							}
						},
						{
							"origin": [1.06897, -0.20625, -0.43849],
							"size": [0.13258, 0.17188, 0.125],
							"inflate": -0.001,
							"pivot": [1.07813, -0.12031, -0.31885],
							"rotation": [0, -45, 0],
							"uv": {
								"north": {"uv": [5, 26], "uv_size": [0.5, 0.5]},
								"up": {"uv": [26, 5], "uv_size": [0.5, 0.5]},
								"down": {"uv": [6, 26.5], "uv_size": [0.5, -0.5]}
							}
						},
						{
							"origin": [1.06897, -0.20625, -0.32421],
							"size": [0.13258, 0.17188, 0.125],
							"inflate": -0.001,
							"pivot": [1.07813, -0.12031, -0.31885],
							"rotation": [-180, -45, 180],
							"uv": {
								"south": {"uv": [26, 6], "uv_size": [0.5, 0.5]},
								"up": {"uv": [7, 26], "uv_size": [0.5, 0.5]},
								"down": {"uv": [26, 7.5], "uv_size": [0.5, -0.5]}
							}
						},
						{
							"origin": [-0.10924, -0.20625, 0.20089],
							"size": [0.13258, 0.17188, 0.125],
							"inflate": -0.001,
							"pivot": [0.43214, -0.38594, -0.0608],
							"rotation": [-180, 45, 180],
							"uv": {
								"north": {"uv": [8, 26], "uv_size": [0.5, 0.5]},
								"up": {"uv": [26, 8], "uv_size": [0.5, 0.5]},
								"down": {"uv": [9, 26.5], "uv_size": [0.5, -0.5]}
							}
						},
						{
							"origin": [0.74843, -0.00313, -0.45979],
							"size": [0.42188, 0.10938, 0.21875],
							"inflate": -0.002,
							"pivot": [1.4203, -0.38594, -0.27229],
							"rotation": [0, 45, 0],
							"uv": {
								"north": {"uv": [26, 9], "uv_size": [0.5, 0.5]},
								"south": {"uv": [10, 26], "uv_size": [0.5, 0.5]},
								"up": {"uv": [26, 10], "uv_size": [0.5, 0.5]},
								"down": {"uv": [11, 26.5], "uv_size": [0.5, -0.5]}
							}
						},
						{
							"origin": [0.54688, -0.33125, -1.05779],
							"size": [0.4375, 0.09375, 0.32813],
							"pivot": [1.23438, -0.72969, -0.76092],
							"rotation": [0, 90, 0],
							"uv": {
								"south": {"uv": [26, 11], "uv_size": [0.5, 0.5]},
								"up": {"uv": [12, 26], "uv_size": [0.5, 0.5]},
								"down": {"uv": [26, 12.5], "uv_size": [0.5, -0.5]}
							}
						},
						{
							"origin": [0.68593, -0.33125, -0.50667],
							"size": [0.48438, 0.09375, 0.26563],
							"inflate": -0.001,
							"pivot": [1.4203, -0.72969, -0.27229],
							"rotation": [0, 45, 0],
							"uv": {
								"south": {"uv": [13, 26], "uv_size": [0.5, 0.5]},
								"up": {"uv": [26, 13], "uv_size": [0.5, 0.5]},
								"down": {"uv": [14, 26.5], "uv_size": [0.5, -0.5]}
							}
						}
					]
				},
				{
					"name": "scope_view",
					"pivot": [0, 0.95, 8]
				}
			]
		}
	]
}