{
	"format_version": "1.12.0",
	"minecraft:geometry": [
		{
			"description": {
				"identifier": "geometry.unknown",
				"texture_width": 256,
				"texture_height": 256,
				"visible_bounds_width": 34,
				"visible_bounds_height": 3,
				"visible_bounds_offset": [0, 0.5, 0]
			},
			"bones": [
				{
					"name": "scope_body",
					"pivot": [0, 0, 0]
				},
				{
					"name": "L",
					"parent": "scope_body",
					"pivot": [0.89954, 2.84819, 2.61411],
					"cubes": [
						{
							"origin": [0.77111, 1.06989, -3.02058],
							"size": [0.11568, 1.40985, 0.46826],
							"pivot": [0.86108, 1.04758, -3.15637],
							"rotation": [0, 0, -7],
							"uv": {
								"east": {"uv": [13.5, 10], "uv_size": [-0.5, 1.5]},
								"west": {"uv": [7.5, 13], "uv_size": [-0.5, 1.5]},
								"up": {"uv": [23.5, 20], "uv_size": [-0.5, 0.5]}
							}
						},
						{
							"origin": [0.59639, 2.2847, -2.55232],
							"size": [0.11567, 0.1875, 0.14478],
							"inflate": 0.002,
							"pivot": [0.71206, 2.4722, -2.55232],
							"rotation": [-20, 0, -7],
							"uv": {
								"east": {"uv": [23.5, 23], "uv_size": [-0.5, 0.5]},
								"west": {"uv": [22.5, 23], "uv_size": [-0.5, 0.5]},
								"up": {"uv": [0.5, 24], "uv_size": [-0.5, 0.5]}
							}
						},
						{
							"origin": [0.62187, 1.61442, -2.51025],
							"size": [0.11567, 0.625, 1.33143],
							"inflate": 0.001,
							"pivot": [0.73754, 2.26472, -2.33129],
							"rotation": [-70, 0, -7],
							"uv": {
								"east": {"uv": [24.5, 5], "uv_size": [-0.5, 0.5]},
								"west": {"uv": [24.5, 4], "uv_size": [-0.5, 0.5]},
								"up": {"uv": [6.5, 24], "uv_size": [-0.5, 0.5]}
							}
						},
						{
							"origin": [0.7212, 1.21566, -2.19608],
							"size": [0.11566, 0.24013, 0.74418],
							"inflate": -0.001,
							"pivot": [0.83686, 1.4558, -1.91685],
							"rotation": [-40, 0, -7],
							"uv": {
								"east": {"uv": [17.5, 25], "uv_size": [-0.5, 0.5]},
								"west": {"uv": [16.5, 25], "uv_size": [-0.5, 0.5]},
								"up": {"uv": [25.5, 17], "uv_size": [-0.5, 0.5]}
							}
						},
						{
							"origin": [0.63901, 2.24607, -2.88999],
							"size": [0.11567, 0.12969, 0.21267],
							"pivot": [0.6656, 2.33435, -2.7524],
							"rotation": [0, 0, -52],
							"uv": {
								"north": {"uv": [11, 12], "uv_size": [0.5, 1.5]},
								"south": {"uv": [0, 13], "uv_size": [0.5, 1.5]},
								"west": {"uv": [13, 3], "uv_size": [0.5, 1.5]}
							}
						},
						{
							"origin": [0.64491, 2.00831, -2.88999],
							"size": [0.13129, 0.11407, 0.21267],
							"pivot": [0.68711, 2.0966, -2.7524],
							"rotation": [0, 0, -52],
							"uv": {
								"north": {"uv": [11, 12], "uv_size": [0.5, 1.5]},
								"south": {"uv": [0, 13], "uv_size": [0.5, 1.5]},
								"down": {"uv": [12, 19.5], "uv_size": [0.5, -0.5]}
							}
						},
						{
							"origin": [0.77112, 2.11008, -2.88999],
							"size": [0.17817, 0.23907, 0.21267],
							"pivot": [0.86109, 1.04758, -3.15637],
							"rotation": [0, 0, -7],
							"uv": {
								"north": {"uv": [11, 12], "uv_size": [0.5, 1.5]},
								"south": {"uv": [0, 13], "uv_size": [0.5, 1.5]},
								"west": {"uv": [13, 3], "uv_size": [0.5, 1.5]}
							}
						},
						{
							"origin": [0.87203, 0.86232, -3.13999],
							"size": [0, 0.55157, 1.46267],
							"inflate": 0.003,
							"pivot": [0.87203, 1.16936, -2.40865],
							"rotation": [0, 0, -7],
							"uv": {
								"west": {"uv": [0, 166.5], "uv_size": [256, 89.5]},
								"down": {"uv": [12, 19.5], "uv_size": [0.5, -0.5]}
							}
						},
						{
							"origin": [0.75421, 1.04382, -1.66102],
							"size": [0.11566, 0.14313, 0.59701],
							"pivot": [0.86987, 1.18695, -1.35962],
							"rotation": [-10, 0, -7],
							"uv": {
								"east": {"uv": [26.5, 12], "uv_size": [-0.5, 0.5]},
								"west": {"uv": [26.5, 11], "uv_size": [-0.5, 0.5]},
								"up": {"uv": [13.5, 26], "uv_size": [-0.5, 0.5]}
							}
						},
						{
							"origin": [0.76046, 0.9485, -1.0685],
							"size": [0.11567, 0.1875, 0.08997],
							"inflate": -0.001,
							"pivot": [0.87613, 1.136, -1.0685],
							"rotation": [-45, 0, -7],
							"uv": {
								"east": {"uv": [26.5, 15], "uv_size": [-0.5, 0.5]},
								"west": {"uv": [26.5, 14], "uv_size": [-0.5, 0.5]},
								"up": {"uv": [16.5, 26], "uv_size": [-0.5, 0.5]}
							}
						},
						{
							"origin": [0.76821, 0.94434, -3.15117],
							"size": [0.11567, 0.12852, 2.14629],
							"inflate": 0.002,
							"pivot": [0.88388, 1.07286, -1.09485],
							"rotation": [0, 0, -7],
							"uv": {
								"north": {"uv": [17.5, 26], "uv_size": [-0.5, 0.5]},
								"east": {"uv": [12, 6], "uv_size": [-2, 0.5]},
								"south": {"uv": [26.5, 17], "uv_size": [-0.5, 0.5]},
								"west": {"uv": [12, 3], "uv_size": [-2, 0.5]}
							}
						},
						{
							"origin": [0.76821, 1.07286, -2.27617],
							"size": [0.11567, 0.125, 0.77129],
							"inflate": 0.002,
							"pivot": [0.88388, 1.07286, -1.09485],
							"rotation": [0, 0, -7],
							"uv": {
								"north": {"uv": [17.5, 26], "uv_size": [-0.5, 0.5]},
								"east": {"uv": [12, 6], "uv_size": [-2, 0.5]},
								"south": {"uv": [26.5, 17], "uv_size": [-0.5, 0.5]},
								"west": {"uv": [12, 3], "uv_size": [-2, 0.5]},
								"up": {"uv": [5.5, 10], "uv_size": [-0.5, 2]},
								"down": {"uv": [7.5, 12], "uv_size": [-0.5, -2]}
							}
						},
						{
							"origin": [0.78387, 0.64069, -3.15117],
							"size": [0.11567, 0.30461, 2.14629],
							"uv": {
								"north": {"uv": [18.5, 26], "uv_size": [-0.5, 0.5]},
								"east": {"uv": [10, 10], "uv_size": [-2, 0.5]},
								"south": {"uv": [26.5, 18], "uv_size": [-0.5, 0.5]},
								"west": {"uv": [12, 7], "uv_size": [-2, 0.5]}
							}
						},
						{
							"origin": [0.86096, 0.6497, -1.57037],
							"size": [0.0799, 0.20563, 0.20563],
							"pivot": [0.89311, 0.75252, -1.46755],
							"rotation": [-45, 0, 0],
							"uv": {
								"north": {"uv": [19.5, 26], "uv_size": [-0.5, 0.5]},
								"south": {"uv": [20.5, 26], "uv_size": [-0.5, 0.5]},
								"west": {"uv": [26.5, 19], "uv_size": [-0.5, 0.5]},
								"up": {"uv": [21.5, 26], "uv_size": [-0.5, 0.5]},
								"down": {"uv": [26.5, 21.5], "uv_size": [-0.5, -0.5]}
							}
						},
						{
							"origin": [0.86096, 0.6497, -2.7399],
							"size": [0.0799, 0.20563, 0.20563],
							"pivot": [0.89311, 0.75252, -2.63709],
							"rotation": [-45, 0, 0],
							"uv": {
								"north": {"uv": [22.5, 26], "uv_size": [-0.5, 0.5]},
								"south": {"uv": [23.5, 26], "uv_size": [-0.5, 0.5]},
								"west": {"uv": [26.5, 22], "uv_size": [-0.5, 0.5]},
								"up": {"uv": [24.5, 26], "uv_size": [-0.5, 0.5]},
								"down": {"uv": [26.5, 24.5], "uv_size": [-0.5, -0.5]}
							}
						},
						{
							"origin": [0.61158, 1.06328, -3.15117],
							"size": [0.11567, 1.27926, 0.13059],
							"pivot": [0.72725, 2.34848, -3.0612],
							"rotation": [0, 0, -7],
							"uv": {
								"north": {"uv": [0.5, 18], "uv_size": [-0.5, 1]},
								"east": {"uv": [2.5, 18], "uv_size": [-0.5, 1]},
								"west": {"uv": [18.5, 0], "uv_size": [-0.5, 1]}
							}
						},
						{
							"origin": [0.61158, 2.2829, -3.12902],
							"size": [0.11567, 0.125, 0.18468],
							"inflate": 0.001,
							"pivot": [0.72725, 2.34848, -3.0612],
							"rotation": [45, 0, -7],
							"uv": {
								"east": {"uv": [2.5, 18], "uv_size": [-0.5, 1]},
								"west": {"uv": [18.5, 0], "uv_size": [-0.5, 1]},
								"up": {"uv": [27.5, 10], "uv_size": [-0.5, 0.5]}
							}
						},
						{
							"origin": [0.78387, 0.51569, -3.02617],
							"size": [0.11567, 0.125, 1.89629],
							"uv": {
								"east": {"uv": [14.5, 13], "uv_size": [-1.5, 0.5]},
								"west": {"uv": [14.5, 12], "uv_size": [-1.5, 0.5]},
								"down": {"uv": [2.5, 15.5], "uv_size": [-0.5, -1.5]}
							}
						},
						{
							"origin": [0.78387, -0.13644, -2.88105],
							"size": [0.11567, 0.125, 0.17678],
							"inflate": 0.001,
							"pivot": [0.84171, 0.57819, -2.07803],
							"rotation": [-45, 0, 0],
							"uv": {
								"east": {"uv": [14.5, 13], "uv_size": [-1.5, 0.5]},
								"west": {"uv": [14.5, 12], "uv_size": [-1.5, 0.5]},
								"down": {"uv": [2.5, 15.5], "uv_size": [-0.5, -1.5]}
							}
						},
						{
							"origin": [0.78387, -0.13644, -1.45178],
							"size": [0.11567, 0.125, 0.17678],
							"inflate": 0.001,
							"pivot": [0.84171, 0.57819, -2.07803],
							"rotation": [45, 0, 0],
							"uv": {
								"east": {"uv": [14.5, 13], "uv_size": [-1.5, 0.5]},
								"west": {"uv": [14.5, 12], "uv_size": [-1.5, 0.5]},
								"down": {"uv": [2.5, 15.5], "uv_size": [-0.5, -1.5]}
							}
						},
						{
							"origin": [0.78387, 0.28436, -2.5086],
							"size": [0.11567, 0.23134, 0.92542],
							"pivot": [0.89954, 0.51569, -3.04839],
							"rotation": [0, 0, 40],
							"uv": {
								"north": {"uv": [27.5, 24], "uv_size": [-0.5, 0.5]},
								"south": {"uv": [25.5, 27], "uv_size": [-0.5, 0.5]},
								"west": {"uv": [19, 2], "uv_size": [-1, 0.5]}
							}
						}
					]
				},
				{
					"name": "R",
					"parent": "scope_body",
					"pivot": [-0.89954, 2.84819, 2.61411],
					"cubes": [
						{
							"origin": [-0.88679, 1.06989, -3.02058],
							"size": [0.11568, 1.40985, 0.46826],
							"pivot": [-0.86108, 1.04758, -3.15637],
							"rotation": [0, 0, 7],
							"uv": {
								"east": {"uv": [7, 13], "uv_size": [0.5, 1.5]},
								"west": {"uv": [13, 10], "uv_size": [0.5, 1.5]},
								"up": {"uv": [23, 20], "uv_size": [0.5, 0.5]}
							}
						},
						{
							"origin": [-0.71206, 2.2847, -2.55232],
							"size": [0.11567, 0.1875, 0.14478],
							"inflate": 0.002,
							"pivot": [-0.71206, 2.4722, -2.55232],
							"rotation": [-20, 0, 7],
							"uv": {
								"east": {"uv": [22, 23], "uv_size": [0.5, 0.5]},
								"west": {"uv": [23, 23], "uv_size": [0.5, 0.5]},
								"up": {"uv": [0, 24], "uv_size": [0.5, 0.5]}
							}
						},
						{
							"origin": [-0.73754, 1.61442, -2.51025],
							"size": [0.11567, 0.625, 1.33143],
							"inflate": 0.001,
							"pivot": [-0.73754, 2.26472, -2.33129],
							"rotation": [-70, 0, 7],
							"uv": {
								"east": {"uv": [24, 4], "uv_size": [0.5, 0.5]},
								"west": {"uv": [24, 5], "uv_size": [0.5, 0.5]},
								"up": {"uv": [6, 24], "uv_size": [0.5, 0.5]}
							}
						},
						{
							"origin": [-0.83686, 1.21566, -2.19608],
							"size": [0.11566, 0.24013, 0.74418],
							"inflate": -0.001,
							"pivot": [-0.83686, 1.4558, -1.91685],
							"rotation": [-40, 0, 7],
							"uv": {
								"east": {"uv": [16, 25], "uv_size": [0.5, 0.5]},
								"west": {"uv": [17, 25], "uv_size": [0.5, 0.5]},
								"up": {"uv": [25, 17], "uv_size": [0.5, 0.5]}
							}
						},
						{
							"origin": [-0.75468, 2.24607, -2.88999],
							"size": [0.11567, 0.12969, 0.21267],
							"pivot": [-0.6656, 2.33435, -2.7524],
							"rotation": [0, 0, 52],
							"uv": {
								"north": {"uv": [11.5, 12], "uv_size": [-0.5, 1.5]},
								"east": {"uv": [13.5, 3], "uv_size": [-0.5, 1.5]},
								"south": {"uv": [0.5, 13], "uv_size": [-0.5, 1.5]}
							}
						},
						{
							"origin": [-0.7762, 2.00831, -2.88999],
							"size": [0.13129, 0.11407, 0.21267],
							"pivot": [-0.68711, 2.0966, -2.7524],
							"rotation": [0, 0, 52],
							"uv": {
								"north": {"uv": [11.5, 12], "uv_size": [-0.5, 1.5]},
								"south": {"uv": [0.5, 13], "uv_size": [-0.5, 1.5]},
								"down": {"uv": [12.5, 19.5], "uv_size": [-0.5, -0.5]}
							}
						},
						{
							"origin": [-0.94929, 2.11008, -2.88999],
							"size": [0.17817, 0.23907, 0.21267],
							"pivot": [-0.86109, 1.04758, -3.15637],
							"rotation": [0, 0, 7],
							"uv": {
								"north": {"uv": [11.5, 12], "uv_size": [-0.5, 1.5]},
								"east": {"uv": [13.5, 3], "uv_size": [-0.5, 1.5]},
								"south": {"uv": [0.5, 13], "uv_size": [-0.5, 1.5]}
							}
						},
						{
							"origin": [-0.87203, 0.86232, -3.13999],
							"size": [0, 0.55157, 1.46267],
							"inflate": 0.003,
							"pivot": [-0.87203, 1.16936, -2.40865],
							"rotation": [0, 0, 7],
							"uv": {
								"east": {"uv": [0, 166.5], "uv_size": [256, 89.5]},
								"down": {"uv": [12.5, 19.5], "uv_size": [-0.5, -0.5]}
							}
						},
						{
							"origin": [-0.86987, 1.04382, -1.66102],
							"size": [0.11566, 0.14313, 0.59701],
							"pivot": [-0.86987, 1.18695, -1.35962],
							"rotation": [-10, 0, 7],
							"uv": {
								"east": {"uv": [26, 11], "uv_size": [0.5, 0.5]},
								"west": {"uv": [26, 12], "uv_size": [0.5, 0.5]},
								"up": {"uv": [13, 26], "uv_size": [0.5, 0.5]}
							}
						},
						{
							"origin": [-0.87613, 0.9485, -1.0685],
							"size": [0.11567, 0.1875, 0.08997],
							"inflate": -0.001,
							"pivot": [-0.87613, 1.136, -1.0685],
							"rotation": [-45, 0, 7],
							"uv": {
								"east": {"uv": [26, 14], "uv_size": [0.5, 0.5]},
								"west": {"uv": [26, 15], "uv_size": [0.5, 0.5]},
								"up": {"uv": [16, 26], "uv_size": [0.5, 0.5]}
							}
						},
						{
							"origin": [-0.88388, 0.94434, -3.15117],
							"size": [0.11567, 0.12852, 2.14629],
							"inflate": 0.002,
							"pivot": [-0.88388, 1.07286, -1.09485],
							"rotation": [0, 0, 7],
							"uv": {
								"north": {"uv": [17, 26], "uv_size": [0.5, 0.5]},
								"east": {"uv": [10, 3], "uv_size": [2, 0.5]},
								"south": {"uv": [26, 17], "uv_size": [0.5, 0.5]},
								"west": {"uv": [10, 6], "uv_size": [2, 0.5]}
							}
						},
						{
							"origin": [-0.88388, 1.07286, -2.27617],
							"size": [0.11567, 0.125, 0.77129],
							"inflate": 0.002,
							"pivot": [-0.88388, 1.07286, -1.09485],
							"rotation": [0, 0, 7],
							"uv": {
								"north": {"uv": [17, 26], "uv_size": [0.5, 0.5]},
								"east": {"uv": [10, 3], "uv_size": [2, 0.5]},
								"south": {"uv": [26, 17], "uv_size": [0.5, 0.5]},
								"west": {"uv": [10, 6], "uv_size": [2, 0.5]},
								"up": {"uv": [5, 10], "uv_size": [0.5, 2]},
								"down": {"uv": [7, 12], "uv_size": [0.5, -2]}
							}
						},
						{
							"origin": [-0.89954, 0.64069, -3.15117],
							"size": [0.11567, 0.30461, 2.14629],
							"uv": {
								"north": {"uv": [18, 26], "uv_size": [0.5, 0.5]},
								"east": {"uv": [10, 7], "uv_size": [2, 0.5]},
								"south": {"uv": [26, 18], "uv_size": [0.5, 0.5]},
								"west": {"uv": [8, 10], "uv_size": [2, 0.5]}
							}
						},
						{
							"origin": [-0.94086, 0.6497, -1.57037],
							"size": [0.0799, 0.20563, 0.20563],
							"pivot": [-0.89311, 0.75252, -1.46755],
							"rotation": [-45, 0, 0],
							"uv": {
								"north": {"uv": [19, 26], "uv_size": [0.5, 0.5]},
								"east": {"uv": [26, 19], "uv_size": [0.5, 0.5]},
								"south": {"uv": [20, 26], "uv_size": [0.5, 0.5]},
								"up": {"uv": [21, 26], "uv_size": [0.5, 0.5]},
								"down": {"uv": [26, 21.5], "uv_size": [0.5, -0.5]}
							}
						},
						{
							"origin": [-0.94086, 0.6497, -2.7399],
							"size": [0.0799, 0.20563, 0.20563],
							"pivot": [-0.89311, 0.75252, -2.63709],
							"rotation": [-45, 0, 0],
							"uv": {
								"north": {"uv": [22, 26], "uv_size": [0.5, 0.5]},
								"east": {"uv": [26, 22], "uv_size": [0.5, 0.5]},
								"south": {"uv": [23, 26], "uv_size": [0.5, 0.5]},
								"up": {"uv": [24, 26], "uv_size": [0.5, 0.5]},
								"down": {"uv": [26, 24.5], "uv_size": [0.5, -0.5]}
							}
						},
						{
							"origin": [-0.72725, 1.06328, -3.15117],
							"size": [0.11567, 1.27926, 0.13059],
							"pivot": [-0.72725, 2.34848, -3.0612],
							"rotation": [0, 0, 7],
							"uv": {
								"north": {"uv": [0, 18], "uv_size": [0.5, 1]},
								"east": {"uv": [18, 0], "uv_size": [0.5, 1]},
								"west": {"uv": [2, 18], "uv_size": [0.5, 1]}
							}
						},
						{
							"origin": [-0.72725, 2.2829, -3.12902],
							"size": [0.11567, 0.125, 0.18468],
							"inflate": 0.001,
							"pivot": [-0.72725, 2.34848, -3.0612],
							"rotation": [45, 0, 7],
							"uv": {
								"east": {"uv": [18, 0], "uv_size": [0.5, 1]},
								"west": {"uv": [2, 18], "uv_size": [0.5, 1]},
								"up": {"uv": [27, 10], "uv_size": [0.5, 0.5]}
							}
						},
						{
							"origin": [-0.89954, 0.51569, -3.02617],
							"size": [0.11567, 0.125, 1.89629],
							"uv": {
								"east": {"uv": [13, 12], "uv_size": [1.5, 0.5]},
								"west": {"uv": [13, 13], "uv_size": [1.5, 0.5]},
								"down": {"uv": [2, 15.5], "uv_size": [0.5, -1.5]}
							}
						},
						{
							"origin": [-0.89954, -0.13644, -2.88105],
							"size": [0.11567, 0.125, 0.17678],
							"inflate": 0.001,
							"pivot": [-0.84171, 0.57819, -2.07803],
							"rotation": [-45, 0, 0],
							"uv": {
								"east": {"uv": [13, 12], "uv_size": [1.5, 0.5]},
								"west": {"uv": [13, 13], "uv_size": [1.5, 0.5]},
								"down": {"uv": [2, 15.5], "uv_size": [0.5, -1.5]}
							}
						},
						{
							"origin": [-0.89954, -0.13644, -1.45178],
							"size": [0.11567, 0.125, 0.17678],
							"inflate": 0.001,
							"pivot": [-0.84171, 0.57819, -2.07803],
							"rotation": [45, 0, 0],
							"uv": {
								"east": {"uv": [13, 12], "uv_size": [1.5, 0.5]},
								"west": {"uv": [13, 13], "uv_size": [1.5, 0.5]},
								"down": {"uv": [2, 15.5], "uv_size": [0.5, -1.5]}
							}
						},
						{
							"origin": [-0.89954, 0.28436, -2.5086],
							"size": [0.11567, 0.23134, 0.92542],
							"pivot": [-0.89954, 0.51569, -3.04839],
							"rotation": [0, 0, -40],
							"uv": {
								"north": {"uv": [27, 24], "uv_size": [0.5, 0.5]},
								"east": {"uv": [18, 2], "uv_size": [1, 0.5]},
								"south": {"uv": [25, 27], "uv_size": [0.5, 0.5]}
							}
						}
					]
				},
				{
					"name": "bone",
					"parent": "scope_body",
					"pivot": [-0.35986, -0.33063, -13.73298],
					"cubes": [
						{
							"origin": [0.8161, -0.26258, -0.94],
							"size": [0.2956, 0.51408, 1.15668],
							"uv": {
								"north": {"uv": [37, 23], "uv_size": [0.5, 0.5]},
								"east": {"uv": [19, 9], "uv_size": [1, 0.5]},
								"west": {"uv": [10, 19], "uv_size": [1, 0.5]},
								"up": {"uv": [19, 10], "uv_size": [0.5, 1]},
								"down": {"uv": [11, 20], "uv_size": [0.5, -1]}
							}
						},
						{
							"origin": [0.88808, -0.26258, 0.06238],
							"size": [0.20811, 0.51408, 0.20901],
							"pivot": [1.03835, -0.00554, 0.22641],
							"rotation": [0, 45, 0],
							"uv": {
								"east": {"uv": [25, 37], "uv_size": [0.5, 0.5]},
								"south": {"uv": [37, 25], "uv_size": [0.5, 0.5]},
								"up": {"uv": [37, 26], "uv_size": [0.5, 0.5]},
								"down": {"uv": [27, 37.5], "uv_size": [0.5, -0.5]}
							}
						},
						{
							"origin": [0.39913, 0.14869, 0.04395],
							"size": [0.58322, 0.1336, 0.12938],
							"pivot": [0.93027, 0.23466, 0.13434],
							"rotation": [45, 0, -90],
							"uv": {
								"north": {"uv": [37, 33], "uv_size": [0.5, 0.5]},
								"east": {"uv": [34, 37], "uv_size": [0.5, 0.5]},
								"south": {"uv": [37, 34], "uv_size": [0.5, 0.5]},
								"west": {"uv": [35, 37], "uv_size": [0.5, 0.5]},
								"up": {"uv": [37, 35], "uv_size": [0.5, 0.5]},
								"down": {"uv": [36, 37.5], "uv_size": [0.5, -0.5]}
							}
						},
						{
							"origin": [0.86751, -0.23133, -1.09423],
							"size": [0.19279, 0.44705, 0.15422],
							"uv": {
								"north": {"uv": [2, 38], "uv_size": [0.5, 0.5]},
								"east": {"uv": [38, 2], "uv_size": [0.5, 0.5]},
								"west": {"uv": [38, 3], "uv_size": [0.5, 0.5]},
								"up": {"uv": [4, 38], "uv_size": [0.5, 0.5]},
								"down": {"uv": [38, 4.5], "uv_size": [0.5, -0.5]}
							}
						},
						{
							"origin": [0.98524, -0.19203, -1.40488],
							"size": [0.125, 0.36567, 0.15422],
							"inflate": -0.001,
							"pivot": [0.8532, -0.00919, -1.09643],
							"rotation": [0, -45, 0],
							"uv": {
								"west": {"uv": [38, 6], "uv_size": [0.5, 0.5]},
								"up": {"uv": [7, 38], "uv_size": [0.5, 0.5]},
								"down": {"uv": [38, 7.5], "uv_size": [0.5, -0.5]}
							}
						},
						{
							"origin": [0.52051, -0.19203, -1.68719],
							"size": [0.73257, 0.36567, 0.5544],
							"inflate": 0.001,
							"uv": {
								"west": {"uv": [38, 9], "uv_size": [0.5, 0.5]},
								"up": {"uv": [10, 38], "uv_size": [0.5, 0.5]},
								"down": {"uv": [38, 10.5], "uv_size": [0.5, -0.5]}
							}
						},
						{
							"origin": [1.31241, -0.19203, -1.70481],
							"size": [0.125, 0.36567, 0.15422],
							"inflate": -0.001,
							"pivot": [1.18037, -0.00919, -1.39637],
							"rotation": [0, 45, 0],
							"uv": {
								"west": {"uv": [38, 12], "uv_size": [0.5, 0.5]},
								"up": {"uv": [13, 38], "uv_size": [0.5, 0.5]},
								"down": {"uv": [38, 13.5], "uv_size": [0.5, -0.5]}
							}
						},
						{
							"origin": [0.62993, -0.19203, -1.79624],
							"size": [0.51408, 0.36567, 0.77287],
							"uv": {
								"north": {"uv": [14, 38], "uv_size": [0.5, 0.5]},
								"south": {"uv": [15, 38], "uv_size": [0.5, 0.5]},
								"up": {"uv": [16, 38], "uv_size": [0.5, 0.5]},
								"down": {"uv": [38, 16.5], "uv_size": [0.5, -0.5]}
							}
						},
						{
							"origin": [0.63485, 0.11497, -1.43655],
							"size": [0.51266, 0.125, 0.125],
							"pivot": [1.05045, 0.14746, -1.39757],
							"rotation": [45, 0, -90],
							"uv": {
								"north": {"uv": [17, 38], "uv_size": [0.5, 0.5]},
								"east": {"uv": [38, 17], "uv_size": [0.5, 0.5]},
								"south": {"uv": [18, 38], "uv_size": [0.5, 0.5]},
								"west": {"uv": [38, 18], "uv_size": [0.5, 0.5]},
								"up": {"uv": [19, 38], "uv_size": [0.5, 0.5]},
								"down": {"uv": [38, 19.5], "uv_size": [0.5, -0.5]}
							}
						},
						{
							"origin": [0.46418, 13.36172, -1.48085],
							"size": [0.44017, 0.35114, 0.14545],
							"inflate": 0.001,
							"pivot": [-5.92274, 6.59661, 0.01563],
							"rotation": [0, 0, 90],
							"uv": {
								"east": {"uv": [38, 32], "uv_size": [0.5, 0.5]},
								"west": {"uv": [38, 33], "uv_size": [0.5, 0.5]},
								"up": {"uv": [34, 38], "uv_size": [0.5, 0.5]},
								"down": {"uv": [38, 34.5], "uv_size": [0.5, -0.5]}
							}
						},
						{
							"origin": [6.88048, 6.04908, -1.4177],
							"size": [0.44017, 0.35114, 0.14545],
							"inflate": -0.001,
							"pivot": [0.56555, 6.52462, -2.28472],
							"rotation": [45, 0, 90],
							"uv": {
								"east": {"uv": [38, 29], "uv_size": [0.5, 0.5]},
								"west": {"uv": [38, 30], "uv_size": [0.5, 0.5]},
								"up": {"uv": [31, 38], "uv_size": [0.5, 0.5]},
								"down": {"uv": [38, 31.5], "uv_size": [0.5, -0.5]}
							}
						},
						{
							"origin": [0.46418, 13.46457, -1.5837],
							"size": [0.44017, 0.14545, 0.35114],
							"pivot": [-5.92274, 6.59661, 0.01563],
							"rotation": [0, 0, 90],
							"uv": {
								"north": {"uv": [26, 38], "uv_size": [0.5, 0.5]},
								"east": {"uv": [38, 26], "uv_size": [0.5, 0.5]},
								"south": {"uv": [27, 38], "uv_size": [0.5, 0.5]},
								"west": {"uv": [38, 27], "uv_size": [0.5, 0.5]}
							}
						},
						{
							"origin": [6.88048, 6.15193, -1.52055],
							"size": [0.44017, 0.14545, 0.35114],
							"inflate": -0.001,
							"pivot": [0.56555, 6.52462, -2.28472],
							"rotation": [45, 0, 90],
							"uv": {
								"north": {"uv": [23, 38], "uv_size": [0.5, 0.5]},
								"east": {"uv": [38, 23], "uv_size": [0.5, 0.5]},
								"south": {"uv": [24, 38], "uv_size": [0.5, 0.5]},
								"west": {"uv": [38, 24], "uv_size": [0.5, 0.5]}
							}
						}
					]
				},
				{
					"name": "bone2",
					"parent": "scope_body",
					"pivot": [0, 0, 0]
				},
				{
					"name": "bone4",
					"parent": "bone2",
					"pivot": [0, 0, 0],
					"cubes": [
						{
							"origin": [-1.97158, 5.18111, -0.79681],
							"size": [0.88175, 0.94755, 0.39249],
							"pivot": [-3.30121, 2.35367, 0],
							"rotation": [0, 0, 90],
							"uv": {
								"east": {"uv": [19, 6], "uv_size": [0.5, 1]},
								"up": {"uv": [19, 7], "uv_size": [1, 0.5]},
								"down": {"uv": [8, 19.5], "uv_size": [1, -0.5]}
							}
						},
						{
							"origin": [2.30289, -1.15082, 0.86171],
							"size": [0.88175, 0.94755, 0.39249],
							"inflate": -0.001,
							"pivot": [0, 3.32693, 5.06194],
							"rotation": [-45, 0, 90],
							"uv": {
								"east": {"uv": [19, 4], "uv_size": [0.5, 1]},
								"up": {"uv": [19, 5], "uv_size": [1, 0.5]},
								"down": {"uv": [6, 19.5], "uv_size": [1, -0.5]}
							}
						},
						{
							"origin": [-1.97158, 5.45865, -1.07434],
							"size": [0.88175, 0.39249, 0.94755],
							"inflate": 0.001,
							"pivot": [-3.30121, 2.35367, 0],
							"rotation": [0, 0, 90],
							"uv": {
								"north": {"uv": [19, 2], "uv_size": [1, 0.5]},
								"east": {"uv": [3, 19], "uv_size": [1, 0.5]},
								"south": {"uv": [19, 3], "uv_size": [1, 0.5]}
							}
						},
						{
							"origin": [2.30289, -0.8733, 0.58417],
							"size": [0.88175, 0.39249, 0.94755],
							"inflate": -0.001,
							"pivot": [0, 3.32693, 5.06194],
							"rotation": [-45, 0, 90],
							"uv": {
								"north": {"uv": [19, 0], "uv_size": [1, 0.5]},
								"east": {"uv": [1, 19], "uv_size": [1, 0.5]},
								"south": {"uv": [19, 1], "uv_size": [1, 0.5]}
							}
						},
						{
							"origin": [0.28937, 2.92482, -1.76064],
							"size": [0.15381, 0.15792, 0.06542],
							"inflate": 0.001,
							"pivot": [2.44928, 1.0784, 0],
							"rotation": [0, 0, -45],
							"uv": {
								"east": {"uv": [32, 26], "uv_size": [0.5, 0.5]},
								"west": {"uv": [32, 27], "uv_size": [0.5, 0.5]},
								"up": {"uv": [28, 32], "uv_size": [0.5, 0.5]},
								"down": {"uv": [32, 28.5], "uv_size": [0.5, -0.5]}
							}
						},
						{
							"origin": [-2.19262, -1.75345, 1.06412],
							"size": [0.15381, 0.15792, 0.06542],
							"inflate": -0.001,
							"pivot": [-0.18878, 3.49574, 3.93456],
							"rotation": [-45, 0, -45],
							"uv": {
								"east": {"uv": [32, 23], "uv_size": [0.5, 0.5]},
								"west": {"uv": [32, 24], "uv_size": [0.5, 0.5]},
								"up": {"uv": [25, 32], "uv_size": [0.5, 0.5]},
								"down": {"uv": [32, 25.5], "uv_size": [0.5, -0.5]}
							}
						},
						{
							"origin": [0.28937, 2.97107, -1.8069],
							"size": [0.15381, 0.06542, 0.15792],
							"inflate": -0.001,
							"pivot": [2.44928, 1.0784, 0],
							"rotation": [0, 0, -45],
							"uv": {
								"north": {"uv": [20, 32], "uv_size": [0.5, 0.5]},
								"east": {"uv": [32, 20], "uv_size": [0.5, 0.5]},
								"south": {"uv": [21, 32], "uv_size": [0.5, 0.5]},
								"west": {"uv": [32, 21], "uv_size": [0.5, 0.5]}
							}
						},
						{
							"origin": [-2.19262, -1.70719, 1.01787],
							"size": [0.15381, 0.06542, 0.15792],
							"pivot": [-0.18878, 3.49574, 3.93456],
							"rotation": [-45, 0, -45],
							"uv": {
								"north": {"uv": [17, 32], "uv_size": [0.5, 0.5]},
								"east": {"uv": [32, 17], "uv_size": [0.5, 0.5]},
								"south": {"uv": [18, 32], "uv_size": [0.5, 0.5]},
								"west": {"uv": [32, 18], "uv_size": [0.5, 0.5]}
							}
						},
						{
							"origin": [0.28937, 2.92482, -2.22332],
							"size": [0.15381, 0.15792, 0.06542],
							"inflate": 0.001,
							"pivot": [2.44928, 1.0784, 0],
							"rotation": [0, 0, -45],
							"uv": {
								"east": {"uv": [6, 33], "uv_size": [0.5, 0.5]},
								"west": {"uv": [7, 33], "uv_size": [0.5, 0.5]},
								"up": {"uv": [33, 7], "uv_size": [0.5, 0.5]},
								"down": {"uv": [8, 33.5], "uv_size": [0.5, -0.5]}
							}
						},
						{
							"origin": [-2.19262, -1.75345, 0.60145],
							"size": [0.15381, 0.15792, 0.06542],
							"inflate": -0.001,
							"pivot": [-0.18878, 3.49574, 3.47189],
							"rotation": [-45, 0, -45],
							"uv": {
								"east": {"uv": [3, 33], "uv_size": [0.5, 0.5]},
								"west": {"uv": [4, 33], "uv_size": [0.5, 0.5]},
								"up": {"uv": [33, 4], "uv_size": [0.5, 0.5]},
								"down": {"uv": [5, 33.5], "uv_size": [0.5, -0.5]}
							}
						},
						{
							"origin": [0.28937, 2.97107, -2.26957],
							"size": [0.15381, 0.06542, 0.15792],
							"pivot": [2.44928, 1.0784, 0],
							"rotation": [0, 0, -45],
							"uv": {
								"north": {"uv": [32, 32], "uv_size": [0.5, 0.5]},
								"east": {"uv": [0, 33], "uv_size": [0.5, 0.5]},
								"south": {"uv": [33, 0], "uv_size": [0.5, 0.5]},
								"west": {"uv": [1, 33], "uv_size": [0.5, 0.5]}
							}
						},
						{
							"origin": [-2.19262, -1.70719, 0.55519],
							"size": [0.15381, 0.06542, 0.15792],
							"inflate": -0.001,
							"pivot": [-0.18878, 3.49574, 3.47189],
							"rotation": [-45, 0, -45],
							"uv": {
								"north": {"uv": [29, 32], "uv_size": [0.5, 0.5]},
								"east": {"uv": [32, 29], "uv_size": [0.5, 0.5]},
								"south": {"uv": [30, 32], "uv_size": [0.5, 0.5]},
								"west": {"uv": [32, 30], "uv_size": [0.5, 0.5]}
							}
						},
						{
							"origin": [-0.44318, 2.92482, -1.76064],
							"size": [0.15381, 0.15792, 0.06542],
							"inflate": 0.001,
							"pivot": [-2.44928, 1.0784, 0],
							"rotation": [0, 0, 45],
							"uv": {
								"east": {"uv": [18, 33], "uv_size": [0.5, 0.5]},
								"west": {"uv": [19, 33], "uv_size": [0.5, 0.5]},
								"up": {"uv": [33, 19], "uv_size": [0.5, 0.5]},
								"down": {"uv": [20, 33.5], "uv_size": [0.5, -0.5]}
							}
						},
						{
							"origin": [2.03881, -1.75345, 1.06412],
							"size": [0.15381, 0.15792, 0.06542],
							"inflate": -0.001,
							"pivot": [0.18878, 3.49574, 3.93456],
							"rotation": [-45, 0, 45],
							"uv": {
								"east": {"uv": [15, 33], "uv_size": [0.5, 0.5]},
								"west": {"uv": [16, 33], "uv_size": [0.5, 0.5]},
								"up": {"uv": [33, 16], "uv_size": [0.5, 0.5]},
								"down": {"uv": [17, 33.5], "uv_size": [0.5, -0.5]}
							}
						},
						{
							"origin": [-0.44318, 2.97107, -1.8069],
							"size": [0.15381, 0.06542, 0.15792],
							"pivot": [-2.44928, 1.0784, 0],
							"rotation": [0, 0, 45],
							"uv": {
								"north": {"uv": [33, 11], "uv_size": [0.5, 0.5]},
								"east": {"uv": [12, 33], "uv_size": [0.5, 0.5]},
								"south": {"uv": [33, 12], "uv_size": [0.5, 0.5]},
								"west": {"uv": [13, 33], "uv_size": [0.5, 0.5]}
							}
						},
						{
							"origin": [2.03881, -1.70719, 1.01787],
							"size": [0.15381, 0.06542, 0.15792],
							"inflate": -0.001,
							"pivot": [0.18878, 3.49574, 3.93456],
							"rotation": [-45, 0, 45],
							"uv": {
								"north": {"uv": [33, 8], "uv_size": [0.5, 0.5]},
								"east": {"uv": [9, 33], "uv_size": [0.5, 0.5]},
								"south": {"uv": [33, 9], "uv_size": [0.5, 0.5]},
								"west": {"uv": [10, 33], "uv_size": [0.5, 0.5]}
							}
						},
						{
							"origin": [-0.44318, 2.92482, -2.22332],
							"size": [0.15381, 0.15792, 0.06542],
							"inflate": 0.001,
							"pivot": [-2.44928, 1.0784, 0],
							"rotation": [0, 0, 45],
							"uv": {
								"east": {"uv": [30, 33], "uv_size": [0.5, 0.5]},
								"west": {"uv": [31, 33], "uv_size": [0.5, 0.5]},
								"up": {"uv": [33, 31], "uv_size": [0.5, 0.5]},
								"down": {"uv": [32, 33.5], "uv_size": [0.5, -0.5]}
							}
						},
						{
							"origin": [2.03881, -1.75345, 0.60145],
							"size": [0.15381, 0.15792, 0.06542],
							"inflate": -0.001,
							"pivot": [0.18878, 3.49574, 3.47189],
							"rotation": [-45, 0, 45],
							"uv": {
								"east": {"uv": [27, 33], "uv_size": [0.5, 0.5]},
								"west": {"uv": [28, 33], "uv_size": [0.5, 0.5]},
								"up": {"uv": [33, 28], "uv_size": [0.5, 0.5]},
								"down": {"uv": [29, 33.5], "uv_size": [0.5, -0.5]}
							}
						},
						{
							"origin": [-0.44318, 2.97107, -2.26957],
							"size": [0.15381, 0.06542, 0.15792],
							"pivot": [-2.44928, 1.0784, 0],
							"rotation": [0, 0, 45],
							"uv": {
								"north": {"uv": [33, 23], "uv_size": [0.5, 0.5]},
								"east": {"uv": [24, 33], "uv_size": [0.5, 0.5]},
								"south": {"uv": [33, 24], "uv_size": [0.5, 0.5]},
								"west": {"uv": [25, 33], "uv_size": [0.5, 0.5]}
							}
						},
						{
							"origin": [2.03881, -1.70719, 0.55519],
							"size": [0.15381, 0.06542, 0.15792],
							"inflate": -0.001,
							"pivot": [0.18878, 3.49574, 3.47189],
							"rotation": [-45, 0, 45],
							"uv": {
								"north": {"uv": [33, 20], "uv_size": [0.5, 0.5]},
								"east": {"uv": [21, 33], "uv_size": [0.5, 0.5]},
								"south": {"uv": [33, 21], "uv_size": [0.5, 0.5]},
								"west": {"uv": [22, 33], "uv_size": [0.5, 0.5]}
							}
						},
						{
							"origin": [-0.2725, 0.67362, -0.8946],
							"size": [0.52905, 0.23549, 0.56853],
							"inflate": -0.001,
							"pivot": [-0.00798, 0.79137, -0.61033],
							"rotation": [-45, 0, -90],
							"uv": {
								"north": {"uv": [19, 0], "uv_size": [1, 0.5]},
								"south": {"uv": [19, 1], "uv_size": [1, 0.5]},
								"west": {"uv": [2, 19], "uv_size": [1, 0.5]}
							}
						},
						{
							"origin": [-0.2725, 0.50711, -0.72807],
							"size": [0.52905, 0.56853, 0.23549],
							"inflate": -0.001,
							"pivot": [-0.00798, 0.79137, -0.61033],
							"rotation": [-45, 0, -90],
							"uv": {
								"west": {"uv": [5, 19], "uv_size": [0.5, 1]},
								"up": {"uv": [19, 5], "uv_size": [1, 0.5]},
								"down": {"uv": [6, 19.5], "uv_size": [1, -0.5]}
							}
						},
						{
							"origin": [-0.2725, 0.5071, -0.72809],
							"size": [0.52905, 0.56853, 0.23549],
							"pivot": [-0.00798, 0.79137, -0.61033],
							"rotation": [0, 0, -90],
							"uv": {
								"west": {"uv": [7, 19], "uv_size": [0.5, 1]},
								"up": {"uv": [19, 7], "uv_size": [1, 0.5]},
								"down": {"uv": [8, 19.5], "uv_size": [1, -0.5]}
							}
						},
						{
							"origin": [-0.2725, 0.67363, -0.8946],
							"size": [0.52905, 0.23549, 0.56853],
							"inflate": 0.001,
							"pivot": [-0.00798, 0.79137, -0.61033],
							"rotation": [0, 0, -90],
							"uv": {
								"north": {"uv": [19, 2], "uv_size": [1, 0.5]},
								"south": {"uv": [19, 3], "uv_size": [1, 0.5]},
								"west": {"uv": [4, 19], "uv_size": [1, 0.5]}
							}
						}
					]
				},
				{
					"name": "bone5",
					"parent": "bone2",
					"pivot": [0.78398, 3.29011, 4.96087],
					"cubes": [
						{
							"origin": [-0.78397, 0.27646, -2.73224],
							"size": [1.56794, 0.46267, 2.38264],
							"uv": {
								"east": {"uv": [5, 4], "uv_size": [2.5, 0.5]},
								"west": {"uv": [5, 5], "uv_size": [2.5, 0.5]},
								"down": {"uv": [2, 2.5], "uv_size": [1.5, -2.5]}
							}
						},
						{
							"origin": [-0.59119, 0.31501, -2.55232],
							"size": [1.02816, 0.43697, 1.99207],
							"uv": {
								"north": {"uv": [18, 4], "uv_size": [1, 0.5]},
								"east": {"uv": [1, 11], "uv_size": [2, 0.5]},
								"south": {"uv": [5, 18], "uv_size": [1, 0.5]},
								"west": {"uv": [11, 1], "uv_size": [2, 0.5]},
								"up": {"uv": [5, 0], "uv_size": [1, 2]},
								"down": {"uv": [5, 4], "uv_size": [1, -2]}
							}
						},
						{
							"origin": [-0.07709, 0.72628, -1.69124],
							"size": [0.16706, 0.05141, 0.16708],
							"pivot": [0.01286, 0.54635, -1.6077],
							"rotation": [0, -45, 0],
							"uv": {
								"north": {"uv": [27, 25], "uv_size": [0.5, 0.5]},
								"east": {"uv": [26, 27], "uv_size": [0.5, 0.5]},
								"south": {"uv": [27, 26], "uv_size": [0.5, 0.5]},
								"west": {"uv": [27, 27], "uv_size": [0.5, 0.5]},
								"up": {"uv": [0, 28], "uv_size": [0.5, 0.5]}
							}
						},
						{
							"origin": [-0.07709, 0.72628, -2.16676],
							"size": [0.16706, 0.05141, 0.16707],
							"pivot": [0.01286, 0.54635, -2.08322],
							"rotation": [0, -45, 0],
							"uv": {
								"north": {"uv": [1, 28], "uv_size": [0.5, 0.5]},
								"east": {"uv": [28, 1], "uv_size": [0.5, 0.5]},
								"south": {"uv": [2, 28], "uv_size": [0.5, 0.5]},
								"west": {"uv": [28, 2], "uv_size": [0.5, 0.5]},
								"up": {"uv": [3, 28], "uv_size": [0.5, 0.5]}
							}
						},
						{
							"origin": [-0.78397, 0.73913, -1.41974],
							"size": [1.56794, 0.05141, 0.53819],
							"uv": {
								"north": {"uv": [14, 3], "uv_size": [1.5, 0.5]},
								"east": {"uv": [4, 28], "uv_size": [0.5, 0.5]},
								"west": {"uv": [28, 4], "uv_size": [0.5, 0.5]},
								"up": {"uv": [14, 5], "uv_size": [1.5, 0.5]}
							}
						},
						{
							"origin": [0.56549, 0.79053, -2.73224],
							"size": [0.21849, 0.20563, 1.49083],
							"uv": {
								"south": {"uv": [28, 5], "uv_size": [0.5, 0.5]},
								"up": {"uv": [3, 14], "uv_size": [0.5, 1.5]}
							}
						},
						{
							"origin": [0.2699, 0.79053, -2.73224],
							"size": [0.2956, 0.20563, 1.49083],
							"inflate": -0.001,
							"pivot": [0.56549, 0.99616, -1.36993],
							"rotation": [0, 0, -45],
							"uv": {
								"south": {"uv": [28, 12], "uv_size": [0.5, 0.5]},
								"up": {"uv": [14, 10], "uv_size": [0.5, 1.5]}
							}
						},
						{
							"origin": [-0.56549, 0.79053, -2.73224],
							"size": [0.2956, 0.20563, 1.49083],
							"inflate": -0.001,
							"pivot": [-0.56549, 0.99616, -1.36993],
							"rotation": [0, 0, 45],
							"uv": {
								"south": {"uv": [28, 13], "uv_size": [0.5, 0.5]},
								"up": {"uv": [0, 15], "uv_size": [0.5, 1.5]}
							}
						},
						{
							"origin": [-0.78397, 0.79053, -2.73224],
							"size": [0.21849, 0.20563, 1.49083],
							"uv": {
								"south": {"uv": [28, 14], "uv_size": [0.5, 0.5]},
								"up": {"uv": [5, 15], "uv_size": [0.5, 1.5]}
							}
						},
						{
							"origin": [-0.60202, 0.74379, -2.90365],
							"size": [0.32131, 0.23134, 0.37271],
							"inflate": -0.001,
							"pivot": [-0.51456, 0.83582, -2.7173],
							"rotation": [-35.26439, -30, 54.73561],
							"uv": {
								"north": {"uv": [15, 28], "uv_size": [0.5, 0.5]},
								"up": {"uv": [17, 28], "uv_size": [0.5, 0.5]}
							}
						},
						{
							"origin": [-0.70518, 0.76483, -2.91344],
							"size": [0.23134, 0.23134, 0.3727],
							"pivot": [-0.52435, 0.83962, -2.72708],
							"rotation": [0, -45, 0],
							"uv": {
								"north": {"uv": [18, 28], "uv_size": [0.5, 0.5]},
								"east": {"uv": [28, 18], "uv_size": [0.5, 0.5]},
								"up": {"uv": [20, 28], "uv_size": [0.5, 0.5]}
							}
						},
						{
							"origin": [0.28071, 0.74379, -2.90365],
							"size": [0.32131, 0.23134, 0.37271],
							"inflate": -0.001,
							"pivot": [0.51456, 0.83582, -2.7173],
							"rotation": [-35.26439, 30, -54.73561],
							"uv": {
								"north": {"uv": [15.5, 28], "uv_size": [-0.5, 0.5]},
								"up": {"uv": [17.5, 28], "uv_size": [-0.5, 0.5]}
							}
						},
						{
							"origin": [0.47384, 0.76483, -2.91344],
							"size": [0.23134, 0.23134, 0.3727],
							"pivot": [0.52435, 0.83962, -2.72708],
							"rotation": [0, 45, 0],
							"uv": {
								"north": {"uv": [20, 28.5], "uv_size": [0.5, -0.5]},
								"west": {"uv": [20, 28.5], "uv_size": [0.5, -0.5]},
								"up": {"uv": [20.5, 28], "uv_size": [-0.5, 0.5]}
							}
						},
						{
							"origin": [0.54815, 0.70355, -2.68975],
							"size": [0.30433, 0.23402, 0.93181],
							"pivot": [0.55688, 0.93489, -2.78072],
							"rotation": [-90, -45, 90],
							"uv": {
								"up": {"uv": [18, 6], "uv_size": [0.5, 1]}
							}
						},
						{
							"origin": [-0.68115, 0.67487, -2.75795],
							"size": [1.34945, 0.11567, 0.52693],
							"uv": {
								"south": {"uv": [8, 18], "uv_size": [1, 0.5]},
								"up": {"uv": [18, 8], "uv_size": [1, 0.5]}
							}
						},
						{
							"origin": [0.15422, 0.67487, -2.4238],
							"size": [0.12852, 0.11567, 0.28274],
							"inflate": -0.001,
							"pivot": [0.28274, 0.79053, -2.24387],
							"rotation": [0, 52, 0],
							"uv": {
								"east": {"uv": [28, 23], "uv_size": [0.5, 0.5]},
								"up": {"uv": [25, 28], "uv_size": [0.5, 0.5]}
							}
						},
						{
							"origin": [-0.28274, 0.67487, -2.4238],
							"size": [0.12852, 0.11567, 0.28274],
							"inflate": -0.001,
							"pivot": [-0.28274, 0.79053, -2.24387],
							"rotation": [0, -52, 0],
							"uv": {
								"west": {"uv": [28, 27], "uv_size": [0.5, 0.5]},
								"up": {"uv": [28, 28], "uv_size": [0.5, 0.5]}
							}
						},
						{
							"origin": [-0.28274, 0.67487, -1.51131],
							"size": [0.12852, 0.11567, 0.25],
							"inflate": -0.001,
							"pivot": [-0.28274, 0.79053, -1.40848],
							"rotation": [0, 52, 0],
							"uv": {
								"west": {"uv": [2, 29], "uv_size": [0.5, 0.5]},
								"up": {"uv": [29, 2], "uv_size": [0.5, 0.5]}
							}
						},
						{
							"origin": [0.15422, 0.67487, -1.51131],
							"size": [0.12852, 0.11567, 0.25],
							"inflate": -0.001,
							"pivot": [0.28274, 0.79053, -1.40848],
							"rotation": [0, -52, 0],
							"uv": {
								"east": {"uv": [4, 29], "uv_size": [0.5, 0.5]},
								"up": {"uv": [29, 5], "uv_size": [0.5, 0.5]}
							}
						},
						{
							"origin": [0.28274, 0.52646, -2.23102],
							"size": [0.38556, 0.26408, 0.81128],
							"uv": {
								"east": {"uv": [18, 9], "uv_size": [1, 0.5]},
								"up": {"uv": [11, 18], "uv_size": [0.5, 1]}
							}
						},
						{
							"origin": [-0.68115, 0.52646, -2.23102],
							"size": [0.39841, 0.26408, 0.81128],
							"uv": {
								"west": {"uv": [18, 13], "uv_size": [1, 0.5]},
								"up": {"uv": [14, 18], "uv_size": [0.5, 1]}
							}
						},
						{
							"origin": [-0.78397, 0.27646, -3.18206],
							"size": [0.23134, 0.6665, 0.44981],
							"inflate": 0.001,
							"pivot": [-0.78397, 0.28931, -2.73224],
							"rotation": [0, -45, 0],
							"uv": {
								"east": {"uv": [15, 29], "uv_size": [0.5, 0.5]},
								"up": {"uv": [29, 16], "uv_size": [0.5, 0.5]},
								"down": {"uv": [17, 29.5], "uv_size": [0.5, -0.5]}
							}
						},
						{
							"origin": [-0.4659, 0.27646, -3.98212],
							"size": [0.26531, 0.6665, 0.93181],
							"pivot": [-0.4659, 0.28931, -3.05031],
							"rotation": [0, -90, 0],
							"uv": {
								"east": {"uv": [15, 18], "uv_size": [1, 0.5]},
								"up": {"uv": [16, 18], "uv_size": [0.5, 1]},
								"down": {"uv": [18, 17], "uv_size": [0.5, -1]}
							}
						},
						{
							"origin": [-0.20059, 0.27646, -3.98212],
							"size": [0.25, 0.29559, 0.93181],
							"pivot": [-0.4659, 0.28931, -3.05031],
							"rotation": [0, -90, 0],
							"uv": {
								"north": {"uv": [29, 18], "uv_size": [0.5, 0.5]},
								"east": {"uv": [17, 18], "uv_size": [1, 0.5]},
								"south": {"uv": [19, 29], "uv_size": [0.5, 0.5]},
								"west": {"uv": [18, 17], "uv_size": [1, 0.5]},
								"up": {"uv": [18, 18], "uv_size": [0.5, 1]},
								"down": {"uv": [0, 20], "uv_size": [0.5, -1]}
							}
						},
						{
							"origin": [0.55263, 0.27646, -3.18206],
							"size": [0.23135, 0.6665, 0.44981],
							"inflate": 0.001,
							"pivot": [0.78398, 0.28931, -2.73224],
							"rotation": [0, 45, 0],
							"uv": {
								"west": {"uv": [21, 29], "uv_size": [0.5, 0.5]},
								"up": {"uv": [29, 21], "uv_size": [0.5, 0.5]},
								"down": {"uv": [22, 29.5], "uv_size": [0.5, -0.5]}
							}
						},
						{
							"origin": [0.15572, 0.27646, 0.05361],
							"size": [0.51236, 0.40017, 0.37809],
							"pivot": [0.72121, 0.73912, 0.23891],
							"rotation": [0, -35, 0],
							"uv": {
								"west": {"uv": [27, 29], "uv_size": [0.5, 0.5]},
								"up": {"uv": [29, 27], "uv_size": [0.5, 0.5]}
							}
						},
						{
							"origin": [-0.04482, 0.27646, 0.41501],
							"size": [0.60553, 0.40017, 0.36164],
							"pivot": [0.61064, 0.73912, 0.39683],
							"rotation": [0, -55, 0],
							"uv": {
								"west": {"uv": [30, 0], "uv_size": [0.5, 0.5]}
							}
						},
						{
							"origin": [0.33018, 0.67663, 0.41501],
							"size": [0.23384, 0.11584, 0.35837],
							"inflate": 0.001,
							"pivot": [0.61064, 0.73912, 0.39683],
							"rotation": [0, -55, 0],
							"uv": {
								"north": {"uv": [29, 28], "uv_size": [0.5, 0.5]},
								"west": {"uv": [30, 0], "uv_size": [0.5, 0.5]},
								"up": {"uv": [1, 30], "uv_size": [0.5, 0.5]}
							}
						},
						{
							"origin": [-0.40131, 0.27646, 0.02554],
							"size": [0.67493, 0.46267, 0.54737],
							"pivot": [0, 0.5078, 0.30017],
							"rotation": [0, -90, -180],
							"uv": {
								"west": {"uv": [30, 18], "uv_size": [0.5, 0.5]},
								"down": {"uv": [30, 19.5], "uv_size": [0.5, -0.5]}
							}
						},
						{
							"origin": [0.03532, 0.73605, 0.57462],
							"size": [0.24152, 0.05742, 0.55065],
							"pivot": [0.27545, 0.79246, 0.57462],
							"rotation": [0, -90, 0],
							"uv": {
								"east": {"uv": [30, 17], "uv_size": [0.5, 0.5]},
								"west": {"uv": [30, 18], "uv_size": [0.5, 0.5]},
								"up": {"uv": [19, 30], "uv_size": [0.5, 0.5]}
							}
						},
						{
							"origin": [-0.78397, 0.73813, -0.70263],
							"size": [1.56894, 0.22048, 0.19477],
							"uv": {
								"east": {"uv": [20, 30], "uv_size": [0.5, 0.5]},
								"west": {"uv": [30, 20], "uv_size": [0.5, 0.5]},
								"up": {"uv": [12, 15], "uv_size": [1.5, 0.5]}
							}
						},
						{
							"origin": [-0.78397, 0.77011, -0.50886],
							"size": [1.56794, 0.1875, 0.3125],
							"inflate": -0.001,
							"pivot": [0.78397, 0.95761, -0.50886],
							"rotation": [-40, 0, 0],
							"uv": {
								"east": {"uv": [23, 30], "uv_size": [0.5, 0.5]},
								"west": {"uv": [30, 23], "uv_size": [0.5, 0.5]},
								"up": {"uv": [16, 7], "uv_size": [1.5, 0.5]}
							}
						},
						{
							"origin": [-0.78397, 0.27646, -0.3496],
							"size": [1.56794, 0.51489, 0.23099],
							"uv": {
								"east": {"uv": [24, 30], "uv_size": [0.5, 0.5]},
								"west": {"uv": [30, 24], "uv_size": [0.5, 0.5]},
								"up": {"uv": [12, 16], "uv_size": [1.5, 0.5]}
							}
						},
						{
							"origin": [0.01336, 0.32856, -0.03521],
							"size": [0.32064, 0.46291, 0.23607],
							"inflate": 0.001,
							"pivot": [0.32323, 0.79135, 0.06966],
							"rotation": [0, 90, 0],
							"uv": {
								"north": {"uv": [31, 0], "uv_size": [0.5, 0.5]},
								"south": {"uv": [31, 1], "uv_size": [0.5, 0.5]},
								"up": {"uv": [31, 2], "uv_size": [0.5, 0.5]}
							}
						},
						{
							"origin": [-0.334, 0.32856, -0.03521],
							"size": [0.32064, 0.46291, 0.23607],
							"inflate": 0.001,
							"pivot": [-0.32323, 0.79135, 0.06966],
							"rotation": [0, -90, 0],
							"uv": {
								"north": {"uv": [31.5, 0], "uv_size": [-0.5, 0.5]},
								"south": {"uv": [31.5, 1], "uv_size": [-0.5, 0.5]},
								"up": {"uv": [31.5, 2], "uv_size": [-0.5, 0.5]}
							}
						},
						{
							"origin": [-0.78297, 0.27746, -0.11761],
							"size": [0.5646, 0.51401, 0.1745],
							"inflate": 0.001,
							"uv": {
								"east": {"uv": [7, 31], "uv_size": [0.5, 0.5]},
								"south": {"uv": [31, 7], "uv_size": [0.5, 0.5]},
								"up": {"uv": [31, 8], "uv_size": [0.5, 0.5]}
							}
						},
						{
							"origin": [0.21836, 0.27746, -0.11761],
							"size": [0.5646, 0.51401, 0.1745],
							"inflate": 0.001,
							"uv": {
								"south": {"uv": [31.5, 7], "uv_size": [-0.5, 0.5]},
								"west": {"uv": [7.5, 31], "uv_size": [-0.5, 0.5]},
								"up": {"uv": [31.5, 8], "uv_size": [-0.5, 0.5]}
							}
						},
						{
							"origin": [0.06607, 0.32856, 0.22376],
							"size": [0.15446, 0.46291, 0.13132],
							"pivot": [0.22042, 0.79135, 0.22388],
							"rotation": [0, 49.5, 0],
							"uv": {
								"north": {"uv": [31, 12], "uv_size": [0.5, 0.5]},
								"east": {"uv": [13, 31], "uv_size": [0.5, 0.5]},
								"south": {"uv": [31, 13], "uv_size": [0.5, 0.5]},
								"west": {"uv": [14, 31], "uv_size": [0.5, 0.5]},
								"up": {"uv": [31, 14], "uv_size": [0.5, 0.5]},
								"down": {"uv": [15, 31.5], "uv_size": [0.5, -0.5]}
							}
						},
						{
							"origin": [-0.22054, 0.32856, 0.22376],
							"size": [0.15446, 0.46291, 0.13132],
							"pivot": [-0.22042, 0.79135, 0.22388],
							"rotation": [0, -49.5, 0],
							"uv": {
								"north": {"uv": [31, 15], "uv_size": [0.5, 0.5]},
								"east": {"uv": [16, 31], "uv_size": [0.5, 0.5]},
								"south": {"uv": [31, 16], "uv_size": [0.5, 0.5]},
								"west": {"uv": [17, 31], "uv_size": [0.5, 0.5]},
								"up": {"uv": [31, 17], "uv_size": [0.5, 0.5]},
								"down": {"uv": [18, 31.5], "uv_size": [0.5, -0.5]}
							}
						},
						{
							"origin": [0.21983, 0.32856, -0.10163],
							"size": [0.15446, 0.46291, 0.10009],
							"pivot": [0.21995, 0.79135, -0.13276],
							"rotation": [0, -49.5, 0],
							"uv": {
								"south": {"uv": [31, 19], "uv_size": [0.5, 0.5]},
								"up": {"uv": [31, 20], "uv_size": [0.5, 0.5]}
							}
						},
						{
							"origin": [-0.37429, 0.32856, -0.09529],
							"size": [0.15446, 0.46291, 0.09375],
							"pivot": [-0.21995, 0.79135, -0.13276],
							"rotation": [0, 49.5, 0],
							"uv": {
								"south": {"uv": [31, 22], "uv_size": [0.5, 0.5]},
								"up": {"uv": [31, 23], "uv_size": [0.5, 0.5]}
							}
						},
						{
							"origin": [-0.21737, 0.32868, -0.11861],
							"size": [0.43473, 0.46379, 0.07098],
							"uv": {
								"south": {"uv": [31, 25], "uv_size": [0.5, 0.5]},
								"up": {"uv": [31, 26], "uv_size": [0.5, 0.5]}
							}
						},
						{
							"origin": [-0.78397, 0.77011, -1.01413],
							"size": [1.56794, 0.1875, 0.3125],
							"inflate": -0.001,
							"pivot": [0.78397, 0.95761, -0.70163],
							"rotation": [40, 0, 0],
							"uv": {
								"east": {"uv": [2, 32], "uv_size": [0.5, 0.5]},
								"west": {"uv": [32, 2], "uv_size": [0.5, 0.5]},
								"up": {"uv": [16, 16], "uv_size": [1.5, 0.5]}
							}
						},
						{
							"origin": [-0.56402, 0.67663, 0.41501],
							"size": [0.23384, 0.11584, 0.35837],
							"inflate": 0.001,
							"pivot": [-0.61064, 0.73912, 0.39683],
							"rotation": [0, 55, 0],
							"uv": {
								"north": {"uv": [29.5, 28], "uv_size": [-0.5, 0.5]},
								"east": {"uv": [30.5, 0], "uv_size": [-0.5, 0.5]},
								"up": {"uv": [1.5, 30], "uv_size": [-0.5, 0.5]}
							}
						},
						{
							"origin": [-0.56071, 0.27646, 0.41501],
							"size": [0.60553, 0.40017, 0.36164],
							"pivot": [-0.61064, 0.73912, 0.39683],
							"rotation": [0, 55, 0],
							"uv": {
								"east": {"uv": [30.5, 0], "uv_size": [-0.5, 0.5]}
							}
						},
						{
							"origin": [-0.66808, 0.27646, 0.05361],
							"size": [0.51236, 0.40017, 0.37809],
							"pivot": [-0.72121, 0.73912, 0.23891],
							"rotation": [0, 35, 0],
							"uv": {
								"east": {"uv": [27.5, 29], "uv_size": [-0.5, 0.5]},
								"up": {"uv": [29.5, 27], "uv_size": [-0.5, 0.5]}
							}
						}
					]
				},
				{
					"name": "octagon2",
					"parent": "bone5",
					"pivot": [0.61515, 2.81459, 4.75524],
					"rotation": [-22.5, 0, 0],
					"cubes": [
						{
							"origin": [0.42869, -3.17272, 4.74324],
							"size": [0.43453, 0.19342, 0.46695],
							"pivot": [0.84862, 3.04807, 4.98872],
							"rotation": [-45, 0, 0],
							"uv": {
								"north": {"uv": [5.5, 32], "uv_size": [-0.5, 0.5]},
								"south": {"uv": [6.5, 32], "uv_size": [-0.5, 0.5]},
								"west": {"uv": [32.5, 5], "uv_size": [-0.5, 0.5]}
							}
						},
						{
							"origin": [0.42869, -1.37055, 0.41638],
							"size": [0.43453, 0.19342, 0.46695],
							"uv": {
								"north": {"uv": [8.5, 32], "uv_size": [-0.5, 0.5]},
								"south": {"uv": [9.5, 32], "uv_size": [-0.5, 0.5]},
								"west": {"uv": [32.5, 8], "uv_size": [-0.5, 0.5]}
							}
						},
						{
							"origin": [0.42869, -3.30949, 4.88001],
							"size": [0.43453, 0.46695, 0.19342],
							"pivot": [0.84862, 3.04807, 4.98872],
							"rotation": [-45, 0, 0],
							"uv": {
								"west": {"uv": [32.5, 11], "uv_size": [-0.5, 0.5]},
								"up": {"uv": [13.5, 32], "uv_size": [-0.5, 0.5]},
								"down": {"uv": [32.5, 13.5], "uv_size": [-0.5, -0.5]}
							}
						},
						{
							"origin": [0.42869, -1.50731, 0.55315],
							"size": [0.43453, 0.46695, 0.19342],
							"uv": {
								"west": {"uv": [32.5, 14], "uv_size": [-0.5, 0.5]},
								"up": {"uv": [16.5, 32], "uv_size": [-0.5, 0.5]},
								"down": {"uv": [32.5, 16.5], "uv_size": [-0.5, -0.5]}
							}
						}
					]
				},
				{
					"name": "octagon5",
					"parent": "bone5",
					"pivot": [-0.61515, 2.81459, 4.75524],
					"rotation": [-22.5, 0, 0],
					"cubes": [
						{
							"origin": [-0.86322, -3.17272, 4.74324],
							"size": [0.43453, 0.19342, 0.46695],
							"pivot": [-0.84862, 3.04807, 4.98872],
							"rotation": [-45, 0, 0],
							"uv": {
								"north": {"uv": [5, 32], "uv_size": [0.5, 0.5]},
								"east": {"uv": [32, 5], "uv_size": [0.5, 0.5]},
								"south": {"uv": [6, 32], "uv_size": [0.5, 0.5]}
							}
						},
						{
							"origin": [-0.86322, -1.37055, 0.41638],
							"size": [0.43453, 0.19342, 0.46695],
							"uv": {
								"north": {"uv": [8, 32], "uv_size": [0.5, 0.5]},
								"east": {"uv": [32, 8], "uv_size": [0.5, 0.5]},
								"south": {"uv": [9, 32], "uv_size": [0.5, 0.5]}
							}
						},
						{
							"origin": [-0.86322, -3.30949, 4.88001],
							"size": [0.43453, 0.46695, 0.19342],
							"pivot": [-0.84862, 3.04807, 4.98872],
							"rotation": [-45, 0, 0],
							"uv": {
								"east": {"uv": [32, 11], "uv_size": [0.5, 0.5]},
								"up": {"uv": [13, 32], "uv_size": [0.5, 0.5]},
								"down": {"uv": [32, 13.5], "uv_size": [0.5, -0.5]}
							}
						},
						{
							"origin": [-0.86322, -1.50731, 0.55315],
							"size": [0.43453, 0.46695, 0.19342],
							"uv": {
								"east": {"uv": [32, 14], "uv_size": [0.5, 0.5]},
								"up": {"uv": [16, 32], "uv_size": [0.5, 0.5]},
								"down": {"uv": [32, 16.5], "uv_size": [0.5, -0.5]}
							}
						}
					]
				},
				{
					"name": "bone3",
					"parent": "scope_body",
					"pivot": [0, -0.46267, 0],
					"cubes": [
						{
							"origin": [-0.78397, 0.14794, -2.73225],
							"size": [1.56794, 0.12852, 2.78888],
							"uv": {
								"north": {"uv": [12, 17], "uv_size": [1.5, 0.5]},
								"east": {"uv": [12, 17], "uv_size": [1.5, 0.5]},
								"west": {"uv": [12, 17], "uv_size": [1.5, 0.5]},
								"down": {"uv": [13.5, 17.5], "uv_size": [-1.5, -0.5]}
							}
						},
						{
							"origin": [0.56549, -0.49466, -2.73225],
							"size": [0.21848, 0.6426, 0.375],
							"inflate": -0.001,
							"pivot": [0.78398, 0.14794, -2.73225],
							"rotation": [46, 0, 0],
							"uv": {
								"north": {"uv": [13, 36], "uv_size": [0.5, 0.5]},
								"east": {"uv": [36, 13], "uv_size": [0.5, 0.5]},
								"west": {"uv": [36, 14], "uv_size": [0.5, 0.5]}
							}
						},
						{
							"origin": [-0.78397, -0.49466, -2.73225],
							"size": [0.21848, 0.6426, 0.375],
							"inflate": -0.001,
							"pivot": [-0.78397, 0.14794, -2.73225],
							"rotation": [46, 0, 0],
							"uv": {
								"north": {"uv": [16, 36], "uv_size": [0.5, 0.5]},
								"east": {"uv": [36, 16], "uv_size": [0.5, 0.5]},
								"west": {"uv": [36, 17], "uv_size": [0.5, 0.5]}
							}
						},
						{
							"origin": [0.56549, -0.29845, -2.27],
							"size": [0.21848, 0.44982, 2.32621],
							"uv": {
								"west": {"uv": [11, 11], "uv_size": [2, 0.5]},
								"down": {"uv": [2, 14], "uv_size": [0.5, -2]}
							}
						},
						{
							"origin": [0.29736, -0.09092, -2.27],
							"size": [0.28412, 0.10268, 2.63622],
							"inflate": -0.001,
							"pivot": [0.41303, 0.07426, 0.39683],
							"rotation": [0, 0, 45],
							"uv": {
								"north": {"uv": [28, 36], "uv_size": [0.5, 0.5]},
								"south": {"uv": [36, 28], "uv_size": [0.5, 0.5]},
								"down": {"uv": [4, 8.5], "uv_size": [0.5, -2.5]}
							}
						},
						{
							"origin": [-0.38908, -0.01079, -2.27],
							"size": [0.77816, 0.1604, 2.63622],
							"uv": {
								"north": {"uv": [19, 8], "uv_size": [1, 0.5]},
								"south": {"uv": [9, 19], "uv_size": [1, 0.5]},
								"down": {"uv": [4, 5.5], "uv_size": [1, -2.5]}
							}
						},
						{
							"origin": [0.38908, -0.29845, -2.27],
							"size": [0.17782, 0.44806, 2.63622],
							"uv": {
								"north": {"uv": [29, 36], "uv_size": [0.5, 0.5]},
								"east": {"uv": [0, 7], "uv_size": [2.5, 0.5]},
								"south": {"uv": [36, 29], "uv_size": [0.5, 0.5]},
								"down": {"uv": [1, 10.5], "uv_size": [0.5, -2.5]}
							}
						},
						{
							"origin": [-0.58148, -0.09092, -2.27],
							"size": [0.28412, 0.10268, 2.63622],
							"inflate": -0.001,
							"pivot": [-0.41303, 0.07426, 0.39683],
							"rotation": [0, 0, -45],
							"uv": {
								"north": {"uv": [28.5, 36], "uv_size": [-0.5, 0.5]},
								"south": {"uv": [36.5, 28], "uv_size": [-0.5, 0.5]},
								"down": {"uv": [4.5, 8.5], "uv_size": [-0.5, -2.5]}
							}
						},
						{
							"origin": [-0.56071, 0.04856, 0.41477],
							"size": [0.50305, 0.2279, 0.36189],
							"pivot": [-0.61064, 0.30217, 0.39683],
							"rotation": [0, 55, 0],
							"uv": {
								"east": {"uv": [4.5, 37], "uv_size": [-0.5, 0.5]},
								"down": {"uv": [5.5, 37.5], "uv_size": [-0.5, -0.5]}
							}
						},
						{
							"origin": [-0.66783, -0.29845, 0.05325],
							"size": [0.18753, 0.57491, 0.37845],
							"inflate": -0.001,
							"pivot": [-0.72121, 0.30217, 0.23891],
							"rotation": [0, 35, 0],
							"uv": {
								"east": {"uv": [1.5, 37], "uv_size": [-0.5, 0.5]},
								"down": {"uv": [2.5, 37.5], "uv_size": [-0.5, -0.5]}
							}
						},
						{
							"origin": [-0.5669, -0.29845, -2.27],
							"size": [0.17782, 0.44806, 2.63622],
							"uv": {
								"north": {"uv": [29.5, 36], "uv_size": [-0.5, 0.5]},
								"south": {"uv": [36.5, 29], "uv_size": [-0.5, 0.5]},
								"west": {"uv": [2.5, 7], "uv_size": [-2.5, 0.5]},
								"down": {"uv": [1.5, 10.5], "uv_size": [-0.5, -2.5]}
							}
						},
						{
							"origin": [-0.78397, -0.29845, -2.27],
							"size": [0.21848, 0.44639, 2.32663],
							"uv": {
								"east": {"uv": [7, 12], "uv_size": [2, 0.5]},
								"down": {"uv": [10, 14], "uv_size": [0.5, -2]}
							}
						},
						{
							"origin": [0.4803, -0.29845, 0.05325],
							"size": [0.18753, 0.57491, 0.37845],
							"inflate": -0.001,
							"pivot": [0.72121, 0.30217, 0.23891],
							"rotation": [0, -35, 0],
							"uv": {
								"west": {"uv": [1, 37], "uv_size": [0.5, 0.5]},
								"down": {"uv": [2, 37.5], "uv_size": [0.5, -0.5]}
							}
						},
						{
							"origin": [0.05766, 0.04856, 0.41477],
							"size": [0.50305, 0.2279, 0.36189],
							"pivot": [0.61064, 0.30217, 0.39683],
							"rotation": [0, -55, 0],
							"uv": {
								"west": {"uv": [4, 37], "uv_size": [0.5, 0.5]},
								"down": {"uv": [5, 37.5], "uv_size": [0.5, -0.5]}
							}
						},
						{
							"origin": [-0.28031, 0.04856, 0.57838],
							"size": [0.55036, 0.2279, 0.5436],
							"pivot": [0.27275, 0.30217, 0.57649],
							"rotation": [0, -90, 0],
							"uv": {
								"west": {"uv": [10, 37], "uv_size": [0.5, 0.5]},
								"down": {"uv": [11, 37.5], "uv_size": [0.5, -0.5]}
							}
						}
					]
				},
				{
					"name": "bone6",
					"parent": "scope_body",
					"pivot": [0, 0, 0],
					"cubes": [
						{
							"origin": [-0.70469, 1.69678, -2.60372],
							"size": [0.10272, 0.1106, 0.06427],
							"inflate": 0.001,
							"pivot": [-0.56179, 1.67508, -2.57159],
							"rotation": [0, 0, 41.5],
							"uv": {
								"north": {"uv": [26.5, 34], "uv_size": [-0.5, 0.5]},
								"south": {"uv": [27.5, 34], "uv_size": [-0.5, 0.5]},
								"west": {"uv": [34.5, 26], "uv_size": [-0.5, 0.5]}
							}
						},
						{
							"origin": [-0.7554, 1.69794, -2.60372],
							"size": [0.0872, 0.20563, 0.06427],
							"pivot": [-0.56179, 1.67508, -2.57159],
							"rotation": [0, 0, 77.5],
							"uv": {
								"north": {"uv": [32.5, 34], "uv_size": [-0.5, 0.5]},
								"south": {"uv": [33.5, 34], "uv_size": [-0.5, 0.5]},
								"west": {"uv": [34.5, 32], "uv_size": [-0.5, 0.5]},
								"up": {"uv": [34.5, 34], "uv_size": [-0.5, 0.5]}
							}
						},
						{
							"origin": [-0.72993, 0.98332, -2.60372],
							"size": [0.10018, 0.2293, 0.06427],
							"inflate": 0.001,
							"uv": {
								"north": {"uv": [33.5, 32], "uv_size": [-0.5, 0.5]},
								"south": {"uv": [0.5, 34], "uv_size": [-0.5, 0.5]},
								"west": {"uv": [33.5, 33], "uv_size": [-0.5, 0.5]}
							}
						},
						{
							"origin": [-0.66813, 1.19463, -2.60372],
							"size": [0.10004, 0.57835, 0.06427],
							"pivot": [-0.56179, 1.67508, -2.57159],
							"rotation": [0, 0, 7.5],
							"uv": {
								"north": {"uv": [23.5, 34], "uv_size": [-0.5, 0.5]},
								"south": {"uv": [24.5, 34], "uv_size": [-0.5, 0.5]},
								"west": {"uv": [34.5, 23], "uv_size": [-0.5, 0.5]}
							}
						},
						{
							"origin": [-0.75826, 0.98332, -2.7194],
							"size": [0.10282, 0.23134, 0.29561],
							"inflate": 0.001,
							"uv": {
								"north": {"uv": [35, 9], "uv_size": [0.5, 0.5]},
								"east": {"uv": [10, 35], "uv_size": [0.5, 0.5]},
								"south": {"uv": [35, 10], "uv_size": [0.5, 0.5]},
								"west": {"uv": [11, 35], "uv_size": [0.5, 0.5]}
							}
						},
						{
							"origin": [-0.75826, 1.21465, -2.7194],
							"size": [0.10282, 0.59119, 0.29561],
							"pivot": [-0.75826, 1.21465, -2.24387],
							"rotation": [0, 0, 7.5],
							"uv": {
								"north": {"uv": [35, 27], "uv_size": [0.5, 0.5]},
								"east": {"uv": [28, 35], "uv_size": [0.5, 0.5]},
								"south": {"uv": [35, 28], "uv_size": [0.5, 0.5]},
								"west": {"uv": [29, 35], "uv_size": [0.5, 0.5]}
							}
						},
						{
							"origin": [-0.41934, 1.94898, -2.7194],
							"size": [0.06424, 0.06425, 0.29561],
							"inflate": 0.001,
							"pivot": [-0.41627, 1.94225, -2.4238],
							"rotation": [0, 0, 123],
							"uv": {
								"north": {"uv": [1, 36], "uv_size": [0.5, 0.5]},
								"east": {"uv": [36, 1], "uv_size": [0.5, 0.5]},
								"south": {"uv": [2, 36], "uv_size": [0.5, 0.5]},
								"up": {"uv": [3, 36], "uv_size": [0.5, 0.5]}
							}
						},
						{
							"origin": [-0.59678, 1.89778, -2.7194],
							"size": [0.08997, 0.19279, 0.29561],
							"pivot": [-0.59678, 1.89778, -2.24387],
							"rotation": [0, 0, 77],
							"uv": {
								"north": {"uv": [7, 36], "uv_size": [0.5, 0.5]},
								"east": {"uv": [36, 7], "uv_size": [0.5, 0.5]},
								"south": {"uv": [8, 36], "uv_size": [0.5, 0.5]},
								"west": {"uv": [36, 8], "uv_size": [0.5, 0.5]}
							}
						},
						{
							"origin": [-0.68111, 1.80078, -2.7194],
							"size": [0.10282, 0.12852, 0.29561],
							"inflate": 0.001,
							"pivot": [-0.68111, 1.80078, -2.24387],
							"rotation": [0, 0, 41],
							"uv": {
								"north": {"uv": [10, 36], "uv_size": [0.5, 0.5]},
								"east": {"uv": [36, 10], "uv_size": [0.5, 0.5]},
								"south": {"uv": [11, 36], "uv_size": [0.5, 0.5]},
								"west": {"uv": [36, 11], "uv_size": [0.5, 0.5]}
							}
						},
						{
							"origin": [0.50681, 1.89778, -2.7194],
							"size": [0.08997, 0.19279, 0.29561],
							"pivot": [0.59678, 1.89778, -2.24387],
							"rotation": [0, 0, -77],
							"uv": {
								"north": {"uv": [7.5, 36], "uv_size": [-0.5, 0.5]},
								"east": {"uv": [36.5, 8], "uv_size": [-0.5, 0.5]},
								"south": {"uv": [8.5, 36], "uv_size": [-0.5, 0.5]},
								"west": {"uv": [36.5, 7], "uv_size": [-0.5, 0.5]}
							}
						},
						{
							"origin": [0.3551, 1.94898, -2.7194],
							"size": [0.06424, 0.06425, 0.29561],
							"inflate": 0.001,
							"pivot": [0.41627, 1.94225, -2.4238],
							"rotation": [0, 0, -123],
							"uv": {
								"north": {"uv": [1.5, 36], "uv_size": [-0.5, 0.5]},
								"south": {"uv": [2.5, 36], "uv_size": [-0.5, 0.5]},
								"west": {"uv": [36.5, 1], "uv_size": [-0.5, 0.5]},
								"up": {"uv": [3.5, 36], "uv_size": [-0.5, 0.5]}
							}
						},
						{
							"origin": [0.65544, 1.21465, -2.7194],
							"size": [0.10282, 0.59119, 0.29561],
							"pivot": [0.75826, 1.21465, -2.24387],
							"rotation": [0, 0, -7.5],
							"uv": {
								"north": {"uv": [35.5, 27], "uv_size": [-0.5, 0.5]},
								"east": {"uv": [29.5, 35], "uv_size": [-0.5, 0.5]},
								"south": {"uv": [35.5, 28], "uv_size": [-0.5, 0.5]},
								"west": {"uv": [28.5, 35], "uv_size": [-0.5, 0.5]}
							}
						},
						{
							"origin": [0.65544, 0.98332, -2.7194],
							"size": [0.10282, 0.23134, 0.29561],
							"inflate": 0.001,
							"uv": {
								"north": {"uv": [35.5, 9], "uv_size": [-0.5, 0.5]},
								"east": {"uv": [11.5, 35], "uv_size": [-0.5, 0.5]},
								"south": {"uv": [35.5, 10], "uv_size": [-0.5, 0.5]},
								"west": {"uv": [10.5, 35], "uv_size": [-0.5, 0.5]}
							}
						},
						{
							"origin": [0.56808, 1.19463, -2.60372],
							"size": [0.10004, 0.57835, 0.06427],
							"pivot": [0.56179, 1.67508, -2.57159],
							"rotation": [0, 0, -7.5],
							"uv": {
								"north": {"uv": [23, 34], "uv_size": [0.5, 0.5]},
								"east": {"uv": [34, 23], "uv_size": [0.5, 0.5]},
								"south": {"uv": [24, 34], "uv_size": [0.5, 0.5]}
							}
						},
						{
							"origin": [0.62975, 0.98332, -2.60372],
							"size": [0.10018, 0.2293, 0.06427],
							"inflate": 0.001,
							"uv": {
								"north": {"uv": [33, 32], "uv_size": [0.5, 0.5]},
								"east": {"uv": [33, 33], "uv_size": [0.5, 0.5]},
								"south": {"uv": [0, 34], "uv_size": [0.5, 0.5]}
							}
						},
						{
							"origin": [0.66821, 1.69794, -2.60372],
							"size": [0.0872, 0.20563, 0.06427],
							"pivot": [0.56179, 1.67508, -2.57159],
							"rotation": [0, 0, -77.5],
							"uv": {
								"north": {"uv": [32, 34], "uv_size": [0.5, 0.5]},
								"east": {"uv": [34, 32], "uv_size": [0.5, 0.5]},
								"south": {"uv": [33, 34], "uv_size": [0.5, 0.5]},
								"up": {"uv": [34, 34], "uv_size": [0.5, 0.5]}
							}
						},
						{
							"origin": [0.60197, 1.69678, -2.60372],
							"size": [0.10272, 0.1106, 0.06427],
							"inflate": 0.001,
							"pivot": [0.56179, 1.67508, -2.57159],
							"rotation": [0, 0, -41.5],
							"uv": {
								"north": {"uv": [26, 34], "uv_size": [0.5, 0.5]},
								"east": {"uv": [34, 26], "uv_size": [0.5, 0.5]},
								"south": {"uv": [27, 34], "uv_size": [0.5, 0.5]}
							}
						},
						{
							"origin": [0.57829, 1.80078, -2.7194],
							"size": [0.10282, 0.12852, 0.29561],
							"inflate": 0.001,
							"pivot": [0.68111, 1.80078, -2.24387],
							"rotation": [0, 0, -41],
							"uv": {
								"north": {"uv": [10.5, 36], "uv_size": [-0.5, 0.5]},
								"east": {"uv": [36.5, 11], "uv_size": [-0.5, 0.5]},
								"south": {"uv": [11.5, 36], "uv_size": [-0.5, 0.5]},
								"west": {"uv": [36.5, 10], "uv_size": [-0.5, 0.5]}
							}
						}
					]
				},
				{
					"name": "ocular",
					"pivot": [0, 1.68, 4.48],
					"cubes": [
						{
							"origin": [-0.98, 1.0275, -2.6275],
							"size": [1.96, 1.645, 0],
							"uv": {
								"south": {"uv": [35, 38], "uv_size": [2, 1.5]}
							}
						}
					]
				},
				{
					"name": "division",
					"pivot": [0, 0, 0]
				},
				{
					"name": "division_illuminated",
					"parent": "division",
					"pivot": [0, 1.8675, -140],
					"cubes": [
						{
							"origin": [-0.49, 1.3775, -140.14],
							"size": [0.98, 0.98, 0.28],
							"uv": {
								"south": {"uv": [38, 35], "uv_size": [4, 4]}
							}
						}
					]
				},
				{
					"name": "scope_view",
					"pivot": [0, 1.8675, 10]
				}
			]
		}
	]
}