{
	"format_version": "1.12.0",
	"minecraft:geometry": [
		{
			"description": {
				"identifier": "geometry.unknown",
				"texture_width": 128,
				"texture_height": 128,
				"visible_bounds_width": 4,
				"visible_bounds_height": 4,
				"visible_bounds_offset": [0, 1, 0]
			},
			"bones": [
				{
					"name": "lod",
					"pivot": [0, 8, -4],
					"cubes": [
						{
							"origin": [-0.5, 0, -27],
							"size": [0, 13, 39],
							"uv": {
								"east": {"uv": [0, 43.5], "uv_size": [128, 43.5]},
								"west": {"uv": [0, 0], "uv_size": [128, 43.5]}
							}
						}
					]
				},
				{
					"name": "positioning3",
					"pivot": [0, 0, -8]
				},
				{
					"name": "thirdperson_hand",
					"parent": "positioning3",
					"pivot": [0, 7.05, -2.575]
				},
				{
					"name": "ground",
					"parent": "positioning3",
					"pivot": [0, 0.1, -4.725]
				},
				{
					"name": "fixed",
					"parent": "positioning3",
					"pivot": [0.9, 8.025, -4.325],
					"rotation": [0, 90, 0]
				},
				{
					"name": "shell",
					"parent": "positioning3",
					"pivot": [-0.475, 10.2, -5.95]
				},
				{
					"name": "muzzle_flash",
					"parent": "positioning3",
					"pivot": [0, 9.775, -27.2]
				}
			]
		}
	]
}