{
	"format_version": "1.12.0",
	"minecraft:geometry": [
		{
			"description": {
				"identifier": "geometry.unknown",
				"texture_width": 32,
				"texture_height": 32,
				"visible_bounds_width": 6,
				"visible_bounds_height": 1.5,
				"visible_bounds_offset": [0, 0.25, 0]
			},
			"bones": [
				{
					"name": "scope_body",
					"pivot": [0, 0, 0.625]
				},
				{
					"name": "base",
					"parent": "scope_body",
					"pivot": [-0.5, -0.22411, -0.875],
					"cubes": [
						{
							"origin": [-0.4375, 0.0625, -2.375],
							"size": [0.25, 0.125, 0.1875],
							"uv": {
								"north": {"uv": [12, 2], "uv_size": [0.5, 0.5]},
								"down": {"uv": [3, 12.5], "uv_size": [0.5, -0.5]}
							}
						},
						{
							"origin": [0.1875, 0.0625, -2.375],
							"size": [0.25, 0.125, 0.1875],
							"uv": {
								"north": {"uv": [12, 3], "uv_size": [0.5, 0.5]},
								"down": {"uv": [4, 12.5], "uv_size": [0.5, -0.5]}
							}
						},
						{
							"origin": [-0.20461, 0.0625, -2.3343],
							"size": [0.4375, 0.125, 0.1875],
							"inflate": -0.001,
							"pivot": [0.10789, 0.125, -2.24055],
							"rotation": [0, 22.5, 0],
							"uv": {
								"north": {"uv": [12, 4], "uv_size": [0.5, 0.5]},
								"down": {"uv": [5, 12.5], "uv_size": [0.5, -0.5]}
							}
						},
						{
							"origin": [-0.23289, 0.0625, -2.3343],
							"size": [0.4375, 0.125, 0.1875],
							"inflate": -0.001,
							"pivot": [-0.10789, 0.125, -2.24055],
							"rotation": [0, -22.5, 0],
							"uv": {
								"north": {"uv": [12, 5], "uv_size": [0.5, 0.5]},
								"down": {"uv": [6, 12.5], "uv_size": [0.5, -0.5]}
							}
						},
						{
							"origin": [0.24307, 0.0625, -2.0931],
							"size": [0.26516, 0.125, 0.1875],
							"inflate": -0.001,
							"pivot": [0.68057, 0.125, -1.99935],
							"rotation": [0, -45, 0],
							"uv": {
								"north": {"uv": [12, 6], "uv_size": [0.5, 0.5]},
								"down": {"uv": [7, 12.5], "uv_size": [0.5, -0.5]}
							}
						},
						{
							"origin": [-0.50823, 0.0625, -2.0931],
							"size": [0.26516, 0.125, 0.1875],
							"inflate": -0.001,
							"pivot": [-0.68057, 0.125, -1.99935],
							"rotation": [0, 45, 0],
							"uv": {
								"north": {"uv": [12, 7], "uv_size": [0.5, 0.5]},
								"down": {"uv": [8, 12.5], "uv_size": [0.5, -0.5]}
							}
						},
						{
							"origin": [-0.61428, -0.28661, -1.9375],
							"size": [0.17678, 0.125, 2.125],
							"inflate": -0.001,
							"pivot": [-0.5, -0.22411, -0.875],
							"rotation": [0, 0, 45],
							"uv": {
								"north": {"uv": [12, 8], "uv_size": [0.5, 0.5]},
								"south": {"uv": [9, 12], "uv_size": [0.5, 0.5]},
								"down": {"uv": [3, 6], "uv_size": [0.5, -2]}
							}
						},
						{
							"origin": [-0.625, 0.0625, -2.1875],
							"size": [1.25, 0.125, 2.625],
							"uv": {
								"east": {"uv": [2, 3], "uv_size": [2.5, 0.5]},
								"west": {"uv": [0, 4], "uv_size": [2.5, 0.5]},
								"down": {"uv": [0, 2.5], "uv_size": [1.5, -2.5]}
							}
						},
						{
							"origin": [-0.4375, 0.0625, 0.4375],
							"size": [0.875, 0.125, 0.1875],
							"uv": {
								"south": {"uv": [5, 10], "uv_size": [1, 0.5]},
								"down": {"uv": [6, 10.5], "uv_size": [1, -0.5]}
							}
						},
						{
							"origin": [0.42168, 0.0625, 0.58682],
							"size": [0.26517, 0.125, 0.1875],
							"inflate": -0.001,
							"pivot": [0.24935, 0.125, 0.68057],
							"rotation": [0, 45, 0],
							"uv": {
								"south": {"uv": [12, 9], "uv_size": [0.5, 0.5]},
								"down": {"uv": [10, 12.5], "uv_size": [0.5, -0.5]}
							}
						},
						{
							"origin": [-0.68685, 0.0625, 0.58682],
							"size": [0.26517, 0.125, 0.1875],
							"inflate": -0.001,
							"pivot": [-0.24935, 0.125, 0.68057],
							"rotation": [0, -45, 0],
							"uv": {
								"south": {"uv": [12, 10], "uv_size": [0.5, 0.5]},
								"down": {"uv": [11, 12.5], "uv_size": [0.5, -0.5]}
							}
						},
						{
							"origin": [0.375, -0.1875, -1.6875],
							"size": [0.25, 0.25, 1.6875],
							"uv": {
								"north": {"uv": [12, 11], "uv_size": [0.5, 0.5]},
								"east": {"uv": [4, 5], "uv_size": [1.5, 0.5]},
								"south": {"uv": [12, 12], "uv_size": [0.5, 0.5]},
								"west": {"uv": [0, 6], "uv_size": [1.5, 0.5]}
							}
						},
						{
							"origin": [0.625, -0.1875, -1.6875],
							"size": [0.03125, 0.375, 0.125],
							"uv": {
								"north": {"uv": [0, 13], "uv_size": [0.5, 0.5]},
								"south": {"uv": [13, 0], "uv_size": [0.5, 0.5]},
								"west": {"uv": [1, 13], "uv_size": [0.5, 0.5]}
							}
						},
						{
							"origin": [0.625, -0.1875, -0.125],
							"size": [0.03125, 0.375, 0.125],
							"uv": {
								"north": {"uv": [13, 1], "uv_size": [0.5, 0.5]},
								"south": {"uv": [2, 13], "uv_size": [0.5, 0.5]},
								"west": {"uv": [13, 2], "uv_size": [0.5, 0.5]}
							}
						},
						{
							"origin": [0.625, -0.1875, -0.5625],
							"size": [0.03125, 0.1875, 0.125],
							"uv": {
								"north": {"uv": [3, 13], "uv_size": [0.5, 0.5]},
								"south": {"uv": [13, 3], "uv_size": [0.5, 0.5]},
								"west": {"uv": [4, 13], "uv_size": [0.5, 0.5]}
							}
						},
						{
							"origin": [0.625, -0.1875, -1.25],
							"size": [0.03125, 0.1875, 0.125],
							"uv": {
								"north": {"uv": [13, 4], "uv_size": [0.5, 0.5]},
								"south": {"uv": [5, 13], "uv_size": [0.5, 0.5]},
								"west": {"uv": [13, 5], "uv_size": [0.5, 0.5]}
							}
						},
						{
							"origin": [0.625, 0, -1.5625],
							"size": [0.03125, 0.1875, 1.4375],
							"uv": {
								"west": {"uv": [6, 0], "uv_size": [1.5, 0.5]},
								"down": {"uv": [6, 2.5], "uv_size": [0.5, -1.5]}
							}
						},
						{
							"origin": [0.375, -0.3125, -1.5625],
							"size": [0.28125, 0.125, 1.4375],
							"uv": {
								"east": {"uv": [2, 6], "uv_size": [1.5, 0.5]},
								"west": {"uv": [6, 3], "uv_size": [1.5, 0.5]},
								"up": {"uv": [4, 6], "uv_size": [0.5, 1.5]},
								"down": {"uv": [6, 5.5], "uv_size": [0.5, -1.5]}
							}
						},
						{
							"origin": [0.375, 0.17743, -0.37971],
							"size": [0.28125, 0.125, 0.17678],
							"inflate": 0.001,
							"pivot": [0.5, 0.23993, 0.33904],
							"rotation": [45, 0, 0],
							"uv": {
								"east": {"uv": [6, 13], "uv_size": [0.5, 0.5]},
								"west": {"uv": [13, 6], "uv_size": [0.5, 0.5]},
								"up": {"uv": [7, 13], "uv_size": [0.5, 0.5]},
								"down": {"uv": [13, 7.5], "uv_size": [0.5, -0.5]}
							}
						},
						{
							"origin": [0.375, -0.26831, -1.66919],
							"size": [0.28125, 0.125, 0.17678],
							"inflate": 0.001,
							"pivot": [0.5, -0.20581, -1.58081],
							"rotation": [-45, 0, 0],
							"uv": {
								"east": {"uv": [8, 13], "uv_size": [0.5, 0.5]},
								"west": {"uv": [13, 8], "uv_size": [0.5, 0.5]},
								"up": {"uv": [9, 13], "uv_size": [0.5, 0.5]},
								"down": {"uv": [13, 9.5], "uv_size": [0.5, -0.5]}
							}
						},
						{
							"origin": [-0.625, -0.1875, -1.9375],
							"size": [0.25, 0.25, 2.125],
							"uv": {
								"north": {"uv": [10, 13], "uv_size": [0.5, 0.5]},
								"east": {"uv": [4, 2], "uv_size": [2, 0.5]},
								"south": {"uv": [13, 10], "uv_size": [0.5, 0.5]},
								"west": {"uv": [4, 4], "uv_size": [2, 0.5]}
							}
						},
						{
							"origin": [-0.5, -0.3125, -1.9375],
							"size": [0.125, 0.125, 2.125],
							"uv": {
								"north": {"uv": [11, 13], "uv_size": [0.5, 0.5]},
								"south": {"uv": [13, 11], "uv_size": [0.5, 0.5]},
								"west": {"uv": [0, 5], "uv_size": [2, 0.5]},
								"down": {"uv": [5, 2], "uv_size": [0.5, -2]}
							}
						}
					]
				},
				{
					"name": "base_screw",
					"parent": "base",
					"pivot": [0.69866, -0.09375, -0.84375],
					"rotation": [0, -30, 90],
					"cubes": [
						{
							"origin": [0.59474, -0.16741, -1.02375],
							"size": [0.20785, 0.15625, 0.0625],
							"inflate": -0.001,
							"uv": {
								"north": {"uv": [12, 13], "uv_size": [0.5, 0.5]},
								"south": {"uv": [13, 12], "uv_size": [0.5, 0.5]},
								"up": {"uv": [13, 13], "uv_size": [0.5, 0.5]}
							}
						},
						{
							"origin": [0.72356, -0.16741, -0.94937],
							"size": [0.20785, 0.15625, 0.0625],
							"pivot": [0.82748, -0.08929, -0.91812],
							"rotation": [0, -60, 0],
							"uv": {
								"north": {"uv": [0, 14], "uv_size": [0.5, 0.5]},
								"south": {"uv": [14, 0], "uv_size": [0.5, 0.5]},
								"up": {"uv": [1, 14], "uv_size": [0.5, 0.5]}
							}
						},
						{
							"origin": [0.56349, -0.16741, -0.96125],
							"size": [0.27035, 0.09375, 0.235],
							"pivot": [0.69866, -0.12054, -0.84375],
							"rotation": [0, -60, 0],
							"uv": {
								"up": {"uv": [14, 1], "uv_size": [0.5, 0.5]}
							}
						},
						{
							"origin": [0.46592, -0.16741, -0.94937],
							"size": [0.20785, 0.15625, 0.0625],
							"pivot": [0.56984, -0.08929, -0.91812],
							"rotation": [0, -120, 0],
							"uv": {
								"north": {"uv": [2, 14], "uv_size": [0.5, 0.5]},
								"south": {"uv": [14, 2], "uv_size": [0.5, 0.5]},
								"up": {"uv": [3, 14], "uv_size": [0.5, 0.5]}
							}
						},
						{
							"origin": [0.72356, -0.16741, -0.80062],
							"size": [0.20785, 0.15625, 0.0625],
							"inflate": -0.001,
							"pivot": [0.82748, -0.08929, -0.76937],
							"rotation": [0, -120, 0],
							"uv": {
								"north": {"uv": [14, 3], "uv_size": [0.5, 0.5]},
								"south": {"uv": [4, 14], "uv_size": [0.5, 0.5]},
								"up": {"uv": [14, 4], "uv_size": [0.5, 0.5]}
							}
						},
						{
							"origin": [0.46592, -0.16741, -0.80062],
							"size": [0.20785, 0.15625, 0.0625],
							"inflate": -0.001,
							"pivot": [0.56984, -0.08929, -0.76937],
							"rotation": [0, -60, 0],
							"uv": {
								"north": {"uv": [5, 14], "uv_size": [0.5, 0.5]},
								"south": {"uv": [14, 5], "uv_size": [0.5, 0.5]},
								"up": {"uv": [6, 14], "uv_size": [0.5, 0.5]}
							}
						},
						{
							"origin": [0.59474, -0.16741, -0.72625],
							"size": [0.20785, 0.15625, 0.0625],
							"uv": {
								"north": {"uv": [14, 6], "uv_size": [0.5, 0.5]},
								"south": {"uv": [7, 14], "uv_size": [0.5, 0.5]},
								"up": {"uv": [14, 7], "uv_size": [0.5, 0.5]}
							}
						}
					]
				},
				{
					"name": "sight",
					"parent": "scope_body",
					"pivot": [0, 0, 0.625]
				},
				{
					"name": "sight_body",
					"parent": "sight",
					"pivot": [0, 0, 0],
					"cubes": [
						{
							"origin": [-0.625, 0.375, -1.25],
							"size": [1.25, 0.20313, 0.125],
							"uv": {
								"east": {"uv": [8, 14], "uv_size": [0.5, 0.5]},
								"west": {"uv": [14, 8], "uv_size": [0.5, 0.5]},
								"up": {"uv": [5, 6], "uv_size": [1.5, 0.5]}
							}
						},
						{
							"origin": [-0.625, 0.3125, -1.125],
							"size": [1.25, 0.3125, 1.4375],
							"uv": {
								"east": {"uv": [0, 7], "uv_size": [1.5, 0.5]},
								"west": {"uv": [7, 1], "uv_size": [1.5, 0.5]},
								"up": {"uv": [2, 0], "uv_size": [1.5, 1.5]}
							}
						},
						{
							"origin": [-0.5, 0.8125, -2.07019],
							"size": [1, 0.0625, 0.25769],
							"pivot": [-0.5, 0.875, -1.8125],
							"rotation": [14.03624, 0, 0],
							"uv": {
								"up": {"uv": [7, 10], "uv_size": [1, 0.5]}
							}
						},
						{
							"origin": [-0.5, 0.8125, -1.5],
							"size": [1, 0.0625, 0.25769],
							"pivot": [-0.5, 0.875, -1.5],
							"rotation": [-14.03624, 0, 0],
							"uv": {
								"up": {"uv": [8, 10], "uv_size": [1, 0.5]}
							}
						},
						{
							"origin": [-0.5, 0.8125, -1.8125],
							"size": [1, 0.0625, 0.3125],
							"uv": {
								"up": {"uv": [10, 8], "uv_size": [1, 0.5]}
							}
						},
						{
							"origin": [-0.5, 0.1875, -2.0625],
							"size": [1, 0.625, 0.3125],
							"uv": {
								"north": {"uv": [9, 10], "uv_size": [1, 0.5]},
								"down": {"uv": [10, 9.5], "uv_size": [1, -0.5]}
							}
						},
						{
							"origin": [0.31629, 0.7721, -2.0625],
							"size": [0.25, 0.125, 0.8125],
							"inflate": -0.001,
							"pivot": [0.44129, 0.86585, -1.90625],
							"rotation": [0, 0, -45],
							"uv": {
								"north": {"uv": [9, 14], "uv_size": [0.5, 0.5]},
								"south": {"uv": [14, 9], "uv_size": [0.5, 0.5]},
								"up": {"uv": [10, 10], "uv_size": [0.5, 1]}
							}
						},
						{
							"origin": [-0.625, 0.375, -1.75],
							"size": [1.25, 0.3125, 0.5],
							"uv": {
								"east": {"uv": [10, 14], "uv_size": [0.5, 0.5]},
								"south": {"uv": [2, 7], "uv_size": [1.5, 0.5]},
								"west": {"uv": [14, 10], "uv_size": [0.5, 0.5]}
							}
						},
						{
							"origin": [-0.5, 0.423, -2.33762],
							"size": [0.3125, 0.25, 0.375],
							"pivot": [0, 0.548, -2.15012],
							"rotation": [30, 0, 0],
							"uv": {
								"east": {"uv": [15, 3], "uv_size": [0.5, 0.5]},
								"up": {"uv": [4, 15], "uv_size": [0.5, 0.5]}
							}
						},
						{
							"origin": [0.1875, 0.423, -2.33762],
							"size": [0.3125, 0.25, 0.375],
							"pivot": [0, 0.548, -2.15012],
							"rotation": [30, 0, 0],
							"uv": {
								"west": {"uv": [15, 4], "uv_size": [0.5, 0.5]},
								"up": {"uv": [5, 15], "uv_size": [0.5, 0.5]}
							}
						},
						{
							"origin": [0.25, 0.62612, -2.22825],
							"size": [0.1875, 0.0625, 0.20313],
							"pivot": [0, 0.548, -2.15012],
							"rotation": [30, 0, 0],
							"uv": {
								"east": {"uv": [15, 5], "uv_size": [0.5, 0.5]},
								"south": {"uv": [6, 15], "uv_size": [0.5, 0.5]},
								"west": {"uv": [15, 6], "uv_size": [0.5, 0.5]},
								"up": {"uv": [7, 15], "uv_size": [0.5, 0.5]}
							}
						},
						{
							"origin": [0.26814, 0.60177, -2.20745],
							"size": [0.08113, 0.0625, 0.08113],
							"inflate": -0.001,
							"pivot": [0.25552, 0.65646, -2.22788],
							"rotation": [39.23152, -37.76124, -26.56505],
							"uv": {
								"east": {"uv": [15, 7], "uv_size": [0.5, 0.5]},
								"south": {"uv": [8, 15], "uv_size": [0.5, 0.5]},
								"up": {"uv": [15, 8], "uv_size": [0.5, 0.5]}
							}
						},
						{
							"origin": [-0.4375, 0.62612, -2.22825],
							"size": [0.1875, 0.0625, 0.20313],
							"pivot": [0, 0.548, -2.15012],
							"rotation": [30, 0, 0],
							"uv": {
								"east": {"uv": [9, 15], "uv_size": [0.5, 0.5]},
								"south": {"uv": [15, 9], "uv_size": [0.5, 0.5]},
								"west": {"uv": [10, 15], "uv_size": [0.5, 0.5]},
								"up": {"uv": [15, 10], "uv_size": [0.5, 0.5]}
							}
						},
						{
							"origin": [-0.40876, 0.59359, -2.3379],
							"size": [0.17323, 0.0625, 0.07175],
							"inflate": -0.001,
							"pivot": [-0.31501, 0.65609, -2.24415],
							"rotation": [32.00206, 19.3546, 11.70092],
							"uv": {
								"north": {"uv": [11, 15], "uv_size": [0.5, 0.5]},
								"west": {"uv": [15, 11], "uv_size": [0.5, 0.5]},
								"up": {"uv": [12, 15], "uv_size": [0.5, 0.5]}
							}
						},
						{
							"origin": [-0.34927, 0.60177, -2.20745],
							"size": [0.08113, 0.0625, 0.08113],
							"inflate": -0.001,
							"pivot": [-0.25552, 0.65646, -2.22788],
							"rotation": [39.23152, 37.76124, 26.56505],
							"uv": {
								"south": {"uv": [15, 12], "uv_size": [0.5, 0.5]},
								"west": {"uv": [13, 15], "uv_size": [0.5, 0.5]},
								"up": {"uv": [15, 13], "uv_size": [0.5, 0.5]}
							}
						},
						{
							"origin": [0.23553, 0.59359, -2.3379],
							"size": [0.17323, 0.0625, 0.07175],
							"inflate": -0.001,
							"pivot": [0.31501, 0.65609, -2.24415],
							"rotation": [32.00206, -19.3546, -11.70092],
							"uv": {
								"north": {"uv": [14, 15], "uv_size": [0.5, 0.5]},
								"east": {"uv": [15, 14], "uv_size": [0.5, 0.5]},
								"up": {"uv": [15, 15], "uv_size": [0.5, 0.5]}
							}
						},
						{
							"origin": [-0.1875, 0.423, -2.15012],
							"size": [0.375, 0.25, 0.1875],
							"pivot": [0, 0.548, -2.15012],
							"rotation": [30, 0, 0],
							"uv": {
								"up": {"uv": [0, 16], "uv_size": [0.5, 0.5]}
							}
						},
						{
							"origin": [-0.1875, 0.423, -2.27512],
							"size": [0.375, 0.28125, 0.125],
							"pivot": [0, 0.548, -2.15012],
							"rotation": [30, 0, 0],
							"uv": {
								"east": {"uv": [16, 0], "uv_size": [0.5, 0.5]},
								"west": {"uv": [1, 16], "uv_size": [0.5, 0.5]},
								"up": {"uv": [16, 1], "uv_size": [0.5, 0.5]}
							}
						},
						{
							"origin": [-0.1875, 0.423, -2.33762],
							"size": [0.09375, 0.28125, 0.0625],
							"pivot": [0, 0.548, -2.15012],
							"rotation": [30, 0, 0],
							"uv": {
								"north": {"uv": [2, 16], "uv_size": [0.5, 0.5]},
								"east": {"uv": [16, 2], "uv_size": [0.5, 0.5]},
								"up": {"uv": [3, 16], "uv_size": [0.5, 0.5]}
							}
						},
						{
							"origin": [0.09375, 0.423, -2.33762],
							"size": [0.09375, 0.28125, 0.0625],
							"pivot": [0, 0.548, -2.15012],
							"rotation": [30, 0, 0],
							"uv": {
								"north": {"uv": [16, 3], "uv_size": [0.5, 0.5]},
								"west": {"uv": [4, 16], "uv_size": [0.5, 0.5]},
								"up": {"uv": [16, 4], "uv_size": [0.5, 0.5]}
							}
						},
						{
							"origin": [-0.07822, 0.35056, -2.31102],
							"size": [0.1875, 0.28125, 0.0625],
							"inflate": -0.001,
							"pivot": [0.0624, 0.49118, -2.27977],
							"rotation": [32.00206, 19.3546, 11.70092],
							"uv": {
								"north": {"uv": [5, 16], "uv_size": [0.5, 0.5]},
								"up": {"uv": [16, 5], "uv_size": [0.5, 0.5]}
							}
						},
						{
							"origin": [-0.10928, 0.35056, -2.31102],
							"size": [0.1875, 0.28125, 0.0625],
							"inflate": -0.001,
							"pivot": [-0.0624, 0.49118, -2.27977],
							"rotation": [32.00206, -19.3546, -11.70092],
							"uv": {
								"north": {"uv": [6, 16], "uv_size": [0.5, 0.5]},
								"up": {"uv": [16, 6], "uv_size": [0.5, 0.5]}
							}
						},
						{
							"origin": [-0.09375, 0.37612, -2.13756],
							"size": [0.1875, 0.28125, 0.09375],
							"pivot": [0, 0.50112, -2.23131],
							"rotation": [30, 0, 0],
							"uv": {
								"south": {"uv": [7, 16], "uv_size": [0.5, 0.5]},
								"up": {"uv": [16, 7], "uv_size": [0.5, 0.5]}
							}
						},
						{
							"origin": [0.01608, 0.40528, -2.2475],
							"size": [0.13258, 0.28125, 0.125],
							"inflate": -0.001,
							"pivot": [0.13036, 0.5459, -2.185],
							"rotation": [39.23152, 37.76124, 26.56505],
							"uv": {
								"south": {"uv": [8, 16], "uv_size": [0.5, 0.5]},
								"up": {"uv": [16, 8], "uv_size": [0.5, 0.5]}
							}
						},
						{
							"origin": [-0.14867, 0.40528, -2.2475],
							"size": [0.13258, 0.28125, 0.125],
							"inflate": -0.001,
							"pivot": [-0.13036, 0.5459, -2.185],
							"rotation": [39.23152, -37.76124, -26.56505],
							"uv": {
								"south": {"uv": [9, 16], "uv_size": [0.5, 0.5]},
								"up": {"uv": [16, 9], "uv_size": [0.5, 0.5]}
							}
						},
						{
							"origin": [-0.5, 0.1875, -2.375],
							"size": [0.3125, 0.375, 0.3125],
							"uv": {
								"north": {"uv": [10, 16], "uv_size": [0.5, 0.5]},
								"down": {"uv": [16, 10.5], "uv_size": [0.5, -0.5]}
							}
						},
						{
							"origin": [0.1875, 0.1875, -2.375],
							"size": [0.3125, 0.375, 0.3125],
							"uv": {
								"north": {"uv": [11, 16], "uv_size": [0.5, 0.5]},
								"down": {"uv": [16, 11.5], "uv_size": [0.5, -0.5]}
							}
						},
						{
							"origin": [-0.24081, 0.1875, -2.3271],
							"size": [0.5, 0.375, 0.3125],
							"inflate": -0.001,
							"pivot": [0.10294, 0.375, -2.17085],
							"rotation": [0, 22.5, 0],
							"uv": {
								"north": {"uv": [12, 16], "uv_size": [0.5, 0.5]},
								"down": {"uv": [16, 12.5], "uv_size": [0.5, -0.5]}
							}
						},
						{
							"origin": [-0.25919, 0.1875, -2.3271],
							"size": [0.5, 0.375, 0.3125],
							"inflate": -0.001,
							"pivot": [-0.10294, 0.375, -2.17085],
							"rotation": [0, -22.5, 0],
							"uv": {
								"north": {"uv": [13, 16], "uv_size": [0.5, 0.5]},
								"down": {"uv": [16, 13.5], "uv_size": [0.5, -0.5]}
							}
						},
						{
							"origin": [-0.75, 0.375, -0.375],
							"size": [1.5, 0.25, 0.4375],
							"uv": {
								"east": {"uv": [14, 16], "uv_size": [0.5, 0.5]},
								"west": {"uv": [16, 14], "uv_size": [0.5, 0.5]}
							}
						},
						{
							"origin": [-0.75, 0.1875, -1.125],
							"size": [1.5, 0.1875, 1.1875],
							"uv": {
								"east": {"uv": [0, 11], "uv_size": [1, 0.5]},
								"west": {"uv": [11, 0], "uv_size": [1, 0.5]},
								"up": {"uv": [2, 2], "uv_size": [1.5, 1]},
								"down": {"uv": [0, 4], "uv_size": [1.5, -1]}
							}
						},
						{
							"origin": [-0.51083, 0.1875, -1.48142],
							"size": [1.06066, 0.1875, 1.06066],
							"inflate": -0.001,
							"pivot": [-0.20017, 0.28125, -1.01451],
							"rotation": [0, 45, 0],
							"uv": {
								"north": {"uv": [1, 11], "uv_size": [1, 0.5]},
								"west": {"uv": [11, 1], "uv_size": [1, 0.5]},
								"up": {"uv": [2, 5], "uv_size": [1, 1]},
								"down": {"uv": [5, 4], "uv_size": [1, -1]}
							}
						},
						{
							"origin": [0.5, 0.1875, -2.25],
							"size": [0.1875, 0.375, 0.5],
							"uv": {
								"south": {"uv": [15, 16], "uv_size": [0.5, 0.5]},
								"west": {"uv": [16, 15], "uv_size": [0.5, 0.5]},
								"down": {"uv": [16, 16.5], "uv_size": [0.5, -0.5]}
							}
						},
						{
							"origin": [0.5, 0.5625, -2.25],
							"size": [0.1875, 0.25, 0.125],
							"uv": {
								"north": {"uv": [0, 17], "uv_size": [0.5, 0.5]},
								"east": {"uv": [17, 0], "uv_size": [0.5, 0.5]},
								"south": {"uv": [1, 17], "uv_size": [0.5, 0.5]},
								"west": {"uv": [17, 1], "uv_size": [0.5, 0.5]}
							}
						},
						{
							"origin": [0.5, 0.50438, -2.04016],
							"size": [0.1875, 0.36443, 0.125],
							"inflate": -0.001,
							"pivot": [0.59375, 0.68659, -1.97766],
							"rotation": [-30.96376, 0, 0],
							"uv": {
								"north": {"uv": [2, 17], "uv_size": [0.5, 0.5]},
								"west": {"uv": [17, 2], "uv_size": [0.5, 0.5]}
							}
						},
						{
							"origin": [0.5, 0.75438, -2.16516],
							"size": [0.1875, 0.36443, 0.125],
							"inflate": 0.0015,
							"pivot": [0.59375, 0.93659, -2.10266],
							"rotation": [-30.96376, 0, 0],
							"uv": {
								"north": {"uv": [3, 17], "uv_size": [0.5, 0.5]},
								"east": {"uv": [17, 3], "uv_size": [0.5, 0.5]},
								"south": {"uv": [4, 17], "uv_size": [0.5, 0.5]},
								"west": {"uv": [17, 4], "uv_size": [0.5, 0.5]}
							}
						},
						{
							"origin": [0.5, 1.06094, -1.97865],
							"size": [0.09375, 0.41926, 0.1875],
							"pivot": [0.54688, 1.27057, -1.8849],
							"rotation": [-26.56505, 0, 0],
							"uv": {
								"north": {"uv": [5, 17], "uv_size": [0.5, 0.5]},
								"east": {"uv": [17, 5], "uv_size": [0.5, 0.5]}
							}
						},
						{
							"origin": [0.548, 1.04662, -1.98322],
							"size": [0.09375, 0.42962, 0.1875],
							"inflate": 0.001,
							"pivot": [0.59488, 1.26142, -1.88947],
							"rotation": [-26.01006, -5.60041, -11.30993],
							"uv": {
								"north": {"uv": [6, 17], "uv_size": [0.5, 0.5]}
							}
						},
						{
							"origin": [0.5, 0.5625, -2],
							"size": [0.1875, 0.4375, 0.25],
							"uv": {
								"north": {"uv": [17, 6], "uv_size": [0.5, 0.5]},
								"east": {"uv": [7, 17], "uv_size": [0.5, 0.5]},
								"south": {"uv": [17, 7], "uv_size": [0.5, 0.5]},
								"west": {"uv": [8, 17], "uv_size": [0.5, 0.5]}
							}
						},
						{
							"origin": [-0.6875, 0.1875, -2.25],
							"size": [0.1875, 0.375, 0.5],
							"uv": {
								"east": {"uv": [17, 8], "uv_size": [0.5, 0.5]},
								"south": {"uv": [9, 17], "uv_size": [0.5, 0.5]},
								"down": {"uv": [17, 9.5], "uv_size": [0.5, -0.5]}
							}
						},
						{
							"origin": [-0.6875, 0.1875, -2.47535],
							"size": [0.1875, 0.375, 0.22535],
							"inflate": -0.001,
							"pivot": [-0.6875, 0.5625, -2.25],
							"rotation": [0, -56.30993, 0],
							"uv": {
								"east": {"uv": [10, 17], "uv_size": [0.5, 0.5]},
								"up": {"uv": [17, 10], "uv_size": [0.5, 0.5]},
								"down": {"uv": [11, 17.5], "uv_size": [0.5, -0.5]}
							}
						},
						{
							"origin": [-0.6875, 0.50438, -2.04016],
							"size": [0.1875, 0.36443, 0.125],
							"inflate": -0.001,
							"pivot": [-0.59375, 0.68659, -1.97766],
							"rotation": [-30.96376, 0, 0],
							"uv": {
								"north": {"uv": [17, 11], "uv_size": [0.5, 0.5]},
								"east": {"uv": [12, 17], "uv_size": [0.5, 0.5]}
							}
						},
						{
							"origin": [-0.6875, 0.5625, -2.25],
							"size": [0.1875, 0.25, 0.125],
							"uv": {
								"north": {"uv": [17, 12], "uv_size": [0.5, 0.5]},
								"east": {"uv": [13, 17], "uv_size": [0.5, 0.5]},
								"south": {"uv": [17, 13], "uv_size": [0.5, 0.5]},
								"west": {"uv": [14, 17], "uv_size": [0.5, 0.5]}
							}
						},
						{
							"origin": [-0.56629, 0.7721, -2.0625],
							"size": [0.25, 0.125, 0.8125],
							"inflate": -0.001,
							"pivot": [-0.44129, 0.86585, -1.90625],
							"rotation": [0, 0, 45],
							"uv": {
								"north": {"uv": [17, 14], "uv_size": [0.5, 0.5]},
								"south": {"uv": [15, 17], "uv_size": [0.5, 0.5]},
								"up": {"uv": [2, 11], "uv_size": [0.5, 1]}
							}
						},
						{
							"origin": [-0.62214, 1.31242, -1.77539],
							"size": [0.09375, 0.16779, 0.09375],
							"pivot": [-0.57526, 1.38069, -1.72852],
							"rotation": [-45, 0, 14.03624],
							"uv": {
								"east": {"uv": [17, 15], "uv_size": [0.5, 0.5]},
								"south": {"uv": [16, 17], "uv_size": [0.5, 0.5]}
							}
						},
						{
							"origin": [-0.63821, 1.34185, -1.31457],
							"size": [0.09375, 0.16779, 0.09375],
							"pivot": [-0.59134, 1.31637, -1.26769],
							"rotation": [45, 0, 14.03624],
							"uv": {
								"north": {"uv": [17, 16], "uv_size": [0.5, 0.5]},
								"east": {"uv": [17, 17], "uv_size": [0.5, 0.5]}
							}
						},
						{
							"origin": [-0.625, 0.8125, -1.75],
							"size": [0.125, 0.1875, 0.5],
							"uv": {
								"east": {"uv": [0, 18], "uv_size": [0.5, 0.5]},
								"south": {"uv": [18, 0], "uv_size": [0.5, 0.5]},
								"west": {"uv": [1, 18], "uv_size": [0.5, 0.5]}
							}
						},
						{
							"origin": [-0.64202, 1.42036, -1.71875],
							"size": [0.09375, 0.07404, 0.375],
							"inflate": 0.001,
							"pivot": [-0.59515, 1.30113, -1.125],
							"rotation": [0, 0, 14.03624],
							"uv": {
								"east": {"uv": [18, 1], "uv_size": [0.5, 0.5]},
								"down": {"uv": [2, 18.5], "uv_size": [0.5, -0.5]}
							}
						},
						{
							"origin": [-0.64202, 1.10786, -1.34375],
							"size": [0.09375, 0.38654, 0.09375],
							"inflate": 0.0015,
							"pivot": [-0.59515, 1.30113, -1.125],
							"rotation": [0, 0, 14.03624],
							"uv": {
								"north": {"uv": [18, 2], "uv_size": [0.5, 0.5]},
								"east": {"uv": [3, 18], "uv_size": [0.5, 0.5]},
								"south": {"uv": [18, 3], "uv_size": [0.5, 0.5]}
							}
						},
						{
							"origin": [-0.625, 0.5625, -2.125],
							"size": [0.125, 0.4375, 0.125],
							"uv": {
								"east": {"uv": [4, 18], "uv_size": [0.5, 0.5]},
								"west": {"uv": [18, 4], "uv_size": [0.5, 0.5]}
							}
						},
						{
							"origin": [-0.6875, 1.125, -2.0625],
							"size": [0.09375, 0.01559, 0.00612],
							"pivot": [-0.6875, 1.125, -2.0625],
							"rotation": [-25.87669, 0, 14.03624],
							"uv": {
								"east": {"uv": [5, 18], "uv_size": [0.5, 0.5]}
							}
						},
						{
							"origin": [-0.6875, 1.125, -2.0557],
							"size": [0.09375, 0.01402, 0.02891],
							"pivot": [-0.6875, 1.125, -1.25],
							"rotation": [0, 0, 14.03624],
							"uv": {
								"east": {"uv": [18, 5], "uv_size": [0.5, 0.5]}
							}
						},
						{
							"origin": [-0.6875, 1.14059, -2.0625],
							"size": [0.09375, 0.06624, 0.03213],
							"pivot": [-0.6875, 1.125, -2.0625],
							"rotation": [-25.87669, 0, 14.03624],
							"uv": {
								"east": {"uv": [6, 18], "uv_size": [0.5, 0.5]},
								"down": {"uv": [18, 6.5], "uv_size": [0.5, -0.5]}
							}
						},
						{
							"origin": [-0.6875, 1.125, -2.02679],
							"size": [0.09375, 0.07363, 0.15179],
							"pivot": [-0.6875, 1.125, -1.25],
							"rotation": [0, 0, 14.03624],
							"uv": {
								"east": {"uv": [7, 18], "uv_size": [0.5, 0.5]}
							}
						},
						{
							"origin": [-0.64202, 1.12724, -1.95935],
							"size": [0.09375, 0.34778, 0.1687],
							"inflate": 0.001,
							"pivot": [-0.59515, 1.30113, -1.875],
							"rotation": [-25.87669, 0, 14.03624],
							"uv": {
								"east": {"uv": [18, 7], "uv_size": [0.5, 0.5]}
							}
						},
						{
							"origin": [-0.64175, 1.04662, -1.98322],
							"size": [0.09375, 0.42962, 0.1875],
							"inflate": 0.001,
							"pivot": [-0.59488, 1.26142, -1.88947],
							"rotation": [-26.01006, 5.60041, 11.30993],
							"uv": {
								"north": {"uv": [8, 18], "uv_size": [0.5, 0.5]}
							}
						},
						{
							"origin": [-0.59375, 1.06094, -1.97865],
							"size": [0.09375, 0.41926, 0.1875],
							"pivot": [-0.54687, 1.27057, -1.8849],
							"rotation": [-26.56505, 0, 0],
							"uv": {
								"north": {"uv": [18, 8], "uv_size": [0.5, 0.5]},
								"west": {"uv": [9, 18], "uv_size": [0.5, 0.5]}
							}
						},
						{
							"origin": [-0.64202, 1.10786, -1.875],
							"size": [0.09375, 0.38654, 0.15625],
							"inflate": 0.0015,
							"pivot": [-0.59515, 1.30113, -1.5625],
							"rotation": [0, 0, 14.03624],
							"uv": {
								"east": {"uv": [18, 9], "uv_size": [0.5, 0.5]},
								"south": {"uv": [10, 18], "uv_size": [0.5, 0.5]}
							}
						},
						{
							"origin": [-0.6875, 0.75438, -2.16516],
							"size": [0.1875, 0.36443, 0.125],
							"inflate": 0.0015,
							"pivot": [-0.59375, 0.93659, -2.10266],
							"rotation": [-30.96376, 0, 0],
							"uv": {
								"north": {"uv": [18, 10], "uv_size": [0.5, 0.5]},
								"east": {"uv": [11, 18], "uv_size": [0.5, 0.5]},
								"south": {"uv": [18, 11], "uv_size": [0.5, 0.5]},
								"west": {"uv": [12, 18], "uv_size": [0.5, 0.5]}
							}
						},
						{
							"origin": [-0.59375, 1.125, -1.875],
							"size": [0.09375, 0.375, 0.625],
							"inflate": 0.001,
							"uv": {
								"east": {"uv": [18, 12], "uv_size": [0.5, 0.5]},
								"south": {"uv": [13, 18], "uv_size": [0.5, 0.5]},
								"west": {"uv": [18, 13], "uv_size": [0.5, 0.5]},
								"up": {"uv": [14, 18], "uv_size": [0.5, 0.5]}
							}
						},
						{
							"origin": [-0.6875, 1, -2.0625],
							"size": [0.1875, 0.125, 0.8125],
							"inflate": 0.001,
							"uv": {
								"east": {"uv": [11, 2], "uv_size": [1, 0.5]},
								"south": {"uv": [18, 14], "uv_size": [0.5, 0.5]},
								"west": {"uv": [3, 11], "uv_size": [1, 0.5]},
								"up": {"uv": [11, 3], "uv_size": [0.5, 1]},
								"down": {"uv": [4, 12], "uv_size": [0.5, -1]}
							}
						},
						{
							"origin": [-0.6875, 0.8125, -1.75],
							"size": [0.0625, 0.1875, 0.4375],
							"uv": {
								"east": {"uv": [15, 18], "uv_size": [0.5, 0.5]},
								"south": {"uv": [18, 15], "uv_size": [0.5, 0.5]}
							}
						},
						{
							"origin": [-0.6875, 0.5625, -2],
							"size": [0.1875, 0.4375, 0.25],
							"uv": {
								"north": {"uv": [16, 18], "uv_size": [0.5, 0.5]},
								"east": {"uv": [18, 16], "uv_size": [0.5, 0.5]},
								"south": {"uv": [17, 18], "uv_size": [0.5, 0.5]},
								"west": {"uv": [18, 17], "uv_size": [0.5, 0.5]}
							}
						},
						{
							"origin": [0.5, 0.5625, -2.125],
							"size": [0.125, 0.4375, 0.125],
							"uv": {
								"east": {"uv": [18, 18], "uv_size": [0.5, 0.5]},
								"west": {"uv": [0, 19], "uv_size": [0.5, 0.5]}
							}
						},
						{
							"origin": [0.5, 1, -2.0625],
							"size": [0.1875, 0.125, 0.8125],
							"inflate": 0.001,
							"uv": {
								"east": {"uv": [11, 4], "uv_size": [1, 0.5]},
								"south": {"uv": [19, 0], "uv_size": [0.5, 0.5]},
								"west": {"uv": [5, 11], "uv_size": [1, 0.5]},
								"up": {"uv": [11, 5], "uv_size": [0.5, 1]},
								"down": {"uv": [6, 12], "uv_size": [0.5, -1]}
							}
						},
						{
							"origin": [0.625, 0.8125, -1.75],
							"size": [0.0625, 0.1875, 0.4375],
							"uv": {
								"south": {"uv": [1, 19], "uv_size": [0.5, 0.5]},
								"west": {"uv": [19, 1], "uv_size": [0.5, 0.5]}
							}
						},
						{
							"origin": [-0.6875, 0.6875, -1.75],
							"size": [1.375, 0.125, 0.5],
							"uv": {
								"east": {"uv": [2, 19], "uv_size": [0.5, 0.5]},
								"south": {"uv": [2, 8], "uv_size": [1.5, 0.5]},
								"west": {"uv": [19, 2], "uv_size": [0.5, 0.5]},
								"up": {"uv": [8, 3], "uv_size": [1.5, 0.5]},
								"down": {"uv": [4, 8.5], "uv_size": [1.5, -0.5]}
							}
						},
						{
							"origin": [0.5, 0.8125, -1.75],
							"size": [0.125, 0.1875, 0.5],
							"uv": {
								"east": {"uv": [3, 19], "uv_size": [0.5, 0.5]},
								"south": {"uv": [19, 3], "uv_size": [0.5, 0.5]},
								"west": {"uv": [4, 19], "uv_size": [0.5, 0.5]}
							}
						},
						{
							"origin": [0.5, 1.125, -1.875],
							"size": [0.09375, 0.375, 0.625],
							"inflate": 0.001,
							"uv": {
								"east": {"uv": [19, 4], "uv_size": [0.5, 0.5]},
								"south": {"uv": [5, 19], "uv_size": [0.5, 0.5]},
								"west": {"uv": [19, 5], "uv_size": [0.5, 0.5]},
								"up": {"uv": [6, 19], "uv_size": [0.5, 0.5]}
							}
						},
						{
							"origin": [0.54827, 1.10786, -1.875],
							"size": [0.09375, 0.38654, 0.15625],
							"inflate": 0.0015,
							"pivot": [0.59515, 1.30113, -1.5625],
							"rotation": [0, 0, -14.03624],
							"uv": {
								"south": {"uv": [19, 6], "uv_size": [0.5, 0.5]},
								"west": {"uv": [7, 19], "uv_size": [0.5, 0.5]}
							}
						},
						{
							"origin": [0.54827, 1.10786, -1.34375],
							"size": [0.09375, 0.38654, 0.09375],
							"inflate": 0.0015,
							"pivot": [0.59515, 1.30113, -1.125],
							"rotation": [0, 0, -14.03624],
							"uv": {
								"north": {"uv": [19, 7], "uv_size": [0.5, 0.5]},
								"south": {"uv": [8, 19], "uv_size": [0.5, 0.5]},
								"west": {"uv": [19, 8], "uv_size": [0.5, 0.5]}
							}
						},
						{
							"origin": [0.54446, 1.34185, -1.31457],
							"size": [0.09375, 0.16779, 0.09375],
							"pivot": [0.59134, 1.31637, -1.26769],
							"rotation": [45, 0, -14.03624],
							"uv": {
								"north": {"uv": [9, 19], "uv_size": [0.5, 0.5]},
								"west": {"uv": [19, 9], "uv_size": [0.5, 0.5]}
							}
						},
						{
							"origin": [0.52839, 1.31242, -1.77539],
							"size": [0.09375, 0.16779, 0.09375],
							"pivot": [0.57526, 1.38069, -1.72852],
							"rotation": [-45, 0, -14.03624],
							"uv": {
								"south": {"uv": [10, 19], "uv_size": [0.5, 0.5]},
								"west": {"uv": [19, 10], "uv_size": [0.5, 0.5]}
							}
						},
						{
							"origin": [0.54827, 1.42036, -1.71875],
							"size": [0.09375, 0.07404, 0.375],
							"inflate": 0.001,
							"pivot": [0.59515, 1.30113, -1.125],
							"rotation": [0, 0, -14.03624],
							"uv": {
								"west": {"uv": [11, 19], "uv_size": [0.5, 0.5]},
								"down": {"uv": [19, 11.5], "uv_size": [0.5, -0.5]}
							}
						},
						{
							"origin": [0.59375, 1.125, -2.02679],
							"size": [0.09375, 0.07363, 0.15179],
							"pivot": [0.6875, 1.125, -1.25],
							"rotation": [0, 0, -14.03624],
							"uv": {
								"west": {"uv": [12, 19], "uv_size": [0.5, 0.5]}
							}
						},
						{
							"origin": [0.59375, 1.125, -2.0557],
							"size": [0.09375, 0.01402, 0.02891],
							"pivot": [0.6875, 1.125, -1.25],
							"rotation": [0, 0, -14.03624],
							"uv": {
								"west": {"uv": [19, 12], "uv_size": [0.5, 0.5]}
							}
						},
						{
							"origin": [0.54827, 1.12724, -1.95935],
							"size": [0.09375, 0.34778, 0.1687],
							"inflate": 0.001,
							"pivot": [0.59515, 1.30113, -1.875],
							"rotation": [-25.87669, 0, -14.03624],
							"uv": {
								"west": {"uv": [13, 19], "uv_size": [0.5, 0.5]}
							}
						},
						{
							"origin": [0.59375, 1.14059, -2.0625],
							"size": [0.09375, 0.06624, 0.03213],
							"pivot": [0.6875, 1.125, -2.0625],
							"rotation": [-25.87669, 0, -14.03624],
							"uv": {
								"west": {"uv": [19, 13], "uv_size": [0.5, 0.5]},
								"down": {"uv": [14, 19.5], "uv_size": [0.5, -0.5]}
							}
						},
						{
							"origin": [0.59375, 1.125, -2.0625],
							"size": [0.09375, 0.01559, 0.00612],
							"pivot": [0.6875, 1.125, -2.0625],
							"rotation": [-25.87669, 0, -14.03624],
							"uv": {
								"west": {"uv": [19, 14], "uv_size": [0.5, 0.5]}
							}
						},
						{
							"origin": [0.5, 0.1875, -2.47535],
							"size": [0.1875, 0.375, 0.22535],
							"inflate": -0.001,
							"pivot": [0.6875, 0.5625, -2.25],
							"rotation": [0, 56.30993, 0],
							"uv": {
								"west": {"uv": [15, 19], "uv_size": [0.5, 0.5]},
								"up": {"uv": [19, 15], "uv_size": [0.5, 0.5]},
								"down": {"uv": [16, 19.5], "uv_size": [0.5, -0.5]}
							}
						},
						{
							"origin": [-0.6875, 0.1875, -1.75],
							"size": [1.375, 0.1875, 0.625],
							"uv": {
								"east": {"uv": [19, 16], "uv_size": [0.5, 0.5]},
								"west": {"uv": [17, 19], "uv_size": [0.5, 0.5]},
								"up": {"uv": [6, 8], "uv_size": [1.5, 0.5]},
								"down": {"uv": [8, 8.5], "uv_size": [1.5, -0.5]}
							}
						},
						{
							"origin": [-0.6875, 0.43907, -1.81851],
							"size": [1.375, 0.1875, 0.1875],
							"inflate": -0.001,
							"pivot": [0, 0.53282, -1.94351],
							"rotation": [45, 0, 0],
							"uv": {
								"east": {"uv": [19, 17], "uv_size": [0.5, 0.5]},
								"west": {"uv": [18, 19], "uv_size": [0.5, 0.5]},
								"down": {"uv": [0, 9.5], "uv_size": [1.5, -0.5]}
							}
						},
						{
							"origin": [-0.6875, 0.43593, -1.81851],
							"size": [1.375, 0.1875, 0.1875],
							"inflate": -0.001,
							"pivot": [0, 0.52968, -1.94351],
							"rotation": [-45, 0, 0],
							"uv": {
								"east": {"uv": [19, 18], "uv_size": [0.5, 0.5]},
								"west": {"uv": [19, 19], "uv_size": [0.5, 0.5]},
								"up": {"uv": [9, 1], "uv_size": [1.5, 0.5]}
							}
						},
						{
							"origin": [0.625, 0.5, 0.0625],
							"size": [0.125, 0.125, 0.39528],
							"inflate": -0.001,
							"pivot": [0.75, 0.1875, 0.0625],
							"rotation": [0, -18.43495, 0],
							"uv": {
								"west": {"uv": [0, 20], "uv_size": [0.5, 0.5]},
								"up": {"uv": [20, 0], "uv_size": [0.5, 0.5]},
								"down": {"uv": [1, 20.5], "uv_size": [0.5, -0.5]}
							}
						},
						{
							"origin": [0.625, 0.1875, 0.0625],
							"size": [0.125, 0.125, 0.39528],
							"inflate": -0.001,
							"pivot": [0.75, -0.125, 0.0625],
							"rotation": [0, -18.43495, 0],
							"uv": {
								"west": {"uv": [20, 1], "uv_size": [0.5, 0.5]},
								"up": {"uv": [2, 20], "uv_size": [0.5, 0.5]},
								"down": {"uv": [20, 2.5], "uv_size": [0.5, -0.5]}
							}
						},
						{
							"origin": [0.625, 0.3125, 0.0625],
							"size": [0.125, 0.1875, 0.08278],
							"pivot": [0.75, -0.125, 0.0625],
							"rotation": [0, -18.43495, 0],
							"uv": {
								"south": {"uv": [3, 20], "uv_size": [0.5, 0.5]},
								"west": {"uv": [20, 3], "uv_size": [0.5, 0.5]}
							}
						},
						{
							"origin": [-0.625, 0.625, -1.125],
							"size": [0.0625, 0.125, 0.875],
							"uv": {
								"north": {"uv": [4, 20], "uv_size": [0.5, 0.5]},
								"east": {"uv": [11, 6], "uv_size": [1, 0.5]},
								"west": {"uv": [7, 11], "uv_size": [1, 0.5]}
							}
						},
						{
							"origin": [0.5625, 0.625, -1.125],
							"size": [0.0625, 0.125, 0.875],
							"uv": {
								"north": {"uv": [20, 4], "uv_size": [0.5, 0.5]},
								"east": {"uv": [11, 7], "uv_size": [1, 0.5]},
								"west": {"uv": [8, 11], "uv_size": [1, 0.5]}
							}
						},
						{
							"origin": [-0.625, 0.49621, -1.17835],
							"size": [1.25, 0.125, 0.0625],
							"inflate": -0.001,
							"pivot": [0, 0.55871, -1.1471],
							"rotation": [-45, 0, 0],
							"uv": {
								"north": {"uv": [2, 9], "uv_size": [1.5, 0.5]},
								"east": {"uv": [5, 20], "uv_size": [0.5, 0.5]},
								"west": {"uv": [20, 5], "uv_size": [0.5, 0.5]}
							}
						},
						{
							"origin": [-0.625, 0.49621, -1.25915],
							"size": [1.25, 0.125, 0.0625],
							"inflate": -0.001,
							"pivot": [0, 0.55871, -1.2279],
							"rotation": [45, 0, 0],
							"uv": {
								"east": {"uv": [6, 20], "uv_size": [0.5, 0.5]},
								"south": {"uv": [9, 2], "uv_size": [1.5, 0.5]},
								"west": {"uv": [20, 6], "uv_size": [0.5, 0.5]}
							}
						},
						{
							"origin": [0.5625, 0.60604, -1.08682],
							"size": [0.1875, 0.08839, 0.08839],
							"inflate": -0.001,
							"pivot": [0.65625, 0.63193, -1.27968],
							"rotation": [45, 0, 0],
							"uv": {
								"north": {"uv": [7, 20], "uv_size": [0.5, 0.5]},
								"east": {"uv": [20, 7], "uv_size": [0.5, 0.5]},
								"west": {"uv": [8, 20], "uv_size": [0.5, 0.5]},
								"up": {"uv": [20, 8], "uv_size": [0.5, 0.5]}
							}
						},
						{
							"origin": [-0.75, 0.1875, 0.0625],
							"size": [0.125, 0.125, 0.39528],
							"inflate": -0.001,
							"pivot": [-0.75, -0.125, 0.0625],
							"rotation": [0, 18.43495, 0],
							"uv": {
								"east": {"uv": [9, 20], "uv_size": [0.5, 0.5]},
								"up": {"uv": [20, 9], "uv_size": [0.5, 0.5]},
								"down": {"uv": [10, 20.5], "uv_size": [0.5, -0.5]}
							}
						},
						{
							"origin": [-0.75, 0.3125, 0.0625],
							"size": [0.125, 0.1875, 0.08278],
							"pivot": [-0.75, -0.125, 0.0625],
							"rotation": [0, 18.43495, 0],
							"uv": {
								"east": {"uv": [20, 10], "uv_size": [0.5, 0.5]},
								"south": {"uv": [11, 20], "uv_size": [0.5, 0.5]}
							}
						},
						{
							"origin": [-0.75, 0.5, 0.0625],
							"size": [0.125, 0.125, 0.39528],
							"inflate": -0.001,
							"pivot": [-0.75, 0.1875, 0.0625],
							"rotation": [0, 18.43495, 0],
							"uv": {
								"east": {"uv": [20, 11], "uv_size": [0.5, 0.5]},
								"up": {"uv": [12, 20], "uv_size": [0.5, 0.5]},
								"down": {"uv": [20, 12.5], "uv_size": [0.5, -0.5]}
							}
						},
						{
							"origin": [-0.75, 0.6875, -0.5],
							"size": [0.1875, 0.1875, 0.61555],
							"inflate": -0.001,
							"pivot": [0, 0.875, -0.5],
							"rotation": [-23.96249, 0, 0],
							"uv": {
								"east": {"uv": [13, 20], "uv_size": [0.5, 0.5]},
								"west": {"uv": [20, 13], "uv_size": [0.5, 0.5]},
								"up": {"uv": [14, 20], "uv_size": [0.5, 0.5]}
							}
						},
						{
							"origin": [-0.75, 0.75, -1.125],
							"size": [0.1875, 0.125, 0.625],
							"uv": {
								"east": {"uv": [20, 14], "uv_size": [0.5, 0.5]},
								"west": {"uv": [15, 20], "uv_size": [0.5, 0.5]},
								"up": {"uv": [20, 15], "uv_size": [0.5, 0.5]},
								"down": {"uv": [16, 20.5], "uv_size": [0.5, -0.5]}
							}
						},
						{
							"origin": [-0.75, 0.60604, -1.08682],
							"size": [0.1875, 0.08839, 0.08839],
							"inflate": -0.001,
							"pivot": [-0.65625, 0.63193, -1.27968],
							"rotation": [45, 0, 0],
							"uv": {
								"north": {"uv": [20, 16], "uv_size": [0.5, 0.5]},
								"east": {"uv": [17, 20], "uv_size": [0.5, 0.5]},
								"west": {"uv": [20, 17], "uv_size": [0.5, 0.5]},
								"up": {"uv": [18, 20], "uv_size": [0.5, 0.5]}
							}
						},
						{
							"origin": [0.5625, 0.75, -1.125],
							"size": [0.1875, 0.125, 0.625],
							"uv": {
								"east": {"uv": [20, 18], "uv_size": [0.5, 0.5]},
								"west": {"uv": [19, 20], "uv_size": [0.5, 0.5]},
								"up": {"uv": [20, 19], "uv_size": [0.5, 0.5]},
								"down": {"uv": [20, 20.5], "uv_size": [0.5, -0.5]}
							}
						},
						{
							"origin": [0.5625, 0.6875, -0.5],
							"size": [0.1875, 0.1875, 0.61555],
							"inflate": -0.001,
							"pivot": [0, 0.875, -0.5],
							"rotation": [-23.96249, 0, 0],
							"uv": {
								"east": {"uv": [0, 21], "uv_size": [0.5, 0.5]},
								"west": {"uv": [21, 0], "uv_size": [0.5, 0.5]},
								"up": {"uv": [1, 21], "uv_size": [0.5, 0.5]}
							}
						},
						{
							"origin": [-0.625, 0.1875, 0.0625],
							"size": [1.25, 0.125, 0.375],
							"uv": {
								"down": {"uv": [4, 9.5], "uv_size": [1.5, -0.5]}
							}
						},
						{
							"origin": [-0.625, 0.1875, 0.3125],
							"size": [1.25, 0.39528, 0.125],
							"inflate": -0.001,
							"pivot": [0, 0.1875, 0.4375],
							"rotation": [-71.56505, 0, 0],
							"uv": {
								"east": {"uv": [21, 1], "uv_size": [0.5, 0.5]},
								"south": {"uv": [9, 4], "uv_size": [1.5, 0.5]},
								"west": {"uv": [2, 21], "uv_size": [0.5, 0.5]}
							}
						},
						{
							"origin": [-0.25, 0.1875, 0.4375],
							"size": [0.5, 0.1875, 0.375],
							"uv": {
								"south": {"uv": [21, 2], "uv_size": [0.5, 0.5]},
								"down": {"uv": [3, 21.5], "uv_size": [0.5, -0.5]}
							}
						},
						{
							"origin": [-0.375, 0.1875, 0.25348],
							"size": [0.75, 0.1875, 0.55902],
							"pivot": [0.375, 0.375, 0.8125],
							"rotation": [-26.56505, 0, 0],
							"uv": {
								"up": {"uv": [11, 8], "uv_size": [1, 0.5]}
							}
						},
						{
							"origin": [-0.125, 0.52135, 0.30279],
							"size": [0.25, 0.125, 0.24652],
							"pivot": [0, 0.58385, 0.39479],
							"rotation": [-26.56505, 0, 0],
							"uv": {
								"north": {"uv": [21, 3], "uv_size": [0.5, 0.5]},
								"up": {"uv": [4, 21], "uv_size": [0.5, 0.5]}
							}
						},
						{
							"origin": [-0.23169, 0.45867, 0.27144],
							"size": [0.1875, 0.125, 0.24652],
							"inflate": 0.001,
							"pivot": [-0.16919, 0.52117, 0.36345],
							"rotation": [-19.47122, -18.43495, -41.81031],
							"uv": {
								"north": {"uv": [7, 21], "uv_size": [0.5, 0.5]},
								"up": {"uv": [21, 7], "uv_size": [0.5, 0.5]}
							}
						},
						{
							"origin": [-0.24494, 0.39645, 0.46804],
							"size": [0.15359, 0.125, 0.10755],
							"pivot": [-0.1851, 0.45895, 0.45232],
							"rotation": [-19.08369, 14.71338, -53.2113],
							"uv": {
								"up": {"uv": [8, 21], "uv_size": [0.5, 0.5]}
							}
						},
						{
							"origin": [0.09135, 0.39645, 0.46804],
							"size": [0.15359, 0.125, 0.10755],
							"pivot": [0.1851, 0.45895, 0.45232],
							"rotation": [-19.08369, -14.71338, 53.2113],
							"uv": {
								"up": {"uv": [21, 8], "uv_size": [0.5, 0.5]}
							}
						},
						{
							"origin": [0.04419, 0.45867, 0.27144],
							"size": [0.1875, 0.125, 0.24652],
							"inflate": 0.001,
							"pivot": [0.16919, 0.52117, 0.36345],
							"rotation": [-19.47122, 18.43495, 41.81031],
							"uv": {
								"north": {"uv": [9, 21], "uv_size": [0.5, 0.5]},
								"up": {"uv": [21, 9], "uv_size": [0.5, 0.5]}
							}
						},
						{
							"origin": [-0.125, 0.4011, 0.43874],
							"size": [0.25, 0.125, 0.18402],
							"inflate": 0.001,
							"pivot": [0, 0.4636, 0.53075],
							"rotation": [-71.56505, 0, 0],
							"uv": {
								"up": {"uv": [10, 21], "uv_size": [0.5, 0.5]}
							}
						},
						{
							"origin": [0.09481, 0.34847, 0.45628],
							"size": [0.10686, 0.125, 0.14981],
							"pivot": [0.07667, 0.41097, 0.54829],
							"rotation": [-74.81719, 10.58153, -34.08579],
							"uv": {
								"up": {"uv": [21, 10], "uv_size": [0.5, 0.5]}
							}
						},
						{
							"origin": [-0.20167, 0.34847, 0.45628],
							"size": [0.10686, 0.125, 0.14981],
							"pivot": [-0.07667, 0.41097, 0.54829],
							"rotation": [-74.81719, -10.58153, 34.08579],
							"uv": {
								"up": {"uv": [11, 21], "uv_size": [0.5, 0.5]}
							}
						},
						{
							"origin": [0.25, 0.1875, 0.4375],
							"size": [0.33657, 0.1875, 0.375],
							"inflate": 0.001,
							"pivot": [0.25, 0.1875, 0.8125],
							"rotation": [0, 0, -21.80141],
							"uv": {
								"south": {"uv": [21, 11], "uv_size": [0.5, 0.5]},
								"up": {"uv": [12, 21], "uv_size": [0.5, 0.5]},
								"down": {"uv": [21, 12.5], "uv_size": [0.5, -0.5]}
							}
						},
						{
							"origin": [-0.58657, 0.1875, 0.4375],
							"size": [0.33657, 0.1875, 0.375],
							"inflate": 0.001,
							"pivot": [-0.25, 0.1875, 0.8125],
							"rotation": [0, 0, 21.80141],
							"uv": {
								"south": {"uv": [13, 21], "uv_size": [0.5, 0.5]},
								"up": {"uv": [21, 13], "uv_size": [0.5, 0.5]},
								"down": {"uv": [14, 21.5], "uv_size": [0.5, -0.5]}
							}
						},
						{
							"origin": [0.375, 0.3125, 0.3125],
							"size": [0.25, 0.1875, 0.5],
							"uv": {
								"east": {"uv": [21, 14], "uv_size": [0.5, 0.5]},
								"south": {"uv": [15, 21], "uv_size": [0.5, 0.5]},
								"west": {"uv": [21, 15], "uv_size": [0.5, 0.5]}
							}
						},
						{
							"origin": [-0.625, 0.42992, 0.60669],
							"size": [0.25, 0.125, 0.17678],
							"inflate": -0.001,
							"pivot": [-0.53125, 0.49242, 0.73169],
							"rotation": [-45, 0, 0],
							"uv": {
								"east": {"uv": [16, 21], "uv_size": [0.5, 0.5]},
								"west": {"uv": [21, 16], "uv_size": [0.5, 0.5]},
								"up": {"uv": [17, 21], "uv_size": [0.5, 0.5]}
							}
						},
						{
							"origin": [-0.625, 0.5, 0.3125],
							"size": [0.25, 0.125, 0.375],
							"uv": {
								"east": {"uv": [21, 17], "uv_size": [0.5, 0.5]},
								"up": {"uv": [18, 21], "uv_size": [0.5, 0.5]}
							}
						},
						{
							"origin": [-0.48895, 0.3125, 0.20787],
							"size": [0.1875, 0.3125, 0.4375],
							"inflate": -0.001,
							"pivot": [-0.4577, 0.5625, 0.45787],
							"rotation": [0, -20, 0],
							"uv": {
								"west": {"uv": [21, 18], "uv_size": [0.5, 0.5]},
								"up": {"uv": [19, 21], "uv_size": [0.5, 0.5]}
							}
						},
						{
							"origin": [0.30145, 0.3125, 0.20787],
							"size": [0.1875, 0.3125, 0.4375],
							"inflate": -0.001,
							"pivot": [0.4577, 0.5625, 0.45787],
							"rotation": [0, 20, 0],
							"uv": {
								"east": {"uv": [21, 19], "uv_size": [0.5, 0.5]},
								"up": {"uv": [20, 21], "uv_size": [0.5, 0.5]}
							}
						},
						{
							"origin": [-0.625, 0.3125, 0.3125],
							"size": [0.25, 0.1875, 0.5],
							"uv": {
								"east": {"uv": [21, 20], "uv_size": [0.5, 0.5]},
								"south": {"uv": [21, 21], "uv_size": [0.5, 0.5]},
								"west": {"uv": [0, 22], "uv_size": [0.5, 0.5]}
							}
						},
						{
							"origin": [-0.65625, 0.34375, 0.25],
							"size": [1.3125, 0.125, 0.375],
							"uv": {
								"east": {"uv": [22, 0], "uv_size": [0.5, 0.5]},
								"west": {"uv": [1, 22], "uv_size": [0.5, 0.5]},
								"up": {"uv": [9, 5], "uv_size": [1.5, 0.5]},
								"down": {"uv": [6, 9.5], "uv_size": [1.5, -0.5]}
							}
						},
						{
							"origin": [-0.65625, 0.26608, 0.52589],
							"size": [1.3125, 0.08839, 0.08839],
							"inflate": -0.001,
							"pivot": [0, 0.29197, 0.71339],
							"rotation": [-45, 0, 0],
							"uv": {
								"east": {"uv": [22, 1], "uv_size": [0.5, 0.5]},
								"south": {"uv": [9, 6], "uv_size": [1.5, 0.5]},
								"west": {"uv": [2, 22], "uv_size": [0.5, 0.5]},
								"up": {"uv": [9, 7], "uv_size": [1.5, 0.5]}
							}
						},
						{
							"origin": [-0.65625, 0.26608, 0.26072],
							"size": [1.3125, 0.08839, 0.08839],
							"inflate": -0.001,
							"pivot": [0, 0.29197, 0.16161],
							"rotation": [45, 0, 0],
							"uv": {
								"north": {"uv": [8, 9], "uv_size": [1.5, 0.5]},
								"east": {"uv": [22, 2], "uv_size": [0.5, 0.5]},
								"west": {"uv": [3, 22], "uv_size": [0.5, 0.5]},
								"up": {"uv": [0, 10], "uv_size": [1.5, 0.5]}
							}
						},
						{
							"origin": [0.375, 0.5, 0.3125],
							"size": [0.25, 0.125, 0.375],
							"uv": {
								"west": {"uv": [22, 3], "uv_size": [0.5, 0.5]},
								"up": {"uv": [4, 22], "uv_size": [0.5, 0.5]}
							}
						},
						{
							"origin": [0.375, 0.42992, 0.60669],
							"size": [0.25, 0.125, 0.17678],
							"inflate": -0.001,
							"pivot": [0.53125, 0.49242, 0.73169],
							"rotation": [-45, 0, 0],
							"uv": {
								"east": {"uv": [22, 4], "uv_size": [0.5, 0.5]},
								"west": {"uv": [5, 22], "uv_size": [0.5, 0.5]},
								"up": {"uv": [22, 5], "uv_size": [0.5, 0.5]}
							}
						}
					]
				},
				{
					"name": "button",
					"parent": "sight",
					"pivot": [0, 0, 0.625],
					"cubes": [
						{
							"origin": [0.625, 0.375, -1.03125],
							"size": [0.1875, 0.375, 0.57813],
							"uv": {
								"west": {"uv": [6, 22], "uv_size": [0.5, 0.5]},
								"up": {"uv": [22, 6], "uv_size": [0.5, 0.5]},
								"down": {"uv": [7, 22.5], "uv_size": [0.5, -0.5]}
							}
						},
						{
							"origin": [0.75, 0.75, -0.875],
							"size": [0.03125, 0.0625, 0.4375],
							"uv": {
								"west": {"uv": [22, 7], "uv_size": [0.5, 0.5]},
								"up": {"uv": [8, 22], "uv_size": [0.5, 0.5]},
								"down": {"uv": [22, 8.5], "uv_size": [0.5, -0.5]}
							}
						},
						{
							"origin": [0.75, 0.3125, -0.875],
							"size": [0.03125, 0.0625, 0.4375],
							"uv": {
								"west": {"uv": [9, 22], "uv_size": [0.5, 0.5]},
								"up": {"uv": [22, 9], "uv_size": [0.5, 0.5]},
								"down": {"uv": [10, 22.5], "uv_size": [0.5, -0.5]}
							}
						},
						{
							"origin": [0.66748, 0.75, -0.97737],
							"size": [0.03125, 0.0625, 0.125],
							"inflate": -0.001,
							"pivot": [0.6831, 0.5625, -1.07112],
							"rotation": [0, 22.5, 0],
							"uv": {
								"west": {"uv": [22, 10], "uv_size": [0.5, 0.5]},
								"up": {"uv": [11, 22], "uv_size": [0.5, 0.5]},
								"down": {"uv": [22, 11.5], "uv_size": [0.5, -0.5]}
							}
						},
						{
							"origin": [0.66748, 0.3125, -0.97737],
							"size": [0.03125, 0.0625, 0.125],
							"inflate": -0.001,
							"pivot": [0.6831, 0.5625, -1.07112],
							"rotation": [0, 22.5, 0],
							"uv": {
								"west": {"uv": [12, 22], "uv_size": [0.5, 0.5]},
								"up": {"uv": [22, 12], "uv_size": [0.5, 0.5]},
								"down": {"uv": [13, 22.5], "uv_size": [0.5, -0.5]}
							}
						},
						{
							"origin": [0.75, 0.45313, -0.35937],
							"size": [0.03125, 0.21875, 0.0625],
							"uv": {
								"north": {"uv": [22, 13], "uv_size": [0.5, 0.5]},
								"south": {"uv": [14, 22], "uv_size": [0.5, 0.5]},
								"west": {"uv": [22, 14], "uv_size": [0.5, 0.5]}
							}
						},
						{
							"origin": [0.75, 0.61774, -0.42756],
							"size": [0.03125, 0.19887, 0.0625],
							"inflate": -0.001,
							"pivot": [0.70313, 0.72712, -0.39631],
							"rotation": [45, 0, 0],
							"uv": {
								"north": {"uv": [15, 22], "uv_size": [0.5, 0.5]},
								"south": {"uv": [22, 15], "uv_size": [0.5, 0.5]},
								"west": {"uv": [16, 22], "uv_size": [0.5, 0.5]}
							}
						},
						{
							"origin": [0.75, 0.30547, -0.42053],
							"size": [0.03125, 0.19887, 0.0625],
							"inflate": -0.001,
							"pivot": [0.70313, 0.40491, -0.38928],
							"rotation": [-45, 0, 0],
							"uv": {
								"north": {"uv": [22, 16], "uv_size": [0.5, 0.5]},
								"south": {"uv": [17, 22], "uv_size": [0.5, 0.5]},
								"west": {"uv": [22, 17], "uv_size": [0.5, 0.5]}
							}
						},
						{
							"origin": [0.625, 0.46875, -1.125],
							"size": [0.1875, 0.1875, 0.09375],
							"uv": {
								"north": {"uv": [18, 22], "uv_size": [0.5, 0.5]},
								"west": {"uv": [22, 18], "uv_size": [0.5, 0.5]}
							}
						},
						{
							"origin": [0.625, 0.46875, -0.45312],
							"size": [0.1875, 0.1875, 0.09375],
							"uv": {
								"south": {"uv": [19, 22], "uv_size": [0.5, 0.5]},
								"west": {"uv": [22, 19], "uv_size": [0.5, 0.5]}
							}
						},
						{
							"origin": [0.625, 0.61173, -0.46685],
							"size": [0.1875, 0.13258, 0.09375],
							"inflate": -0.001,
							"pivot": [0.71875, 0.65056, -0.41998],
							"rotation": [45, 0, 0],
							"uv": {
								"south": {"uv": [20, 22], "uv_size": [0.5, 0.5]},
								"west": {"uv": [22, 20], "uv_size": [0.5, 0.5]}
							}
						},
						{
							"origin": [0.625, 0.38873, -0.48627],
							"size": [0.1875, 0.13258, 0.09375],
							"inflate": -0.001,
							"pivot": [0.71875, 0.45502, -0.4394],
							"rotation": [-45, 0, 0],
							"uv": {
								"south": {"uv": [21, 22], "uv_size": [0.5, 0.5]},
								"west": {"uv": [22, 21], "uv_size": [0.5, 0.5]}
							}
						},
						{
							"origin": [0.625, 0.61173, -1.11127],
							"size": [0.1875, 0.13258, 0.09375],
							"inflate": -0.001,
							"pivot": [0.71875, 0.65056, -1.0644],
							"rotation": [-45, 0, 0],
							"uv": {
								"north": {"uv": [22, 22], "uv_size": [0.5, 0.5]},
								"west": {"uv": [0, 23], "uv_size": [0.5, 0.5]}
							}
						},
						{
							"origin": [0.625, 0.38873, -1.09185],
							"size": [0.1875, 0.13258, 0.09375],
							"inflate": -0.001,
							"pivot": [0.71875, 0.45502, -1.04498],
							"rotation": [45, 0, 0],
							"uv": {
								"north": {"uv": [23, 0], "uv_size": [0.5, 0.5]},
								"west": {"uv": [1, 23], "uv_size": [0.5, 0.5]}
							}
						},
						{
							"origin": [-0.69873, 0.75, -0.97737],
							"size": [0.03125, 0.0625, 0.125],
							"inflate": -0.001,
							"pivot": [-0.6831, 0.5625, -1.07112],
							"rotation": [0, -22.5, 0],
							"uv": {
								"east": {"uv": [23, 1], "uv_size": [0.5, 0.5]},
								"up": {"uv": [2, 23], "uv_size": [0.5, 0.5]},
								"down": {"uv": [23, 2.5], "uv_size": [0.5, -0.5]}
							}
						},
						{
							"origin": [-0.69873, 0.3125, -0.97737],
							"size": [0.03125, 0.0625, 0.125],
							"inflate": -0.001,
							"pivot": [-0.6831, 0.5625, -1.07112],
							"rotation": [0, -22.5, 0],
							"uv": {
								"east": {"uv": [3, 23], "uv_size": [0.5, 0.5]},
								"up": {"uv": [23, 3], "uv_size": [0.5, 0.5]},
								"down": {"uv": [4, 23.5], "uv_size": [0.5, -0.5]}
							}
						},
						{
							"origin": [-0.78125, 0.30547, -0.42053],
							"size": [0.03125, 0.19887, 0.0625],
							"inflate": -0.001,
							"pivot": [-0.70312, 0.40491, -0.38928],
							"rotation": [-45, 0, 0],
							"uv": {
								"north": {"uv": [23, 4], "uv_size": [0.5, 0.5]},
								"east": {"uv": [5, 23], "uv_size": [0.5, 0.5]},
								"south": {"uv": [23, 5], "uv_size": [0.5, 0.5]}
							}
						},
						{
							"origin": [-0.78125, 0.61774, -0.42756],
							"size": [0.03125, 0.19887, 0.0625],
							"inflate": -0.001,
							"pivot": [-0.70312, 0.72712, -0.39631],
							"rotation": [45, 0, 0],
							"uv": {
								"north": {"uv": [6, 23], "uv_size": [0.5, 0.5]},
								"east": {"uv": [23, 6], "uv_size": [0.5, 0.5]},
								"south": {"uv": [7, 23], "uv_size": [0.5, 0.5]}
							}
						},
						{
							"origin": [-0.8125, 0.61173, -1.11127],
							"size": [0.1875, 0.13258, 0.09375],
							"inflate": -0.001,
							"pivot": [-0.71875, 0.65056, -1.0644],
							"rotation": [-45, 0, 0],
							"uv": {
								"north": {"uv": [23, 7], "uv_size": [0.5, 0.5]},
								"east": {"uv": [8, 23], "uv_size": [0.5, 0.5]}
							}
						},
						{
							"origin": [-0.8125, 0.38873, -1.09185],
							"size": [0.1875, 0.13258, 0.09375],
							"inflate": -0.001,
							"pivot": [-0.71875, 0.45502, -1.04498],
							"rotation": [45, 0, 0],
							"uv": {
								"north": {"uv": [23, 8], "uv_size": [0.5, 0.5]},
								"east": {"uv": [9, 23], "uv_size": [0.5, 0.5]}
							}
						},
						{
							"origin": [-0.8125, 0.38873, -0.48627],
							"size": [0.1875, 0.13258, 0.09375],
							"inflate": -0.001,
							"pivot": [-0.71875, 0.45502, -0.4394],
							"rotation": [-45, 0, 0],
							"uv": {
								"east": {"uv": [23, 9], "uv_size": [0.5, 0.5]},
								"south": {"uv": [10, 23], "uv_size": [0.5, 0.5]}
							}
						},
						{
							"origin": [-0.8125, 0.61173, -0.46685],
							"size": [0.1875, 0.13258, 0.09375],
							"inflate": -0.001,
							"pivot": [-0.71875, 0.65056, -0.41998],
							"rotation": [45, 0, 0],
							"uv": {
								"east": {"uv": [23, 10], "uv_size": [0.5, 0.5]},
								"south": {"uv": [11, 23], "uv_size": [0.5, 0.5]}
							}
						},
						{
							"origin": [-0.78125, 0.45313, -0.35937],
							"size": [0.03125, 0.21875, 0.0625],
							"uv": {
								"north": {"uv": [23, 11], "uv_size": [0.5, 0.5]},
								"east": {"uv": [12, 23], "uv_size": [0.5, 0.5]},
								"south": {"uv": [23, 12], "uv_size": [0.5, 0.5]}
							}
						},
						{
							"origin": [-0.78125, 0.3125, -0.875],
							"size": [0.03125, 0.0625, 0.4375],
							"uv": {
								"east": {"uv": [13, 23], "uv_size": [0.5, 0.5]},
								"up": {"uv": [23, 13], "uv_size": [0.5, 0.5]},
								"down": {"uv": [14, 23.5], "uv_size": [0.5, -0.5]}
							}
						},
						{
							"origin": [-0.78125, 0.75, -0.875],
							"size": [0.03125, 0.0625, 0.4375],
							"uv": {
								"east": {"uv": [23, 14], "uv_size": [0.5, 0.5]},
								"up": {"uv": [15, 23], "uv_size": [0.5, 0.5]},
								"down": {"uv": [23, 15.5], "uv_size": [0.5, -0.5]}
							}
						},
						{
							"origin": [-0.8125, 0.46875, -0.45312],
							"size": [0.1875, 0.1875, 0.09375],
							"uv": {
								"east": {"uv": [16, 23], "uv_size": [0.5, 0.5]},
								"south": {"uv": [23, 16], "uv_size": [0.5, 0.5]}
							}
						},
						{
							"origin": [-0.8125, 0.46875, -1.125],
							"size": [0.1875, 0.1875, 0.09375],
							"uv": {
								"north": {"uv": [17, 23], "uv_size": [0.5, 0.5]},
								"east": {"uv": [23, 17], "uv_size": [0.5, 0.5]}
							}
						},
						{
							"origin": [-0.8125, 0.375, -1.03125],
							"size": [0.1875, 0.375, 0.57813],
							"uv": {
								"east": {"uv": [18, 23], "uv_size": [0.5, 0.5]},
								"up": {"uv": [23, 18], "uv_size": [0.5, 0.5]},
								"down": {"uv": [19, 23.5], "uv_size": [0.5, -0.5]}
							}
						}
					]
				},
				{
					"name": "sight_screw",
					"parent": "sight",
					"pivot": [0, 0, 0.75],
					"cubes": [
						{
							"origin": [-0.4375, 0.625, -0.75],
							"size": [0.875, 0.125, 0.375],
							"inflate": 0.001,
							"uv": {
								"east": {"uv": [23, 19], "uv_size": [0.5, 0.5]},
								"west": {"uv": [20, 23], "uv_size": [0.5, 0.5]},
								"up": {"uv": [9, 11], "uv_size": [1, 0.5]}
							}
						},
						{
							"origin": [-0.1875, 0.625, -1],
							"size": [0.375, 0.125, 0.875],
							"uv": {
								"north": {"uv": [23, 20], "uv_size": [0.5, 0.5]},
								"south": {"uv": [21, 23], "uv_size": [0.5, 0.5]},
								"up": {"uv": [11, 9], "uv_size": [0.5, 1]}
							}
						},
						{
							"origin": [-0.25, 0.75, -0.8125],
							"size": [0.5, 0.03125, 0.5],
							"pivot": [0, 0.76563, -0.5625],
							"rotation": [0, 45, 0],
							"uv": {
								"north": {"uv": [23, 21], "uv_size": [0.5, 0.5]},
								"east": {"uv": [22, 23], "uv_size": [0.5, 0.5]},
								"south": {"uv": [23, 22], "uv_size": [0.5, 0.5]},
								"west": {"uv": [23, 23], "uv_size": [0.5, 0.5]},
								"up": {"uv": [0, 24], "uv_size": [0.5, 0.5]}
							}
						},
						{
							"origin": [-0.17678, 0.625, -1.00444],
							"size": [0.35355, 0.125, 0.88388],
							"inflate": -0.001,
							"pivot": [0, 0.6875, -0.5625],
							"rotation": [0, 45, 0],
							"uv": {
								"north": {"uv": [24, 0], "uv_size": [0.5, 0.5]},
								"south": {"uv": [1, 24], "uv_size": [0.5, 0.5]},
								"up": {"uv": [10, 11], "uv_size": [0.5, 1]}
							}
						},
						{
							"origin": [-0.17678, 0.625, -1.00444],
							"size": [0.35355, 0.125, 0.88388],
							"inflate": -0.001,
							"pivot": [0, 0.6875, -0.5625],
							"rotation": [0, -45, 0],
							"uv": {
								"north": {"uv": [24, 1], "uv_size": [0.5, 0.5]},
								"south": {"uv": [2, 24], "uv_size": [0.5, 0.5]},
								"up": {"uv": [11, 10], "uv_size": [0.5, 1]}
							}
						}
					]
				},
				{
					"name": "deco",
					"parent": "sight",
					"pivot": [-0.34153, 0.64063, -0.95581],
					"cubes": [
						{
							"origin": [-0.48261, 0.57813, -0.98706],
							"size": [0.15625, 0.0625, 0.15625],
							"inflate": -0.001,
							"pivot": [-0.34153, 0.64063, -0.95581],
							"rotation": [0, -45, 0],
							"uv": {
								"north": {"uv": [24, 2], "uv_size": [0.5, 0.5]},
								"east": {"uv": [3, 24], "uv_size": [0.5, 0.5]},
								"south": {"uv": [24, 3], "uv_size": [0.5, 0.5]},
								"west": {"uv": [4, 24], "uv_size": [0.5, 0.5]},
								"up": {"uv": [24, 4], "uv_size": [0.5, 0.5]}
							}
						},
						{
							"origin": [0.32636, 0.57813, -0.98706],
							"size": [0.15625, 0.0625, 0.15625],
							"inflate": -0.001,
							"pivot": [0.34153, 0.64063, -0.95581],
							"rotation": [0, 45, 0],
							"uv": {
								"north": {"uv": [5, 24], "uv_size": [0.5, 0.5]},
								"east": {"uv": [24, 5], "uv_size": [0.5, 0.5]},
								"south": {"uv": [6, 24], "uv_size": [0.5, 0.5]},
								"west": {"uv": [24, 6], "uv_size": [0.5, 0.5]},
								"up": {"uv": [7, 24], "uv_size": [0.5, 0.5]}
							}
						},
						{
							"origin": [0.21875, 0.65625, 0.03125],
							"size": [0.125, 0.03125, 0.1875],
							"uv": {
								"north": {"uv": [24, 7], "uv_size": [0.5, 0.5]},
								"east": {"uv": [8, 24], "uv_size": [0.5, 0.5]},
								"south": {"uv": [24, 8], "uv_size": [0.5, 0.5]},
								"up": {"uv": [9, 24], "uv_size": [0.5, 0.5]}
							}
						},
						{
							"origin": [0.25915, 0.65625, 0.01451],
							"size": [0.13258, 0.03125, 0.13258],
							"inflate": -0.001,
							"pivot": [0.28125, 0.67188, 0.125],
							"rotation": [0, -45, 0],
							"uv": {
								"north": {"uv": [24, 9], "uv_size": [0.5, 0.5]},
								"west": {"uv": [10, 24], "uv_size": [0.5, 0.5]},
								"up": {"uv": [24, 10], "uv_size": [0.5, 0.5]}
							}
						},
						{
							"origin": [0.125, 0.59375, 0],
							"size": [0.375, 0.0625, 0.25],
							"uv": {
								"north": {"uv": [11, 24], "uv_size": [0.5, 0.5]},
								"east": {"uv": [24, 11], "uv_size": [0.5, 0.5]},
								"south": {"uv": [12, 24], "uv_size": [0.5, 0.5]},
								"west": {"uv": [24, 12], "uv_size": [0.5, 0.5]},
								"up": {"uv": [13, 24], "uv_size": [0.5, 0.5]}
							}
						},
						{
							"origin": [-0.5, 0.59375, 0],
							"size": [0.375, 0.0625, 0.25],
							"uv": {
								"north": {"uv": [24, 13], "uv_size": [0.5, 0.5]},
								"east": {"uv": [14, 24], "uv_size": [0.5, 0.5]},
								"south": {"uv": [24, 14], "uv_size": [0.5, 0.5]},
								"west": {"uv": [15, 24], "uv_size": [0.5, 0.5]},
								"up": {"uv": [24, 15], "uv_size": [0.5, 0.5]}
							}
						},
						{
							"origin": [-0.34375, 0.65625, 0.03125],
							"size": [0.125, 0.03125, 0.1875],
							"uv": {
								"north": {"uv": [16, 24], "uv_size": [0.5, 0.5]},
								"south": {"uv": [24, 16], "uv_size": [0.5, 0.5]},
								"west": {"uv": [17, 24], "uv_size": [0.5, 0.5]},
								"up": {"uv": [24, 17], "uv_size": [0.5, 0.5]}
							}
						},
						{
							"origin": [-0.39174, 0.65625, 0.01451],
							"size": [0.13258, 0.03125, 0.13258],
							"inflate": -0.001,
							"pivot": [-0.28125, 0.67188, 0.125],
							"rotation": [0, 45, 0],
							"uv": {
								"north": {"uv": [18, 24], "uv_size": [0.5, 0.5]},
								"east": {"uv": [24, 18], "uv_size": [0.5, 0.5]},
								"up": {"uv": [19, 24], "uv_size": [0.5, 0.5]}
							}
						},
						{
							"origin": [-0.46653, 0.59375, -0.03347],
							"size": [0.20267, 0.0625, 0.20267],
							"inflate": -0.001,
							"pivot": [-0.27903, 0.64063, 0.04419],
							"rotation": [0, -45, 0],
							"uv": {
								"north": {"uv": [24, 19], "uv_size": [0.5, 0.5]},
								"east": {"uv": [20, 24], "uv_size": [0.5, 0.5]},
								"up": {"uv": [24, 20], "uv_size": [0.5, 0.5]}
							}
						},
						{
							"origin": [0.26386, 0.59375, -0.03347],
							"size": [0.20267, 0.0625, 0.20267],
							"inflate": -0.001,
							"pivot": [0.27903, 0.64063, 0.04419],
							"rotation": [0, 45, 0],
							"uv": {
								"north": {"uv": [21, 24], "uv_size": [0.5, 0.5]},
								"west": {"uv": [24, 21], "uv_size": [0.5, 0.5]},
								"up": {"uv": [22, 24], "uv_size": [0.5, 0.5]}
							}
						},
						{
							"origin": [-0.54511, 0.57813, 0.45044],
							"size": [0.15625, 0.0625, 0.15625],
							"inflate": -0.001,
							"pivot": [-0.40403, 0.64063, 0.48169],
							"rotation": [0, -45, 0],
							"uv": {
								"north": {"uv": [24, 22], "uv_size": [0.5, 0.5]},
								"east": {"uv": [23, 24], "uv_size": [0.5, 0.5]},
								"south": {"uv": [24, 23], "uv_size": [0.5, 0.5]},
								"west": {"uv": [24, 24], "uv_size": [0.5, 0.5]},
								"up": {"uv": [0, 25], "uv_size": [0.5, 0.5]}
							}
						},
						{
							"origin": [0.38886, 0.57813, 0.45044],
							"size": [0.15625, 0.0625, 0.15625],
							"inflate": -0.001,
							"pivot": [0.40403, 0.64063, 0.48169],
							"rotation": [0, 45, 0],
							"uv": {
								"north": {"uv": [25, 0], "uv_size": [0.5, 0.5]},
								"east": {"uv": [1, 25], "uv_size": [0.5, 0.5]},
								"south": {"uv": [25, 1], "uv_size": [0.5, 0.5]},
								"west": {"uv": [2, 25], "uv_size": [0.5, 0.5]},
								"up": {"uv": [25, 2], "uv_size": [0.5, 0.5]}
							}
						},
						{
							"origin": [-0.65625, 0.45313, -1.65625],
							"size": [1.3125, 0.17188, 0.17188],
							"pivot": [0, 0.53125, -1.5625],
							"rotation": [45, 0, 0],
							"uv": {
								"north": {"uv": [7, 2], "uv_size": [1.5, 0.5]},
								"east": {"uv": [11, 14], "uv_size": [0.5, 0.5]},
								"south": {"uv": [7, 4], "uv_size": [1.5, 0.5]},
								"west": {"uv": [14, 11], "uv_size": [0.5, 0.5]},
								"up": {"uv": [5, 7], "uv_size": [1.5, 0.5]},
								"down": {"uv": [7, 5.5], "uv_size": [1.5, -0.5]}
							}
						},
						{
							"origin": [0.57812, 0.8125, -1.57812],
							"size": [0.125, 0.09375, 0.09375],
							"pivot": [0.04687, 0.90625, -1.57812],
							"rotation": [45, 0, 0],
							"uv": {
								"north": {"uv": [0, 15], "uv_size": [0.5, 0.5]},
								"south": {"uv": [15, 0], "uv_size": [0.5, 0.5]},
								"west": {"uv": [1, 15], "uv_size": [0.5, 0.5]},
								"up": {"uv": [15, 1], "uv_size": [0.5, 0.5]},
								"down": {"uv": [2, 15.5], "uv_size": [0.5, -0.5]}
							}
						},
						{
							"origin": [-0.70312, 0.28125, -1.95312],
							"size": [1.40625, 0.09375, 0.09375],
							"pivot": [0, 0.375, -1.95312],
							"rotation": [45, 0, 0],
							"uv": {
								"north": {"uv": [7, 6], "uv_size": [1.5, 0.5]},
								"east": {"uv": [15, 2], "uv_size": [0.5, 0.5]},
								"south": {"uv": [7, 7], "uv_size": [1.5, 0.5]},
								"west": {"uv": [3, 15], "uv_size": [0.5, 0.5]},
								"up": {"uv": [0, 8], "uv_size": [1.5, 0.5]},
								"down": {"uv": [8, 0.5], "uv_size": [1.5, -0.5]}
							}
						},
						{
							"origin": [-0.70312, 0.8125, -1.57812],
							"size": [0.125, 0.09375, 0.09375],
							"pivot": [-0.04687, 0.90625, -1.57812],
							"rotation": [45, 0, 0],
							"uv": {
								"north": {"uv": [12, 14], "uv_size": [0.5, 0.5]},
								"east": {"uv": [14, 12], "uv_size": [0.5, 0.5]},
								"south": {"uv": [13, 14], "uv_size": [0.5, 0.5]},
								"up": {"uv": [14, 13], "uv_size": [0.5, 0.5]},
								"down": {"uv": [14, 14.5], "uv_size": [0.5, -0.5]}
							}
						}
					]
				},
				{
					"name": "lightpart_illuminated",
					"parent": "deco",
					"pivot": [0, 0, 0],
					"cubes": [
						{
							"origin": [-0.04688, 0.58385, 0.27154],
							"size": [0.09375, 0.04688, 0.03125],
							"pivot": [0, 0.58385, 0.39479],
							"rotation": [-26.56505, 0, 0],
							"uv": {
								"north": {"uv": [21, 4], "uv_size": [0.5, 0.5]},
								"east": {"uv": [5, 21], "uv_size": [0.5, 0.5]},
								"west": {"uv": [21, 5], "uv_size": [0.5, 0.5]},
								"up": {"uv": [6, 21], "uv_size": [0.5, 0.5]},
								"down": {"uv": [21, 6.5], "uv_size": [0.5, -0.5]}
							}
						}
					]
				},
				{
					"name": "ocular",
					"pivot": [0, 1.875, -1.6],
					"cubes": [
						{
							"origin": [-0.5625, 0.8125, -1.725],
							"size": [1.125, 0.8125, 0.125],
							"uv": {
								"north": {"uv": [4, 0], "uv_size": [1, 1]},
								"east": {"uv": [10, 0], "uv_size": [0.5, 1]},
								"south": {"uv": [4, 1], "uv_size": [1, 1]},
								"west": {"uv": [2, 10], "uv_size": [0.5, 1]}
							}
						},
						{
							"origin": [-0.4375, 1.625, -1.725],
							"size": [0.875, 0.125, 0.125],
							"uv": {
								"north": {"uv": [3, 10], "uv_size": [1, 0.5]},
								"south": {"uv": [10, 3], "uv_size": [1, 0.5]},
								"up": {"uv": [4, 10], "uv_size": [1, 0.5]}
							}
						},
						{
							"origin": [-0.44194, 1.33395, -1.725],
							"size": [0.17678, 0.125, 0.125],
							"inflate": -0.001,
							"pivot": [-0.70267, 1.39645, -1.6625],
							"rotation": [0, 0, -45],
							"uv": {
								"north": {"uv": [11, 11], "uv_size": [0.5, 0.5]},
								"south": {"uv": [0, 12], "uv_size": [0.5, 0.5]},
								"up": {"uv": [12, 0], "uv_size": [0.5, 0.5]}
							}
						},
						{
							"origin": [0.26517, 1.33395, -1.725],
							"size": [0.17678, 0.125, 0.125],
							"inflate": -0.001,
							"pivot": [0.70267, 1.39645, -1.6625],
							"rotation": [0, 0, 45],
							"uv": {
								"north": {"uv": [1, 12], "uv_size": [0.5, 0.5]},
								"south": {"uv": [12, 1], "uv_size": [0.5, 0.5]},
								"up": {"uv": [2, 12], "uv_size": [0.5, 0.5]}
							}
						}
					]
				},
				{
					"name": "division",
					"pivot": [0, 0, 0]
				},
				{
					"name": "division_illuminated",
					"parent": "division",
					"pivot": [0, 1.25, -42],
					"cubes": [
						{
							"origin": [-0.125, 1.125, -42],
							"size": [0.25, 0.25, 0],
							"uv": {
								"south": {"uv": [26.5, 0], "uv_size": [4, 4]}
							}
						}
					]
				},
				{
					"name": "scope_view",
					"pivot": [0, 1.25, 9]
				}
			]
		}
	]
}