{
  "materials": [
    {
      "item": {
        "type": "forge:partial_nbt",
        "item": "tacz:ammo",
        "nbt": {
          "AmmoId": "emxcust:emx_cus_tool"
        }
      },
      "count": 5
    },
    {
      "item": {
        "type": "forge:partial_nbt",
        "item": "tacz:modern_kinetic_gun",
        "nbt": {
          "GunId": "emxarms:emx_pulse"
        }
      },
      "count": 1
    },
    {
      "item": {
        "type": "forge:partial_nbt",
        "item": "tacz:attachment",
        "nbt": {
          "AttachmentId": "emxarms:grip_emx_double"
        }
      },
      "count": 1
    },
    {
      "item": {
        "type": "forge:partial_nbt",
        "item": "tacz:attachment",
        "nbt": {
          "AttachmentId": "emxarms:bayonet_emx_glowsword"
        }
      },
      "count": 1
    },
    {
      "item": {
        "type": "forge:partial_nbt",
        "item": "tacz:attachment",
        "nbt": {
          "AttachmentId": "emxarms:sight_emx_demo2"
        }
      },
      "count": 1
    },
    {
      "item": {
        "item": "minecraft:glowstone_dust"
      },
      "count": 45
    },
    {
      "item": {
        "item": "minecraft:lime_dye"
      },
      "count": 20
    }
  ],
  "result": {
    "type": "gun",
    "id": "emxarms:emx_pulse_al",
    "attachments": {
      "scope": "emxarms:sight_emx_laterano_rsi",
      "muzzle": "emxarms:bayonet_emx_skyhunter2",
      "grip": "emxarms:grip_emx_double_rsi"
    }
  },
  "type": "tacz:gun_smith_table_crafting"
}