{
  "materials": [
    {
      "item": {
        "type": "forge:partial_nbt",
        "item": "tacz:ammo",
        "nbt": {
          "AmmoId": "emxcust:emx_cus_tool"
        }
      },
      "count": 5
    },
    {
      "item": {
        "type": "forge:partial_nbt",
        "item": "tacz:modern_kinetic_gun",
        "nbt": {
          "GunId": "emxarms:emx_draftsman"
        }
      },
      "count": 1
    },
    {
      "item": {
        "type": "forge:partial_nbt",
        "item": "tacz:attachment",
        "nbt": {
          "AttachmentId": "emxarms:sight_emx_char2"
        }
      },
      "count": 1
    },
    {
      "item": {
        "type": "forge:partial_nbt",
        "item": "tacz:attachment",
        "nbt": {
          "AttachmentId": "emxarms:grip_emx_if"
        }
      },
      "count": 1
    },
    {
      "item": {
        "item": "minecraft:blue_dye"
      },
      "count": 20
    },
    {
      "item": {
        "item": "minecraft:glowstone_dust"
      },
      "count": 20
    }
  ],
  "result": {
    "type": "gun",
    "id": "emxarms:emx_draftsman_ev",
    "attachments": {
      "scope": "emxarms:sight_emx_char2_ev",
      "grip": "emxarms:grip_emx_if_ev",
      "extended_mag": "emxarms:emx_lightweight_mag_2"
    }
  },
  "type": "tacz:gun_smith_table_crafting"
}