{
  "materials": [
    {
      "item": {
        "item": "minecraft:coal"
      },
      "count": 40
    },
    {
      "item": {
        "item": "minecraft:copper_ingot"
      },
      "count": 40
    },
    {
      "item": {
        "item": "minecraft:iron_ingot"
      },
      "count": 30
    },
    {
      "item": {
        "item": "minecraft:gold_ingot"
      },
      "count": 20
    },
    {
      "item": {
        "item": "minecraft:redstone"
      },
      "count": 60
    },
    {
      "item": {
        "item": "minecraft:diamond"
      },
      "count": 10
    }
  ],
  "result": {
    "type": "ammo",
    "id": "emxcust:emx_cus_tool",
    "count": 12
  },
  "type": "tacz:gun_smith_table_crafting"
}