{
	"format_version": "1.12.0",
	"minecraft:geometry": [
		{
			"description": {
				"identifier": "geometry.ak47",
				"texture_width": 16,
				"texture_height": 16,
				"visible_bounds_width": 6,
				"visible_bounds_height": 2.5,
				"visible_bounds_offset": [0, 0.75, 0]
			},
			"bones": [
				{
					"name": "grip",
					"pivot": [0, -0.71775, -0.6815],
					"cubes": [
						{
							"origin": [-0.75, 0.0625, -2.25],
							"size": [0.375, 0.1875, 4],
							"uv": {
								"north": {"uv": [3, 13], "uv_size": [0.5, 0.5]},
								"east": {"uv": [4, 4], "uv_size": [4, 0.5]},
								"south": {"uv": [13, 3], "uv_size": [0.5, 0.5]},
								"west": {"uv": [4, 5], "uv_size": [4, 0.5]},
								"up": {"uv": [0, 6], "uv_size": [0.5, 4]},
								"down": {"uv": [6, 4], "uv_size": [0.5, -4]}
							}
						},
						{
							"origin": [0.375, 0.0625, -2.25],
							"size": [0.375, 0.1875, 4],
							"uv": {
								"north": {"uv": [4, 13], "uv_size": [0.5, 0.5]},
								"east": {"uv": [1, 6], "uv_size": [4, 0.5]},
								"south": {"uv": [13, 4], "uv_size": [0.5, 0.5]},
								"west": {"uv": [5, 6], "uv_size": [4, 0.5]},
								"up": {"uv": [7, 0], "uv_size": [0.5, 4]},
								"down": {"uv": [1, 11], "uv_size": [0.5, -4]}
							}
						},
						{
							"origin": [-0.90338, -0.49529, -2.25],
							"size": [0.17678, 0.1875, 4],
							"inflate": -0.001,
							"pivot": [-0.15338, -0.40154, -0.3125],
							"rotation": [0, 0, 45],
							"uv": {
								"north": {"uv": [5, 13], "uv_size": [0.5, 0.5]},
								"south": {"uv": [13, 5], "uv_size": [0.5, 0.5]},
								"down": {"uv": [2, 11], "uv_size": [0.5, -4]}
							}
						},
						{
							"origin": [0.7266, -0.49529, -2.25],
							"size": [0.17678, 0.1875, 4],
							"inflate": -0.001,
							"pivot": [0.15338, -0.40154, -0.3125],
							"rotation": [0, 0, -45],
							"uv": {
								"north": {"uv": [6, 13], "uv_size": [0.5, 0.5]},
								"south": {"uv": [13, 6], "uv_size": [0.5, 0.5]},
								"down": {"uv": [3, 11], "uv_size": [0.5, -4]}
							}
						},
						{
							"origin": [-0.625, -0.75, -2.25],
							"size": [1.25, 0.8125, 0.125],
							"uv": {
								"north": {"uv": [4, 7], "uv_size": [1.5, 1]},
								"east": {"uv": [8, 11], "uv_size": [0.5, 1]},
								"south": {"uv": [6, 7], "uv_size": [1.5, 1]},
								"west": {"uv": [9, 11], "uv_size": [0.5, 1]},
								"up": {"uv": [8, 8], "uv_size": [1.5, 0.5]},
								"down": {"uv": [9, 0.5], "uv_size": [1.5, -0.5]}
							}
						},
						{
							"origin": [-0.5, -0.875, -2.25],
							"size": [1, 0.125, 0.125],
							"uv": {
								"south": {"uv": [10, 11], "uv_size": [1, 0.5]},
								"down": {"uv": [11, 11.5], "uv_size": [1, -0.5]}
							}
						},
						{
							"origin": [-0.5, -0.84911, -2.36428],
							"size": [1, 0.125, 0.17678],
							"pivot": [0, -0.78661, -2.25],
							"rotation": [-45, 0, 0],
							"uv": {
								"east": {"uv": [7, 13], "uv_size": [0.5, 0.5]},
								"west": {"uv": [13, 7], "uv_size": [0.5, 0.5]},
								"down": {"uv": [0, 12.5], "uv_size": [1, -0.5]}
							}
						},
						{
							"origin": [0.55048, -1.12186, -2.25],
							"size": [0.17678, 0.125, 0.125],
							"pivot": [0.22725, -1.05936, -2.1875],
							"rotation": [0, 0, -45],
							"uv": {
								"north": {"uv": [8, 13], "uv_size": [0.5, 0.5]},
								"south": {"uv": [13, 8], "uv_size": [0.5, 0.5]},
								"down": {"uv": [9, 13.5], "uv_size": [0.5, -0.5]}
							}
						},
						{
							"origin": [-0.72725, -1.12186, -2.25],
							"size": [0.17678, 0.125, 0.125],
							"pivot": [-0.22725, -1.05936, -2.1875],
							"rotation": [0, 0, 45],
							"uv": {
								"north": {"uv": [13, 9], "uv_size": [0.5, 0.5]},
								"south": {"uv": [10, 13], "uv_size": [0.5, 0.5]},
								"down": {"uv": [13, 10.5], "uv_size": [0.5, -0.5]}
							}
						},
						{
							"origin": [-0.625, -0.48169, -2.0625],
							"size": [1.25, 0.40847, 0.18436],
							"inflate": -0.001,
							"pivot": [0, -0.26072, -2.1875],
							"rotation": [-45, 0, 0],
							"uv": {
								"east": {"uv": [11, 13], "uv_size": [0.5, 0.5]},
								"west": {"uv": [13, 11], "uv_size": [0.5, 0.5]}
							}
						},
						{
							"origin": [-0.5, -0.60669, -1.87814],
							"size": [1, 0.53347, 0.125],
							"pivot": [0, -0.26072, -2.1875],
							"rotation": [-45, 0, 0],
							"uv": {
								"south": {"uv": [1, 12], "uv_size": [1, 0.5]}
							}
						},
						{
							"origin": [0.30936, -0.60937, -2.28014],
							"size": [0.17678, 0.53347, 0.125],
							"pivot": [0.80936, -0.34264, -2.21764],
							"rotation": [-54.73561, 30, -35.26439],
							"uv": {
								"south": {"uv": [12, 13], "uv_size": [0.5, 0.5]}
							}
						},
						{
							"origin": [-0.48614, -0.60937, -2.28014],
							"size": [0.17678, 0.53347, 0.125],
							"pivot": [-0.80936, -0.34264, -2.21764],
							"rotation": [-54.73561, -30, 35.26439],
							"uv": {
								"south": {"uv": [13, 12], "uv_size": [0.5, 0.5]}
							}
						},
						{
							"origin": [-0.625, -1, -1.1875],
							"size": [1.25, 0.625, 0.3125],
							"uv": {
								"north": {"uv": [9, 1], "uv_size": [1.5, 0.5]},
								"east": {"uv": [13, 13], "uv_size": [0.5, 0.5]},
								"south": {"uv": [9, 3], "uv_size": [1.5, 0.5]},
								"west": {"uv": [0, 14], "uv_size": [0.5, 0.5]},
								"up": {"uv": [4, 9], "uv_size": [1.5, 0.5]},
								"down": {"uv": [9, 5.5], "uv_size": [1.5, -0.5]}
							}
						},
						{
							"origin": [-0.625, -1.00314, -0.78929],
							"size": [1.25, 0.3125, 0.17188],
							"inflate": -0.001,
							"pivot": [0, -0.69064, -0.74242],
							"rotation": [-45, 0, 0],
							"uv": {
								"east": {"uv": [14, 0], "uv_size": [0.5, 0.5]},
								"south": {"uv": [6, 9], "uv_size": [1.5, 0.5]},
								"west": {"uv": [1, 14], "uv_size": [0.5, 0.5]}
							}
						},
						{
							"origin": [-0.5, -1.125, -1.1875],
							"size": [1, 0.125, 0.3125],
							"uv": {
								"north": {"uv": [2, 12], "uv_size": [1, 0.5]},
								"south": {"uv": [12, 2], "uv_size": [1, 0.5]},
								"down": {"uv": [3, 12.5], "uv_size": [1, -0.5]}
							}
						},
						{
							"origin": [0.33146, -0.9056, -1.1875],
							"size": [0.17677, 0.1875, 0.3125],
							"inflate": -0.001,
							"pivot": [0.68057, -0.81185, -1],
							"rotation": [0, 0, -45],
							"uv": {
								"north": {"uv": [14, 1], "uv_size": [0.5, 0.5]},
								"south": {"uv": [2, 14], "uv_size": [0.5, 0.5]},
								"down": {"uv": [14, 2.5], "uv_size": [0.5, -0.5]}
							}
						},
						{
							"origin": [-0.50823, -0.9056, -1.1875],
							"size": [0.17677, 0.1875, 0.3125],
							"inflate": -0.001,
							"pivot": [-0.68057, -0.81185, -1],
							"rotation": [0, 0, 45],
							"uv": {
								"north": {"uv": [3, 14], "uv_size": [0.5, 0.5]},
								"south": {"uv": [14, 3], "uv_size": [0.5, 0.5]},
								"down": {"uv": [4, 14.5], "uv_size": [0.5, -0.5]}
							}
						},
						{
							"origin": [-0.625, -0.8125, -0.875],
							"size": [1.25, 0.4375, 0.6875],
							"uv": {
								"east": {"uv": [14, 4], "uv_size": [0.5, 0.5]},
								"south": {"uv": [9, 6], "uv_size": [1.5, 0.5]},
								"west": {"uv": [5, 14], "uv_size": [0.5, 0.5]},
								"down": {"uv": [8, 9.5], "uv_size": [1.5, -0.5]}
							}
						},
						{
							"origin": [-0.4375, -1, -0.875],
							"size": [0.875, 0.1875, 0.6875],
							"uv": {
								"down": {"uv": [4, 12.5], "uv_size": [1, -0.5]}
							}
						},
						{
							"origin": [0.40782, -1.11585, -0.875],
							"size": [0.26517, 0.1875, 0.6875],
							"pivot": [0.28282, -1.0221, -0.46875],
							"rotation": [0, 0, -45],
							"uv": {
								"down": {"uv": [14, 5.5], "uv_size": [0.5, -0.5]}
							}
						},
						{
							"origin": [-0.67299, -1.11585, -0.875],
							"size": [0.26517, 0.1875, 0.6875],
							"pivot": [-0.28282, -1.0221, -0.46875],
							"rotation": [0, 0, 45],
							"uv": {
								"down": {"uv": [6, 14.5], "uv_size": [0.5, -0.5]}
							}
						},
						{
							"origin": [-0.625, -0.87961, -0.39391],
							"size": [1.25, 0.25, 1.3125],
							"inflate": -0.001,
							"pivot": [0, -0.84836, -0.11266],
							"rotation": [-40, 0, 0],
							"uv": {
								"north": {"uv": [10, 2], "uv_size": [1.5, 0.5]},
								"east": {"uv": [4, 10], "uv_size": [1.5, 0.5]},
								"south": {"uv": [10, 4], "uv_size": [1.5, 0.5]},
								"west": {"uv": [6, 10], "uv_size": [1.5, 0.5]},
								"up": {"uv": [0, 4], "uv_size": [1.5, 1.5]},
								"down": {"uv": [4, 1.5], "uv_size": [1.5, -1.5]}
							}
						},
						{
							"origin": [-0.4375, -1.06711, -0.39391],
							"size": [0.875, 0.1875, 1.4732],
							"pivot": [0, -0.84836, -0.11266],
							"rotation": [-40, 0, 0],
							"uv": {
								"down": {"uv": [8, 1.5], "uv_size": [1, -1.5]}
							}
						},
						{
							"origin": [0.42168, -1.34165, -0.63917],
							"size": [0.26517, 0.1875, 1.4732],
							"pivot": [0.24935, -1.2479, -0.06327],
							"rotation": [-30.68206, -27.03402, -37.45372],
							"uv": {
								"down": {"uv": [0, 11.5], "uv_size": [0.5, -1.5]}
							}
						},
						{
							"origin": [-0.68685, -1.34165, -0.63917],
							"size": [0.26517, 0.1875, 1.4732],
							"pivot": [-0.24935, -1.2479, -0.06327],
							"rotation": [-30.68206, 27.03402, 37.45372],
							"uv": {
								"down": {"uv": [10, 8.5], "uv_size": [0.5, -1.5]}
							}
						},
						{
							"origin": [-0.625, -1.53517, 0.65724],
							"size": [1.25, 0.25, 0.4375],
							"uv": {
								"east": {"uv": [14, 6], "uv_size": [0.5, 0.5]},
								"west": {"uv": [7, 14], "uv_size": [0.5, 0.5]},
								"up": {"uv": [8, 10], "uv_size": [1.5, 0.5]}
							}
						},
						{
							"origin": [-0.625, -1.78517, 0.65724],
							"size": [1.25, 0.25, 0.625],
							"uv": {
								"north": {"uv": [10, 9], "uv_size": [1.5, 0.5]},
								"east": {"uv": [14, 7], "uv_size": [0.5, 0.5]},
								"south": {"uv": [10, 10], "uv_size": [1.5, 0.5]},
								"west": {"uv": [8, 14], "uv_size": [0.5, 0.5]}
							}
						},
						{
							"origin": [-0.4375, -1.97267, 0.65724],
							"size": [0.875, 0.1875, 0.625],
							"uv": {
								"north": {"uv": [12, 4], "uv_size": [1, 0.5]},
								"south": {"uv": [5, 12], "uv_size": [1, 0.5]},
								"down": {"uv": [6, 12.5], "uv_size": [1, -0.5]}
							}
						},
						{
							"origin": [0.28726, -1.92246, 0.65724],
							"size": [0.26517, 0.3125, 0.625],
							"inflate": -0.001,
							"pivot": [0.42299, -1.76621, 0.96974],
							"rotation": [0, 0, -45],
							"uv": {
								"north": {"uv": [14, 8], "uv_size": [0.5, 0.5]},
								"south": {"uv": [9, 14], "uv_size": [0.5, 0.5]},
								"down": {"uv": [14, 9.5], "uv_size": [0.5, -0.5]}
							}
						},
						{
							"origin": [-0.55243, -1.92246, 0.65724],
							"size": [0.26517, 0.3125, 0.625],
							"inflate": -0.001,
							"pivot": [-0.42299, -1.76621, 0.96974],
							"rotation": [0, 0, 45],
							"uv": {
								"north": {"uv": [10, 14], "uv_size": [0.5, 0.5]},
								"south": {"uv": [14, 10], "uv_size": [0.5, 0.5]},
								"down": {"uv": [11, 14.5], "uv_size": [0.5, -0.5]}
							}
						},
						{
							"origin": [-0.625, -0.76765, -1.39174],
							"size": [1.25, 0.8125, 0.375],
							"inflate": -0.0015,
							"pivot": [0, -0.26007, -0.9779],
							"rotation": [45, 0, 0],
							"uv": {
								"north": {"uv": [8, 2], "uv_size": [1.5, 1]},
								"east": {"uv": [12, 7], "uv_size": [0.5, 1]},
								"west": {"uv": [8, 12], "uv_size": [0.5, 1]}
							}
						},
						{
							"origin": [-0.5, -0.7708, -1.50915],
							"size": [1, 0.8125, 0.125],
							"pivot": [0, -0.2708, -0.9779],
							"rotation": [45, 0, 0],
							"uv": {
								"north": {"uv": [8, 3], "uv_size": [1, 1]}
							}
						},
						{
							"origin": [0.30936, -0.83774, -1.06851],
							"size": [0.17678, 0.8125, 0.125],
							"pivot": [0.80936, -0.43149, -1.00601],
							"rotation": [54.73561, -30, -35.26439],
							"uv": {
								"north": {"uv": [12, 8], "uv_size": [0.5, 1]}
							}
						},
						{
							"origin": [-0.48614, -0.83774, -1.06851],
							"size": [0.17678, 0.8125, 0.125],
							"pivot": [-0.80936, -0.43149, -1.00601],
							"rotation": [54.73561, 30, 35.26439],
							"uv": {
								"north": {"uv": [9, 12], "uv_size": [0.5, 1]}
							}
						},
						{
							"origin": [-0.625, -0.375, -2.125],
							"size": [1.25, 0.4375, 1.9375],
							"uv": {
								"east": {"uv": [4, 8], "uv_size": [2, 0.5]},
								"south": {"uv": [11, 0], "uv_size": [1.5, 0.5]},
								"west": {"uv": [8, 4], "uv_size": [2, 0.5]},
								"up": {"uv": [0, 0], "uv_size": [1.5, 2]},
								"down": {"uv": [0, 4], "uv_size": [1.5, -2]}
							}
						},
						{
							"origin": [-0.65625, -0.375, -1.1875],
							"size": [1.3125, 0.25, 0.25],
							"pivot": [0, -0.25, -1.0625],
							"rotation": [-45, 0, 0],
							"uv": {
								"east": {"uv": [14, 11], "uv_size": [0.5, 0.5]},
								"south": {"uv": [1, 11], "uv_size": [1.5, 0.5]},
								"west": {"uv": [12, 14], "uv_size": [0.5, 0.5]},
								"down": {"uv": [11, 1.5], "uv_size": [1.5, -0.5]}
							}
						},
						{
							"origin": [-0.65625, -0.375, -0.6875],
							"size": [1.3125, 0.25, 0.25],
							"pivot": [0, -0.25, -0.5625],
							"rotation": [-45, 0, 0],
							"uv": {
								"east": {"uv": [14, 12], "uv_size": [0.5, 0.5]},
								"south": {"uv": [3, 11], "uv_size": [1.5, 0.5]},
								"west": {"uv": [13, 14], "uv_size": [0.5, 0.5]},
								"down": {"uv": [11, 3.5], "uv_size": [1.5, -0.5]}
							}
						},
						{
							"origin": [-0.5, -0.5, -2.125],
							"size": [1, 0.125, 1],
							"uv": {
								"down": {"uv": [8, 6], "uv_size": [1, -1]}
							}
						},
						{
							"origin": [0.30936, -0.16475, -2.125],
							"size": [0.17678, 0.125, 1],
							"pivot": [0.80936, -0.10225, -1.625],
							"rotation": [0, 0, -45],
							"uv": {
								"down": {"uv": [12, 10], "uv_size": [0.5, -1]}
							}
						},
						{
							"origin": [-0.48614, -0.16475, -2.125],
							"size": [0.17678, 0.125, 1],
							"pivot": [-0.80936, -0.10225, -1.625],
							"rotation": [0, 0, 45],
							"uv": {
								"down": {"uv": [10, 13], "uv_size": [0.5, -1]}
							}
						},
						{
							"origin": [-0.625, -0.25, -0.1875],
							"size": [1.25, 0.3125, 1.9375],
							"uv": {
								"east": {"uv": [6, 8], "uv_size": [2, 0.5]},
								"south": {"uv": [5, 11], "uv_size": [1.5, 0.5]},
								"west": {"uv": [8, 7], "uv_size": [2, 0.5]},
								"up": {"uv": [2, 0], "uv_size": [1.5, 2]},
								"down": {"uv": [2, 4], "uv_size": [1.5, -2]}
							}
						},
						{
							"origin": [-0.625, -0.5625, 1.375],
							"size": [1.25, 0.3125, 0.375],
							"uv": {
								"north": {"uv": [11, 5], "uv_size": [1.5, 0.5]},
								"east": {"uv": [14, 13], "uv_size": [0.5, 0.5]},
								"south": {"uv": [11, 6], "uv_size": [1.5, 0.5]},
								"west": {"uv": [14, 14], "uv_size": [0.5, 0.5]}
							}
						},
						{
							"origin": [-0.625, -1.72885, 1.32948],
							"size": [1.25, 1.25, 0.375],
							"inflate": -0.001,
							"pivot": [0, -0.6351, 1.51698],
							"rotation": [-22.5, 0, 0],
							"uv": {
								"north": {"uv": [2, 4], "uv_size": [1.5, 1.5]},
								"east": {"uv": [7, 11], "uv_size": [0.5, 1.5]},
								"south": {"uv": [4, 2], "uv_size": [1.5, 1.5]},
								"west": {"uv": [11, 7], "uv_size": [0.5, 1.5]}
							}
						},
						{
							"origin": [-0.25, -1.54135, 1.70448],
							"size": [0.5, 0.875, 0.1875],
							"pivot": [0, -0.6351, 1.51698],
							"rotation": [-22.5, 0, 0],
							"uv": {
								"east": {"uv": [12, 10], "uv_size": [0.5, 1]},
								"south": {"uv": [11, 12], "uv_size": [0.5, 1]},
								"west": {"uv": [12, 11], "uv_size": [0.5, 1]}
							}
						},
						{
							"origin": [-0.25, -0.87666, 1.50369],
							"size": [0.5, 0.26517, 0.1875],
							"inflate": -0.001,
							"pivot": [0, -0.43916, 1.59744],
							"rotation": [22.5, 0, 0],
							"uv": {
								"east": {"uv": [0, 15], "uv_size": [0.5, 0.5]},
								"south": {"uv": [15, 0], "uv_size": [0.5, 0.5]},
								"west": {"uv": [1, 15], "uv_size": [0.5, 0.5]}
							}
						},
						{
							"origin": [-0.25, -1.71258, 1.26451],
							"size": [0.5, 0.26516, 0.1875],
							"inflate": -0.001,
							"pivot": [0, -1.58, 1.35826],
							"rotation": [-67.5, 0, 0],
							"uv": {
								"east": {"uv": [15, 1], "uv_size": [0.5, 0.5]},
								"south": {"uv": [2, 15], "uv_size": [0.5, 0.5]},
								"west": {"uv": [15, 2], "uv_size": [0.5, 0.5]}
							}
						},
						{
							"origin": [-0.5, -0.75, -2.375],
							"size": [1, 0.6875, 0.125],
							"uv": {
								"north": {"uv": [12, 12], "uv_size": [1, 0.5]},
								"up": {"uv": [0, 13], "uv_size": [1, 0.5]},
								"down": {"uv": [13, 0.5], "uv_size": [1, -0.5]}
							}
						},
						{
							"origin": [-0.5, -0.21653, -2.12814],
							"size": [1, 0.17678, 0.125],
							"pivot": [0, 0.15847, -2.06564],
							"rotation": [-45, 0, 0],
							"uv": {
								"north": {"uv": [1, 13], "uv_size": [1, 0.5]},
								"east": {"uv": [3, 15], "uv_size": [0.5, 0.5]},
								"south": {"uv": [13, 1], "uv_size": [1, 0.5]},
								"west": {"uv": [15, 3], "uv_size": [0.5, 0.5]},
								"up": {"uv": [2, 13], "uv_size": [1, 0.5]},
								"down": {"uv": [13, 2.5], "uv_size": [1, -0.5]}
							}
						},
						{
							"origin": [0.30936, -0.75, -2.03975],
							"size": [0.17678, 0.6875, 0.125],
							"pivot": [0.80936, -0.4375, -1.97725],
							"rotation": [0, -45, 0],
							"uv": {
								"north": {"uv": [4, 15], "uv_size": [0.5, 0.5]},
								"up": {"uv": [15, 4], "uv_size": [0.5, 0.5]},
								"down": {"uv": [5, 15.5], "uv_size": [0.5, -0.5]}
							}
						},
						{
							"origin": [-0.48614, -0.75, -2.03975],
							"size": [0.17678, 0.6875, 0.125],
							"pivot": [-0.80936, -0.4375, -1.97725],
							"rotation": [0, 45, 0],
							"uv": {
								"north": {"uv": [15, 5], "uv_size": [0.5, 0.5]},
								"up": {"uv": [6, 15], "uv_size": [0.5, 0.5]},
								"down": {"uv": [15, 6.5], "uv_size": [0.5, -0.5]}
							}
						}
					]
				}
			]
		}
	]
}