{
	"format_version": "1.12.0",
	"minecraft:geometry": [
		{
			"description": {
				"identifier": "geometry.unknown",
				"texture_width": 32,
				"texture_height": 32,
				"visible_bounds_width": 2,
				"visible_bounds_height": 1.5,
				"visible_bounds_offset": [0, 0.25, 0]
			},
			"bones": [
				{
					"name": "laz44",
					"pivot": [0.8125, 0.82813, 0]
				},
				{
					"name": "bone",
					"parent": "laz44",
					"pivot": [-0.64574, 0.16406, 0.00629],
					"cubes": [
						{
							"origin": [-3.5, -0.375, -0.29687],
							"size": [2, 0.5, 0.25],
							"pivot": [-0.64574, 0.16406, 0.00629],
							"rotation": [0, -90, 90],
							"uv": {
								"north": {"uv": [0, 8], "uv_size": [2, 0.5]},
								"east": {"uv": [10, 12], "uv_size": [0.5, 0.5]}
							}
						},
						{
							"origin": [-2.8125, -0.43963, -0.299],
							"size": [0.96875, 0.06463, 0.125],
							"pivot": [-0.64574, 0.16406, 0.00629],
							"rotation": [0, -90, 90],
							"uv": {
								"north": {"uv": [10, 10], "uv_size": [1, 0.5]},
								"west": {"uv": [12, 10], "uv_size": [0.5, 0.5]}
							}
						},
						{
							"origin": [-1.3723, -0.29835, -2.11771],
							"size": [0.96875, 0.35055, 0.125],
							"pivot": [-1.21605, -0.0141, -2.00422],
							"rotation": [0, -90, 135],
							"uv": {
								"north": {"uv": [0, 11], "uv_size": [1, 0.5]},
								"west": {"uv": [11, 12], "uv_size": [0.5, 0.5]},
								"down": {"uv": [1, 11.5], "uv_size": [1, -0.5]}
							}
						},
						{
							"origin": [-2.4618, -0.05006, -1.19597],
							"size": [0.78125, 0.50425, 0.125],
							"pivot": [-1.43055, 0.28042, -1.12922],
							"rotation": [0, -90, -180],
							"uv": {
								"north": {"uv": [2, 11], "uv_size": [1, 0.5]}
							}
						},
						{
							"origin": [-1.56752, 0.10665, -1.2097],
							"size": [0.1875, 0.50425, 0.125],
							"pivot": [-1.1769, 0.35878, -1.1472],
							"rotation": [-180, -45, 0],
							"uv": {
								"north": {"uv": [12, 11], "uv_size": [0.5, 0.5]}
							}
						},
						{
							"origin": [-1.63793, 0.49394, -1.88524],
							"size": [0.96875, 0.44194, 0.125],
							"pivot": [-1.29418, 0.71714, -1.81672],
							"rotation": [0, -90, -135],
							"uv": {
								"north": {"uv": [11, 2], "uv_size": [1, 0.5]},
								"west": {"uv": [12, 12], "uv_size": [0.5, 0.5]},
								"up": {"uv": [3, 11], "uv_size": [1, 0.5]}
							}
						},
						{
							"origin": [-1.5, -0.375, -0.29687],
							"size": [0.59375, 0.5, 1],
							"pivot": [-0.64574, 0.16406, 0.00629],
							"rotation": [0, -90, 90],
							"uv": {
								"north": {"uv": [0, 13], "uv_size": [0.5, 0.5]},
								"east": {"uv": [11, 3], "uv_size": [1, 0.5]},
								"south": {"uv": [13, 0], "uv_size": [0.5, 0.5]}
							}
						},
						{
							"origin": [-1.84375, -0.375, 0.57813],
							"size": [0.34375, 0.125, 0.125],
							"pivot": [-0.64574, 0.16406, 0.00629],
							"rotation": [0, -90, 90],
							"uv": {
								"south": {"uv": [1, 13], "uv_size": [0.5, 0.5]},
								"up": {"uv": [13, 1], "uv_size": [0.5, 0.5]},
								"down": {"uv": [2, 13.5], "uv_size": [0.5, -0.5]}
							}
						},
						{
							"origin": [-0.96684, 0.2984, -0.8887],
							"size": [0.15625, 0.125, 0.125],
							"inflate": -0.001,
							"pivot": [-0.98246, 0.3609, -1.2637],
							"rotation": [-90, -45, -180],
							"uv": {
								"south": {"uv": [13, 2], "uv_size": [0.5, 0.5]},
								"up": {"uv": [3, 13], "uv_size": [0.5, 0.5]}
							}
						},
						{
							"origin": [-1.15434, 0.2984, -0.40099],
							"size": [0.15625, 0.125, 0.125],
							"inflate": -0.001,
							"pivot": [-0.98246, 0.3609, -0.77599],
							"rotation": [90, -45, 0],
							"uv": {
								"south": {"uv": [13, 3], "uv_size": [0.5, 0.5]},
								"up": {"uv": [4, 13], "uv_size": [0.5, 0.5]}
							}
						},
						{
							"origin": [-1.84375, -0.25, 0.44933],
							"size": [0.34375, 0.44129, 0.1875],
							"pivot": [-0.64574, 0.16406, 0.00629],
							"rotation": [0, -90, 90],
							"uv": {
								"south": {"uv": [13, 4], "uv_size": [0.5, 0.5]}
							}
						},
						{
							"origin": [-3.5, -0.375, 0.57813],
							"size": [1.65625, 0.625, 0.1875],
							"pivot": [-0.64574, 0.16406, 0.00629],
							"rotation": [0, -90, 90],
							"uv": {
								"east": {"uv": [5, 13], "uv_size": [0.5, 0.5]},
								"south": {"uv": [6, 8], "uv_size": [1.5, 0.5]},
								"west": {"uv": [13, 5], "uv_size": [0.5, 0.5]},
								"down": {"uv": [8, 8.5], "uv_size": [1.5, -0.5]}
							}
						},
						{
							"origin": [-0.9973, 0.82965, -2.3011],
							"size": [0.1875, 0.1875, 0.07813],
							"pivot": [-0.90355, 0.9234, -2.26985],
							"rotation": [90, -45, 0],
							"uv": {
								"east": {"uv": [6, 13], "uv_size": [0.5, 0.5]},
								"south": {"uv": [13, 6], "uv_size": [0.5, 0.5]},
								"west": {"uv": [7, 13], "uv_size": [0.5, 0.5]},
								"up": {"uv": [13, 7], "uv_size": [0.5, 0.5]},
								"down": {"uv": [8, 13.5], "uv_size": [0.5, -0.5]}
							}
						},
						{
							"origin": [-0.9348, 0.68903, -1.0511],
							"size": [0.1875, 0.1875, 0.0625],
							"pivot": [-0.84105, 0.78278, -1.01985],
							"rotation": [90, -45, 0],
							"uv": {
								"east": {"uv": [13, 8], "uv_size": [0.5, 0.5]},
								"south": {"uv": [9, 13], "uv_size": [0.5, 0.5]},
								"west": {"uv": [13, 9], "uv_size": [0.5, 0.5]},
								"up": {"uv": [10, 13], "uv_size": [0.5, 0.5]},
								"down": {"uv": [13, 10.5], "uv_size": [0.5, -0.5]}
							}
						},
						{
							"origin": [-1.23325, 0.32364, -2.1136],
							"size": [1.65625, 0.26517, 0.1875],
							"inflate": -0.001,
							"pivot": [-0.40512, 0.63614, -2.01985],
							"rotation": [0, -90, 135],
							"uv": {
								"east": {"uv": [11, 13], "uv_size": [0.5, 0.5]},
								"south": {"uv": [0, 9], "uv_size": [1.5, 0.5]},
								"west": {"uv": [13, 11], "uv_size": [0.5, 0.5]}
							}
						},
						{
							"origin": [-3.625, -0.4375, -0.35937],
							"size": [0.84375, 0.625, 0.125],
							"pivot": [-0.64574, 0.16406, 0.00629],
							"rotation": [0, -90, 90],
							"uv": {
								"north": {"uv": [11, 4], "uv_size": [1, 0.5]},
								"east": {"uv": [12, 13], "uv_size": [0.5, 0.5]},
								"south": {"uv": [11, 5], "uv_size": [1, 0.5]},
								"west": {"uv": [13, 12], "uv_size": [0.5, 0.5]}
							}
						},
						{
							"origin": [-0.8674, -0.24893, -2.6136],
							"size": [0.84375, 0.125, 0.125],
							"inflate": 0.001,
							"pivot": [-0.44553, 0.06357, -2.5511],
							"rotation": [0, -90, 45],
							"uv": {
								"north": {"uv": [11, 6], "uv_size": [1, 0.5]},
								"east": {"uv": [13, 13], "uv_size": [0.5, 0.5]},
								"south": {"uv": [11, 7], "uv_size": [1, 0.5]},
								"west": {"uv": [0, 14], "uv_size": [0.5, 0.5]}
							}
						},
						{
							"origin": [-0.8049, -0.12393, -2.6136],
							"size": [0.71875, 0.0625, 0.125],
							"pivot": [-0.44553, 0.06357, -2.5511],
							"rotation": [0, -90, 45],
							"uv": {
								"north": {"uv": [14, 0], "uv_size": [0.5, 0.5]},
								"south": {"uv": [1, 14], "uv_size": [0.5, 0.5]},
								"up": {"uv": [14, 1], "uv_size": [0.5, 0.5]}
							}
						},
						{
							"origin": [-0.77342, 0.0638, -2.75926],
							"size": [0.08839, 0.0625, 0.125],
							"inflate": -0.001,
							"pivot": [-0.41405, 0.09505, -2.69676],
							"rotation": [90, -45, -45],
							"uv": {
								"north": {"uv": [2, 14], "uv_size": [0.5, 0.5]},
								"south": {"uv": [14, 2], "uv_size": [0.5, 0.5]},
								"up": {"uv": [3, 14], "uv_size": [0.5, 0.5]}
							}
						},
						{
							"origin": [-1.0886, -0.25138, -2.0222],
							"size": [0.08839, 0.0625, 0.125],
							"inflate": -0.001,
							"pivot": [-0.72923, -0.22013, -1.9597],
							"rotation": [-90, -45, 135],
							"uv": {
								"north": {"uv": [14, 3], "uv_size": [0.5, 0.5]},
								"south": {"uv": [4, 14], "uv_size": [0.5, 0.5]},
								"up": {"uv": [14, 4], "uv_size": [0.5, 0.5]}
							}
						},
						{
							"origin": [-1.84595, -0.06143, -2.6136],
							"size": [0.84375, 0.4375, 0.125],
							"inflate": 0.001,
							"pivot": [-1.42408, 0.06357, -2.5511],
							"rotation": [0, -90, 135],
							"uv": {
								"north": {"uv": [8, 11], "uv_size": [1, 0.5]},
								"east": {"uv": [5, 14], "uv_size": [0.5, 0.5]},
								"south": {"uv": [9, 11], "uv_size": [1, 0.5]},
								"west": {"uv": [14, 5], "uv_size": [0.5, 0.5]}
							}
						},
						{
							"origin": [-1.91604, -0.02352, -2.6136],
							"size": [1.03125, 0.56878, 0.125],
							"pivot": [-1.49416, 0.32651, -2.5511],
							"rotation": [0, -90, -180],
							"uv": {
								"north": {"uv": [10, 11], "uv_size": [1, 0.5]},
								"east": {"uv": [6, 14], "uv_size": [0.5, 0.5]},
								"south": {"uv": [11, 10], "uv_size": [1, 0.5]},
								"up": {"uv": [11, 11], "uv_size": [1, 0.5]},
								"down": {"uv": [0, 12.5], "uv_size": [1, -0.5]}
							}
						},
						{
							"origin": [-0.88479, -0.02352, -2.6136],
							"size": [0.375, 0.19378, 0.125],
							"pivot": [-1.49416, 0.32651, -2.5511],
							"rotation": [0, -90, -180],
							"uv": {
								"north": {"uv": [14, 6], "uv_size": [0.5, 0.5]},
								"south": {"uv": [7, 14], "uv_size": [0.5, 0.5]},
								"west": {"uv": [14, 7], "uv_size": [0.5, 0.5]},
								"down": {"uv": [8, 14.5], "uv_size": [0.5, -0.5]}
							}
						},
						{
							"origin": [-1.77541, 0.20641, -1.87386],
							"size": [0.53033, 0.26563, 0.125],
							"inflate": -0.001,
							"pivot": [-1.49416, 0.37515, -1.81136],
							"rotation": [-90, -45, -89.99999],
							"uv": {
								"north": {"uv": [14, 8], "uv_size": [0.5, 0.5]},
								"south": {"uv": [9, 14], "uv_size": [0.5, 0.5]},
								"up": {"uv": [14, 9], "uv_size": [0.5, 0.5]}
							}
						},
						{
							"origin": [-1.84595, 0.40824, -2.6136],
							"size": [1.40625, 0.4375, 0.125],
							"inflate": 0.001,
							"pivot": [-1.42408, 0.72074, -2.5511],
							"rotation": [0, -90, -135],
							"uv": {
								"north": {"uv": [2, 9], "uv_size": [1.5, 0.5]},
								"east": {"uv": [10, 14], "uv_size": [0.5, 0.5]},
								"south": {"uv": [9, 2], "uv_size": [1.5, 0.5]},
								"west": {"uv": [14, 10], "uv_size": [0.5, 0.5]}
							}
						},
						{
							"origin": [-3.625, -0.4375, 0.70313],
							"size": [0.51563, 0.6875, 0.125],
							"pivot": [-0.64574, 0.16406, 0.00629],
							"rotation": [0, -90, 90],
							"uv": {
								"north": {"uv": [11, 14], "uv_size": [0.5, 0.5]},
								"east": {"uv": [14, 11], "uv_size": [0.5, 0.5]},
								"south": {"uv": [12, 14], "uv_size": [0.5, 0.5]},
								"west": {"uv": [14, 12], "uv_size": [0.5, 0.5]}
							}
						},
						{
							"origin": [-3.67187, -0.4375, 1.64063],
							"size": [0.51563, 0.6875, 0.125],
							"pivot": [-0.64574, 0.16406, 0.94379],
							"rotation": [0, -90, 90],
							"uv": {
								"north": {"uv": [13, 14], "uv_size": [0.5, 0.5]},
								"east": {"uv": [14, 13], "uv_size": [0.5, 0.5]},
								"south": {"uv": [14, 14], "uv_size": [0.5, 0.5]},
								"west": {"uv": [0, 15], "uv_size": [0.5, 0.5]}
							}
						},
						{
							"origin": [-3.5625, 0.09375, 1.15625],
							"size": [0.375, 0.15625, 0.125],
							"pivot": [-0.64574, 0.16406, 0.45941],
							"rotation": [0, -90, 90],
							"uv": {
								"south": {"uv": [15, 0], "uv_size": [0.5, 0.5]},
								"down": {"uv": [1, 15.5], "uv_size": [0.5, -0.5]}
							}
						},
						{
							"origin": [-0.79339, 0.84528, -2.58267],
							"size": [0.1875, 0.15625, 0.125],
							"inflate": -0.001,
							"pivot": [-0.79339, 0.9234, -2.52017],
							"rotation": [90, -45, 0],
							"uv": {
								"south": {"uv": [15, 1], "uv_size": [0.5, 0.5]},
								"down": {"uv": [2, 15.5], "uv_size": [0.5, -0.5]}
							}
						},
						{
							"origin": [-3.5625, -0.4375, 1.15625],
							"size": [0.375, 0.15625, 0.125],
							"pivot": [-0.64574, 0.16406, 0.45941],
							"rotation": [0, -90, 90],
							"uv": {
								"south": {"uv": [15, 2], "uv_size": [0.5, 0.5]},
								"up": {"uv": [3, 15], "uv_size": [0.5, 0.5]}
							}
						},
						{
							"origin": [-1.01371, 0.84528, -2.58267],
							"size": [0.1875, 0.15625, 0.125],
							"inflate": -0.001,
							"pivot": [-1.01371, 0.9234, -2.52017],
							"rotation": [-90, -45, -180],
							"uv": {
								"south": {"uv": [15, 3], "uv_size": [0.5, 0.5]},
								"up": {"uv": [4, 15], "uv_size": [0.5, 0.5]}
							}
						},
						{
							"origin": [-0.82566, 0.92317, -2.08202],
							"size": [0.1875, 0.15625, 0.125],
							"inflate": -0.001,
							"pivot": [-0.90355, 0.9234, -2.01952],
							"rotation": [-90, 45, 180],
							"uv": {
								"south": {"uv": [15, 4], "uv_size": [0.5, 0.5]},
								"down": {"uv": [5, 15.5], "uv_size": [0.5, -0.5]}
							}
						},
						{
							"origin": [-0.82566, 0.76738, -2.08202],
							"size": [0.1875, 0.15625, 0.125],
							"inflate": -0.001,
							"pivot": [-0.90355, 0.9234, -2.01952],
							"rotation": [90, 45, 0],
							"uv": {
								"south": {"uv": [15, 5], "uv_size": [0.5, 0.5]},
								"up": {"uv": [6, 15], "uv_size": [0.5, 0.5]}
							}
						},
						{
							"origin": [-1.06405, 0.35489, -2.33235],
							"size": [1.40625, 0.375, 0.125],
							"inflate": 0.001,
							"pivot": [-0.36093, 0.69864, -2.26985],
							"rotation": [0, -90, 135],
							"uv": {
								"north": {"uv": [9, 3], "uv_size": [1.5, 0.5]},
								"east": {"uv": [15, 6], "uv_size": [0.5, 0.5]},
								"south": {"uv": [4, 9], "uv_size": [1.5, 0.5]},
								"west": {"uv": [7, 15], "uv_size": [0.5, 0.5]}
							}
						},
						{
							"origin": [-1.06026, 0.34574, -2.33235],
							"size": [1.40625, 0.125, 0.125],
							"pivot": [-0.35714, 0.53324, -2.26985],
							"rotation": [0, -90, -180],
							"uv": {
								"north": {"uv": [9, 4], "uv_size": [1.5, 0.5]},
								"east": {"uv": [15, 7], "uv_size": [0.5, 0.5]},
								"south": {"uv": [9, 5], "uv_size": [1.5, 0.5]},
								"west": {"uv": [8, 15], "uv_size": [0.5, 0.5]},
								"up": {"uv": [6, 9], "uv_size": [1.5, 0.5]}
							}
						},
						{
							"origin": [-0.06026, 0.47074, -2.33235],
							"size": [0.40625, 0.09375, 0.125],
							"pivot": [-0.35714, 0.53324, -2.26985],
							"rotation": [0, -90, -180],
							"uv": {
								"north": {"uv": [15, 8], "uv_size": [0.5, 0.5]},
								"south": {"uv": [9, 15], "uv_size": [0.5, 0.5]},
								"west": {"uv": [15, 9], "uv_size": [0.5, 0.5]}
							}
						},
						{
							"origin": [-0.06026, 0.56449, -2.33235],
							"size": [0.34375, 0.0625, 0.125],
							"pivot": [-0.35714, 0.53324, -2.26985],
							"rotation": [0, -90, -180],
							"uv": {
								"north": {"uv": [10, 15], "uv_size": [0.5, 0.5]},
								"south": {"uv": [15, 10], "uv_size": [0.5, 0.5]},
								"up": {"uv": [11, 15], "uv_size": [0.5, 0.5]}
							}
						},
						{
							"origin": [-0.40401, 0.51021, -2.09435],
							"size": [0.21875, 0.125, 0.125],
							"inflate": -0.001,
							"pivot": [-0.35714, 0.60396, -2.03185],
							"rotation": [90, -30, 90],
							"uv": {
								"north": {"uv": [15, 11], "uv_size": [0.5, 0.5]},
								"south": {"uv": [12, 15], "uv_size": [0.5, 0.5]},
								"up": {"uv": [15, 12], "uv_size": [0.5, 0.5]}
							}
						},
						{
							"origin": [-0.52901, 0.51021, -2.50785],
							"size": [0.21875, 0.125, 0.125],
							"inflate": -0.001,
							"pivot": [-0.35714, 0.60396, -2.44535],
							"rotation": [-90, -30, -89.99999],
							"uv": {
								"north": {"uv": [13, 15], "uv_size": [0.5, 0.5]},
								"south": {"uv": [15, 13], "uv_size": [0.5, 0.5]},
								"up": {"uv": [14, 15], "uv_size": [0.5, 0.5]}
							}
						},
						{
							"origin": [-0.52901, 0.55187, -1.59229],
							"size": [0.08839, 0.0625, 0.125],
							"inflate": -0.001,
							"pivot": [-0.35714, 0.58312, -1.52979],
							"rotation": [-90, -45, -90],
							"uv": {
								"north": {"uv": [15, 14], "uv_size": [0.5, 0.5]},
								"south": {"uv": [15, 15], "uv_size": [0.5, 0.5]},
								"up": {"uv": [0, 16], "uv_size": [0.5, 0.5]}
							}
						},
						{
							"origin": [-1.06026, 0.47074, -2.33235],
							"size": [0.46875, 0.25, 0.125],
							"pivot": [-0.35714, 0.53324, -2.26985],
							"rotation": [0, -90, -180],
							"uv": {
								"north": {"uv": [16, 0], "uv_size": [0.5, 0.5]},
								"east": {"uv": [1, 16], "uv_size": [0.5, 0.5]},
								"south": {"uv": [16, 1], "uv_size": [0.5, 0.5]},
								"west": {"uv": [2, 16], "uv_size": [0.5, 0.5]}
							}
						},
						{
							"origin": [-0.96651, 0.72074, -2.33235],
							"size": [0.375, 0.09375, 0.125],
							"pivot": [-0.35714, 0.53324, -2.26985],
							"rotation": [0, -90, -180],
							"uv": {
								"north": {"uv": [16, 2], "uv_size": [0.5, 0.5]},
								"south": {"uv": [3, 16], "uv_size": [0.5, 0.5]},
								"west": {"uv": [16, 3], "uv_size": [0.5, 0.5]},
								"up": {"uv": [4, 16], "uv_size": [0.5, 0.5]}
							}
						},
						{
							"origin": [-0.54464, 0.19942, -2.86975],
							"size": [0.13258, 0.09375, 0.125],
							"inflate": -0.001,
							"pivot": [-0.35714, 0.2463, -2.80725],
							"rotation": [90, -45, 90],
							"uv": {
								"north": {"uv": [16, 4], "uv_size": [0.5, 0.5]},
								"south": {"uv": [5, 16], "uv_size": [0.5, 0.5]},
								"up": {"uv": [16, 5], "uv_size": [0.5, 0.5]}
							}
						},
						{
							"origin": [-0.90625, -0.29687, -0.29687],
							"size": [1.15625, 0.42188, 1],
							"pivot": [-0.64574, 0.16406, 0.00629],
							"rotation": [0, -90, 90],
							"uv": {
								"north": {"uv": [12, 0], "uv_size": [1, 0.5]},
								"south": {"uv": [1, 12], "uv_size": [1, 0.5]}
							}
						},
						{
							"origin": [-0.17373, 0.14996, 0.89239],
							"size": [0.125, 0.125, 0.25],
							"inflate": -0.001,
							"pivot": [-0.62685, 0.3609, 0.64239],
							"rotation": [-90, -45, -180],
							"uv": {
								"south": {"uv": [6, 16], "uv_size": [0.5, 0.5]},
								"down": {"uv": [16, 6.5], "uv_size": [0.5, -0.5]}
							}
						},
						{
							"origin": [-1.20498, 0.14996, 0.25542],
							"size": [0.125, 0.125, 0.25],
							"inflate": -0.001,
							"pivot": [-0.62685, 0.3609, 0.00542],
							"rotation": [90, -45, 0],
							"uv": {
								"south": {"uv": [7, 16], "uv_size": [0.5, 0.5]},
								"down": {"uv": [16, 7.5], "uv_size": [0.5, -0.5]}
							}
						},
						{
							"origin": [-1.23437, -0.3125, -0.35937],
							"size": [1.5, 0.1875, 0.0625],
							"pivot": [-0.64574, 0.16406, 0.00629],
							"rotation": [0, -90, 90],
							"uv": {
								"north": {"uv": [9, 6], "uv_size": [1.5, 0.5]},
								"east": {"uv": [8, 16], "uv_size": [0.5, 0.5]},
								"west": {"uv": [16, 8], "uv_size": [0.5, 0.5]}
							}
						},
						{
							"origin": [-0.98437, -0.2989, -0.04788],
							"size": [1, 0.1875, 0.0625],
							"pivot": [-0.64574, 0.16406, 0.00629],
							"rotation": [0, -90, 45],
							"uv": {
								"north": {"uv": [12, 1], "uv_size": [1, 0.5]}
							}
						},
						{
							"origin": [-1.23437, 0.125, -0.35937],
							"size": [1.5, 0.32813, 0.09375],
							"pivot": [-0.64574, 0.16406, 0.00629],
							"rotation": [0, -90, 90],
							"uv": {
								"north": {"uv": [9, 7], "uv_size": [1.5, 0.5]},
								"east": {"uv": [9, 16], "uv_size": [0.5, 0.5]},
								"west": {"uv": [16, 9], "uv_size": [0.5, 0.5]},
								"up": {"uv": [8, 9], "uv_size": [1.5, 0.5]},
								"down": {"uv": [0, 10.5], "uv_size": [1.5, -0.5]}
							}
						},
						{
							"origin": [-1.23437, 0.05119, -0.39038],
							"size": [1.5, 0.125, 0.25],
							"inflate": -0.001,
							"pivot": [-0.64574, 0.16406, 0.00629],
							"rotation": [0, -90, 45],
							"uv": {
								"east": {"uv": [10, 16], "uv_size": [0.5, 0.5]},
								"west": {"uv": [16, 10], "uv_size": [0.5, 0.5]},
								"up": {"uv": [10, 0], "uv_size": [1.5, 0.5]}
							}
						},
						{
							"origin": [-1.23437, -0.07381, -0.26538],
							"size": [1.5, 0.125, 0.125],
							"pivot": [-0.64574, 0.16406, 0.00629],
							"rotation": [0, -90, 45],
							"uv": {
								"east": {"uv": [21, 1], "uv_size": [0.5, 0.5]},
								"west": {"uv": [2, 21], "uv_size": [0.5, 0.5]}
							}
						},
						{
							"origin": [-1.23437, -0.125, -0.35937],
							"size": [0.25, 0.25, 0.0625],
							"pivot": [-0.64574, 0.16406, 0.00629],
							"rotation": [0, -90, 90],
							"uv": {
								"north": {"uv": [11, 16], "uv_size": [0.5, 0.5]},
								"east": {"uv": [16, 11], "uv_size": [0.5, 0.5]},
								"west": {"uv": [12, 16], "uv_size": [0.5, 0.5]}
							}
						},
						{
							"origin": [0.01563, -0.125, -0.35937],
							"size": [0.25, 0.25, 0.0625],
							"pivot": [-0.64574, 0.16406, 0.00629],
							"rotation": [0, -90, 90],
							"uv": {
								"north": {"uv": [16, 12], "uv_size": [0.5, 0.5]},
								"east": {"uv": [13, 16], "uv_size": [0.5, 0.5]},
								"west": {"uv": [16, 13], "uv_size": [0.5, 0.5]}
							}
						},
						{
							"origin": [-1.23437, -0.00274, -0.58926],
							"size": [1.5, 0.08839, 0.0625],
							"inflate": -0.001,
							"pivot": [-0.64574, 0.16406, 0.00629],
							"rotation": [0, -90, 135],
							"uv": {
								"north": {"uv": [10, 1], "uv_size": [1.5, 0.5]},
								"east": {"uv": [14, 16], "uv_size": [0.5, 0.5]},
								"west": {"uv": [16, 14], "uv_size": [0.5, 0.5]}
							}
						},
						{
							"origin": [-3.5, -0.625, -0.04687],
							"size": [2.59375, 0.25, 0.5],
							"pivot": [-0.64574, 0.16406, 0.00629],
							"rotation": [0, -90, 90],
							"uv": {
								"east": {"uv": [15, 16], "uv_size": [0.5, 0.5]},
								"west": {"uv": [16, 15], "uv_size": [0.5, 0.5]},
								"down": {"uv": [0, 2.5], "uv_size": [2.5, -0.5]}
							}
						},
						{
							"origin": [-3.5, -0.43148, 0.17309],
							"size": [2.59375, 0.25, 0.35355],
							"inflate": -0.001,
							"pivot": [-0.64574, 0.16406, 0.00629],
							"rotation": [0, -90, 45],
							"uv": {
								"east": {"uv": [16, 16], "uv_size": [0.5, 0.5]},
								"down": {"uv": [0, 3.5], "uv_size": [2.5, -0.5]}
							}
						},
						{
							"origin": [-3.5, 0.125, 0.01563],
							"size": [4.40625, 0.3125, 0.375],
							"pivot": [-0.64574, 0.16406, 0.00629],
							"rotation": [0, -90, 90],
							"uv": {
								"east": {"uv": [0, 17], "uv_size": [0.5, 0.5]},
								"west": {"uv": [17, 0], "uv_size": [0.5, 0.5]},
								"up": {"uv": [0, 0], "uv_size": [4.5, 0.5]}
							}
						},
						{
							"origin": [-0.52855, 0.32965, -2.3636],
							"size": [0.25, 0.125, 0.25],
							"pivot": [-0.40355, 0.39215, -2.2386],
							"rotation": [0, -45, 90],
							"uv": {
								"north": {"uv": [1, 17], "uv_size": [0.5, 0.5]},
								"east": {"uv": [17, 1], "uv_size": [0.5, 0.5]},
								"south": {"uv": [2, 17], "uv_size": [0.5, 0.5]},
								"west": {"uv": [17, 2], "uv_size": [0.5, 0.5]},
								"up": {"uv": [3, 17], "uv_size": [0.5, 0.5]}
							}
						},
						{
							"origin": [-3.5, 0.125, 0.39063],
							"size": [1.65625, 0.3125, 0.1875],
							"pivot": [-0.64574, 0.16406, 0.00629],
							"rotation": [0, -90, 90],
							"uv": {
								"east": {"uv": [17, 3], "uv_size": [0.5, 0.5]},
								"west": {"uv": [4, 17], "uv_size": [0.5, 0.5]},
								"up": {"uv": [2, 10], "uv_size": [1.5, 0.5]}
							}
						},
						{
							"origin": [-1.8125, 0.625, 0.01563],
							"size": [2.53125, 0.0625, 0.34375],
							"pivot": [-0.64574, 0.16406, 0.00629],
							"rotation": [0, -90, 90],
							"uv": {
								"north": {"uv": [3, 2], "uv_size": [2.5, 0.5]},
								"east": {"uv": [17, 4], "uv_size": [0.5, 0.5]},
								"south": {"uv": [3, 3], "uv_size": [2.5, 0.5]},
								"west": {"uv": [5, 17], "uv_size": [0.5, 0.5]}
							}
						},
						{
							"origin": [0.1417, 0.28278, 0.25978],
							"size": [0.08839, 0.09375, 0.34375],
							"inflate": -0.001,
							"pivot": [-1.03554, 0.34528, 0.43165],
							"rotation": [90, -45, 0],
							"uv": {
								"north": {"uv": [17, 5], "uv_size": [0.5, 0.5]},
								"south": {"uv": [6, 17], "uv_size": [0.5, 0.5]},
								"down": {"uv": [17, 6.5], "uv_size": [0.5, -0.5]}
							}
						},
						{
							"origin": [-0.94294, 0.18952, 0.05828],
							"size": [1.78125, 0.25, 0.21875],
							"inflate": -0.001,
							"pivot": [-0.23982, 0.37702, 0.10515],
							"rotation": [0, -90, 110],
							"uv": {
								"east": {"uv": [7, 17], "uv_size": [0.5, 0.5]},
								"south": {"uv": [8, 0], "uv_size": [2, 0.5]},
								"west": {"uv": [17, 7], "uv_size": [0.5, 0.5]}
							}
						},
						{
							"origin": [-1.20024, 0.24098, 0.05828],
							"size": [1.78125, 0.375, 0.21875],
							"pivot": [-0.49711, 0.49098, 0.10515],
							"rotation": [0, -90, 120],
							"uv": {
								"east": {"uv": [8, 17], "uv_size": [0.5, 0.5]},
								"south": {"uv": [8, 1], "uv_size": [2, 0.5]},
								"west": {"uv": [17, 8], "uv_size": [0.5, 0.5]}
							}
						},
						{
							"origin": [-0.49752, 0.45136, 0.15203],
							"size": [0.1875, 0.1875, 0.125],
							"pivot": [-0.46627, 0.48261, 0.08953],
							"rotation": [90, -45, 25],
							"uv": {
								"east": {"uv": [9, 17], "uv_size": [0.5, 0.5]},
								"south": {"uv": [17, 9], "uv_size": [0.5, 0.5]},
								"west": {"uv": [10, 17], "uv_size": [0.5, 0.5]},
								"up": {"uv": [17, 10], "uv_size": [0.5, 0.5]},
								"down": {"uv": [11, 17.5], "uv_size": [0.5, -0.5]}
							}
						},
						{
							"origin": [0.1417, 0.28278, -0.39322],
							"size": [0.08839, 0.09375, 0.34375],
							"inflate": -0.001,
							"pivot": [-1.03554, 0.34528, -0.22135],
							"rotation": [-90, 45, 0],
							"uv": {
								"north": {"uv": [17, 11], "uv_size": [0.5, 0.5]},
								"south": {"uv": [12, 17], "uv_size": [0.5, 0.5]},
								"down": {"uv": [17, 12.5], "uv_size": [0.5, -0.5]}
							}
						},
						{
							"origin": [-1.25, 0.4375, 0.01563],
							"size": [1.78125, 0.125, 0.34375],
							"pivot": [-0.64574, 0.16406, 0.00629],
							"rotation": [0, -90, 90],
							"uv": {
								"north": {"uv": [2, 8], "uv_size": [2, 0.5]},
								"east": {"uv": [13, 17], "uv_size": [0.5, 0.5]},
								"south": {"uv": [4, 8], "uv_size": [2, 0.5]},
								"west": {"uv": [17, 13], "uv_size": [0.5, 0.5]}
							}
						},
						{
							"origin": [-1.375, 0.5625, -0.35937],
							"size": [2.40625, 0.0625, 0.34375],
							"pivot": [-0.64574, 0.16406, -0.36871],
							"rotation": [0, -90, 90],
							"uv": {
								"north": {"uv": [0, 4], "uv_size": [2.5, 0.5]},
								"south": {"uv": [3, 4], "uv_size": [2.5, 0.5]}
							}
						},
						{
							"origin": [-1.81251, 0.6875, 0.01563],
							"size": [2.53126, 0.69511, 0.18966],
							"pivot": [-0.64574, 0.16406, 0.00629],
							"rotation": [0, -90, 90],
							"uv": {
								"north": {"uv": [0, 5], "uv_size": [2.5, 0.5]},
								"east": {"uv": [14, 17], "uv_size": [0.5, 0.5]},
								"west": {"uv": [17, 14], "uv_size": [0.5, 0.5]},
								"up": {"uv": [5, 0], "uv_size": [2.5, 0.5]}
							}
						},
						{
							"origin": [-0.65625, -0.05637, -0.14062],
							"size": [0.25, 1.5, 0.15625],
							"pivot": [-0.64574, 0.16406, 0.00629],
							"rotation": [0, -90, 90],
							"uv": {
								"north": {"uv": [4, 10], "uv_size": [0.5, 1.5]},
								"east": {"uv": [5, 10], "uv_size": [0.5, 1.5]},
								"south": {"uv": [6, 10], "uv_size": [0.5, 1.5]},
								"west": {"uv": [7, 10], "uv_size": [0.5, 1.5]},
								"up": {"uv": [15, 17], "uv_size": [0.5, 0.5]},
								"down": {"uv": [17, 15.5], "uv_size": [0.5, -0.5]}
							}
						},
						{
							"origin": [-0.48776, -0.34318, -0.05779],
							"size": [2.53125, 0.1875, 0.25],
							"inflate": -0.001,
							"pivot": [0.77787, 0.03488, 0.10415],
							"rotation": [0, -90, 135],
							"uv": {
								"north": {"uv": [5, 1], "uv_size": [2.5, 0.5]},
								"east": {"uv": [16, 17], "uv_size": [0.5, 0.5]},
								"south": {"uv": [3, 5], "uv_size": [2.5, 0.5]},
								"west": {"uv": [17, 16], "uv_size": [0.5, 0.5]}
							}
						},
						{
							"origin": [-0.68524, 0.0444, -0.02085],
							"size": [2.53125, 0.3125, 0.25],
							"pivot": [0.58039, 0.13815, 0.10415],
							"rotation": [0, -90, -180],
							"uv": {
								"north": {"uv": [0, 6], "uv_size": [2.5, 0.5]},
								"east": {"uv": [17, 17], "uv_size": [0.5, 0.5]},
								"south": {"uv": [6, 2], "uv_size": [2.5, 0.5]},
								"west": {"uv": [0, 18], "uv_size": [0.5, 0.5]}
							}
						},
						{
							"origin": [-0.75911, -0.25895, 0.04165],
							"size": [2.53125, 0.1875, 0.1875],
							"inflate": -0.001,
							"pivot": [0.50651, -0.1027, 0.10415],
							"rotation": [0, -90, -135],
							"uv": {
								"north": {"uv": [3, 6], "uv_size": [2.5, 0.5]},
								"east": {"uv": [18, 0], "uv_size": [0.5, 0.5]},
								"south": {"uv": [6, 3], "uv_size": [2.5, 0.5]},
								"west": {"uv": [1, 18], "uv_size": [0.5, 0.5]}
							}
						},
						{
							"origin": [-0.78657, -0.19333, 0.03025],
							"size": [2.53125, 0.25, 0.1875],
							"pivot": [0.47905, -0.09958, 0.10415],
							"rotation": [0, -90, -90],
							"uv": {
								"north": {"uv": [6, 4], "uv_size": [2.5, 0.5]},
								"east": {"uv": [18, 1], "uv_size": [0.5, 0.5]},
								"south": {"uv": [6, 5], "uv_size": [2.5, 0.5]},
								"west": {"uv": [2, 18], "uv_size": [0.5, 0.5]},
								"up": {"uv": [6, 6], "uv_size": [2.5, 0.5]}
							}
						},
						{
							"origin": [-1.04211, 0.00747, -0.00348],
							"size": [2.53125, 0.71199, 0.17188],
							"inflate": -0.001,
							"pivot": [0.22352, 0.37571, 0.10515],
							"rotation": [0, -90, 102.5],
							"uv": {
								"east": {"uv": [18, 2], "uv_size": [0.5, 0.5]},
								"south": {"uv": [0, 7], "uv_size": [2.5, 0.5]},
								"west": {"uv": [3, 18], "uv_size": [0.5, 0.5]}
							}
						},
						{
							"origin": [-0.47961, 0.13247, 0.16839],
							"size": [1.34375, 0.46199, 0.03125],
							"pivot": [0.22352, 0.37571, 0.10515],
							"rotation": [0, -90, 102.5],
							"uv": {
								"south": {"uv": [8, 10], "uv_size": [1.5, 0.5]},
								"up": {"uv": [10, 8], "uv_size": [1.5, 0.5]},
								"down": {"uv": [10, 9.5], "uv_size": [1.5, -0.5]}
							}
						},
						{
							"origin": [-0.60461, 0.25747, 0.16839],
							"size": [0.125, 0.21199, 0.03125],
							"pivot": [0.22352, 0.37571, 0.10515],
							"rotation": [0, -90, 102.5],
							"uv": {
								"east": {"uv": [18, 3], "uv_size": [0.5, 0.5]},
								"south": {"uv": [4, 18], "uv_size": [0.5, 0.5]}
							}
						},
						{
							"origin": [0.10949, 0.24782, -0.6761],
							"size": [0.125, 0.17678, 0.03125],
							"inflate": -0.001,
							"pivot": [0.22863, 0.45535, -0.66047],
							"rotation": [90, -45, 12.5],
							"uv": {
								"east": {"uv": [18, 4], "uv_size": [0.5, 0.5]},
								"south": {"uv": [5, 18], "uv_size": [0.5, 0.5]}
							}
						},
						{
							"origin": [0.10949, 0.48611, -0.6761],
							"size": [0.125, 0.17678, 0.03125],
							"inflate": -0.001,
							"pivot": [0.22863, 0.45535, -0.66047],
							"rotation": [-90, -45, -167.5],
							"uv": {
								"east": {"uv": [18, 5], "uv_size": [0.5, 0.5]},
								"south": {"uv": [6, 18], "uv_size": [0.5, 0.5]}
							}
						},
						{
							"origin": [0.86414, 0.25747, 0.16839],
							"size": [0.125, 0.21199, 0.03125],
							"pivot": [0.22352, 0.37571, 0.10515],
							"rotation": [0, -90, 102.5],
							"uv": {
								"south": {"uv": [18, 6], "uv_size": [0.5, 0.5]},
								"west": {"uv": [7, 18], "uv_size": [0.5, 0.5]}
							}
						},
						{
							"origin": [0.29964, 0.31976, 0.73601],
							"size": [0.125, 0.17678, 0.03125],
							"inflate": -0.001,
							"pivot": [0.36214, 0.42576, 0.75163],
							"rotation": [90, -45, 12.5],
							"uv": {
								"south": {"uv": [18, 7], "uv_size": [0.5, 0.5]},
								"west": {"uv": [8, 18], "uv_size": [0.5, 0.5]}
							}
						},
						{
							"origin": [0.03263, 0.41417, 0.73601],
							"size": [0.125, 0.17678, 0.03125],
							"inflate": -0.001,
							"pivot": [0.09513, 0.48495, 0.75163],
							"rotation": [-90, -45, -167.5],
							"uv": {
								"south": {"uv": [18, 8], "uv_size": [0.5, 0.5]},
								"west": {"uv": [9, 18], "uv_size": [0.5, 0.5]}
							}
						},
						{
							"origin": [-3.5, 0.0825, -0.2357],
							"size": [4.40625, 0.26831, 0.44195],
							"inflate": -0.001,
							"pivot": [-0.64574, 0.16406, 0.00629],
							"rotation": [0, -90, 135],
							"uv": {
								"east": {"uv": [18, 9], "uv_size": [0.5, 0.5]},
								"west": {"uv": [10, 18], "uv_size": [0.5, 0.5]},
								"up": {"uv": [0, 1], "uv_size": [4.5, 0.5]}
							}
						},
						{
							"origin": [0.25, -0.43148, 0.17309],
							"size": [0.65625, 0.25, 0.35355],
							"pivot": [-0.64574, 0.16406, 0.00629],
							"rotation": [0, -90, 45],
							"uv": {
								"east": {"uv": [18, 10], "uv_size": [0.5, 0.5]},
								"west": {"uv": [11, 18], "uv_size": [0.5, 0.5]},
								"down": {"uv": [18, 11.5], "uv_size": [0.5, -0.5]}
							}
						},
						{
							"origin": [-0.90625, -0.43148, 0.17309],
							"size": [1.15625, 0.25, 0.2598],
							"pivot": [-0.64574, 0.16406, 0.00629],
							"rotation": [0, -90, 45],
							"uv": {
								"down": {"uv": [2, 12.5], "uv_size": [1, -0.5]}
							}
						},
						{
							"origin": [-1.57053, -0.27972, 0.00512],
							"size": [0.1875, 0.25, 0.1875],
							"inflate": -0.002,
							"pivot": [-0.9924, -0.15472, 0.06272],
							"rotation": [0, -45, 45],
							"uv": {
								"south": {"uv": [12, 18], "uv_size": [0.5, 0.5]},
								"down": {"uv": [18, 12.5], "uv_size": [0.5, -0.5]}
							}
						},
						{
							"origin": [-0.60178, -0.27972, 0.52749],
							"size": [0.1875, 0.25, 0.1875],
							"inflate": -0.002,
							"pivot": [-0.9924, -0.15472, 0.58509],
							"rotation": [-180, -45, -135],
							"uv": {
								"south": {"uv": [13, 18], "uv_size": [0.5, 0.5]},
								"down": {"uv": [18, 13.5], "uv_size": [0.5, -0.5]}
							}
						},
						{
							"origin": [-1.82164, 0.04951, 0.194],
							"size": [1.15625, 0.26183, 0.5545],
							"pivot": [-1.24351, 0.17451, 0.3239],
							"rotation": [0, -90, 90],
							"uv": {
								"down": {"uv": [12, 2.5], "uv_size": [1, -0.5]}
							}
						},
						{
							"origin": [-1.65802, 0.57167, 0.04665],
							"size": [1.15625, 0.26183, 0.37026],
							"pivot": [-1.07989, 0.70258, 0.3239],
							"rotation": [0, -90, 135],
							"uv": {
								"down": {"uv": [3, 12.5], "uv_size": [1, -0.5]}
							}
						},
						{
							"origin": [0.25, -0.375, -0.29687],
							"size": [0.65625, 0.5, 1],
							"inflate": 0.001,
							"pivot": [-0.64574, 0.16406, 0.00629],
							"rotation": [0, -90, 90],
							"uv": {
								"north": {"uv": [14, 18], "uv_size": [0.5, 0.5]},
								"south": {"uv": [18, 14], "uv_size": [0.5, 0.5]},
								"west": {"uv": [12, 3], "uv_size": [1, 0.5]}
							}
						},
						{
							"origin": [-2.98076, 0.17968, 1.48015],
							"size": [2.40625, 0.44194, 0.25],
							"pivot": [-0.90263, 0.37162, 1.23015],
							"rotation": [0, -90, 135],
							"uv": {
								"east": {"uv": [15, 18], "uv_size": [0.5, 0.5]},
								"south": {"uv": [3, 7], "uv_size": [2.5, 0.5]},
								"west": {"uv": [18, 15], "uv_size": [0.5, 0.5]}
							}
						},
						{
							"origin": [-3.32451, 0.27343, 1.54265],
							"size": [0.34375, 0.34819, 0.1875],
							"pivot": [-0.90263, 0.37162, 1.23015],
							"rotation": [0, -90, 135],
							"uv": {
								"south": {"uv": [16, 18], "uv_size": [0.5, 0.5]}
							}
						},
						{
							"origin": [0.25, -0.625, -0.04687],
							"size": [0.65625, 0.25, 0.5],
							"pivot": [-0.64574, 0.16406, 0.00629],
							"rotation": [0, -90, 90],
							"uv": {
								"east": {"uv": [18, 16], "uv_size": [0.5, 0.5]},
								"west": {"uv": [17, 18], "uv_size": [0.5, 0.5]},
								"down": {"uv": [18, 17.5], "uv_size": [0.5, -0.5]}
							}
						},
						{
							"origin": [-0.57451, 0.17968, 1.60515],
							"size": [0.125, 0.12944, 0.125],
							"pivot": [-0.90263, 0.37162, 1.23015],
							"rotation": [0, -90, 135],
							"uv": {
								"south": {"uv": [18, 18], "uv_size": [0.5, 0.5]},
								"west": {"uv": [0, 19], "uv_size": [0.5, 0.5]}
							}
						},
						{
							"origin": [0.90625, -0.375, 0.39063],
							"size": [0.125, 0.5, 0.3125],
							"pivot": [-0.64574, 0.16406, 0.00629],
							"rotation": [0, -90, 90],
							"uv": {
								"north": {"uv": [19, 0], "uv_size": [0.5, 0.5]},
								"south": {"uv": [1, 19], "uv_size": [0.5, 0.5]},
								"west": {"uv": [19, 1], "uv_size": [0.5, 0.5]}
							}
						},
						{
							"origin": [0.90625, 0.125, 0.39063],
							"size": [0.125, 0.09153, 0.22097],
							"pivot": [-0.64574, 0.16406, 0.00629],
							"rotation": [0, -90, 90],
							"uv": {
								"north": {"uv": [2, 19], "uv_size": [0.5, 0.5]},
								"east": {"uv": [2, 19], "uv_size": [0.5, 0.5]},
								"south": {"uv": [2, 19], "uv_size": [0.5, 0.5]},
								"west": {"uv": [2, 19], "uv_size": [0.5, 0.5]},
								"up": {"uv": [2, 19], "uv_size": [0.5, 0.5]},
								"down": {"uv": [2, 19.5], "uv_size": [0.5, -0.5]}
							}
						},
						{
							"origin": [-0.84933, 0.57429, 0.98796],
							"size": [0.125, 0.4375, 0.35355],
							"pivot": [-1.16964, 0.69929, 1.23796],
							"rotation": [0, -90, 135],
							"uv": {
								"west": {"uv": [19, 2], "uv_size": [0.5, 0.5]},
								"up": {"uv": [3, 19], "uv_size": [0.5, 0.5]},
								"down": {"uv": [19, 3.5], "uv_size": [0.5, -0.5]}
							}
						},
						{
							"origin": [0.90625, -0.625, 0.07813],
							"size": [0.125, 0.375, 0.375],
							"inflate": 0.001,
							"pivot": [-0.64574, 0.16406, 0.00629],
							"rotation": [0, -90, 90],
							"uv": {
								"west": {"uv": [4, 19], "uv_size": [0.5, 0.5]},
								"up": {"uv": [19, 4], "uv_size": [0.5, 0.5]},
								"down": {"uv": [5, 19.5], "uv_size": [0.5, -0.5]}
							}
						},
						{
							"origin": [-1.3098, 0.10018, 1.45917],
							"size": [0.125, 0.375, 0.17678],
							"inflate": -0.001,
							"pivot": [-1.2473, 0.28768, 1.64667],
							"rotation": [0, -45, 90],
							"uv": {
								"west": {"uv": [19, 5], "uv_size": [0.5, 0.5]},
								"up": {"uv": [6, 19], "uv_size": [0.5, 0.5]},
								"down": {"uv": [19, 6.5], "uv_size": [0.5, -0.5]}
							}
						},
						{
							"origin": [-1.50558, 0.57429, 0.98796],
							"size": [0.65625, 0.25, 0.35355],
							"pivot": [-1.16964, 0.69929, 1.23796],
							"rotation": [0, -90, 135],
							"uv": {
								"north": {"uv": [7, 19], "uv_size": [0.5, 0.5]},
								"east": {"uv": [19, 7], "uv_size": [0.5, 0.5]},
								"south": {"uv": [8, 19], "uv_size": [0.5, 0.5]},
								"west": {"uv": [19, 8], "uv_size": [0.5, 0.5]},
								"up": {"uv": [9, 19], "uv_size": [0.5, 0.5]},
								"down": {"uv": [19, 9.5], "uv_size": [0.5, -0.5]}
							}
						},
						{
							"origin": [-3.38058, 0.57429, -0.88704],
							"size": [2.59375, 0.25, 0.35355],
							"inflate": -0.001,
							"pivot": [-1.16964, 0.69929, -0.63704],
							"rotation": [0, -90, 135],
							"uv": {
								"east": {"uv": [10, 19], "uv_size": [0.5, 0.5]},
								"west": {"uv": [19, 10], "uv_size": [0.5, 0.5]},
								"down": {"uv": [6, 7.5], "uv_size": [2.5, -0.5]}
							}
						}
					]
				},
				{
					"name": "bone3",
					"parent": "laz44",
					"pivot": [-0.9375, 0.39063, -2.07812],
					"rotation": [90, 0, 45],
					"cubes": [
						{
							"origin": [-1.10928, 0.32375, -2.49284],
							"size": [0.34357, 1, 0.82944],
							"inflate": -0.001,
							"uv": {
								"north": {"uv": [4, 12], "uv_size": [0.5, 1]},
								"south": {"uv": [12, 4], "uv_size": [0.5, 1]},
								"up": {"uv": [5, 12], "uv_size": [0.5, 1]}
							}
						},
						{
							"origin": [-1.10928, 0.32375, -2.49284],
							"size": [0.34357, 1, 0.82944],
							"inflate": 0.001,
							"pivot": [-0.9375, 0.39063, -2.07812],
							"rotation": [0, -45, 0],
							"uv": {
								"north": {"uv": [12, 5], "uv_size": [0.5, 1]},
								"south": {"uv": [6, 12], "uv_size": [0.5, 1]},
								"up": {"uv": [12, 6], "uv_size": [0.5, 1]}
							}
						},
						{
							"origin": [-0.78362, 1.11849, -2.14909],
							"size": [0.28107, 0.25, 0.20444],
							"inflate": -0.001,
							"pivot": [-0.64309, 1.23568, -2.04687],
							"rotation": [0, -90, -45],
							"uv": {
								"east": {"uv": [11, 19], "uv_size": [0.5, 0.5]},
								"west": {"uv": [19, 11], "uv_size": [0.5, 0.5]},
								"up": {"uv": [12, 19], "uv_size": [0.5, 0.5]}
							}
						},
						{
							"origin": [-1.04678, 1.15187, -2.55534],
							"size": [0.28107, 0.25, 0.20444],
							"pivot": [-0.9375, 0.39063, -2.07812],
							"rotation": [0, -90, 0],
							"uv": {
								"north": {"uv": [19, 12], "uv_size": [0.5, 0.5]},
								"east": {"uv": [13, 19], "uv_size": [0.5, 0.5]},
								"west": {"uv": [19, 13], "uv_size": [0.5, 0.5]},
								"up": {"uv": [14, 19], "uv_size": [0.5, 0.5]}
							}
						},
						{
							"origin": [-1.10928, 0.32375, -2.49284],
							"size": [0.34357, 1, 0.82944],
							"inflate": -0.001,
							"pivot": [-0.9375, 0.39063, -2.07812],
							"rotation": [0, -90, 0],
							"uv": {
								"north": {"uv": [7, 12], "uv_size": [0.5, 1]},
								"south": {"uv": [12, 7], "uv_size": [0.5, 1]},
								"up": {"uv": [8, 12], "uv_size": [0.5, 1]}
							}
						},
						{
							"origin": [-1.05527, 1.08081, -2.09733],
							"size": [0.125, 0.25, 0.125],
							"pivot": [-0.96152, 1.20581, -2.06608],
							"rotation": [-180, 0, 180],
							"uv": {
								"north": {"uv": [19, 14], "uv_size": [0.5, 0.5]},
								"east": {"uv": [15, 19], "uv_size": [0.5, 0.5]},
								"south": {"uv": [19, 15], "uv_size": [0.5, 0.5]},
								"west": {"uv": [16, 19], "uv_size": [0.5, 0.5]},
								"up": {"uv": [19, 16], "uv_size": [0.5, 0.5]}
							}
						},
						{
							"origin": [-1.10928, 0.32375, -2.49284],
							"size": [0.34357, 1, 0.82944],
							"pivot": [-0.9375, 0.39063, -2.07812],
							"rotation": [-180, -45, 180],
							"uv": {
								"north": {"uv": [12, 8], "uv_size": [0.5, 1]},
								"south": {"uv": [9, 12], "uv_size": [0.5, 1]},
								"up": {"uv": [12, 9], "uv_size": [0.5, 1]}
							}
						}
					]
				},
				{
					"name": "bone8",
					"parent": "laz44",
					"pivot": [-1.09375, 0.20313, -2.75],
					"rotation": [90, 0, 22.5],
					"cubes": [
						{
							"origin": [-1.14528, 0.23306, -2.87442],
							"size": [0.10307, 0.25, 0.24883],
							"inflate": -0.001,
							"uv": {
								"north": {"uv": [17, 19], "uv_size": [0.5, 0.5]},
								"south": {"uv": [19, 17], "uv_size": [0.5, 0.5]},
								"up": {"uv": [18, 19], "uv_size": [0.5, 0.5]}
							}
						},
						{
							"origin": [-1.14528, 0.23306, -2.87442],
							"size": [0.10307, 0.25, 0.24883],
							"pivot": [-1.09375, 0.20313, -2.75],
							"rotation": [0, -45, 0],
							"uv": {
								"north": {"uv": [19, 18], "uv_size": [0.5, 0.5]},
								"south": {"uv": [19, 19], "uv_size": [0.5, 0.5]},
								"up": {"uv": [0, 20], "uv_size": [0.5, 0.5]}
							}
						},
						{
							"origin": [-1.14528, 0.23306, -2.87442],
							"size": [0.10307, 0.25, 0.24883],
							"inflate": -0.001,
							"pivot": [-1.09375, 0.20313, -2.75],
							"rotation": [0, -90, 0],
							"uv": {
								"north": {"uv": [20, 0], "uv_size": [0.5, 0.5]},
								"south": {"uv": [1, 20], "uv_size": [0.5, 0.5]},
								"up": {"uv": [20, 1], "uv_size": [0.5, 0.5]}
							}
						},
						{
							"origin": [-1.14528, 0.23306, -2.87442],
							"size": [0.10307, 0.25, 0.24883],
							"inflate": 0.001,
							"pivot": [-1.09375, 0.20313, -2.75],
							"rotation": [-180, -45, 180],
							"uv": {
								"north": {"uv": [2, 20], "uv_size": [0.5, 0.5]},
								"south": {"uv": [20, 2], "uv_size": [0.5, 0.5]},
								"up": {"uv": [3, 20], "uv_size": [0.5, 0.5]}
							}
						}
					]
				},
				{
					"name": "bone13",
					"parent": "laz44",
					"pivot": [-0.70312, 0.75, -2.75],
					"rotation": [90, 0, 22.5],
					"cubes": [
						{
							"origin": [-0.75597, 0.77994, -3.10854],
							"size": [0.12368, 0.25, 0.2986],
							"inflate": -0.001,
							"uv": {
								"north": {"uv": [20, 3], "uv_size": [0.5, 0.5]},
								"south": {"uv": [4, 20], "uv_size": [0.5, 0.5]},
								"up": {"uv": [20, 4], "uv_size": [0.5, 0.5]}
							}
						},
						{
							"origin": [-0.75597, 0.77994, -3.10854],
							"size": [0.12368, 0.25, 0.2986],
							"pivot": [-0.69412, 0.69401, -2.95924],
							"rotation": [0, -45, 0],
							"uv": {
								"north": {"uv": [5, 20], "uv_size": [0.5, 0.5]},
								"south": {"uv": [20, 5], "uv_size": [0.5, 0.5]},
								"up": {"uv": [6, 20], "uv_size": [0.5, 0.5]}
							}
						},
						{
							"origin": [-0.75597, 0.77994, -3.10854],
							"size": [0.12368, 0.25, 0.2986],
							"inflate": -0.001,
							"pivot": [-0.69412, 0.69401, -2.95924],
							"rotation": [0, -90, 0],
							"uv": {
								"north": {"uv": [20, 6], "uv_size": [0.5, 0.5]},
								"south": {"uv": [7, 20], "uv_size": [0.5, 0.5]},
								"up": {"uv": [20, 7], "uv_size": [0.5, 0.5]}
							}
						},
						{
							"origin": [-0.75597, 0.77994, -3.10854],
							"size": [0.12368, 0.25, 0.2986],
							"inflate": 0.001,
							"pivot": [-0.69412, 0.69401, -2.95924],
							"rotation": [-180, -45, 180],
							"uv": {
								"north": {"uv": [8, 20], "uv_size": [0.5, 0.5]},
								"south": {"uv": [20, 8], "uv_size": [0.5, 0.5]},
								"up": {"uv": [9, 20], "uv_size": [0.5, 0.5]}
							}
						}
					]
				},
				{
					"name": "bone18",
					"parent": "laz44",
					"pivot": [-0.625, 0.57813, 1.3125],
					"rotation": [-90, 0, 22.5],
					"cubes": [
						{
							"origin": [-0.718, 0.63081, 1.418],
							"size": [0.21768, 0.44, 0.09375],
							"uv": {
								"north": {"uv": [20, 9], "uv_size": [0.5, 0.5]},
								"south": {"uv": [10, 20], "uv_size": [0.5, 0.5]},
								"up": {"uv": [20, 10], "uv_size": [0.5, 0.5]}
							}
						},
						{
							"origin": [-0.79465, 0.63081, 1.49528],
							"size": [0.37098, 0.3775, 0.37098],
							"pivot": [-0.60916, 0.85081, 1.68076],
							"rotation": [0, 22.5, 0],
							"uv": {
								"up": {"uv": [11, 20], "uv_size": [0.5, 0.5]}
							}
						},
						{
							"origin": [-0.718, 0.63081, 1.84978],
							"size": [0.21768, 0.44, 0.09375],
							"inflate": 0.001,
							"pivot": [-0.60916, 0.47959, 1.68076],
							"rotation": [0, 45, 0],
							"uv": {
								"north": {"uv": [20, 11], "uv_size": [0.5, 0.5]},
								"south": {"uv": [12, 20], "uv_size": [0.5, 0.5]},
								"up": {"uv": [20, 12], "uv_size": [0.5, 0.5]}
							}
						},
						{
							"origin": [-0.718, 0.63081, 1.418],
							"size": [0.21768, 0.44, 0.09375],
							"pivot": [-0.60916, 0.47959, 1.68076],
							"rotation": [0, 90, 0],
							"uv": {
								"north": {"uv": [13, 20], "uv_size": [0.5, 0.5]},
								"south": {"uv": [20, 13], "uv_size": [0.5, 0.5]},
								"up": {"uv": [14, 20], "uv_size": [0.5, 0.5]}
							}
						},
						{
							"origin": [-0.718, 0.63081, 1.84978],
							"size": [0.21768, 0.44, 0.09375],
							"inflate": 0.001,
							"pivot": [-0.60916, 0.47959, 1.68076],
							"rotation": [-180, 45, 180],
							"uv": {
								"north": {"uv": [20, 14], "uv_size": [0.5, 0.5]},
								"south": {"uv": [15, 20], "uv_size": [0.5, 0.5]},
								"up": {"uv": [20, 15], "uv_size": [0.5, 0.5]}
							}
						},
						{
							"origin": [-0.718, 0.63081, 1.84978],
							"size": [0.21768, 0.44, 0.09375],
							"uv": {
								"north": {"uv": [16, 20], "uv_size": [0.5, 0.5]},
								"south": {"uv": [20, 16], "uv_size": [0.5, 0.5]},
								"up": {"uv": [17, 20], "uv_size": [0.5, 0.5]}
							}
						},
						{
							"origin": [-0.718, 0.63081, 1.418],
							"size": [0.21768, 0.44, 0.09375],
							"inflate": 0.001,
							"pivot": [-0.60916, 0.47959, 1.68076],
							"rotation": [0, 45, 0],
							"uv": {
								"north": {"uv": [20, 17], "uv_size": [0.5, 0.5]},
								"south": {"uv": [18, 20], "uv_size": [0.5, 0.5]},
								"up": {"uv": [20, 18], "uv_size": [0.5, 0.5]}
							}
						},
						{
							"origin": [-0.718, 0.63081, 1.84978],
							"size": [0.21768, 0.44, 0.09375],
							"pivot": [-0.60916, 0.47959, 1.68076],
							"rotation": [0, 90, 0],
							"uv": {
								"north": {"uv": [19, 20], "uv_size": [0.5, 0.5]},
								"south": {"uv": [20, 19], "uv_size": [0.5, 0.5]},
								"up": {"uv": [20, 20], "uv_size": [0.5, 0.5]}
							}
						},
						{
							"origin": [-0.718, 0.63081, 1.418],
							"size": [0.21768, 0.44, 0.09375],
							"inflate": 0.001,
							"pivot": [-0.60916, 0.47959, 1.68076],
							"rotation": [-180, 45, 180],
							"uv": {
								"north": {"uv": [0, 21], "uv_size": [0.5, 0.5]},
								"south": {"uv": [21, 0], "uv_size": [0.5, 0.5]},
								"up": {"uv": [1, 21], "uv_size": [0.5, 0.5]}
							}
						}
					]
				},
				{
					"name": "laser_beam",
					"pivot": [-1.10312, 0.19688, -3.01562]
				}
			]
		}
	]
}