{
	"format_version": "1.12.0",
	"minecraft:geometry": [
		{
			"description": {
				"identifier": "geometry.unknown",
				"texture_width": 32,
				"texture_height": 32,
				"visible_bounds_width": 5,
				"visible_bounds_height": 4,
				"visible_bounds_offset": [0, 1, 0]
			},
			"bones": [
				{
					"name": "laser",
					"pivot": [0.00002, 0.18705, -0.38459],
					"cubes": [
						{
							"origin": [-1.20312, 0.03125, -0.125],
							"size": [2, 0.4375, 1.375],
							"uv": {
								"north": {"uv": [4, 2], "uv_size": [2, 0.5]},
								"east": {"uv": [4, 3], "uv_size": [1.5, 0.5]},
								"south": {"uv": [3, 4], "uv_size": [2, 0.5]},
								"west": {"uv": [0, 5], "uv_size": [1.5, 0.5]},
								"down": {"uv": [0, 4.5], "uv_size": [2, -1.5]}
							}
						},
						{
							"origin": [-0.45312, 0.03125, -1.1875],
							"size": [1.25, 0.25, 1.0625],
							"uv": {
								"north": {"uv": [8, 0], "uv_size": [1.25, 0.25]},
								"east": {"uv": [2, 9], "uv_size": [1, 0.25]},
								"south": {"uv": [8, 1], "uv_size": [1.25, 0.25]},
								"west": {"uv": [9, 2], "uv_size": [1, 0.25]},
								"up": {"uv": [4, 0], "uv_size": [1.25, 1]},
								"down": {"uv": [4, 2], "uv_size": [1.25, -1]}
							}
						},
						{
							"origin": [0.79688, 0.03125, -1.375],
							"size": [0.34375, 0.3125, 1.5625],
							"uv": {
								"north": {"uv": [13, 9], "uv_size": [0.25, 0.25]},
								"east": {"uv": [6, 3], "uv_size": [1.5, 0.25]},
								"south": {"uv": [10, 13], "uv_size": [0.25, 0.25]},
								"west": {"uv": [5, 6], "uv_size": [1.5, 0.25]},
								"down": {"uv": [1, 8.5], "uv_size": [0.25, -1.5]}
							}
						},
						{
							"origin": [0.54688, -0.09375, -1.375],
							"size": [0.59375, 0.125, 1],
							"uv": {
								"north": {"uv": [5, 11], "uv_size": [0.5, 0.25]},
								"east": {"uv": [3, 9], "uv_size": [1, 0.25]},
								"south": {"uv": [11, 5], "uv_size": [0.5, 0.25]},
								"west": {"uv": [9, 3], "uv_size": [1, 0.25]}
							}
						},
						{
							"origin": [0.54688, 0.2415, -0.56564],
							"size": [0.59375, 0.125, 0.1875],
							"inflate": -0.001,
							"pivot": [0.84375, 0.304, -0.06564],
							"rotation": [45, 0, 0],
							"uv": {
								"east": {"uv": [13, 10], "uv_size": [0.25, 0.25]},
								"west": {"uv": [11, 13], "uv_size": [0.25, 0.25]},
								"down": {"uv": [6, 11.25], "uv_size": [0.5, -0.25]}
							}
						},
						{
							"origin": [0.73438, -0.28125, -1.375],
							"size": [0.21875, 0.1875, 1],
							"uv": {
								"north": {"uv": [13, 11], "uv_size": [0.25, 0.25]},
								"south": {"uv": [12, 13], "uv_size": [0.25, 0.25]},
								"down": {"uv": [4, 10], "uv_size": [0.25, -1]}
							}
						},
						{
							"origin": [0.84121, -0.19855, -1.375],
							"size": [0.26516, 0.15625, 1],
							"inflate": -0.001,
							"pivot": [0.997, -0.1048, -0.875],
							"rotation": [0, 0, -45],
							"uv": {
								"north": {"uv": [13, 12], "uv_size": [0.25, 0.25]},
								"south": {"uv": [13, 13], "uv_size": [0.25, 0.25]},
								"down": {"uv": [9, 6], "uv_size": [0.25, -1]}
							}
						},
						{
							"origin": [0.54688, -0.09375, -1.59375],
							"size": [0.59375, 0.4375, 0.125],
							"uv": {
								"north": {"uv": [6, 9], "uv_size": [0.5, 0.5]},
								"east": {"uv": [11, 6], "uv_size": [0.25, 0.5]},
								"south": {"uv": [9, 6], "uv_size": [0.5, 0.5]},
								"west": {"uv": [7, 11], "uv_size": [0.25, 0.5]}
							}
						},
						{
							"origin": [0.60938, 0.10938, -2.09375],
							"size": [0.46875, 0.21875, 1],
							"uv": {
								"north": {"uv": [11, 7], "uv_size": [0.5, 0.25]},
								"east": {"uv": [7, 9], "uv_size": [1, 0.25]},
								"west": {"uv": [8, 9], "uv_size": [1, 0.25]}
							}
						},
						{
							"origin": [0.60068, 0.13036, -2.09375],
							"size": [0.48613, 0.17678, 1],
							"inflate": -0.001,
							"pivot": [0.84375, 0.21875, -1.78125],
							"rotation": [0, 0, -45],
							"uv": {
								"north": {"uv": [8, 11], "uv_size": [0.5, 0.25]},
								"east": {"uv": [9, 9], "uv_size": [1, 0.25]},
								"west": {"uv": [0, 10], "uv_size": [1, 0.25]}
							}
						},
						{
							"origin": [0.60068, 0.13036, -2.09375],
							"size": [0.48613, 0.17678, 1],
							"inflate": -0.001,
							"pivot": [0.84375, 0.21875, -1.78125],
							"rotation": [0, 0, -135],
							"uv": {
								"north": {"uv": [11, 8], "uv_size": [0.5, 0.25]},
								"east": {"uv": [10, 0], "uv_size": [1, 0.25]},
								"west": {"uv": [1, 10], "uv_size": [1, 0.25]}
							}
						},
						{
							"origin": [0.60938, 0.10938, -2.09375],
							"size": [0.46875, 0.21875, 1],
							"inflate": 0.001,
							"pivot": [0.84375, 0.21875, -1.78125],
							"rotation": [0, 0, -90],
							"uv": {
								"north": {"uv": [9, 11], "uv_size": [0.5, 0.25]},
								"east": {"uv": [10, 1], "uv_size": [1, 0.25]},
								"west": {"uv": [2, 10], "uv_size": [1, 0.25]}
							}
						},
						{
							"origin": [0.76563, 0.14063, -2.125],
							"size": [0.15625, 0.15625, 1.03125],
							"pivot": [0.84375, 0.21875, -1.60937],
							"rotation": [0, 0, -45],
							"uv": {
								"north": {"uv": [0, 14], "uv_size": [0.25, 0.25]},
								"east": {"uv": [10, 2], "uv_size": [1, 0.25]},
								"west": {"uv": [3, 10], "uv_size": [1, 0.25]},
								"up": {"uv": [10, 3], "uv_size": [0.25, 1]},
								"down": {"uv": [4, 11], "uv_size": [0.25, -1]}
							}
						},
						{
							"origin": [0.48438, 0.34375, -1.59375],
							"size": [0.46875, 0.1875, 0.125],
							"inflate": 0.001,
							"uv": {
								"north": {"uv": [11, 9], "uv_size": [0.5, 0.25]},
								"east": {"uv": [14, 0], "uv_size": [0.25, 0.25]},
								"south": {"uv": [10, 11], "uv_size": [0.5, 0.25]},
								"up": {"uv": [11, 10], "uv_size": [0.5, 0.25]}
							}
						},
						{
							"origin": [0.42188, 0.34375, -1.53125],
							"size": [0.125, 0.125, 0.21875],
							"pivot": [0.48438, 0.40625, -1.53125],
							"rotation": [0, 0, 45],
							"uv": {
								"east": {"uv": [1, 14], "uv_size": [0.25, 0.25]},
								"west": {"uv": [14, 1], "uv_size": [0.25, 0.25]},
								"up": {"uv": [2, 14], "uv_size": [0.25, 0.25]},
								"down": {"uv": [14, 2.25], "uv_size": [0.25, -0.25]}
							}
						},
						{
							"origin": [0.35938, 0.09375, -1.59375],
							"size": [0.1875, 0.3125, 0.125],
							"uv": {
								"north": {"uv": [3, 14], "uv_size": [0.25, 0.25]},
								"east": {"uv": [14, 3], "uv_size": [0.25, 0.25]},
								"south": {"uv": [4, 14], "uv_size": [0.25, 0.25]}
							}
						},
						{
							"origin": [0.42945, 0.32544, -1.59375],
							"size": [0.125, 0.17678, 0.125],
							"inflate": -0.001,
							"pivot": [0.49195, 0.45044, -1.53125],
							"rotation": [0, 0, 45],
							"uv": {
								"north": {"uv": [14, 4], "uv_size": [0.25, 0.25]},
								"east": {"uv": [5, 14], "uv_size": [0.25, 0.25]},
								"south": {"uv": [14, 5], "uv_size": [0.25, 0.25]}
							}
						},
						{
							"origin": [0.35938, 0.09375, -1.375],
							"size": [0.1875, 0.3125, 0.125],
							"uv": {
								"north": {"uv": [6, 14], "uv_size": [0.25, 0.25]},
								"east": {"uv": [14, 6], "uv_size": [0.25, 0.25]},
								"south": {"uv": [7, 14], "uv_size": [0.25, 0.25]}
							}
						},
						{
							"origin": [0.39599, -0.10447, -1.375],
							"size": [0.1875, 0.26516, 0.125],
							"inflate": -0.001,
							"pivot": [0.45849, 0.08303, -1.42187],
							"rotation": [0, 0, -45],
							"uv": {
								"north": {"uv": [14, 7], "uv_size": [0.25, 0.25]},
								"east": {"uv": [8, 14], "uv_size": [0.25, 0.25]},
								"south": {"uv": [14, 8], "uv_size": [0.25, 0.25]}
							}
						},
						{
							"origin": [0.42945, 0.32544, -1.375],
							"size": [0.125, 0.17678, 0.125],
							"inflate": -0.001,
							"pivot": [0.49195, 0.45044, -1.3125],
							"rotation": [0, 0, 45],
							"uv": {
								"north": {"uv": [9, 14], "uv_size": [0.25, 0.25]},
								"east": {"uv": [14, 9], "uv_size": [0.25, 0.25]},
								"south": {"uv": [10, 14], "uv_size": [0.25, 0.25]}
							}
						},
						{
							"origin": [0.48438, 0.34375, -1.375],
							"size": [0.46875, 0.1875, 0.125],
							"uv": {
								"north": {"uv": [11, 11], "uv_size": [0.5, 0.25]},
								"east": {"uv": [14, 10], "uv_size": [0.25, 0.25]},
								"south": {"uv": [0, 12], "uv_size": [0.5, 0.25]},
								"up": {"uv": [12, 0], "uv_size": [0.5, 0.25]}
							}
						},
						{
							"origin": [0.82734, 0.22758, -1.59375],
							"size": [0.26517, 0.1875, 0.125],
							"inflate": -0.001,
							"pivot": [1.03047, 0.32133, -1.53125],
							"rotation": [0, 0, 45],
							"uv": {
								"north": {"uv": [11, 14], "uv_size": [0.25, 0.25]},
								"south": {"uv": [14, 11], "uv_size": [0.25, 0.25]},
								"up": {"uv": [12, 14], "uv_size": [0.25, 0.25]}
							}
						},
						{
							"origin": [0.73438, -0.28125, -1.59375],
							"size": [0.21875, 0.1875, 0.125],
							"uv": {
								"north": {"uv": [14, 12], "uv_size": [0.25, 0.25]},
								"south": {"uv": [13, 14], "uv_size": [0.25, 0.25]},
								"down": {"uv": [14, 13.25], "uv_size": [0.25, -0.25]}
							}
						},
						{
							"origin": [0.30917, -0.21496, -1.59375],
							"size": [0.53033, 0.15625, 0.125],
							"inflate": -0.001,
							"pivot": [0.70692, -0.12121, -0.84375],
							"rotation": [0, 0, 45],
							"uv": {
								"north": {"uv": [1, 12], "uv_size": [0.5, 0.25]},
								"south": {"uv": [12, 1], "uv_size": [0.5, 0.25]},
								"down": {"uv": [2, 12.25], "uv_size": [0.5, -0.25]}
							}
						},
						{
							"origin": [0.84121, -0.19855, -1.59375],
							"size": [0.26516, 0.15625, 0.125],
							"inflate": -0.001,
							"pivot": [0.997, -0.1048, -0.84375],
							"rotation": [0, 0, -45],
							"uv": {
								"north": {"uv": [14, 14], "uv_size": [0.25, 0.25]},
								"south": {"uv": [0, 15], "uv_size": [0.25, 0.25]},
								"down": {"uv": [15, 0.25], "uv_size": [0.25, -0.25]}
							}
						},
						{
							"origin": [0.57434, -0.21496, -1.375],
							"size": [0.26516, 0.15625, 1],
							"inflate": -0.001,
							"pivot": [0.70692, -0.12121, -0.875],
							"rotation": [0, 0, 45],
							"uv": {
								"north": {"uv": [1, 15], "uv_size": [0.25, 0.25]},
								"south": {"uv": [15, 1], "uv_size": [0.25, 0.25]},
								"down": {"uv": [10, 5], "uv_size": [0.25, -1]}
							}
						},
						{
							"origin": [0.73438, 0.34375, -1.25],
							"size": [0.21875, 0.1875, 1.4375],
							"uv": {
								"north": {"uv": [2, 15], "uv_size": [0.25, 0.25]},
								"south": {"uv": [15, 2], "uv_size": [0.25, 0.25]},
								"up": {"uv": [2, 7], "uv_size": [0.25, 1.5]}
							}
						},
						{
							"origin": [0.25818, 0.03125, -0.10036],
							"size": [0.21875, 0.5, 0.3125],
							"inflate": -0.001,
							"pivot": [0.36755, 0.4375, 0.61839],
							"rotation": [0, -45, 0],
							"uv": {
								"west": {"uv": [12, 2], "uv_size": [0.25, 0.5]},
								"up": {"uv": [3, 15], "uv_size": [0.25, 0.25]},
								"down": {"uv": [15, 3.25], "uv_size": [0.25, -0.25]}
							}
						},
						{
							"origin": [0.84121, 0.26105, -1.375],
							"size": [0.26516, 0.1875, 1.5625],
							"inflate": -0.001,
							"pivot": [0.997, 0.3548, -0.59375],
							"rotation": [0, 0, 45],
							"uv": {
								"north": {"uv": [4, 15], "uv_size": [0.25, 0.25]},
								"south": {"uv": [15, 4], "uv_size": [0.25, 0.25]},
								"up": {"uv": [3, 7], "uv_size": [0.25, 1.5]}
							}
						},
						{
							"origin": [0.29688, 0.03125, 1.25],
							"size": [0.25, 0.5, 0.03125],
							"inflate": 0.001,
							"uv": {
								"south": {"uv": [3, 12], "uv_size": [0.25, 0.5]},
								"up": {"uv": [5, 15], "uv_size": [0.25, 0.25]},
								"down": {"uv": [15, 5.25], "uv_size": [0.25, -0.25]}
							}
						},
						{
							"origin": [0.32813, 0.1875, 1.25],
							"size": [0.1875, 0.1875, 0.0625],
							"pivot": [0.42188, 0.28125, 1.28906],
							"rotation": [0, 0, -45],
							"uv": {
								"east": {"uv": [6, 15], "uv_size": [0.25, 0.25]},
								"south": {"uv": [15, 6], "uv_size": [0.25, 0.25]},
								"west": {"uv": [7, 15], "uv_size": [0.25, 0.25]},
								"up": {"uv": [15, 7], "uv_size": [0.25, 0.25]},
								"down": {"uv": [8, 15.25], "uv_size": [0.25, -0.25]}
							}
						},
						{
							"origin": [0.29688, 0.03125, 1.25],
							"size": [0.25, 0.5, 0.03125],
							"pivot": [0.42188, 0.28125, 1.28125],
							"rotation": [0, 0, 90],
							"uv": {
								"south": {"uv": [12, 3], "uv_size": [0.25, 0.5]},
								"up": {"uv": [15, 8], "uv_size": [0.25, 0.25]},
								"down": {"uv": [9, 15.25], "uv_size": [0.25, -0.25]}
							}
						},
						{
							"origin": [0.33349, 0.01608, 1.25],
							"size": [0.17678, 0.53034, 0.03125],
							"inflate": -0.001,
							"pivot": [0.42188, 0.28125, 1.28125],
							"rotation": [0, 0, 135],
							"uv": {
								"south": {"uv": [4, 12], "uv_size": [0.25, 0.5]},
								"up": {"uv": [15, 9], "uv_size": [0.25, 0.25]},
								"down": {"uv": [10, 15.25], "uv_size": [0.25, -0.25]}
							}
						},
						{
							"origin": [0.33349, 0.01608, 1.25],
							"size": [0.17678, 0.53034, 0.03125],
							"inflate": -0.001,
							"pivot": [0.42188, 0.28125, 1.28125],
							"rotation": [0, 0, 45],
							"uv": {
								"south": {"uv": [12, 4], "uv_size": [0.25, 0.5]},
								"up": {"uv": [15, 10], "uv_size": [0.25, 0.25]},
								"down": {"uv": [11, 15.25], "uv_size": [0.25, -0.25]}
							}
						},
						{
							"origin": [-1.14062, 0.46875, -1.25],
							"size": [1.875, 0.0625, 2.5],
							"uv": {
								"north": {"uv": [6, 0], "uv_size": [2, 0.25]},
								"east": {"uv": [4, 5], "uv_size": [2.5, 0.25]},
								"south": {"uv": [1, 6], "uv_size": [2, 0.25]},
								"west": {"uv": [5, 4], "uv_size": [2.5, 0.25]},
								"up": {"uv": [0, 0], "uv_size": [2, 2.5]},
								"down": {"uv": [2, 2.5], "uv_size": [2, -2.5]}
							}
						},
						{
							"origin": [-1.07812, 0.4375, 0.3125],
							"size": [1.75, 0.125, 0.8125],
							"uv": {
								"north": {"uv": [6, 2], "uv_size": [1.75, 0.25]},
								"east": {"uv": [10, 8], "uv_size": [0.75, 0.25]},
								"south": {"uv": [3, 6], "uv_size": [1.75, 0.25]},
								"west": {"uv": [9, 10], "uv_size": [0.75, 0.25]},
								"up": {"uv": [2, 3], "uv_size": [1.75, 0.75]}
							}
						},
						{
							"origin": [-0.70312, 0.4375, -0.0625],
							"size": [0.4375, 0.125, 0.375],
							"uv": {
								"north": {"uv": [5, 12], "uv_size": [0.5, 0.25]},
								"south": {"uv": [12, 5], "uv_size": [0.5, 0.25]},
								"up": {"uv": [5, 10], "uv_size": [0.5, 0.5]}
							}
						},
						{
							"origin": [-0.46227, 0.4375, 0.03726],
							"size": [0.5625, 0.125, 0.3125],
							"inflate": -0.001,
							"pivot": [-0.24352, 0.54688, 0.22476],
							"rotation": [0, -45, 0],
							"uv": {
								"north": {"uv": [6, 12], "uv_size": [0.5, 0.25]},
								"up": {"uv": [12, 6], "uv_size": [0.5, 0.25]}
							}
						},
						{
							"origin": [-1.0589, 0.4375, -0.17142],
							"size": [0.53033, 0.125, 0.3125],
							"inflate": -0.001,
							"pivot": [-0.48437, 0.54688, 0.09375],
							"rotation": [0, 45, 0],
							"uv": {
								"north": {"uv": [7, 12], "uv_size": [0.5, 0.25]},
								"up": {"uv": [12, 7], "uv_size": [0.5, 0.25]}
							}
						},
						{
							"origin": [-0.93232, -0.31001, -0.125],
							"size": [0.08838, 0.1875, 1.5],
							"inflate": -0.001,
							"pivot": [-1.78145, -0.15376, 0.125],
							"rotation": [0, 0, -45],
							"uv": {
								"south": {"uv": [15, 11], "uv_size": [0.25, 0.25]},
								"up": {"uv": [4, 7], "uv_size": [0.25, 1.5]}
							}
						},
						{
							"origin": [-1.11982, -0.31001, -1.25],
							"size": [0.27588, 0.1875, 1.125],
							"inflate": -0.001,
							"pivot": [-1.78145, -0.15376, 0.125],
							"rotation": [0, 0, -45],
							"uv": {
								"north": {"uv": [12, 15], "uv_size": [0.25, 0.25]},
								"south": {"uv": [15, 12], "uv_size": [0.25, 0.25]},
								"up": {"uv": [8, 2], "uv_size": [0.25, 1.25]}
							}
						},
						{
							"origin": [-1.57054, 0.08617, -1.25],
							"size": [0.35984, 0.1875, 1.125],
							"pivot": [-1.30445, 0.24242, -0.6875],
							"rotation": [0, 0, -90],
							"uv": {
								"north": {"uv": [13, 15], "uv_size": [0.25, 0.25]},
								"south": {"uv": [15, 13], "uv_size": [0.25, 0.25]},
								"up": {"uv": [5, 8], "uv_size": [0.25, 1.25]}
							}
						},
						{
							"origin": [-1.53929, 0.08617, -1.4375],
							"size": [0.29734, 0.125, 0.1875],
							"pivot": [-1.30445, 0.24242, -0.6875],
							"rotation": [0, 0, -90],
							"uv": {
								"north": {"uv": [14, 15], "uv_size": [0.25, 0.25]},
								"up": {"uv": [15, 14], "uv_size": [0.25, 0.25]},
								"down": {"uv": [15, 15.25], "uv_size": [0.25, -0.25]}
							}
						},
						{
							"origin": [-1.07031, 0.38281, -1.4375],
							"size": [0.29734, 0.125, 0.1875],
							"pivot": [-0.92164, 0.15625, -1.34375],
							"rotation": [0, 0, -180],
							"uv": {
								"north": {"uv": [0, 16], "uv_size": [0.25, 0.25]},
								"up": {"uv": [16, 0], "uv_size": [0.25, 0.25]},
								"down": {"uv": [1, 16.25], "uv_size": [0.25, -0.25]}
							}
						},
						{
							"origin": [-1.14844, -0.07031, -1.375],
							"size": [0.45358, 0.45312, 0.125],
							"pivot": [-0.92164, 0.15625, -1.34375],
							"rotation": [0, 0, -180],
							"uv": {
								"north": {"uv": [10, 5], "uv_size": [0.5, 0.5]}
							}
						},
						{
							"origin": [-1.53929, -0.49196, -1.4375],
							"size": [0.29734, 0.125, 0.1875],
							"pivot": [-1.30445, 0.24242, -0.6875],
							"rotation": [0, 0, -90],
							"uv": {
								"north": {"uv": [16, 1], "uv_size": [0.25, 0.25]},
								"up": {"uv": [2, 16], "uv_size": [0.25, 0.25]},
								"down": {"uv": [16, 2.25], "uv_size": [0.25, -0.25]}
							}
						},
						{
							"origin": [-1.06511, -0.19747, -1.4375],
							"size": [0.28694, 0.125, 0.1875],
							"inflate": -0.001,
							"pivot": [-0.92164, 0.15625, -1.34375],
							"rotation": [0, 0, -135],
							"uv": {
								"north": {"uv": [3, 16], "uv_size": [0.25, 0.25]},
								"up": {"uv": [16, 3], "uv_size": [0.25, 0.25]},
								"down": {"uv": [4, 16.25], "uv_size": [0.25, -0.25]}
							}
						},
						{
							"origin": [-1.06511, 0.38497, -1.4375],
							"size": [0.28694, 0.125, 0.1875],
							"inflate": -0.001,
							"pivot": [-0.92164, 0.15625, -1.34375],
							"rotation": [0, 0, 135],
							"uv": {
								"north": {"uv": [16, 4], "uv_size": [0.25, 0.25]},
								"up": {"uv": [5, 16], "uv_size": [0.25, 0.25]},
								"down": {"uv": [16, 5.25], "uv_size": [0.25, -0.25]}
							}
						},
						{
							"origin": [-1.06511, 0.38497, -1.4375],
							"size": [0.28694, 0.125, 0.1875],
							"inflate": -0.001,
							"pivot": [-0.92164, 0.15625, -1.34375],
							"rotation": [0, 0, -135],
							"uv": {
								"north": {"uv": [6, 16], "uv_size": [0.25, 0.25]},
								"up": {"uv": [16, 6], "uv_size": [0.25, 0.25]},
								"down": {"uv": [7, 16.25], "uv_size": [0.25, -0.25]}
							}
						},
						{
							"origin": [-1.06511, -0.19747, -1.4375],
							"size": [0.28694, 0.125, 0.1875],
							"inflate": -0.001,
							"pivot": [-0.92164, 0.15625, -1.34375],
							"rotation": [0, 0, 135],
							"uv": {
								"north": {"uv": [16, 7], "uv_size": [0.25, 0.25]},
								"up": {"uv": [8, 16], "uv_size": [0.25, 0.25]},
								"down": {"uv": [16, 8.25], "uv_size": [0.25, -0.25]}
							}
						},
						{
							"origin": [-1.07031, -0.19531, -1.4375],
							"size": [0.29734, 0.125, 0.1875],
							"pivot": [-0.92164, 0.15625, -1.34375],
							"rotation": [0, 0, -180],
							"uv": {
								"north": {"uv": [9, 16], "uv_size": [0.25, 0.25]},
								"up": {"uv": [16, 9], "uv_size": [0.25, 0.25]},
								"down": {"uv": [10, 16.25], "uv_size": [0.25, -0.25]}
							}
						},
						{
							"origin": [0.43769, -0.18501, -1.25],
							"size": [0.08838, 0.0625, 2.5],
							"inflate": -0.001,
							"pivot": [1.37519, -0.15376, 0.125],
							"rotation": [0, 0, 45],
							"uv": {
								"north": {"uv": [16, 10], "uv_size": [0.25, 0.25]},
								"south": {"uv": [11, 16], "uv_size": [0.25, 0.25]},
								"up": {"uv": [0, 6], "uv_size": [0.25, 2.5]}
							}
						},
						{
							"origin": [-1.20312, 0.03125, 1.25],
							"size": [1, 0.4375, 0.125],
							"uv": {
								"east": {"uv": [8, 12], "uv_size": [0.25, 0.5]},
								"south": {"uv": [6, 1], "uv_size": [1, 0.5]},
								"down": {"uv": [6, 10.25], "uv_size": [1, -0.25]}
							}
						},
						{
							"origin": [-1.14062, -0.03125, 1.375],
							"size": [0.625, 0.25, 0.25],
							"uv": {
								"east": {"uv": [16, 11], "uv_size": [0.25, 0.25]},
								"south": {"uv": [10, 9], "uv_size": [0.75, 0.25]},
								"west": {"uv": [12, 16], "uv_size": [0.25, 0.25]}
							}
						},
						{
							"origin": [-1.13748, -0.03883, 1.375],
							"size": [0.61872, 0.26516, 0.25],
							"inflate": -0.001,
							"pivot": [-0.82812, 0.09375, 1.5],
							"rotation": [0, 0, -45],
							"uv": {
								"east": {"uv": [16, 12], "uv_size": [0.25, 0.25]},
								"south": {"uv": [12, 8], "uv_size": [0.5, 0.25]},
								"west": {"uv": [13, 16], "uv_size": [0.25, 0.25]}
							}
						},
						{
							"origin": [-1.13748, -0.03883, 1.375],
							"size": [0.61872, 0.26516, 0.25],
							"inflate": -0.001,
							"pivot": [-0.82812, 0.09375, 1.5],
							"rotation": [0, 0, -135],
							"uv": {
								"east": {"uv": [16, 13], "uv_size": [0.25, 0.25]},
								"south": {"uv": [9, 12], "uv_size": [0.5, 0.25]},
								"west": {"uv": [14, 16], "uv_size": [0.25, 0.25]}
							}
						},
						{
							"origin": [-1.14062, -0.03125, 1.375],
							"size": [0.625, 0.25, 0.25],
							"inflate": 0.001,
							"pivot": [-0.82812, 0.09375, 1.5],
							"rotation": [0, 0, 90],
							"uv": {
								"east": {"uv": [16, 14], "uv_size": [0.25, 0.25]},
								"south": {"uv": [10, 10], "uv_size": [0.75, 0.25]},
								"west": {"uv": [15, 16], "uv_size": [0.25, 0.25]}
							}
						},
						{
							"origin": [-1.20312, 0.03125, -1.25],
							"size": [0.75, 0.4375, 0.125],
							"uv": {
								"north": {"uv": [7, 1], "uv_size": [0.75, 0.5]},
								"east": {"uv": [12, 9], "uv_size": [0.25, 0.5]},
								"south": {"uv": [5, 7], "uv_size": [0.75, 0.5]},
								"up": {"uv": [0, 11], "uv_size": [0.75, 0.25]},
								"down": {"uv": [11, 0.25], "uv_size": [0.75, -0.25]}
							}
						},
						{
							"origin": [-0.45312, 0.28125, -1.25],
							"size": [1.1875, 0.1875, 0.125],
							"uv": {
								"north": {"uv": [8, 4], "uv_size": [1.25, 0.25]},
								"east": {"uv": [16, 15], "uv_size": [0.25, 0.25]},
								"south": {"uv": [6, 8], "uv_size": [1.25, 0.25]},
								"up": {"uv": [8, 7], "uv_size": [1.25, 0.25]},
								"down": {"uv": [8, 8.25], "uv_size": [1.25, -0.25]}
							}
						},
						{
							"origin": [-1.14062, 0.46875, 1.25],
							"size": [0.875, 0.0625, 0.125],
							"uv": {
								"south": {"uv": [10, 6], "uv_size": [1, 0.25]},
								"up": {"uv": [7, 10], "uv_size": [1, 0.25]}
							}
						},
						{
							"origin": [-0.20312, 0.03125, 1.25],
							"size": [0.25, 0.1875, 0.125],
							"uv": {
								"south": {"uv": [16, 16], "uv_size": [0.25, 0.25]},
								"west": {"uv": [0, 17], "uv_size": [0.25, 0.25]},
								"down": {"uv": [17, 0.25], "uv_size": [0.25, -0.25]}
							}
						},
						{
							"origin": [-0.42474, 0.1471, 1.25],
							"size": [0.44194, 0.1875, 0.125],
							"inflate": -0.001,
							"pivot": [-0.1078, 0.24085, 1.3125],
							"rotation": [0, 0, 45],
							"uv": {
								"south": {"uv": [10, 12], "uv_size": [0.5, 0.25]},
								"up": {"uv": [12, 10], "uv_size": [0.5, 0.25]}
							}
						},
						{
							"origin": [0.29688, -0.28125, 0.1875],
							"size": [0.25, 0.3125, 0.6875],
							"uv": {
								"north": {"uv": [1, 17], "uv_size": [0.25, 0.25]},
								"east": {"uv": [1, 11], "uv_size": [0.75, 0.25]},
								"south": {"uv": [17, 1], "uv_size": [0.25, 0.25]},
								"down": {"uv": [11, 1.75], "uv_size": [0.25, -0.75]}
							}
						},
						{
							"origin": [0.54688, -0.15625, 0.1875],
							"size": [0.125, 0.1875, 0.6875],
							"uv": {
								"north": {"uv": [2, 17], "uv_size": [0.25, 0.25]},
								"south": {"uv": [17, 2], "uv_size": [0.25, 0.25]},
								"west": {"uv": [2, 11], "uv_size": [0.75, 0.25]}
							}
						},
						{
							"origin": [0.49889, -0.26137, 0.1875],
							"size": [0.125, 0.17677, 0.6875],
							"inflate": -0.001,
							"pivot": [0.56139, -0.17835, 0.53125],
							"rotation": [0, 0, 45],
							"uv": {
								"north": {"uv": [3, 17], "uv_size": [0.25, 0.25]},
								"south": {"uv": [17, 3], "uv_size": [0.25, 0.25]},
								"west": {"uv": [11, 2], "uv_size": [0.75, 0.25]}
							}
						},
						{
							"origin": [-1.07812, -0.28125, -0.1875],
							"size": [0.625, 0.3125, 1.5625],
							"uv": {
								"north": {"uv": [3, 11], "uv_size": [0.75, 0.25]},
								"south": {"uv": [11, 3], "uv_size": [0.75, 0.25]},
								"west": {"uv": [7, 5], "uv_size": [1.5, 0.25]},
								"down": {"uv": [2, 5.5], "uv_size": [0.75, -1.5]}
							}
						},
						{
							"origin": [-1.15513, -0.26137, -1.25],
							"size": [0.25, 0.36427, 1.125],
							"inflate": -0.001,
							"pivot": [-1.09263, -0.17835, 0.78125],
							"rotation": [0, 0, -45],
							"uv": {
								"north": {"uv": [4, 17], "uv_size": [0.25, 0.25]},
								"east": {"uv": [0, 9], "uv_size": [1.25, 0.25]},
								"south": {"uv": [17, 4], "uv_size": [0.25, 0.25]}
							}
						},
						{
							"origin": [-1.07812, -0.28125, -1.25],
							"size": [0.3125, 0.3125, 1.0625],
							"uv": {
								"north": {"uv": [5, 17], "uv_size": [0.25, 0.25]},
								"south": {"uv": [17, 5], "uv_size": [0.25, 0.25]},
								"west": {"uv": [10, 7], "uv_size": [1, 0.25]},
								"down": {"uv": [8, 11], "uv_size": [0.25, -1]}
							}
						},
						{
							"origin": [-0.92187, -0.21653, -1.25],
							"size": [0.8125, 0.3125, 1.0625],
							"inflate": 0.001,
							"pivot": [-0.76562, -0.06028, -0.71875],
							"rotation": [0, 0, -45],
							"uv": {
								"north": {"uv": [4, 11], "uv_size": [0.75, 0.25]},
								"south": {"uv": [11, 4], "uv_size": [0.75, 0.25]},
								"down": {"uv": [3, 6], "uv_size": [0.75, -1]}
							}
						},
						{
							"origin": [-1.20312, -0.15625, -0.125],
							"size": [0.125, 0.1875, 1.5],
							"uv": {
								"north": {"uv": [6, 17], "uv_size": [0.25, 0.25]},
								"east": {"uv": [6, 7], "uv_size": [1.5, 0.25]},
								"south": {"uv": [17, 6], "uv_size": [0.25, 0.25]}
							}
						},
						{
							"origin": [-1.15513, -0.26137, -0.125],
							"size": [0.125, 0.17677, 1.5],
							"inflate": -0.001,
							"pivot": [-1.09263, -0.17835, 0.78125],
							"rotation": [0, 0, -45],
							"uv": {
								"east": {"uv": [7, 6], "uv_size": [1.5, 0.25]},
								"south": {"uv": [7, 17], "uv_size": [0.25, 0.25]}
							}
						}
					]
				},
				{
					"name": "bone18",
					"parent": "laser",
					"pivot": [-0.07812, -0.96875, 1.3125],
					"cubes": [
						{
							"origin": [0.29688, 0.53125, -0.1875],
							"size": [0.1875, 0.0625, 0.1875],
							"pivot": [0.39063, 0.5625, -0.09375],
							"rotation": [0, -45, 0],
							"uv": {
								"north": {"uv": [17, 7], "uv_size": [0.25, 0.25]},
								"east": {"uv": [8, 17], "uv_size": [0.25, 0.25]},
								"south": {"uv": [17, 8], "uv_size": [0.25, 0.25]},
								"west": {"uv": [9, 17], "uv_size": [0.25, 0.25]},
								"up": {"uv": [17, 9], "uv_size": [0.25, 0.25]},
								"down": {"uv": [10, 17.25], "uv_size": [0.25, -0.25]}
							}
						},
						{
							"origin": [-0.20312, 0.53125, -1.0625],
							"size": [0.1875, 0.0625, 0.1875],
							"pivot": [-0.10937, 0.5625, -0.96875],
							"rotation": [0, -45, 0],
							"uv": {
								"north": {"uv": [17, 10], "uv_size": [0.25, 0.25]},
								"east": {"uv": [11, 17], "uv_size": [0.25, 0.25]},
								"south": {"uv": [17, 11], "uv_size": [0.25, 0.25]},
								"west": {"uv": [12, 17], "uv_size": [0.25, 0.25]},
								"up": {"uv": [17, 12], "uv_size": [0.25, 0.25]},
								"down": {"uv": [13, 17.25], "uv_size": [0.25, -0.25]}
							}
						},
						{
							"origin": [0.67188, -0.125, 0.46875],
							"size": [0.03125, 0.125, 0.125],
							"pivot": [0.70313, -0.0625, 0.53125],
							"rotation": [-45, 0, 0],
							"uv": {
								"north": {"uv": [17, 13], "uv_size": [0.25, 0.25]},
								"south": {"uv": [14, 17], "uv_size": [0.25, 0.25]},
								"west": {"uv": [17, 14], "uv_size": [0.25, 0.25]},
								"up": {"uv": [15, 17], "uv_size": [0.25, 0.25]},
								"down": {"uv": [17, 15.25], "uv_size": [0.25, -0.25]}
							}
						}
					]
				},
				{
					"name": "bone19",
					"parent": "laser",
					"pivot": [-0.57812, 0.45313, 0.5625],
					"cubes": [
						{
							"origin": [-0.75134, 0.53125, 0.2625],
							"size": [0.34642, 0.0625, 0.6],
							"inflate": 0.001,
							"uv": {
								"north": {"uv": [16, 17], "uv_size": [0.25, 0.25]},
								"south": {"uv": [17, 16], "uv_size": [0.25, 0.25]},
								"up": {"uv": [11, 12], "uv_size": [0.25, 0.5]}
							}
						},
						{
							"origin": [-0.75134, 0.53125, 0.2625],
							"size": [0.34642, 0.0625, 0.6],
							"pivot": [-0.57812, 0.45313, 0.5625],
							"rotation": [0, -60, 0],
							"uv": {
								"north": {"uv": [17, 17], "uv_size": [0.25, 0.25]},
								"south": {"uv": [0, 18], "uv_size": [0.25, 0.25]},
								"up": {"uv": [12, 11], "uv_size": [0.25, 0.5]}
							}
						},
						{
							"origin": [-0.68884, 0.53125, 0.325],
							"size": [0.22142, 0.125, 0.475],
							"pivot": [-0.57812, 0.5625, 0.5625],
							"rotation": [-7.5, -60, 0],
							"uv": {
								"north": {"uv": [18, 0], "uv_size": [0.25, 0.25]},
								"east": {"uv": [12, 12], "uv_size": [0.5, 0.25]},
								"south": {"uv": [1, 18], "uv_size": [0.25, 0.25]},
								"west": {"uv": [0, 13], "uv_size": [0.5, 0.25]},
								"up": {"uv": [13, 0], "uv_size": [0.25, 0.5]},
								"down": {"uv": [1, 13.5], "uv_size": [0.25, -0.5]}
							}
						},
						{
							"origin": [-0.75134, 0.53125, 0.2625],
							"size": [0.34642, 0.0625, 0.6],
							"inflate": -0.001,
							"pivot": [-0.57812, 0.45313, 0.5625],
							"rotation": [0, -120, 0],
							"uv": {
								"north": {"uv": [18, 1], "uv_size": [0.25, 0.25]},
								"south": {"uv": [2, 18], "uv_size": [0.25, 0.25]},
								"up": {"uv": [13, 1], "uv_size": [0.25, 0.5]}
							}
						}
					]
				},
				{
					"name": "bone17",
					"parent": "laser",
					"pivot": [-0.95312, 0.53125, -0.6875],
					"cubes": [
						{
							"origin": [-1.09168, 0.34375, -0.9275],
							"size": [0.27712, 0.25, 0.48],
							"inflate": 0.001,
							"uv": {
								"north": {"uv": [18, 2], "uv_size": [0.25, 0.25]},
								"south": {"uv": [3, 18], "uv_size": [0.25, 0.25]},
								"up": {"uv": [2, 13], "uv_size": [0.25, 0.5]}
							}
						},
						{
							"origin": [-1.09168, 0.34375, -0.9275],
							"size": [0.27712, 0.25, 0.48],
							"pivot": [-0.95312, 0.53125, -0.6875],
							"rotation": [0, -60, 0],
							"uv": {
								"north": {"uv": [18, 3], "uv_size": [0.25, 0.25]},
								"south": {"uv": [4, 18], "uv_size": [0.25, 0.25]},
								"up": {"uv": [13, 2], "uv_size": [0.25, 0.5]}
							}
						},
						{
							"origin": [-1.09168, 0.34375, -0.9275],
							"size": [0.27712, 0.25, 0.48],
							"inflate": -0.001,
							"pivot": [-0.95312, 0.53125, -0.6875],
							"rotation": [0, -120, 0],
							"uv": {
								"north": {"uv": [18, 4], "uv_size": [0.25, 0.25]},
								"south": {"uv": [5, 18], "uv_size": [0.25, 0.25]},
								"up": {"uv": [3, 13], "uv_size": [0.25, 0.5]}
							}
						}
					]
				},
				{
					"name": "bone15",
					"parent": "laser",
					"pivot": [0.29688, 0.53125, 0.75],
					"cubes": [
						{
							"origin": [0.15831, 0.53125, 0.51],
							"size": [0.27712, 0.0625, 0.48],
							"inflate": 0.001,
							"uv": {
								"north": {"uv": [18, 5], "uv_size": [0.25, 0.25]},
								"east": {"uv": [13, 3], "uv_size": [0.5, 0.25]},
								"south": {"uv": [6, 18], "uv_size": [0.25, 0.25]},
								"west": {"uv": [4, 13], "uv_size": [0.5, 0.25]},
								"up": {"uv": [13, 4], "uv_size": [0.25, 0.5]},
								"down": {"uv": [5, 13.5], "uv_size": [0.25, -0.5]}
							}
						},
						{
							"origin": [0.15831, 0.53125, 0.51],
							"size": [0.27712, 0.0625, 0.48],
							"pivot": [0.29688, 0.53125, 0.75],
							"rotation": [0, -60, 0],
							"uv": {
								"north": {"uv": [18, 6], "uv_size": [0.25, 0.25]},
								"east": {"uv": [13, 5], "uv_size": [0.5, 0.25]},
								"south": {"uv": [7, 18], "uv_size": [0.25, 0.25]},
								"west": {"uv": [6, 13], "uv_size": [0.5, 0.25]},
								"up": {"uv": [13, 6], "uv_size": [0.25, 0.5]},
								"down": {"uv": [7, 13.5], "uv_size": [0.25, -0.5]}
							}
						},
						{
							"origin": [0.15831, 0.53125, 0.51],
							"size": [0.27712, 0.0625, 0.48],
							"inflate": -0.001,
							"pivot": [0.29688, 0.53125, 0.75],
							"rotation": [0, -120, 0],
							"uv": {
								"north": {"uv": [18, 7], "uv_size": [0.25, 0.25]},
								"east": {"uv": [13, 7], "uv_size": [0.5, 0.25]},
								"south": {"uv": [8, 18], "uv_size": [0.25, 0.25]},
								"west": {"uv": [8, 13], "uv_size": [0.5, 0.25]},
								"up": {"uv": [13, 8], "uv_size": [0.25, 0.5]},
								"down": {"uv": [9, 13.5], "uv_size": [0.25, -0.5]}
							}
						}
					]
				},
				{
					"name": "bone13",
					"parent": "laser",
					"pivot": [-1.25, 0.15625, -0.6875],
					"cubes": [
						{
							"origin": [-1.42187, 0.27432, -0.79799],
							"size": [0.34375, 0.125, 0.22098],
							"inflate": -0.001,
							"pivot": [-1.25, 0.15625, -0.6875],
							"rotation": [-45, 0, 0],
							"uv": {
								"east": {"uv": [18, 8], "uv_size": [0.25, 0.25]},
								"up": {"uv": [9, 18], "uv_size": [0.25, 0.25]},
								"down": {"uv": [18, 9.25], "uv_size": [0.25, -0.25]}
							}
						},
						{
							"origin": [-1.42187, 0.28125, -0.78125],
							"size": [0.34375, 0.125, 0.1875],
							"uv": {
								"east": {"uv": [10, 18], "uv_size": [0.25, 0.25]},
								"up": {"uv": [18, 10], "uv_size": [0.25, 0.25]},
								"down": {"uv": [11, 18.25], "uv_size": [0.25, -0.25]}
							}
						},
						{
							"origin": [-1.42187, 0.27432, -0.79799],
							"size": [0.34375, 0.125, 0.22098],
							"inflate": -0.001,
							"pivot": [-1.25, 0.15625, -0.6875],
							"rotation": [45, 0, 0],
							"uv": {
								"east": {"uv": [18, 11], "uv_size": [0.25, 0.25]},
								"up": {"uv": [12, 18], "uv_size": [0.25, 0.25]},
								"down": {"uv": [18, 12.25], "uv_size": [0.25, -0.25]}
							}
						},
						{
							"origin": [-1.42187, 0.28125, -0.78125],
							"size": [0.34375, 0.125, 0.1875],
							"pivot": [-1.25, 0.15625, -0.6875],
							"rotation": [90, 0, 0],
							"uv": {
								"east": {"uv": [13, 18], "uv_size": [0.25, 0.25]},
								"up": {"uv": [18, 13], "uv_size": [0.25, 0.25]},
								"down": {"uv": [14, 18.25], "uv_size": [0.25, -0.25]}
							}
						},
						{
							"origin": [-1.42187, -0.08682, -0.79799],
							"size": [0.34375, 0.125, 0.22098],
							"inflate": -0.001,
							"pivot": [-1.25, 0.15625, -0.6875],
							"rotation": [-45, 0, 0],
							"uv": {
								"east": {"uv": [18, 14], "uv_size": [0.25, 0.25]},
								"up": {"uv": [15, 18], "uv_size": [0.25, 0.25]},
								"down": {"uv": [18, 15.25], "uv_size": [0.25, -0.25]}
							}
						},
						{
							"origin": [-1.42187, -0.09375, -0.78125],
							"size": [0.34375, 0.125, 0.1875],
							"uv": {
								"east": {"uv": [16, 18], "uv_size": [0.25, 0.25]},
								"up": {"uv": [18, 16], "uv_size": [0.25, 0.25]},
								"down": {"uv": [17, 18.25], "uv_size": [0.25, -0.25]}
							}
						},
						{
							"origin": [-1.42187, -0.08682, -0.79799],
							"size": [0.34375, 0.125, 0.22098],
							"inflate": -0.001,
							"pivot": [-1.25, 0.15625, -0.6875],
							"rotation": [45, 0, 0],
							"uv": {
								"east": {"uv": [18, 17], "uv_size": [0.25, 0.25]},
								"up": {"uv": [18, 18], "uv_size": [0.25, 0.25]},
								"down": {"uv": [0, 19.25], "uv_size": [0.25, -0.25]}
							}
						},
						{
							"origin": [-1.42187, -0.09375, -0.78125],
							"size": [0.34375, 0.125, 0.1875],
							"pivot": [-1.25, 0.15625, -0.6875],
							"rotation": [90, 0, 0],
							"uv": {
								"east": {"uv": [19, 0], "uv_size": [0.25, 0.25]},
								"up": {"uv": [1, 19], "uv_size": [0.25, 0.25]},
								"down": {"uv": [19, 1.25], "uv_size": [0.25, -0.25]}
							}
						},
						{
							"origin": [-1.39062, 0.03125, -0.84375],
							"size": [0.0625, 0.25, 0.3125],
							"uv": {
								"east": {"uv": [2, 19], "uv_size": [0.25, 0.25]}
							}
						}
					]
				},
				{
					"name": "laser_beam",
					"pivot": [0.84375, 0.21876, -2]
				}
			]
		}
	]
}