{
	"format_version": "1.12.0",
	"minecraft:geometry": [
		{
			"description": {
				"identifier": "geometry.ak47",
				"texture_width": 32,
				"texture_height": 32,
				"visible_bounds_width": 6,
				"visible_bounds_height": 2.5,
				"visible_bounds_offset": [0, 0.75, 0]
			},
			"bones": [
				{
					"name": "scope_body",
					"pivot": [0, -0.6875, -0.9375]
				},
				{
					"name": "bone33",
					"parent": "scope_body",
					"pivot": [0, -0.6875, -0.9375],
					"cubes": [
						{
							"origin": [-0.5625, 0.3125, -2],
							"size": [1.125, 0.125, 2.0625],
							"uv": {
								"north": {"uv": [9, 3], "uv_size": [1, 0.5]},
								"east": {"uv": [3, 4], "uv_size": [2, 0.5]},
								"south": {"uv": [9, 4], "uv_size": [1, 0.5]},
								"west": {"uv": [5, 2], "uv_size": [2, 0.5]},
								"up": {"uv": [2, 4], "uv_size": [1, 2]},
								"down": {"uv": [4, 4], "uv_size": [1, -2]}
							}
						},
						{
							"origin": [-0.6875, -0.25, -2],
							"size": [1.375, 0.4375, 2.0625],
							"uv": {
								"north": {"uv": [3, 7], "uv_size": [1.5, 0.5]},
								"east": {"uv": [3, 5], "uv_size": [2, 0.5]},
								"south": {"uv": [7, 3], "uv_size": [1.5, 0.5]},
								"west": {"uv": [5, 3], "uv_size": [2, 0.5]},
								"up": {"uv": [0, 0], "uv_size": [1.5, 2]},
								"down": {"uv": [0, 4], "uv_size": [1.5, -2]}
							}
						},
						{
							"origin": [-0.4375, -0.25, -2.25],
							"size": [0.875, 0.6875, 0.25],
							"uv": {
								"north": {"uv": [9, 5], "uv_size": [1, 0.5]},
								"east": {"uv": [4, 11], "uv_size": [0.5, 0.5]},
								"west": {"uv": [11, 4], "uv_size": [0.5, 0.5]},
								"up": {"uv": [6, 9], "uv_size": [1, 0.5]},
								"down": {"uv": [9, 6.5], "uv_size": [1, -0.5]}
							}
						},
						{
							"origin": [-0.57452, -0.25, -1.97725],
							"size": [0.35355, 0.5625, 0.25],
							"inflate": -0.001,
							"pivot": [-0.65847, 0.09375, -1.85225],
							"rotation": [0, 45, 0],
							"uv": {
								"north": {"uv": [5, 11], "uv_size": [0.5, 0.5]},
								"up": {"uv": [11, 5], "uv_size": [0.5, 0.5]},
								"down": {"uv": [6, 11.5], "uv_size": [0.5, -0.5]}
							}
						},
						{
							"origin": [0.22097, -0.25, -1.97725],
							"size": [0.35355, 0.4375, 0.25],
							"inflate": -0.001,
							"pivot": [0.65847, 0.09375, -1.85225],
							"rotation": [0, -45, 0],
							"uv": {
								"north": {"uv": [11, 6], "uv_size": [0.5, 0.5]},
								"up": {"uv": [7, 11], "uv_size": [0.5, 0.5]},
								"down": {"uv": [11, 7.5], "uv_size": [0.5, -0.5]}
							}
						},
						{
							"origin": [0.22097, 0.1875, -1.97725],
							"size": [0.22855, 0.25, 0.125],
							"pivot": [0.53347, 0.34375, -1.85225],
							"rotation": [0, -45, 0],
							"uv": {
								"north": {"uv": [8, 11], "uv_size": [0.5, 0.5]},
								"up": {"uv": [11, 8], "uv_size": [0.5, 0.5]}
							}
						},
						{
							"origin": [-0.44952, 0.3125, -1.97725],
							"size": [0.22855, 0.125, 0.125],
							"pivot": [-0.53347, 0.34375, -1.85225],
							"rotation": [0, 45, 0],
							"uv": {
								"north": {"uv": [9, 11], "uv_size": [0.5, 0.5]},
								"up": {"uv": [11, 9], "uv_size": [0.5, 0.5]}
							}
						},
						{
							"origin": [-0.6875, 0.1875, -2],
							"size": [1.25, 0.125, 2.0625],
							"uv": {
								"north": {"uv": [7, 4], "uv_size": [1.5, 0.5]},
								"east": {"uv": [5, 4], "uv_size": [2, 0.5]},
								"south": {"uv": [5, 7], "uv_size": [1.5, 0.5]},
								"west": {"uv": [5, 5], "uv_size": [2, 0.5]},
								"up": {"uv": [2, 0], "uv_size": [1.5, 2]},
								"down": {"uv": [2, 4], "uv_size": [1.5, -2]}
							}
						},
						{
							"origin": [0.35394, -0.24565, -2],
							"size": [0.17678, 0.125, 2.0625],
							"inflate": -0.001,
							"pivot": [0.98107, -0.15582, -0.96875],
							"rotation": [0, 0, 45],
							"uv": {
								"north": {"uv": [10, 11], "uv_size": [0.5, 0.5]},
								"south": {"uv": [11, 10], "uv_size": [0.5, 0.5]},
								"up": {"uv": [0, 6], "uv_size": [0.5, 2]}
							}
						},
						{
							"origin": [0.3407, -0.07678, -2],
							"size": [0.08839, 0.08839, 2.0625],
							"inflate": -0.001,
							"pivot": [0.9657, -0.04318, -0.96875],
							"rotation": [0, 0, 45],
							"uv": {
								"north": {"uv": [11, 11], "uv_size": [0.5, 0.5]},
								"south": {"uv": [0, 12], "uv_size": [0.5, 0.5]},
								"west": {"uv": [6, 0], "uv_size": [2, 0.5]},
								"up": {"uv": [1, 6], "uv_size": [0.5, 2]}
							}
						},
						{
							"origin": [-0.51748, -0.11339, -2],
							"size": [0.17678, 0.125, 2.0625],
							"inflate": -0.001,
							"pivot": [-0.9657, -0.04318, -0.96875],
							"rotation": [0, 0, -45],
							"uv": {
								"north": {"uv": [12, 0], "uv_size": [0.5, 0.5]},
								"south": {"uv": [1, 12], "uv_size": [0.5, 0.5]},
								"up": {"uv": [2, 6], "uv_size": [0.5, 2]}
							}
						}
					]
				},
				{
					"name": "bone20",
					"parent": "scope_body",
					"pivot": [0, -0.6875, -0.9375],
					"cubes": [
						{
							"origin": [0.625, 0.0625, -1.3125],
							"size": [0.5, 0.1875, 0.5],
							"uv": {
								"east": {"uv": [12, 1], "uv_size": [0.5, 0.5]},
								"west": {"uv": [2, 12], "uv_size": [0.5, 0.5]},
								"up": {"uv": [12, 2], "uv_size": [0.5, 0.5]},
								"down": {"uv": [3, 12.5], "uv_size": [0.5, -0.5]}
							}
						},
						{
							"origin": [0.75, -0.34375, -1.1875],
							"size": [0.25, 0.625, 0.25],
							"pivot": [0.875, -0.03125, -1.0625],
							"rotation": [0, 45, 0],
							"uv": {
								"north": {"uv": [12, 3], "uv_size": [0.5, 0.5]},
								"east": {"uv": [4, 12], "uv_size": [0.5, 0.5]},
								"south": {"uv": [12, 4], "uv_size": [0.5, 0.5]},
								"west": {"uv": [5, 12], "uv_size": [0.5, 0.5]},
								"up": {"uv": [12, 5], "uv_size": [0.5, 0.5]},
								"down": {"uv": [6, 12.5], "uv_size": [0.5, -0.5]}
							}
						},
						{
							"origin": [0.6875, -0.125, -1.3125],
							"size": [0.375, 0.1875, 0.75],
							"uv": {
								"east": {"uv": [7, 9], "uv_size": [1, 0.5]},
								"south": {"uv": [12, 6], "uv_size": [0.5, 0.5]},
								"west": {"uv": [9, 7], "uv_size": [1, 0.5]},
								"up": {"uv": [8, 9], "uv_size": [0.5, 1]},
								"down": {"uv": [9, 10], "uv_size": [0.5, -1]}
							}
						},
						{
							"origin": [0.84375, -0.125, -0.5625],
							"size": [0.125, 0.1875, 0.875],
							"uv": {
								"east": {"uv": [10, 0], "uv_size": [1, 0.5]},
								"west": {"uv": [10, 1], "uv_size": [1, 0.5]}
							}
						},
						{
							"origin": [1.03529, -0.125, -0.63168],
							"size": [0.125, 0.1875, 0.375],
							"pivot": [1.06654, -0.03125, -0.38168],
							"rotation": [0, 22.5, 0],
							"uv": {
								"east": {"uv": [7, 12], "uv_size": [0.5, 0.5]},
								"west": {"uv": [12, 7], "uv_size": [0.5, 0.5]},
								"up": {"uv": [8, 12], "uv_size": [0.5, 0.5]},
								"down": {"uv": [12, 8.5], "uv_size": [0.5, -0.5]}
							}
						},
						{
							"origin": [1.00353, -0.125, -0.35484],
							"size": [0.08445, 0.1875, 0.09216],
							"pivot": [1.02548, -0.03125, -0.07359],
							"rotation": [0, -25, 0],
							"uv": {
								"south": {"uv": [9, 12], "uv_size": [0.5, 0.5]},
								"west": {"uv": [12, 9], "uv_size": [0.5, 0.5]},
								"up": {"uv": [10, 12], "uv_size": [0.5, 0.5]},
								"down": {"uv": [12, 10.5], "uv_size": [0.5, -0.5]}
							}
						},
						{
							"origin": [0.75, -0.125, -1.375],
							"size": [0.25, 0.1875, 0.0625],
							"uv": {
								"north": {"uv": [11, 12], "uv_size": [0.5, 0.5]},
								"up": {"uv": [12, 11], "uv_size": [0.5, 0.5]},
								"down": {"uv": [12, 12.5], "uv_size": [0.5, -0.5]}
							}
						},
						{
							"origin": [0.98863, -0.125, -1.41004],
							"size": [0.08838, 0.1875, 0.0625],
							"inflate": -0.001,
							"pivot": [0.95201, -0.03125, -1.37879],
							"rotation": [0, -45, 0],
							"uv": {
								"north": {"uv": [0, 13], "uv_size": [0.5, 0.5]},
								"up": {"uv": [13, 0], "uv_size": [0.5, 0.5]},
								"down": {"uv": [1, 13.5], "uv_size": [0.5, -0.5]}
							}
						},
						{
							"origin": [0.67299, -0.125, -1.41004],
							"size": [0.08838, 0.1875, 0.0625],
							"inflate": -0.001,
							"pivot": [0.79799, -0.03125, -1.37879],
							"rotation": [0, 45, 0],
							"uv": {
								"north": {"uv": [13, 1], "uv_size": [0.5, 0.5]},
								"up": {"uv": [2, 13], "uv_size": [0.5, 0.5]},
								"down": {"uv": [13, 2.5], "uv_size": [0.5, -0.5]}
							}
						},
						{
							"origin": [0.96039, 0.0625, -0.85971],
							"size": [0.125, 0.1875, 0.75],
							"inflate": 0.001,
							"pivot": [0.83539, 0.15625, -0.60971],
							"rotation": [0, -10, 0],
							"uv": {
								"west": {"uv": [2, 10], "uv_size": [1, 0.5]},
								"up": {"uv": [10, 2], "uv_size": [0.5, 1]},
								"down": {"uv": [3, 11], "uv_size": [0.5, -1]}
							}
						},
						{
							"origin": [0.6875, 0.0625, -0.8125],
							"size": [0.375, 0.1875, 0.3125],
							"uv": {
								"east": {"uv": [3, 13], "uv_size": [0.5, 0.5]},
								"up": {"uv": [13, 3], "uv_size": [0.5, 0.5]},
								"down": {"uv": [4, 13.5], "uv_size": [0.5, -0.5]}
							}
						},
						{
							"origin": [0.68057, 0.0625, -0.99085],
							"size": [0.125, 0.1875, 0.125],
							"inflate": -0.001,
							"pivot": [0.86807, 0.15625, -0.8346],
							"rotation": [0, 45, 0],
							"uv": {
								"east": {"uv": [13, 4], "uv_size": [0.5, 0.5]},
								"up": {"uv": [5, 13], "uv_size": [0.5, 0.5]},
								"down": {"uv": [13, 5.5], "uv_size": [0.5, -0.5]}
							}
						},
						{
							"origin": [0.6875, -0.3125, -0.8125],
							"size": [0.375, 0.1875, 0.3125],
							"uv": {
								"east": {"uv": [6, 13], "uv_size": [0.5, 0.5]},
								"up": {"uv": [13, 6], "uv_size": [0.5, 0.5]},
								"down": {"uv": [7, 13.5], "uv_size": [0.5, -0.5]}
							}
						},
						{
							"origin": [0.8125, -0.3125, -0.5],
							"size": [0.1875, 0.1875, 0.8125],
							"uv": {
								"east": {"uv": [10, 3], "uv_size": [1, 0.5]},
								"west": {"uv": [4, 10], "uv_size": [1, 0.5]},
								"up": {"uv": [10, 4], "uv_size": [0.5, 1]},
								"down": {"uv": [5, 11], "uv_size": [0.5, -1]}
							}
						},
						{
							"origin": [0.96039, -0.3125, -0.85971],
							"size": [0.125, 0.1875, 0.75],
							"inflate": 0.001,
							"pivot": [0.83539, -0.21875, -0.60971],
							"rotation": [0, -10, 0],
							"uv": {
								"west": {"uv": [10, 5], "uv_size": [1, 0.5]},
								"up": {"uv": [6, 10], "uv_size": [0.5, 1]},
								"down": {"uv": [10, 7], "uv_size": [0.5, -1]}
							}
						},
						{
							"origin": [0.74307, -0.3125, -0.67835],
							"size": [0.125, 0.1875, 0.1875],
							"inflate": -0.001,
							"pivot": [0.93057, -0.21875, -0.5221],
							"rotation": [0, 45, 0],
							"uv": {
								"east": {"uv": [13, 7], "uv_size": [0.5, 0.5]},
								"up": {"uv": [8, 13], "uv_size": [0.5, 0.5]},
								"down": {"uv": [13, 8.5], "uv_size": [0.5, -0.5]}
							}
						},
						{
							"origin": [0.68057, -0.3125, -0.99085],
							"size": [0.125, 0.1875, 0.125],
							"inflate": -0.001,
							"pivot": [0.86807, -0.21875, -0.8346],
							"rotation": [0, 45, 0],
							"uv": {
								"east": {"uv": [9, 13], "uv_size": [0.5, 0.5]},
								"up": {"uv": [13, 9], "uv_size": [0.5, 0.5]},
								"down": {"uv": [10, 13.5], "uv_size": [0.5, -0.5]}
							}
						},
						{
							"origin": [0.74307, 0.0625, -0.67835],
							"size": [0.125, 0.1875, 0.1875],
							"inflate": -0.001,
							"pivot": [0.93057, 0.15625, -0.5221],
							"rotation": [0, 45, 0],
							"uv": {
								"east": {"uv": [13, 10], "uv_size": [0.5, 0.5]},
								"up": {"uv": [11, 13], "uv_size": [0.5, 0.5]},
								"down": {"uv": [13, 11.5], "uv_size": [0.5, -0.5]}
							}
						},
						{
							"origin": [0.8125, 0.0625, -0.5],
							"size": [0.1875, 0.1875, 0.8125],
							"uv": {
								"east": {"uv": [7, 10], "uv_size": [1, 0.5]},
								"west": {"uv": [10, 7], "uv_size": [1, 0.5]},
								"up": {"uv": [8, 10], "uv_size": [0.5, 1]},
								"down": {"uv": [10, 9], "uv_size": [0.5, -1]}
							}
						},
						{
							"origin": [0.8125, -0.1875, 0.3125],
							"size": [0.1875, 0.3125, 0.125],
							"uv": {
								"east": {"uv": [12, 13], "uv_size": [0.5, 0.5]},
								"south": {"uv": [13, 12], "uv_size": [0.5, 0.5]},
								"west": {"uv": [13, 13], "uv_size": [0.5, 0.5]}
							}
						},
						{
							"origin": [0.8125, 0.07479, 0.31629],
							"size": [0.1875, 0.17678, 0.125],
							"inflate": -0.001,
							"pivot": [0.90625, 0.09532, 0.37879],
							"rotation": [45, 0, 0],
							"uv": {
								"east": {"uv": [0, 14], "uv_size": [0.5, 0.5]},
								"south": {"uv": [14, 0], "uv_size": [0.5, 0.5]},
								"west": {"uv": [1, 14], "uv_size": [0.5, 0.5]}
							}
						},
						{
							"origin": [0.8125, -0.29419, 0.26831],
							"size": [0.1875, 0.17677, 0.125],
							"inflate": -0.001,
							"pivot": [0.90625, -0.20581, 0.33081],
							"rotation": [-45, 0, 0],
							"uv": {
								"east": {"uv": [14, 1], "uv_size": [0.5, 0.5]},
								"south": {"uv": [2, 14], "uv_size": [0.5, 0.5]},
								"west": {"uv": [14, 2], "uv_size": [0.5, 0.5]}
							}
						},
						{
							"origin": [0.75, 0.0625, -1.4375],
							"size": [0.25, 0.1875, 0.125],
							"uv": {
								"north": {"uv": [3, 14], "uv_size": [0.5, 0.5]},
								"up": {"uv": [14, 3], "uv_size": [0.5, 0.5]},
								"down": {"uv": [4, 14.5], "uv_size": [0.5, -0.5]}
							}
						},
						{
							"origin": [0.91004, -0.3125, -1.34532],
							"size": [0.17678, 0.1875, 0.125],
							"inflate": -0.001,
							"pivot": [1.06629, -0.03125, -1.28282],
							"rotation": [0, -45, 0],
							"uv": {
								"north": {"uv": [14, 4], "uv_size": [0.5, 0.5]},
								"up": {"uv": [5, 14], "uv_size": [0.5, 0.5]},
								"down": {"uv": [14, 5.5], "uv_size": [0.5, -0.5]}
							}
						},
						{
							"origin": [0.91004, 0.0625, -1.34532],
							"size": [0.17678, 0.1875, 0.125],
							"inflate": -0.001,
							"pivot": [1.06629, -0.03125, -1.28282],
							"rotation": [0, -45, 0],
							"uv": {
								"north": {"uv": [6, 14], "uv_size": [0.5, 0.5]},
								"up": {"uv": [14, 6], "uv_size": [0.5, 0.5]},
								"down": {"uv": [7, 14.5], "uv_size": [0.5, -0.5]}
							}
						},
						{
							"origin": [0.66318, -0.3125, -1.34532],
							"size": [0.17678, 0.1875, 0.125],
							"inflate": -0.001,
							"pivot": [0.68371, -0.03125, -1.28282],
							"rotation": [0, 45, 0],
							"uv": {
								"north": {"uv": [14, 7], "uv_size": [0.5, 0.5]},
								"up": {"uv": [8, 14], "uv_size": [0.5, 0.5]},
								"down": {"uv": [14, 8.5], "uv_size": [0.5, -0.5]}
							}
						},
						{
							"origin": [0.66318, 0.0625, -1.34532],
							"size": [0.17678, 0.1875, 0.125],
							"inflate": -0.001,
							"pivot": [0.68371, -0.03125, -1.28282],
							"rotation": [0, 45, 0],
							"uv": {
								"north": {"uv": [9, 14], "uv_size": [0.5, 0.5]},
								"up": {"uv": [14, 9], "uv_size": [0.5, 0.5]},
								"down": {"uv": [10, 14.5], "uv_size": [0.5, -0.5]}
							}
						},
						{
							"origin": [0.625, -0.3125, -1.3125],
							"size": [0.5, 0.1875, 0.5],
							"uv": {
								"east": {"uv": [14, 10], "uv_size": [0.5, 0.5]},
								"west": {"uv": [11, 14], "uv_size": [0.5, 0.5]},
								"up": {"uv": [14, 11], "uv_size": [0.5, 0.5]},
								"down": {"uv": [12, 14.5], "uv_size": [0.5, -0.5]}
							}
						},
						{
							"origin": [0.75, -0.3125, -1.4375],
							"size": [0.25, 0.1875, 0.125],
							"uv": {
								"north": {"uv": [14, 12], "uv_size": [0.5, 0.5]},
								"up": {"uv": [13, 14], "uv_size": [0.5, 0.5]},
								"down": {"uv": [14, 13.5], "uv_size": [0.5, -0.5]}
							}
						}
					]
				},
				{
					"name": "bone32",
					"parent": "scope_body",
					"pivot": [0, -0.6875, -0.9375],
					"cubes": [
						{
							"origin": [-0.625, 0.4375, -2.0625],
							"size": [1.25, 0.1875, 2],
							"uv": {
								"north": {"uv": [7, 5], "uv_size": [1.5, 0.5]},
								"east": {"uv": [6, 1], "uv_size": [2, 0.5]},
								"south": {"uv": [7, 6], "uv_size": [1.5, 0.5]},
								"west": {"uv": [3, 6], "uv_size": [2, 0.5]},
								"up": {"uv": [0, 4], "uv_size": [1.5, 2]},
								"down": {"uv": [4, 2], "uv_size": [1.5, -2]}
							}
						},
						{
							"origin": [-0.625, 0.625, -0.5625],
							"size": [1.25, 0.125, 0.375],
							"uv": {
								"north": {"uv": [7, 7], "uv_size": [1.5, 0.5]},
								"east": {"uv": [14, 14], "uv_size": [0.5, 0.5]},
								"south": {"uv": [0, 8], "uv_size": [1.5, 0.5]},
								"west": {"uv": [0, 15], "uv_size": [0.5, 0.5]},
								"up": {"uv": [8, 0], "uv_size": [1.5, 0.5]},
								"down": {"uv": [8, 1.5], "uv_size": [1.5, -0.5]}
							}
						},
						{
							"origin": [-0.25, 0.53962, -0.69363],
							"size": [0.5, 0.125, 0.1875],
							"inflate": -0.001,
							"pivot": [0, 0.60212, -0.69363],
							"rotation": [30, 0, 0],
							"uv": {
								"up": {"uv": [15, 0], "uv_size": [0.5, 0.5]}
							}
						},
						{
							"origin": [-0.44752, 0.625, -0.59988],
							"size": [0.3125, 0.125, 0.375],
							"inflate": -0.001,
							"pivot": [-0.76002, 0.6875, -0.41238],
							"rotation": [0, 30, 0],
							"uv": {
								"west": {"uv": [1, 15], "uv_size": [0.5, 0.5]},
								"up": {"uv": [15, 1], "uv_size": [0.5, 0.5]}
							}
						},
						{
							"origin": [0.13502, 0.625, -0.59988],
							"size": [0.3125, 0.125, 0.375],
							"inflate": -0.001,
							"pivot": [0.76002, 0.6875, -0.41238],
							"rotation": [0, -30, 0],
							"uv": {
								"east": {"uv": [2, 15], "uv_size": [0.5, 0.5]},
								"up": {"uv": [15, 2], "uv_size": [0.5, 0.5]}
							}
						},
						{
							"origin": [0.4375, 0.625, -2.0625],
							"size": [0.1875, 0.125, 1.5],
							"uv": {
								"north": {"uv": [3, 15], "uv_size": [0.5, 0.5]},
								"east": {"uv": [2, 8], "uv_size": [1.5, 0.5]},
								"south": {"uv": [15, 3], "uv_size": [0.5, 0.5]},
								"west": {"uv": [8, 2], "uv_size": [1.5, 0.5]},
								"up": {"uv": [4, 8], "uv_size": [0.5, 1.5]},
								"down": {"uv": [5, 9.5], "uv_size": [0.5, -1.5]}
							}
						},
						{
							"origin": [0.5, 0.75, -1.9375],
							"size": [0.125, 0.625, 0.625],
							"uv": {
								"north": {"uv": [4, 15], "uv_size": [0.5, 0.5]},
								"east": {"uv": [15, 4], "uv_size": [0.5, 0.5]},
								"south": {"uv": [5, 15], "uv_size": [0.5, 0.5]},
								"west": {"uv": [15, 5], "uv_size": [0.5, 0.5]}
							}
						},
						{
							"origin": [0.39788, 0.72712, -1.9375],
							"size": [0.0625, 0.1875, 0.625],
							"pivot": [0.46038, 0.66462, -1.625],
							"rotation": [0, 0, 30],
							"uv": {
								"north": {"uv": [6, 15], "uv_size": [0.5, 0.5]},
								"east": {"uv": [15, 6], "uv_size": [0.5, 0.5]},
								"south": {"uv": [7, 15], "uv_size": [0.5, 0.5]}
							}
						},
						{
							"origin": [-0.55413, 0.702, -1.9375],
							"size": [0.0625, 0.1875, 0.625],
							"pivot": [-0.55413, 0.827, -1.625],
							"rotation": [0, 0, -30],
							"uv": {
								"north": {"uv": [15, 7], "uv_size": [0.5, 0.5]},
								"south": {"uv": [8, 15], "uv_size": [0.5, 0.5]},
								"west": {"uv": [15, 8], "uv_size": [0.5, 0.5]}
							}
						},
						{
							"origin": [0.36363, 1.26674, -1.9375],
							"size": [0.125, 0.5, 0.5],
							"pivot": [0.42613, 1.48549, -1.5625],
							"rotation": [0, 0, -45],
							"uv": {
								"north": {"uv": [9, 15], "uv_size": [0.5, 0.5]},
								"east": {"uv": [15, 9], "uv_size": [0.5, 0.5]},
								"south": {"uv": [10, 15], "uv_size": [0.5, 0.5]},
								"west": {"uv": [15, 10], "uv_size": [0.5, 0.5]}
							}
						},
						{
							"origin": [-0.48863, 1.57924, -2],
							"size": [0.125, 0.1875, 0.0625],
							"pivot": [-0.42613, 1.48549, -1.5625],
							"rotation": [0, 0, 45],
							"uv": {
								"north": {"uv": [11, 15], "uv_size": [0.5, 0.5]},
								"east": {"uv": [15, 11], "uv_size": [0.5, 0.5]},
								"west": {"uv": [12, 15], "uv_size": [0.5, 0.5]}
							}
						},
						{
							"origin": [-0.45471, 1.3944, -1.97846],
							"size": [0.125, 0.1875, 0.0625],
							"pivot": [-0.39221, 1.5194, -1.94721],
							"rotation": [22.5, 0, 45],
							"uv": {
								"north": {"uv": [15, 12], "uv_size": [0.5, 0.5]},
								"east": {"uv": [13, 15], "uv_size": [0.5, 0.5]},
								"west": {"uv": [15, 13], "uv_size": [0.5, 0.5]}
							}
						},
						{
							"origin": [-0.625, 0.63631, -2.01022],
							"size": [0.125, 0.45501, 0.125],
							"inflate": -0.001,
							"pivot": [-0.5625, 0.87915, -1.63189],
							"rotation": [-16, 0, 0],
							"uv": {
								"north": {"uv": [14, 15], "uv_size": [0.5, 0.5]},
								"east": {"uv": [15, 14], "uv_size": [0.5, 0.5]},
								"west": {"uv": [15, 15], "uv_size": [0.5, 0.5]}
							}
						},
						{
							"origin": [-0.625, 0.63698, -1.16027],
							"size": [0.125, 0.375, 0.25],
							"inflate": -0.002,
							"pivot": [-0.5625, 0.69948, -1.00402],
							"rotation": [47.5, 0, 0],
							"uv": {
								"east": {"uv": [0, 16], "uv_size": [0.5, 0.5]},
								"south": {"uv": [16, 0], "uv_size": [0.5, 0.5]},
								"west": {"uv": [1, 16], "uv_size": [0.5, 0.5]}
							}
						},
						{
							"origin": [-0.625, 0.54951, -1.49742],
							"size": [0.125, 0.625, 0.3125],
							"inflate": -0.001,
							"pivot": [-0.5625, 0.95576, -1.55992],
							"rotation": [25, 0, 0],
							"uv": {
								"east": {"uv": [16, 1], "uv_size": [0.5, 0.5]},
								"south": {"uv": [2, 16], "uv_size": [0.5, 0.5]},
								"west": {"uv": [16, 2], "uv_size": [0.5, 0.5]}
							}
						},
						{
							"origin": [-0.625, 0.75, -1.9375],
							"size": [0.125, 0.625, 0.625],
							"uv": {
								"north": {"uv": [3, 16], "uv_size": [0.5, 0.5]},
								"east": {"uv": [16, 3], "uv_size": [0.5, 0.5]},
								"south": {"uv": [4, 16], "uv_size": [0.5, 0.5]},
								"west": {"uv": [16, 4], "uv_size": [0.5, 0.5]}
							}
						},
						{
							"origin": [-0.48863, 1.26674, -1.4375],
							"size": [0.125, 0.125, 0.125],
							"pivot": [-0.42613, 1.48549, -1.5625],
							"rotation": [0, 0, 45],
							"uv": {
								"east": {"uv": [5, 16], "uv_size": [0.5, 0.5]},
								"south": {"uv": [16, 5], "uv_size": [0.5, 0.5]},
								"west": {"uv": [6, 16], "uv_size": [0.5, 0.5]}
							}
						},
						{
							"origin": [-0.52606, 1.38034, -1.45909],
							"size": [0.125, 0.375, 0.125],
							"pivot": [-0.46356, 1.44805, -1.3909],
							"rotation": [22.5, 0, 45],
							"uv": {
								"east": {"uv": [16, 6], "uv_size": [0.5, 0.5]},
								"south": {"uv": [7, 16], "uv_size": [0.5, 0.5]},
								"west": {"uv": [16, 7], "uv_size": [0.5, 0.5]}
							}
						},
						{
							"origin": [-0.48863, 1.26674, -1.9375],
							"size": [0.125, 0.5, 0.5],
							"pivot": [-0.42613, 1.48549, -1.5625],
							"rotation": [0, 0, 45],
							"uv": {
								"north": {"uv": [8, 16], "uv_size": [0.5, 0.5]},
								"east": {"uv": [16, 8], "uv_size": [0.5, 0.5]},
								"south": {"uv": [9, 16], "uv_size": [0.5, 0.5]},
								"west": {"uv": [16, 9], "uv_size": [0.5, 0.5]}
							}
						},
						{
							"origin": [0.36363, 1.26674, -1.4375],
							"size": [0.125, 0.125, 0.125],
							"pivot": [0.42613, 1.48549, -1.5625],
							"rotation": [0, 0, -45],
							"uv": {
								"east": {"uv": [10, 16], "uv_size": [0.5, 0.5]},
								"south": {"uv": [16, 10], "uv_size": [0.5, 0.5]},
								"west": {"uv": [11, 16], "uv_size": [0.5, 0.5]}
							}
						},
						{
							"origin": [0.40106, 1.38034, -1.45909],
							"size": [0.125, 0.375, 0.125],
							"pivot": [0.46356, 1.44805, -1.3909],
							"rotation": [22.5, 0, -45],
							"uv": {
								"east": {"uv": [16, 11], "uv_size": [0.5, 0.5]},
								"south": {"uv": [12, 16], "uv_size": [0.5, 0.5]},
								"west": {"uv": [16, 12], "uv_size": [0.5, 0.5]}
							}
						},
						{
							"origin": [0.36363, 1.57924, -2],
							"size": [0.125, 0.1875, 0.0625],
							"pivot": [0.42613, 1.48549, -1.5625],
							"rotation": [0, 0, -45],
							"uv": {
								"north": {"uv": [13, 16], "uv_size": [0.5, 0.5]},
								"east": {"uv": [16, 13], "uv_size": [0.5, 0.5]},
								"west": {"uv": [14, 16], "uv_size": [0.5, 0.5]}
							}
						},
						{
							"origin": [0.32971, 1.3944, -1.97846],
							"size": [0.125, 0.1875, 0.0625],
							"pivot": [0.39221, 1.5194, -1.94721],
							"rotation": [22.5, 0, -45],
							"uv": {
								"north": {"uv": [16, 14], "uv_size": [0.5, 0.5]},
								"east": {"uv": [15, 16], "uv_size": [0.5, 0.5]},
								"west": {"uv": [16, 15], "uv_size": [0.5, 0.5]}
							}
						},
						{
							"origin": [-0.0625, 1.39461, -2],
							"size": [0.125, 0.54289, 0.5625],
							"pivot": [0, 1.66605, -1.625],
							"rotation": [0, 0, -90],
							"uv": {
								"north": {"uv": [16, 16], "uv_size": [0.5, 0.5]},
								"east": {"uv": [0, 17], "uv_size": [0.5, 0.5]},
								"south": {"uv": [17, 0], "uv_size": [0.5, 0.5]},
								"west": {"uv": [1, 17], "uv_size": [0.5, 0.5]}
							}
						},
						{
							"origin": [0.5, 0.63631, -2.01022],
							"size": [0.125, 0.45501, 0.125],
							"inflate": -0.001,
							"pivot": [0.5625, 0.87915, -1.63189],
							"rotation": [-16, 0, 0],
							"uv": {
								"north": {"uv": [17, 1], "uv_size": [0.5, 0.5]},
								"east": {"uv": [2, 17], "uv_size": [0.5, 0.5]},
								"west": {"uv": [17, 2], "uv_size": [0.5, 0.5]}
							}
						},
						{
							"origin": [0.5, 0.54951, -1.49742],
							"size": [0.125, 0.625, 0.3125],
							"inflate": -0.001,
							"pivot": [0.5625, 0.95576, -1.55992],
							"rotation": [25, 0, 0],
							"uv": {
								"east": {"uv": [3, 17], "uv_size": [0.5, 0.5]},
								"south": {"uv": [17, 3], "uv_size": [0.5, 0.5]},
								"west": {"uv": [4, 17], "uv_size": [0.5, 0.5]}
							}
						},
						{
							"origin": [0.5, 0.63698, -1.16027],
							"size": [0.125, 0.375, 0.25],
							"inflate": -0.002,
							"pivot": [0.5625, 0.69948, -1.00402],
							"rotation": [47.5, 0, 0],
							"uv": {
								"east": {"uv": [17, 4], "uv_size": [0.5, 0.5]},
								"south": {"uv": [5, 17], "uv_size": [0.5, 0.5]},
								"west": {"uv": [17, 5], "uv_size": [0.5, 0.5]}
							}
						},
						{
							"origin": [-0.625, 0.625, -2.0625],
							"size": [0.1875, 0.125, 1.5],
							"uv": {
								"north": {"uv": [6, 17], "uv_size": [0.5, 0.5]},
								"east": {"uv": [6, 8], "uv_size": [1.5, 0.5]},
								"south": {"uv": [17, 6], "uv_size": [0.5, 0.5]},
								"west": {"uv": [8, 8], "uv_size": [1.5, 0.5]},
								"up": {"uv": [0, 9], "uv_size": [0.5, 1.5]},
								"down": {"uv": [1, 10.5], "uv_size": [0.5, -1.5]}
							}
						},
						{
							"origin": [-0.6875, 0.59375, -1.5],
							"size": [0.0625, 0.25, 0.3125],
							"uv": {
								"north": {"uv": [7, 17], "uv_size": [0.5, 0.5]},
								"east": {"uv": [17, 7], "uv_size": [0.5, 0.5]},
								"south": {"uv": [8, 17], "uv_size": [0.5, 0.5]}
							}
						},
						{
							"origin": [-0.70313, 0.6875, -1.375],
							"size": [0.09375, 0.0625, 0.0625],
							"pivot": [-0.65625, 0.71875, -1.34375],
							"rotation": [45, 0, 0],
							"uv": {
								"north": {"uv": [17, 8], "uv_size": [0.5, 0.5]},
								"east": {"uv": [9, 17], "uv_size": [0.5, 0.5]},
								"south": {"uv": [17, 9], "uv_size": [0.5, 0.5]},
								"west": {"uv": [10, 17], "uv_size": [0.5, 0.5]},
								"up": {"uv": [17, 10], "uv_size": [0.5, 0.5]},
								"down": {"uv": [11, 17.5], "uv_size": [0.5, -0.5]}
							}
						},
						{
							"origin": [-0.6875, 0.59375, -1.875],
							"size": [0.0625, 0.25, 0.3125],
							"uv": {
								"north": {"uv": [17, 11], "uv_size": [0.5, 0.5]},
								"east": {"uv": [12, 17], "uv_size": [0.5, 0.5]},
								"south": {"uv": [17, 12], "uv_size": [0.5, 0.5]}
							}
						},
						{
							"origin": [-0.60826, 0.78504, -1.875],
							"size": [0.0625, 0.125, 0.6875],
							"inflate": -0.001,
							"pivot": [-0.57701, 0.91004, -1.71875],
							"rotation": [0, 0, 45],
							"uv": {
								"north": {"uv": [13, 17], "uv_size": [0.5, 0.5]},
								"east": {"uv": [17, 13], "uv_size": [0.5, 0.5]},
								"south": {"uv": [14, 17], "uv_size": [0.5, 0.5]},
								"down": {"uv": [17, 14.5], "uv_size": [0.5, -0.5]}
							}
						},
						{
							"origin": [-0.60826, 0.52746, -1.875],
							"size": [0.0625, 0.125, 0.6875],
							"inflate": -0.001,
							"pivot": [-0.57701, 0.52746, -1.71875],
							"rotation": [0, 0, -45],
							"uv": {
								"north": {"uv": [15, 17], "uv_size": [0.5, 0.5]},
								"east": {"uv": [17, 15], "uv_size": [0.5, 0.5]},
								"south": {"uv": [16, 17], "uv_size": [0.5, 0.5]},
								"up": {"uv": [17, 16], "uv_size": [0.5, 0.5]}
							}
						},
						{
							"origin": [-0.4375, 0.4375, -2.25],
							"size": [0.875, 0.3125, 0.9375],
							"uv": {
								"north": {"uv": [9, 10], "uv_size": [1, 0.5]},
								"south": {"uv": [10, 9], "uv_size": [1, 0.5]},
								"up": {"uv": [5, 6], "uv_size": [1, 1]},
								"down": {"uv": [6, 7], "uv_size": [1, -1]}
							}
						},
						{
							"origin": [-0.4375, 0.4375, -0.9375],
							"size": [0.875, 0.3125, 0.125],
							"uv": {
								"north": {"uv": [10, 10], "uv_size": [1, 0.5]},
								"south": {"uv": [0, 11], "uv_size": [1, 0.5]},
								"up": {"uv": [11, 0], "uv_size": [1, 0.5]},
								"down": {"uv": [1, 11.5], "uv_size": [1, -0.5]}
							}
						},
						{
							"origin": [-0.4375, 0.4375, -1.3125],
							"size": [0.875, 0.25, 0.75],
							"uv": {
								"up": {"uv": [7, 2], "uv_size": [1, 1]}
							}
						},
						{
							"origin": [-0.4375, 0.59797, -1.1428],
							"size": [0.875, 0.125, 0.25],
							"pivot": [0, 0.56672, -1.0178],
							"rotation": [15, 0, 0],
							"uv": {
								"up": {"uv": [11, 1], "uv_size": [1, 0.5]}
							}
						},
						{
							"origin": [-0.3125, 0.58343, -0.90737],
							"size": [0.625, 0.125, 0.1875],
							"inflate": -0.001,
							"pivot": [0, 0.55218, -0.78237],
							"rotation": [-30, 0, 0],
							"uv": {
								"up": {"uv": [17, 17], "uv_size": [0.5, 0.5]}
							}
						},
						{
							"origin": [0.42168, 0.4375, -2.39932],
							"size": [0.26517, 0.3125, 0.1875],
							"inflate": -0.001,
							"pivot": [0.24935, 0.59375, -2.30557],
							"rotation": [0, -45, 0],
							"uv": {
								"north": {"uv": [0, 18], "uv_size": [0.5, 0.5]},
								"up": {"uv": [18, 0], "uv_size": [0.5, 0.5]},
								"down": {"uv": [1, 18.5], "uv_size": [0.5, -0.5]}
							}
						},
						{
							"origin": [-0.68685, 0.4375, -2.39932],
							"size": [0.26517, 0.3125, 0.1875],
							"inflate": -0.001,
							"pivot": [-0.24935, 0.59375, -2.30557],
							"rotation": [0, 45, 0],
							"uv": {
								"north": {"uv": [18, 1], "uv_size": [0.5, 0.5]},
								"up": {"uv": [2, 18], "uv_size": [0.5, 0.5]},
								"down": {"uv": [18, 2.5], "uv_size": [0.5, -0.5]}
							}
						},
						{
							"origin": [-0.5, 0.4375, -0.0625],
							"size": [1, 0.1875, 0.125],
							"uv": {
								"north": {"uv": [2, 11], "uv_size": [1, 0.5]},
								"east": {"uv": [3, 18], "uv_size": [0.5, 0.5]},
								"south": {"uv": [11, 2], "uv_size": [1, 0.5]},
								"west": {"uv": [18, 3], "uv_size": [0.5, 0.5]},
								"up": {"uv": [3, 11], "uv_size": [1, 0.5]},
								"down": {"uv": [11, 3.5], "uv_size": [1, -0.5]}
							}
						},
						{
							"origin": [-0.625, 0.56564, -0.20581],
							"size": [1.25, 0.17678, 0.125],
							"inflate": -0.001,
							"pivot": [0.125, 0.61742, -0.14331],
							"rotation": [45, 0, 0],
							"uv": {
								"east": {"uv": [4, 18], "uv_size": [0.5, 0.5]},
								"south": {"uv": [2, 9], "uv_size": [1.5, 0.5]},
								"west": {"uv": [18, 4], "uv_size": [0.5, 0.5]}
							}
						},
						{
							"origin": [0.30936, 0.4375, -0.39775],
							"size": [0.17678, 0.1875, 0.125],
							"inflate": -0.001,
							"pivot": [0.80936, 0.5625, -0.33525],
							"rotation": [0, 45, 0],
							"uv": {
								"south": {"uv": [5, 18], "uv_size": [0.5, 0.5]},
								"up": {"uv": [18, 5], "uv_size": [0.5, 0.5]},
								"down": {"uv": [6, 18.5], "uv_size": [0.5, -0.5]}
							}
						},
						{
							"origin": [-0.48614, 0.4375, -0.39775],
							"size": [0.17678, 0.1875, 0.125],
							"inflate": -0.001,
							"pivot": [-0.80936, 0.5625, -0.33525],
							"rotation": [0, -45, 0],
							"uv": {
								"south": {"uv": [18, 6], "uv_size": [0.5, 0.5]},
								"up": {"uv": [7, 18], "uv_size": [0.5, 0.5]},
								"down": {"uv": [18, 7.5], "uv_size": [0.5, -0.5]}
							}
						}
					]
				},
				{
					"name": "ocular",
					"pivot": [0, 1.10165, -1.75154],
					"cubes": [
						{
							"origin": [-0.54687, 0.75, -1.75],
							"size": [1.09375, 0.70313, 0.001],
							"pivot": [0, 1.125, -1.7495],
							"rotation": [-5, 0, 0],
							"uv": {
								"south": {"uv": [19, 4], "uv_size": [0.5, 0.5]}
							}
						},
						{
							"origin": [-0.375, 1.45265, -1.73911],
							"size": [0.75, 0.15625, 0.001],
							"pivot": [-0.00001, 1.24953, -1.73861],
							"rotation": [-5, 0, 0],
							"uv": {
								"south": {"uv": [19, 4], "uv_size": [0.5, 0.5]}
							}
						}
					]
				},
				{
					"name": "division",
					"pivot": [0, 1.47665, -31.75154]
				},
				{
					"name": "division_illuminated",
					"parent": "division",
					"pivot": [0.00001, 1.10166, -32],
					"cubes": [
						{
							"origin": [-0.125, 1.03916, -32],
							"size": [0.25, 0.25, 0],
							"uv": {
								"south": {"uv": [19, 0], "uv_size": [4, 4]}
							}
						}
					]
				},
				{
					"name": "scope_view",
					"pivot": [0, 1.16415, 8]
				}
			]
		}
	]
}