{
	"format_version": "1.12.0",
	"minecraft:geometry": [
		{
			"description": {
				"identifier": "geometry.unknown",
				"texture_width": 32,
				"texture_height": 32,
				"visible_bounds_width": 19,
				"visible_bounds_height": 4,
				"visible_bounds_offset": [0, 1, 0]
			},
			"bones": [
				{
					"name": "scope_body",
					"pivot": [0, -0.28125, -0.125]
				},
				{
					"name": "bone8",
					"parent": "scope_body",
					"pivot": [0, -0.28125, -1.125],
					"cubes": [
						{
							"origin": [-0.8125, 0.40625, -2.125],
							"size": [1.625, 0.25, 1.9375],
							"uv": {
								"north": {"uv": [5, 9], "uv_size": [1.75, 0.25]},
								"east": {"uv": [8, 0], "uv_size": [2, 0.25]},
								"south": {"uv": [9, 5], "uv_size": [1.75, 0.25]},
								"west": {"uv": [8, 1], "uv_size": [2, 0.25]},
								"down": {"uv": [0, 2], "uv_size": [1.75, -2]}
							}
						},
						{
							"origin": [0.3125, 0.46875, -0.28125],
							"size": [0.125, 0.125, 0.125],
							"pivot": [0.375, 0.53125, -0.17187],
							"rotation": [0, 0, -45],
							"uv": {
								"east": {"uv": [8, 15], "uv_size": [0.25, 0.25]},
								"south": {"uv": [15, 8], "uv_size": [0.25, 0.25]},
								"west": {"uv": [9, 15], "uv_size": [0.25, 0.25]},
								"up": {"uv": [15, 9], "uv_size": [0.25, 0.25]},
								"down": {"uv": [10, 15.25], "uv_size": [0.25, -0.25]}
							}
						},
						{
							"origin": [-0.4375, 0.46875, -0.28125],
							"size": [0.125, 0.125, 0.125],
							"pivot": [-0.375, 0.53125, -0.17187],
							"rotation": [0, 0, 45],
							"uv": {
								"east": {"uv": [15, 10], "uv_size": [0.25, 0.25]},
								"south": {"uv": [11, 15], "uv_size": [0.25, 0.25]},
								"west": {"uv": [15, 11], "uv_size": [0.25, 0.25]},
								"up": {"uv": [12, 15], "uv_size": [0.25, 0.25]},
								"down": {"uv": [15, 12.25], "uv_size": [0.25, -0.25]}
							}
						},
						{
							"origin": [0.5625, 0.65625, -2.3125],
							"size": [0.21875, 1.375, 2.0625],
							"uv": {
								"east": {"uv": [2, 3], "uv_size": [2, 1.5]},
								"west": {"uv": [4, 0], "uv_size": [2, 1.5]}
							}
						},
						{
							"origin": [0.75, 1.84375, -2.3125],
							"size": [0.0625, 0.1875, 2.0625],
							"uv": {
								"west": {"uv": [8, 2], "uv_size": [2, 0.25]},
								"down": {"uv": [3, 10], "uv_size": [0.25, -2]}
							}
						},
						{
							"origin": [0.78125, 0.65625, -2.125],
							"size": [0.03125, 0.4375, 1.6875],
							"uv": {
								"west": {"uv": [6, 2], "uv_size": [1.75, 0.5]},
								"up": {"uv": [9, 6], "uv_size": [0.25, 1.75]}
							}
						},
						{
							"origin": [0.78125, 1.09375, -1.625],
							"size": [0.03125, 0.5625, 0.625],
							"inflate": 0.001,
							"uv": {
								"west": {"uv": [10, 4], "uv_size": [0.75, 0.5]},
								"up": {"uv": [7, 14], "uv_size": [0.25, 0.75]}
							}
						},
						{
							"origin": [0.78125, 1.14266, -1.2904],
							"size": [0.03125, 0.375, 0.375],
							"pivot": [0.78125, 1.23641, -0.9779],
							"rotation": [-45, 0, 0],
							"uv": {
								"west": {"uv": [11, 8], "uv_size": [0.5, 0.5]},
								"up": {"uv": [8, 14], "uv_size": [0.25, 0.5]}
							}
						},
						{
							"origin": [0.78125, 1.01648, -1.11042],
							"size": [0.03125, 0.375, 0.375],
							"inflate": -0.001,
							"pivot": [0.78125, 1.11023, -0.92292],
							"rotation": [-67.5, 0, 0],
							"uv": {
								"west": {"uv": [7, 13], "uv_size": [0.5, 0.5]},
								"up": {"uv": [9, 14], "uv_size": [0.25, 0.5]}
							}
						},
						{
							"origin": [0.78125, 1.23104, -1.74621],
							"size": [0.03125, 0.375, 0.375],
							"pivot": [0.78125, 1.32479, -1.55871],
							"rotation": [45, 0, 0],
							"uv": {
								"west": {"uv": [9, 13], "uv_size": [0.5, 0.5]},
								"up": {"uv": [10, 14], "uv_size": [0.25, 0.5]}
							}
						},
						{
							"origin": [0.78125, 1.01648, -1.88958],
							"size": [0.03125, 0.375, 0.375],
							"inflate": -0.001,
							"pivot": [0.78125, 1.11023, -1.70208],
							"rotation": [67.5, 0, 0],
							"uv": {
								"west": {"uv": [13, 12], "uv_size": [0.5, 0.5]},
								"up": {"uv": [11, 14], "uv_size": [0.25, 0.5]}
							}
						},
						{
							"origin": [0.75, 0.65625, -2.3125],
							"size": [0.0625, 1.1875, 0.1875],
							"uv": {
								"south": {"uv": [3, 11], "uv_size": [0.25, 1.25]},
								"west": {"uv": [4, 11], "uv_size": [0.25, 1.25]}
							}
						},
						{
							"origin": [0.78125, 1.77145, -2.51739],
							"size": [0.03125, 0.3125, 0.1875],
							"inflate": -0.001,
							"pivot": [0.78125, 1.4902, -2.42364],
							"rotation": [-45, 0, 0],
							"uv": {
								"north": {"uv": [13, 15], "uv_size": [0.25, 0.25]},
								"east": {"uv": [15, 13], "uv_size": [0.25, 0.25]},
								"south": {"uv": [14, 15], "uv_size": [0.25, 0.25]},
								"west": {"uv": [15, 14], "uv_size": [0.25, 0.25]},
								"up": {"uv": [15, 15], "uv_size": [0.25, 0.25]},
								"down": {"uv": [0, 16.25], "uv_size": [0.25, -0.25]}
							}
						},
						{
							"origin": [0.75, 0.65625, -0.4375],
							"size": [0.0625, 1.1875, 0.1875],
							"uv": {
								"north": {"uv": [11, 4], "uv_size": [0.25, 1.25]},
								"east": {"uv": [7, 11], "uv_size": [0.25, 1.25]},
								"south": {"uv": [9, 11], "uv_size": [0.25, 1.25]},
								"west": {"uv": [11, 10], "uv_size": [0.25, 1.25]},
								"up": {"uv": [16, 0], "uv_size": [0.25, 0.25]},
								"down": {"uv": [1, 16.25], "uv_size": [0.25, -0.25]}
							}
						},
						{
							"origin": [0.78125, 1.77145, -0.23261],
							"size": [0.03125, 0.3125, 0.1875],
							"inflate": -0.001,
							"pivot": [0.78125, 1.4902, -0.13886],
							"rotation": [45, 0, 0],
							"uv": {
								"north": {"uv": [16, 1], "uv_size": [0.25, 0.25]},
								"east": {"uv": [2, 16], "uv_size": [0.25, 0.25]},
								"south": {"uv": [16, 2], "uv_size": [0.25, 0.25]},
								"west": {"uv": [3, 16], "uv_size": [0.25, 0.25]},
								"up": {"uv": [16, 3], "uv_size": [0.25, 0.25]},
								"down": {"uv": [4, 16.25], "uv_size": [0.25, -0.25]}
							}
						},
						{
							"origin": [0.78125, 1.65625, -1.4375],
							"size": [0.03125, 0.1875, 0.25],
							"uv": {
								"north": {"uv": [16, 4], "uv_size": [0.25, 0.25]},
								"east": {"uv": [5, 16], "uv_size": [0.25, 0.25]},
								"south": {"uv": [16, 5], "uv_size": [0.25, 0.25]},
								"west": {"uv": [6, 16], "uv_size": [0.25, 0.25]},
								"up": {"uv": [16, 6], "uv_size": [0.25, 0.25]},
								"down": {"uv": [7, 16.25], "uv_size": [0.25, -0.25]}
							}
						},
						{
							"origin": [-0.8125, 0.65625, -2.3125],
							"size": [0.25, 1.375, 2.0625],
							"uv": {
								"east": {"uv": [4, 2], "uv_size": [2, 1.5]},
								"west": {"uv": [4, 4], "uv_size": [2, 1.5]}
							}
						},
						{
							"origin": [-0.875, 0.40625, -1.9375],
							"size": [0.0625, 0.5625, 1.5625],
							"uv": {
								"east": {"uv": [6, 4], "uv_size": [1.5, 0.5]},
								"down": {"uv": [5, 11.5], "uv_size": [0.25, -1.5]}
							}
						},
						{
							"origin": [-0.89063, 0.53125, -0.9375],
							"size": [0.01563, 0.3125, 0.5],
							"uv": {
								"north": {"uv": [16, 7], "uv_size": [0.25, 0.25]},
								"east": {"uv": [12, 14], "uv_size": [0.5, 0.25]},
								"south": {"uv": [8, 16], "uv_size": [0.25, 0.25]},
								"up": {"uv": [14, 12], "uv_size": [0.25, 0.5]},
								"down": {"uv": [13, 14.5], "uv_size": [0.25, -0.5]}
							}
						},
						{
							"origin": [-0.90625, 0.65625, -1.40625],
							"size": [0.01562, 0.0625, 0.1875],
							"uv": {
								"north": {"uv": [16, 8], "uv_size": [0.25, 0.25]},
								"east": {"uv": [9, 16], "uv_size": [0.25, 0.25]},
								"south": {"uv": [16, 9], "uv_size": [0.25, 0.25]},
								"west": {"uv": [10, 16], "uv_size": [0.25, 0.25]},
								"up": {"uv": [16, 10], "uv_size": [0.25, 0.25]},
								"down": {"uv": [11, 16.25], "uv_size": [0.25, -0.25]}
							}
						},
						{
							"origin": [-0.90625, 0.65625, -0.78125],
							"size": [0.01562, 0.0625, 0.1875],
							"inflate": -0.001,
							"uv": {
								"north": {"uv": [16, 11], "uv_size": [0.25, 0.25]},
								"east": {"uv": [12, 16], "uv_size": [0.25, 0.25]},
								"south": {"uv": [16, 12], "uv_size": [0.25, 0.25]},
								"west": {"uv": [13, 16], "uv_size": [0.25, 0.25]},
								"up": {"uv": [16, 13], "uv_size": [0.25, 0.25]},
								"down": {"uv": [14, 16.25], "uv_size": [0.25, -0.25]}
							}
						},
						{
							"origin": [-0.90625, 0.65625, -0.78125],
							"size": [0.01562, 0.0625, 0.1875],
							"pivot": [-0.89844, 0.6875, -0.6875],
							"rotation": [90, 0, 0],
							"uv": {
								"north": {"uv": [16, 14], "uv_size": [0.25, 0.25]},
								"east": {"uv": [15, 16], "uv_size": [0.25, 0.25]},
								"south": {"uv": [16, 15], "uv_size": [0.25, 0.25]},
								"west": {"uv": [16, 16], "uv_size": [0.25, 0.25]},
								"up": {"uv": [0, 17], "uv_size": [0.25, 0.25]},
								"down": {"uv": [17, 0.25], "uv_size": [0.25, -0.25]}
							}
						},
						{
							"origin": [-0.89063, 0.53125, -1.5625],
							"size": [0.01563, 0.3125, 0.5],
							"uv": {
								"north": {"uv": [1, 17], "uv_size": [0.25, 0.25]},
								"east": {"uv": [14, 13], "uv_size": [0.5, 0.25]},
								"south": {"uv": [17, 1], "uv_size": [0.25, 0.25]},
								"up": {"uv": [14, 14], "uv_size": [0.25, 0.5]},
								"down": {"uv": [0, 15.5], "uv_size": [0.25, -0.5]}
							}
						},
						{
							"origin": [-0.68528, 0.86428, -1.9375],
							"size": [0.0625, 0.125, 1.5625],
							"inflate": -0.001,
							"pivot": [-0.65403, 1.14553, -1.15625],
							"rotation": [0, 0, 45],
							"uv": {
								"north": {"uv": [2, 17], "uv_size": [0.25, 0.25]},
								"east": {"uv": [10, 6], "uv_size": [1.5, 0.25]},
								"south": {"uv": [17, 2], "uv_size": [0.25, 0.25]}
							}
						},
						{
							"origin": [-0.875, 0.40625, -0.375],
							"size": [0.0625, 0.375, 0.1875],
							"uv": {
								"east": {"uv": [15, 0], "uv_size": [0.25, 0.5]},
								"south": {"uv": [1, 15], "uv_size": [0.25, 0.5]},
								"down": {"uv": [3, 17.25], "uv_size": [0.25, -0.25]}
							}
						},
						{
							"origin": [-0.875, 0.66004, -0.48012],
							"size": [0.0625, 0.26517, 0.1875],
							"inflate": -0.001,
							"pivot": [-0.84375, 0.84754, -0.38637],
							"rotation": [45, 0, 0],
							"uv": {
								"east": {"uv": [17, 3], "uv_size": [0.25, 0.25]},
								"south": {"uv": [4, 17], "uv_size": [0.25, 0.25]}
							}
						},
						{
							"origin": [-0.875, 0.67613, -2.05871],
							"size": [0.0625, 0.26516, 0.1875],
							"inflate": -0.001,
							"pivot": [-0.84375, 0.80871, -1.96496],
							"rotation": [135, 0, 0],
							"uv": {
								"east": {"uv": [17, 4], "uv_size": [0.25, 0.25]},
								"south": {"uv": [5, 17], "uv_size": [0.25, 0.25]}
							}
						},
						{
							"origin": [-0.875, 0.40625, -2.125],
							"size": [0.0625, 0.375, 0.1875],
							"uv": {
								"north": {"uv": [15, 1], "uv_size": [0.25, 0.5]},
								"east": {"uv": [2, 15], "uv_size": [0.25, 0.5]},
								"down": {"uv": [17, 5.25], "uv_size": [0.25, -0.25]}
							}
						},
						{
							"origin": [0.11298, 1.7415, -2.3125],
							"size": [0.25, 0.3125, 2.0625],
							"inflate": -0.001,
							"pivot": [0.23798, 2.429, -1.28125],
							"rotation": [0, 0, -45],
							"uv": {
								"north": {"uv": [6, 17], "uv_size": [0.25, 0.25]},
								"south": {"uv": [17, 6], "uv_size": [0.25, 0.25]},
								"west": {"uv": [8, 3], "uv_size": [2, 0.25]}
							}
						},
						{
							"origin": [-0.36298, 1.7415, -2.3125],
							"size": [0.25, 0.3125, 2.0625],
							"inflate": -0.001,
							"pivot": [-0.23798, 2.429, -1.28125],
							"rotation": [0, 0, 45],
							"uv": {
								"north": {"uv": [7, 17], "uv_size": [0.25, 0.25]},
								"east": {"uv": [4, 8], "uv_size": [2, 0.25]},
								"south": {"uv": [17, 7], "uv_size": [0.25, 0.25]}
							}
						},
						{
							"origin": [-0.49778, 1.97097, -2.3125],
							"size": [0.21875, 1.18306, 2.0625],
							"pivot": [-0.43528, 2.12722, -1.28125],
							"rotation": [0, 0, 90],
							"uv": {
								"north": {"uv": [0, 12], "uv_size": [0.25, 1.25]},
								"east": {"uv": [2, 5], "uv_size": [2, 1.25]},
								"south": {"uv": [12, 0], "uv_size": [0.25, 1.25]},
								"west": {"uv": [6, 0], "uv_size": [2, 1.25]}
							}
						},
						{
							"origin": [-0.56028, 1.97097, -2.3125],
							"size": [0.0625, 0.24556, 2.0625],
							"pivot": [-0.43528, 2.12722, -1.28125],
							"rotation": [0, 0, 90],
							"uv": {
								"north": {"uv": [8, 17], "uv_size": [0.25, 0.25]},
								"east": {"uv": [8, 4], "uv_size": [2, 0.25]},
								"south": {"uv": [17, 8], "uv_size": [0.25, 0.25]},
								"up": {"uv": [8, 5], "uv_size": [0.25, 2]}
							}
						},
						{
							"origin": [-0.56028, 2.21653, -0.5],
							"size": [0.0625, 0.1875, 0.25],
							"pivot": [-0.43528, 2.12722, -1.28125],
							"rotation": [0, 0, 90],
							"uv": {
								"east": {"uv": [9, 17], "uv_size": [0.25, 0.25]},
								"south": {"uv": [17, 9], "uv_size": [0.25, 0.25]},
								"up": {"uv": [10, 17], "uv_size": [0.25, 0.25]}
							}
						},
						{
							"origin": [-0.29898, 2.12722, -1.98669],
							"size": [0.0625, 0.1875, 1.5],
							"inflate": -0.001,
							"pivot": [-0.26773, 2.22097, -0.61169],
							"rotation": [7.5, 0, 90],
							"uv": {
								"east": {"uv": [10, 7], "uv_size": [1.5, 0.25]},
								"up": {"uv": [6, 10], "uv_size": [0.25, 1.5]}
							}
						},
						{
							"origin": [0.49778, 2.21653, -0.5],
							"size": [0.0625, 0.1875, 0.25],
							"pivot": [0.43528, 2.12722, -1.28125],
							"rotation": [0, 0, -90],
							"uv": {
								"south": {"uv": [17, 10], "uv_size": [0.25, 0.25]},
								"west": {"uv": [11, 17], "uv_size": [0.25, 0.25]},
								"up": {"uv": [17, 11], "uv_size": [0.25, 0.25]}
							}
						},
						{
							"origin": [0.23648, 2.12722, -1.98669],
							"size": [0.0625, 0.1875, 1.5],
							"inflate": -0.001,
							"pivot": [0.26773, 2.22097, -0.61169],
							"rotation": [7.5, 0, -90],
							"uv": {
								"west": {"uv": [10, 9], "uv_size": [1.5, 0.25]},
								"up": {"uv": [8, 10], "uv_size": [0.25, 1.5]}
							}
						},
						{
							"origin": [0.49778, 1.97097, -2.3125],
							"size": [0.0625, 0.24556, 2.0625],
							"pivot": [0.43528, 2.12722, -1.28125],
							"rotation": [0, 0, -90],
							"uv": {
								"north": {"uv": [12, 17], "uv_size": [0.25, 0.25]},
								"south": {"uv": [17, 12], "uv_size": [0.25, 0.25]},
								"west": {"uv": [6, 8], "uv_size": [2, 0.25]},
								"up": {"uv": [8, 8], "uv_size": [0.25, 2]}
							}
						},
						{
							"origin": [0.5625, 0.84375, -2.4375],
							"size": [0.125, 1.1875, 0.125],
							"uv": {
								"north": {"uv": [1, 12], "uv_size": [0.25, 1.25]},
								"east": {"uv": [2, 12], "uv_size": [0.25, 1.25]}
							}
						},
						{
							"origin": [0.60983, 0.65625, -2.375],
							"size": [0.17678, 1.375, 0.125],
							"inflate": -0.001,
							"pivot": [0.72411, 1.4375, -2.3125],
							"rotation": [0, -45, 0],
							"uv": {
								"north": {"uv": [10, 10], "uv_size": [0.25, 1.5]},
								"up": {"uv": [13, 17], "uv_size": [0.25, 0.25]},
								"down": {"uv": [17, 13.25], "uv_size": [0.25, -0.25]}
							}
						},
						{
							"origin": [-0.6875, 0.84375, -2.4375],
							"size": [0.125, 1.1875, 0.125],
							"uv": {
								"north": {"uv": [12, 2], "uv_size": [0.25, 1.25]},
								"west": {"uv": [12, 4], "uv_size": [0.25, 1.25]}
							}
						},
						{
							"origin": [-0.78661, 0.65625, -2.375],
							"size": [0.17678, 1.375, 0.125],
							"inflate": -0.001,
							"pivot": [-0.72411, 1.4375, -2.3125],
							"rotation": [0, 45, 0],
							"uv": {
								"north": {"uv": [11, 0], "uv_size": [0.25, 1.5]},
								"up": {"uv": [14, 17], "uv_size": [0.25, 0.25]},
								"down": {"uv": [17, 14.25], "uv_size": [0.25, -0.25]}
							}
						},
						{
							"origin": [0.5625, 0.71875, -0.25],
							"size": [0.125, 1.3125, 0.125],
							"uv": {
								"north": {"uv": [5, 12], "uv_size": [0.25, 1.25]},
								"east": {"uv": [6, 12], "uv_size": [0.25, 1.25]},
								"south": {"uv": [12, 6], "uv_size": [0.25, 1.25]},
								"west": {"uv": [8, 12], "uv_size": [0.25, 1.25]},
								"up": {"uv": [15, 17], "uv_size": [0.25, 0.25]},
								"down": {"uv": [17, 15.25], "uv_size": [0.25, -0.25]}
							}
						},
						{
							"origin": [0.61964, 0.71875, -0.34061],
							"size": [0.125, 1.3125, 0.17678],
							"inflate": -0.001,
							"pivot": [0.66919, 1.375, -0.21339],
							"rotation": [0, -45, 0],
							"uv": {
								"west": {"uv": [12, 8], "uv_size": [0.25, 1.25]},
								"up": {"uv": [16, 17], "uv_size": [0.25, 0.25]}
							}
						},
						{
							"origin": [-0.6875, 0.71875, -0.25],
							"size": [0.125, 1.3125, 0.125],
							"uv": {
								"north": {"uv": [10, 12], "uv_size": [0.25, 1.25]},
								"east": {"uv": [12, 10], "uv_size": [0.25, 1.25]},
								"south": {"uv": [11, 12], "uv_size": [0.25, 1.25]},
								"west": {"uv": [12, 12], "uv_size": [0.25, 1.25]},
								"up": {"uv": [17, 16], "uv_size": [0.25, 0.25]},
								"down": {"uv": [17, 17.25], "uv_size": [0.25, -0.25]}
							}
						},
						{
							"origin": [-1.00823, 2.01766, -2.4375],
							"size": [0.125, 0.25, 2.3125],
							"inflate": -0.001,
							"pivot": [-0.94573, 1.54891, -0.1875],
							"rotation": [0, 0, 45],
							"uv": {
								"north": {"uv": [0, 18], "uv_size": [0.25, 0.25]},
								"south": {"uv": [18, 0], "uv_size": [0.25, 0.25]},
								"west": {"uv": [0, 7], "uv_size": [2.25, 0.25]}
							}
						},
						{
							"origin": [-1.00823, 0.60734, -2.4375],
							"size": [0.125, 0.1875, 2.25],
							"inflate": -0.001,
							"pivot": [-0.94573, 1.26359, -0.25],
							"rotation": [0, 0, -45],
							"uv": {
								"north": {"uv": [1, 18], "uv_size": [0.25, 0.25]},
								"south": {"uv": [18, 1], "uv_size": [0.25, 0.25]},
								"west": {"uv": [3, 7], "uv_size": [2.25, 0.25]}
							}
						},
						{
							"origin": [0.88323, 2.01766, -2.4375],
							"size": [0.125, 0.25, 2.3125],
							"inflate": -0.001,
							"pivot": [0.94573, 1.54891, -0.1875],
							"rotation": [0, 0, -45],
							"uv": {
								"north": {"uv": [2, 18], "uv_size": [0.25, 0.25]},
								"east": {"uv": [6, 7], "uv_size": [2.25, 0.25]},
								"south": {"uv": [18, 2], "uv_size": [0.25, 0.25]}
							}
						},
						{
							"origin": [0.88323, 0.60734, -2.4375],
							"size": [0.125, 0.1875, 2.25],
							"inflate": -0.001,
							"pivot": [0.94573, 1.26359, -0.25],
							"rotation": [0, 0, 45],
							"uv": {
								"north": {"uv": [3, 18], "uv_size": [0.25, 0.25]},
								"east": {"uv": [0, 8], "uv_size": [2.25, 0.25]},
								"south": {"uv": [18, 3], "uv_size": [0.25, 0.25]}
							}
						},
						{
							"origin": [-0.74464, 0.71875, -0.34061],
							"size": [0.125, 1.3125, 0.17678],
							"inflate": -0.001,
							"pivot": [-0.66919, 1.375, -0.21339],
							"rotation": [0, 45, 0],
							"uv": {
								"east": {"uv": [13, 0], "uv_size": [0.25, 1.25]},
								"up": {"uv": [4, 18], "uv_size": [0.25, 0.25]}
							}
						},
						{
							"origin": [-0.6875, 0.65625, -2.4375],
							"size": [1.375, 0.1875, 2.25],
							"uv": {
								"north": {"uv": [1, 11], "uv_size": [1.5, 0.25]},
								"up": {"uv": [0, 2], "uv_size": [1.5, 2.25]},
								"down": {"uv": [2, 2.25], "uv_size": [1.5, -2.25]}
							}
						},
						{
							"origin": [-0.5625, 1.96875, -2.4375],
							"size": [1.125, 0.1875, 0.125],
							"uv": {
								"north": {"uv": [13, 2], "uv_size": [1.25, 0.25]},
								"up": {"uv": [3, 13], "uv_size": [1.25, 0.25]},
								"down": {"uv": [13, 3.25], "uv_size": [1.25, -0.25]}
							}
						},
						{
							"origin": [-0.50823, 1.66096, -0.25],
							"size": [0.17677, 0.125, 0.125],
							"pivot": [-0.89396, 1.69221, -0.09375],
							"rotation": [0, 0, -45],
							"uv": {
								"north": {"uv": [18, 4], "uv_size": [0.25, 0.25]},
								"south": {"uv": [5, 18], "uv_size": [0.25, 0.25]},
								"up": {"uv": [18, 5], "uv_size": [0.25, 0.25]}
							}
						},
						{
							"origin": [0.33146, 1.66096, -0.25],
							"size": [0.17677, 0.125, 0.125],
							"pivot": [0.89396, 1.69221, -0.09375],
							"rotation": [0, 0, 45],
							"uv": {
								"north": {"uv": [6, 18], "uv_size": [0.25, 0.25]},
								"south": {"uv": [18, 6], "uv_size": [0.25, 0.25]},
								"up": {"uv": [7, 18], "uv_size": [0.25, 0.25]}
							}
						},
						{
							"origin": [-0.5625, 1.96875, -0.25],
							"size": [1.125, 0.1875, 0.125],
							"uv": {
								"south": {"uv": [13, 4], "uv_size": [1.25, 0.25]},
								"up": {"uv": [13, 5], "uv_size": [1.25, 0.25]},
								"down": {"uv": [13, 6.25], "uv_size": [1.25, -0.25]}
							}
						},
						{
							"origin": [0.33146, 1.66096, -2.4375],
							"size": [0.17677, 0.125, 0.125],
							"inflate": -0.001,
							"pivot": [0.89396, 1.69221, -2.28125],
							"rotation": [0, 0, 45],
							"uv": {
								"north": {"uv": [18, 7], "uv_size": [0.25, 0.25]},
								"up": {"uv": [8, 18], "uv_size": [0.25, 0.25]}
							}
						},
						{
							"origin": [-0.50823, 1.66096, -2.4375],
							"size": [0.17677, 0.125, 0.125],
							"inflate": -0.001,
							"pivot": [-0.89396, 1.69221, -2.28125],
							"rotation": [0, 0, -45],
							"uv": {
								"north": {"uv": [18, 8], "uv_size": [0.25, 0.25]},
								"up": {"uv": [9, 18], "uv_size": [0.25, 0.25]}
							}
						},
						{
							"origin": [-0.8125, 0.43593, -2.35198],
							"size": [1.625, 0.1875, 0.29105],
							"inflate": -0.001,
							"pivot": [0, 0.49843, -2.06629],
							"rotation": [-45, 0, 0],
							"uv": {
								"east": {"uv": [18, 9], "uv_size": [0.25, 0.25]},
								"west": {"uv": [10, 18], "uv_size": [0.25, 0.25]},
								"down": {"uv": [9, 8.25], "uv_size": [1.75, -0.25]}
							}
						},
						{
							"origin": [-0.8125, 0.53125, -0.1875],
							"size": [0.25, 0.1875, 0.125],
							"uv": {
								"north": {"uv": [18, 10], "uv_size": [0.25, 0.25]},
								"east": {"uv": [11, 18], "uv_size": [0.25, 0.25]},
								"south": {"uv": [18, 11], "uv_size": [0.25, 0.25]},
								"west": {"uv": [12, 18], "uv_size": [0.25, 0.25]},
								"up": {"uv": [18, 12], "uv_size": [0.25, 0.25]},
								"down": {"uv": [13, 18.25], "uv_size": [0.25, -0.25]}
							}
						},
						{
							"origin": [-0.5221, 0.63905, -0.1875],
							"size": [0.0625, 0.125, 0.125],
							"pivot": [-0.5846, 0.7328, -0.125],
							"rotation": [0, 0, 45],
							"uv": {
								"south": {"uv": [18, 13], "uv_size": [0.25, 0.25]},
								"west": {"uv": [14, 18], "uv_size": [0.25, 0.25]}
							}
						},
						{
							"origin": [0.4596, 0.63905, -0.1875],
							"size": [0.0625, 0.125, 0.125],
							"pivot": [0.5846, 0.7328, -0.125],
							"rotation": [0, 0, -45],
							"uv": {
								"east": {"uv": [18, 14], "uv_size": [0.25, 0.25]},
								"south": {"uv": [15, 18], "uv_size": [0.25, 0.25]}
							}
						},
						{
							"origin": [-0.5625, 0.65625, -0.1875],
							"size": [1.125, 0.0625, 0.125],
							"uv": {
								"south": {"uv": [13, 7], "uv_size": [1.25, 0.25]},
								"down": {"uv": [13, 8.25], "uv_size": [1.25, -0.25]}
							}
						},
						{
							"origin": [0.5625, 0.53125, -0.1875],
							"size": [0.25, 0.1875, 0.125],
							"uv": {
								"east": {"uv": [18, 15], "uv_size": [0.25, 0.25]},
								"south": {"uv": [16, 18], "uv_size": [0.25, 0.25]},
								"west": {"uv": [18, 16], "uv_size": [0.25, 0.25]},
								"up": {"uv": [17, 18], "uv_size": [0.25, 0.25]}
							}
						},
						{
							"origin": [-0.5625, 0.65024, -0.2279],
							"size": [1.125, 0.17677, 0.125],
							"pivot": [0.6875, 0.73326, -0.1654],
							"rotation": [45, 0, 0],
							"uv": {
								"south": {"uv": [13, 9], "uv_size": [1.25, 0.25]}
							}
						},
						{
							"origin": [0.5625, 0.65024, -0.2904],
							"size": [0.25, 0.30177, 0.1875],
							"inflate": -0.001,
							"pivot": [0.6875, 0.73326, -0.1654],
							"rotation": [45, 0, 0],
							"uv": {
								"south": {"uv": [18, 17], "uv_size": [0.25, 0.25]},
								"west": {"uv": [18, 18], "uv_size": [0.25, 0.25]}
							}
						},
						{
							"origin": [-0.8125, 0.65024, -0.2904],
							"size": [0.25, 0.30177, 0.1875],
							"inflate": -0.001,
							"pivot": [-0.6875, 0.73326, -0.1654],
							"rotation": [45, 0, 0],
							"uv": {
								"east": {"uv": [0, 19], "uv_size": [0.25, 0.25]},
								"south": {"uv": [19, 0], "uv_size": [0.25, 0.25]}
							}
						},
						{
							"origin": [0.5625, 0.42299, -0.2279],
							"size": [0.25, 0.17677, 0.125],
							"inflate": -0.001,
							"pivot": [0.6875, 0.51674, -0.1654],
							"rotation": [-45, 0, 0],
							"uv": {
								"east": {"uv": [1, 19], "uv_size": [0.25, 0.25]},
								"south": {"uv": [19, 1], "uv_size": [0.25, 0.25]},
								"west": {"uv": [2, 19], "uv_size": [0.25, 0.25]}
							}
						},
						{
							"origin": [-0.8125, 0.42299, -0.2279],
							"size": [0.25, 0.17677, 0.125],
							"inflate": -0.001,
							"pivot": [-0.6875, 0.51674, -0.1654],
							"rotation": [-45, 0, 0],
							"uv": {
								"east": {"uv": [19, 2], "uv_size": [0.25, 0.25]},
								"south": {"uv": [3, 19], "uv_size": [0.25, 0.25]},
								"west": {"uv": [19, 3], "uv_size": [0.25, 0.25]}
							}
						}
					]
				},
				{
					"name": "bone9",
					"parent": "scope_body",
					"pivot": [0.365, 1.03125, -1.3125],
					"rotation": [0, -22.5, 90],
					"cubes": [
						{
							"origin": [0.16618, 1.29125, -1.7925],
							"size": [0.39764, 0.5, 0.96],
							"inflate": 0.001,
							"uv": {
								"north": {"uv": [13, 13], "uv_size": [0.5, 0.5]},
								"south": {"uv": [0, 14], "uv_size": [0.5, 0.5]},
								"up": {"uv": [0, 9], "uv_size": [0.5, 1]}
							}
						},
						{
							"origin": [0.13343, 1.76, -1.54502],
							"size": [0.335, 0.0625, 0.335],
							"pivot": [0.14461, 1.55687, -1.22127],
							"rotation": [0, -22.5, 0],
							"uv": {
								"north": {"uv": [4, 19], "uv_size": [0.25, 0.25]},
								"east": {"uv": [19, 4], "uv_size": [0.25, 0.25]},
								"south": {"uv": [5, 19], "uv_size": [0.25, 0.25]},
								"west": {"uv": [19, 5], "uv_size": [0.25, 0.25]},
								"up": {"uv": [6, 19], "uv_size": [0.25, 0.25]},
								"down": {"uv": [19, 6.25], "uv_size": [0.25, -0.25]}
							}
						},
						{
							"origin": [0.16618, 1.29125, -1.7925],
							"size": [0.39764, 0.5, 0.96],
							"inflate": -0.001,
							"pivot": [0.365, 0.27125, -1.3125],
							"rotation": [0, -45, 0],
							"uv": {
								"north": {"uv": [14, 0], "uv_size": [0.5, 0.5]},
								"south": {"uv": [1, 14], "uv_size": [0.5, 0.5]},
								"up": {"uv": [1, 9], "uv_size": [0.5, 1]}
							}
						},
						{
							"origin": [0.16618, 1.29125, -1.7925],
							"size": [0.39764, 0.5, 0.96],
							"pivot": [0.365, 0.27125, -1.3125],
							"rotation": [0, -90, 0],
							"uv": {
								"north": {"uv": [14, 1], "uv_size": [0.5, 0.5]},
								"south": {"uv": [2, 14], "uv_size": [0.5, 0.5]},
								"up": {"uv": [2, 9], "uv_size": [0.5, 1]}
							}
						},
						{
							"origin": [0.16618, 1.29125, -1.7925],
							"size": [0.39764, 0.5, 0.96],
							"inflate": -0.001,
							"pivot": [0.365, 0.27125, -1.3125],
							"rotation": [0, -135, 0],
							"uv": {
								"north": {"uv": [3, 14], "uv_size": [0.5, 0.5]},
								"south": {"uv": [4, 14], "uv_size": [0.5, 0.5]},
								"up": {"uv": [4, 9], "uv_size": [0.5, 1]}
							}
						}
					]
				},
				{
					"name": "bone10",
					"parent": "scope_body",
					"pivot": [-1.1695, -0.03125, -1.21875],
					"rotation": [0, 0, -90],
					"cubes": [
						{
							"origin": [-1.28879, -0.38825, -1.03075],
							"size": [0.23858, 0.375, 0.1],
							"inflate": -0.001,
							"uv": {
								"north": {"uv": [15, 2], "uv_size": [0.25, 0.5]},
								"south": {"uv": [3, 15], "uv_size": [0.25, 0.5]},
								"up": {"uv": [7, 19], "uv_size": [0.25, 0.25]},
								"down": {"uv": [19, 7.25], "uv_size": [0.25, -0.25]}
							}
						},
						{
							"origin": [-1.28879, -0.38825, -1.03075],
							"size": [0.23858, 0.125, 0.1],
							"pivot": [-1.1695, -0.46325, -1.21875],
							"rotation": [0, -45, 0],
							"uv": {
								"north": {"uv": [8, 19], "uv_size": [0.25, 0.25]},
								"south": {"uv": [19, 8], "uv_size": [0.25, 0.25]},
								"up": {"uv": [9, 19], "uv_size": [0.25, 0.25]},
								"down": {"uv": [19, 9.25], "uv_size": [0.25, -0.25]}
							}
						},
						{
							"origin": [-1.28879, -0.26325, -1.03075],
							"size": [0.08233, 0.25, 0.1],
							"pivot": [-1.1695, -0.46325, -1.21875],
							"rotation": [0, -45, 0],
							"uv": {
								"north": {"uv": [10, 19], "uv_size": [0.25, 0.25]},
								"south": {"uv": [19, 10], "uv_size": [0.25, 0.25]},
								"west": {"uv": [11, 19], "uv_size": [0.25, 0.25]},
								"up": {"uv": [19, 11], "uv_size": [0.25, 0.25]}
							}
						},
						{
							"origin": [-1.28879, -0.26325, -1.03075],
							"size": [0.08233, 0.25, 0.1],
							"pivot": [-1.1695, -0.46325, -1.21875],
							"rotation": [0, -135, 0],
							"uv": {
								"north": {"uv": [12, 19], "uv_size": [0.25, 0.25]},
								"south": {"uv": [19, 12], "uv_size": [0.25, 0.25]},
								"west": {"uv": [13, 19], "uv_size": [0.25, 0.25]},
								"up": {"uv": [19, 13], "uv_size": [0.25, 0.25]}
							}
						},
						{
							"origin": [-1.13254, -0.26325, -1.03075],
							"size": [0.08233, 0.25, 0.1],
							"pivot": [-1.1695, -0.46325, -1.21875],
							"rotation": [0, -45, 0],
							"uv": {
								"north": {"uv": [14, 19], "uv_size": [0.25, 0.25]},
								"east": {"uv": [19, 14], "uv_size": [0.25, 0.25]},
								"south": {"uv": [15, 19], "uv_size": [0.25, 0.25]},
								"up": {"uv": [19, 15], "uv_size": [0.25, 0.25]}
							}
						},
						{
							"origin": [-1.28879, -0.38825, -1.03075],
							"size": [0.23858, 0.375, 0.1],
							"inflate": -0.001,
							"pivot": [-1.1695, -0.46325, -1.21875],
							"rotation": [0, -90, 0],
							"uv": {
								"north": {"uv": [15, 3], "uv_size": [0.25, 0.5]},
								"south": {"uv": [4, 15], "uv_size": [0.25, 0.5]},
								"up": {"uv": [16, 19], "uv_size": [0.25, 0.25]},
								"down": {"uv": [19, 16.25], "uv_size": [0.25, -0.25]}
							}
						},
						{
							"origin": [-1.28879, -0.38825, -1.03075],
							"size": [0.23858, 0.125, 0.1],
							"pivot": [-1.1695, -0.46325, -1.21875],
							"rotation": [0, -135, 0],
							"uv": {
								"north": {"uv": [17, 19], "uv_size": [0.25, 0.25]},
								"south": {"uv": [19, 17], "uv_size": [0.25, 0.25]},
								"up": {"uv": [18, 19], "uv_size": [0.25, 0.25]},
								"down": {"uv": [19, 18.25], "uv_size": [0.25, -0.25]}
							}
						},
						{
							"origin": [-1.13254, -0.26325, -1.03075],
							"size": [0.08233, 0.25, 0.1],
							"pivot": [-1.1695, -0.46325, -1.21875],
							"rotation": [0, -135, 0],
							"uv": {
								"north": {"uv": [19, 19], "uv_size": [0.25, 0.25]},
								"east": {"uv": [0, 20], "uv_size": [0.25, 0.25]},
								"south": {"uv": [20, 0], "uv_size": [0.25, 0.25]},
								"up": {"uv": [1, 20], "uv_size": [0.25, 0.25]}
							}
						},
						{
							"origin": [-1.28879, -0.38825, -1.03075],
							"size": [0.23858, 0.375, 0.1],
							"inflate": -0.001,
							"pivot": [-1.1695, -0.46325, -1.21875],
							"rotation": [0, -180, 0],
							"uv": {
								"north": {"uv": [15, 4], "uv_size": [0.25, 0.5]},
								"south": {"uv": [5, 15], "uv_size": [0.25, 0.5]},
								"up": {"uv": [20, 1], "uv_size": [0.25, 0.25]},
								"down": {"uv": [2, 20.25], "uv_size": [0.25, -0.25]}
							}
						},
						{
							"origin": [-1.28879, -0.38825, -1.03075],
							"size": [0.23858, 0.125, 0.1],
							"pivot": [-1.1695, -0.46325, -1.21875],
							"rotation": [0, -225, 0],
							"uv": {
								"north": {"uv": [20, 2], "uv_size": [0.25, 0.25]},
								"south": {"uv": [3, 20], "uv_size": [0.25, 0.25]},
								"up": {"uv": [20, 3], "uv_size": [0.25, 0.25]},
								"down": {"uv": [4, 20.25], "uv_size": [0.25, -0.25]}
							}
						},
						{
							"origin": [-1.28879, -0.26325, -1.03075],
							"size": [0.08233, 0.25, 0.1],
							"pivot": [-1.1695, -0.46325, -1.21875],
							"rotation": [0, -225, 0],
							"uv": {
								"north": {"uv": [20, 4], "uv_size": [0.25, 0.25]},
								"south": {"uv": [5, 20], "uv_size": [0.25, 0.25]},
								"west": {"uv": [20, 5], "uv_size": [0.25, 0.25]},
								"up": {"uv": [6, 20], "uv_size": [0.25, 0.25]}
							}
						},
						{
							"origin": [-1.13254, -0.26325, -1.03075],
							"size": [0.08233, 0.25, 0.1],
							"pivot": [-1.1695, -0.46325, -1.21875],
							"rotation": [0, -225, 0],
							"uv": {
								"north": {"uv": [20, 6], "uv_size": [0.25, 0.25]},
								"east": {"uv": [7, 20], "uv_size": [0.25, 0.25]},
								"south": {"uv": [20, 7], "uv_size": [0.25, 0.25]},
								"up": {"uv": [8, 20], "uv_size": [0.25, 0.25]}
							}
						},
						{
							"origin": [-1.28879, -0.38825, -1.03075],
							"size": [0.23858, 0.375, 0.1],
							"inflate": -0.001,
							"pivot": [-1.1695, -0.46325, -1.21875],
							"rotation": [0, -270, 0],
							"uv": {
								"north": {"uv": [15, 5], "uv_size": [0.25, 0.5]},
								"south": {"uv": [6, 15], "uv_size": [0.25, 0.5]},
								"up": {"uv": [20, 8], "uv_size": [0.25, 0.25]},
								"down": {"uv": [9, 20.25], "uv_size": [0.25, -0.25]}
							}
						},
						{
							"origin": [-1.36692, -0.38825, -1.42137],
							"size": [0.39484, 0.0625, 0.40624],
							"pivot": [-1.1695, -0.46325, -1.21875],
							"rotation": [0, -270, 0],
							"uv": {
								"up": {"uv": [5, 14], "uv_size": [0.5, 0.5]},
								"down": {"uv": [6, 14.5], "uv_size": [0.5, -0.5]}
							}
						},
						{
							"origin": [-1.28879, -0.38825, -1.03075],
							"size": [0.23858, 0.125, 0.1],
							"pivot": [-1.1695, -0.46325, -1.21875],
							"rotation": [0, -315, 0],
							"uv": {
								"north": {"uv": [20, 9], "uv_size": [0.25, 0.25]},
								"south": {"uv": [10, 20], "uv_size": [0.25, 0.25]},
								"up": {"uv": [20, 10], "uv_size": [0.25, 0.25]},
								"down": {"uv": [11, 20.25], "uv_size": [0.25, -0.25]}
							}
						},
						{
							"origin": [-1.13254, -0.26325, -1.03075],
							"size": [0.08233, 0.25, 0.1],
							"pivot": [-1.1695, -0.46325, -1.21875],
							"rotation": [0, -315, 0],
							"uv": {
								"north": {"uv": [20, 11], "uv_size": [0.25, 0.25]},
								"east": {"uv": [12, 20], "uv_size": [0.25, 0.25]},
								"south": {"uv": [20, 12], "uv_size": [0.25, 0.25]},
								"up": {"uv": [13, 20], "uv_size": [0.25, 0.25]}
							}
						},
						{
							"origin": [-1.28879, -0.26325, -1.03075],
							"size": [0.08233, 0.25, 0.1],
							"pivot": [-1.1695, -0.46325, -1.21875],
							"rotation": [0, -315, 0],
							"uv": {
								"north": {"uv": [20, 13], "uv_size": [0.25, 0.25]},
								"south": {"uv": [14, 20], "uv_size": [0.25, 0.25]},
								"west": {"uv": [20, 14], "uv_size": [0.25, 0.25]},
								"up": {"uv": [15, 20], "uv_size": [0.25, 0.25]}
							}
						}
					]
				},
				{
					"name": "bone11",
					"parent": "scope_body",
					"pivot": [0.83203, 0.72437, -0.54481],
					"rotation": [-180, 60, -90],
					"cubes": [
						{
							"origin": [0.69347, 0.70484, -0.78481],
							"size": [0.27713, 0.03125, 0.48],
							"inflate": -0.001,
							"uv": {
								"north": {"uv": [20, 15], "uv_size": [0.25, 0.25]},
								"south": {"uv": [16, 20], "uv_size": [0.25, 0.25]},
								"up": {"uv": [15, 6], "uv_size": [0.25, 0.5]}
							}
						},
						{
							"origin": [0.78722, 0.70484, -0.69106],
							"size": [0.08963, 0.0625, 0.2925],
							"uv": {
								"north": {"uv": [20, 16], "uv_size": [0.25, 0.25]},
								"east": {"uv": [17, 20], "uv_size": [0.25, 0.25]},
								"south": {"uv": [20, 17], "uv_size": [0.25, 0.25]},
								"west": {"uv": [18, 20], "uv_size": [0.25, 0.25]},
								"up": {"uv": [20, 18], "uv_size": [0.25, 0.25]},
								"down": {"uv": [19, 20.25], "uv_size": [0.25, -0.25]}
							}
						},
						{
							"origin": [0.69347, 0.70484, -0.78481],
							"size": [0.27713, 0.03125, 0.48],
							"pivot": [0.83203, 0.70484, -0.54481],
							"rotation": [0, -60, 0],
							"uv": {
								"north": {"uv": [20, 19], "uv_size": [0.25, 0.25]},
								"south": {"uv": [20, 20], "uv_size": [0.25, 0.25]},
								"up": {"uv": [7, 15], "uv_size": [0.25, 0.5]}
							}
						},
						{
							"origin": [0.69347, 0.70484, -0.78481],
							"size": [0.27713, 0.03125, 0.48],
							"inflate": 0.001,
							"pivot": [0.83203, 0.70484, -0.54481],
							"rotation": [0, -120, 0],
							"uv": {
								"north": {"uv": [0, 21], "uv_size": [0.25, 0.25]},
								"south": {"uv": [21, 0], "uv_size": [0.25, 0.25]},
								"up": {"uv": [15, 7], "uv_size": [0.25, 0.5]}
							}
						}
					]
				},
				{
					"name": "bone12",
					"parent": "scope_body",
					"pivot": [0, -0.28125, -0.125],
					"cubes": [
						{
							"origin": [-0.75, -0.28125, -2.125],
							"size": [1.5, 0.5, 1.8125],
							"uv": {
								"north": {"uv": [6, 5], "uv_size": [1.5, 0.5]},
								"east": {"uv": [6, 3], "uv_size": [1.75, 0.5]},
								"south": {"uv": [6, 6], "uv_size": [1.5, 0.5]},
								"west": {"uv": [4, 6], "uv_size": [1.75, 0.5]},
								"down": {"uv": [0, 6.75], "uv_size": [1.5, -1.75]}
							}
						},
						{
							"origin": [-0.625, 0.21875, -2.125],
							"size": [1.25, 0.1875, 1.8125],
							"uv": {
								"north": {"uv": [13, 10], "uv_size": [1.25, 0.25]},
								"south": {"uv": [13, 11], "uv_size": [1.25, 0.25]}
							}
						},
						{
							"origin": [0.71209, 0.554, -2.125],
							"size": [0.17677, 0.125, 1.8125],
							"inflate": -0.001,
							"pivot": [0.26386, 0.6165, -1.21875],
							"rotation": [0, 0, 45],
							"uv": {
								"north": {"uv": [1, 21], "uv_size": [0.25, 0.25]},
								"south": {"uv": [21, 1], "uv_size": [0.25, 0.25]},
								"up": {"uv": [7, 9], "uv_size": [0.25, 1.75]}
							}
						},
						{
							"origin": [0.61742, 0.26294, -2.125],
							"size": [0.17677, 0.1875, 1.8125],
							"inflate": -0.001,
							"pivot": [0.70581, 0.38794, -1.21875],
							"rotation": [0, 0, 135],
							"uv": {
								"north": {"uv": [2, 21], "uv_size": [0.25, 0.25]},
								"south": {"uv": [21, 2], "uv_size": [0.25, 0.25]},
								"up": {"uv": [9, 9], "uv_size": [0.25, 1.75]}
							}
						},
						{
							"origin": [-0.79419, 0.26294, -2.125],
							"size": [0.17677, 0.1875, 1.8125],
							"inflate": -0.001,
							"pivot": [-0.70581, 0.38794, -1.21875],
							"rotation": [0, 0, -135],
							"uv": {
								"north": {"uv": [3, 21], "uv_size": [0.25, 0.25]},
								"south": {"uv": [21, 3], "uv_size": [0.25, 0.25]},
								"up": {"uv": [0, 10], "uv_size": [0.25, 1.75]}
							}
						},
						{
							"origin": [-0.88886, 0.554, -2.125],
							"size": [0.17677, 0.125, 1.8125],
							"inflate": -0.001,
							"pivot": [-0.26386, 0.6165, -1.21875],
							"rotation": [0, 0, -45],
							"uv": {
								"north": {"uv": [4, 21], "uv_size": [0.25, 0.25]},
								"south": {"uv": [21, 4], "uv_size": [0.25, 0.25]},
								"up": {"uv": [10, 0], "uv_size": [0.25, 1.75]}
							}
						},
						{
							"origin": [-0.90625, -0.17187, -1.375],
							"size": [1.6875, 0.25, 0.25],
							"pivot": [0, -0.07812, -1.21875],
							"rotation": [-45, 0, 0],
							"uv": {
								"north": {"uv": [1, 10], "uv_size": [1.75, 0.25]},
								"east": {"uv": [5, 21], "uv_size": [0.25, 0.25]},
								"south": {"uv": [10, 2], "uv_size": [1.75, 0.25]},
								"west": {"uv": [21, 5], "uv_size": [0.25, 0.25]},
								"up": {"uv": [3, 10], "uv_size": [1.75, 0.25]},
								"down": {"uv": [10, 3.25], "uv_size": [1.75, -0.25]}
							}
						}
					]
				},
				{
					"name": "division",
					"pivot": [0.05, 0.16875, -60]
				},
				{
					"name": "division_illuminated",
					"parent": "division",
					"pivot": [0.05, 0.26875, -60],
					"cubes": [
						{
							"origin": [-0.1875, 1.23562, -85],
							"size": [0.375, 0.375, 0.3],
							"pivot": [0, 1.42312, -84.85],
							"rotation": [0, 0, -45],
							"uv": {
								"south": {"uv": [21, 6], "uv_size": [0.25, 0.25]}
							}
						},
						{
							"origin": [0.875, 1.04812, -85],
							"size": [0.1875, 0.75, 0.3],
							"uv": {
								"south": {"uv": [21, 6], "uv_size": [0.25, 0.25]}
							}
						},
						{
							"origin": [-1.0625, 1.04812, -85],
							"size": [0.1875, 0.75, 0.3],
							"uv": {
								"south": {"uv": [21.25, 6], "uv_size": [-0.25, 0.25]}
							}
						},
						{
							"origin": [-1, 0.98562, -85],
							"size": [0.1875, 0.75, 0.3],
							"pivot": [0, 1.36062, -84.85],
							"rotation": [0, 0, -90],
							"uv": {
								"south": {"uv": [21, 6], "uv_size": [0.25, 0.25]}
							}
						},
						{
							"origin": [0.8125, 1.11062, -85],
							"size": [0.1875, 0.75, 0.3],
							"pivot": [0, 1.48562, -84.85],
							"rotation": [0, 0, -90],
							"uv": {
								"south": {"uv": [21, 6], "uv_size": [0.25, 0.25]}
							}
						},
						{
							"origin": [-0.84467, 1.53924, -85],
							"size": [0.1875, 0.3125, 0.3],
							"pivot": [0.15533, 1.60174, -84.85],
							"rotation": [0, 0, 45],
							"uv": {
								"south": {"uv": [21.25, 6], "uv_size": [-0.25, 0.25]}
							}
						},
						{
							"origin": [-0.84467, 0.9945, -85],
							"size": [0.1875, 0.3125, 0.3],
							"pivot": [0.15533, 1.2445, -84.85],
							"rotation": [0, 0, -45],
							"uv": {
								"south": {"uv": [21, 6], "uv_size": [0.25, 0.25]}
							}
						},
						{
							"origin": [-0.82138, 1.76595, -85],
							"size": [0.1875, 0.3125, 0.3],
							"pivot": [0.0625, 1.54812, -84.85],
							"rotation": [0, 0, 135],
							"uv": {
								"south": {"uv": [21.25, 6], "uv_size": [-0.25, 0.25]}
							}
						},
						{
							"origin": [0.75888, 1.51595, -85],
							"size": [0.1875, 0.3125, 0.3],
							"pivot": [0.0625, 1.29812, -84.85],
							"rotation": [0, 0, 45],
							"uv": {
								"south": {"uv": [21, 6], "uv_size": [0.25, 0.25]}
							}
						},
						{
							"origin": [0.63388, 0.76779, -85],
							"size": [0.1875, 0.3125, 0.3],
							"pivot": [-0.0625, 1.29812, -84.85],
							"rotation": [0, 0, 135],
							"uv": {
								"south": {"uv": [21, 6], "uv_size": [0.25, 0.25]}
							}
						},
						{
							"origin": [-0.94638, 1.01779, -85],
							"size": [0.1875, 0.3125, 0.3],
							"pivot": [-0.0625, 1.54812, -84.85],
							"rotation": [0, 0, 45],
							"uv": {
								"south": {"uv": [21, 6], "uv_size": [0.25, 0.25]}
							}
						},
						{
							"origin": [0.65717, 0.9945, -85],
							"size": [0.1875, 0.3125, 0.3],
							"pivot": [-0.15533, 1.2445, -84.85],
							"rotation": [0, 0, 45],
							"uv": {
								"south": {"uv": [21, 6], "uv_size": [0.25, 0.25]}
							}
						},
						{
							"origin": [0.65717, 1.53924, -85],
							"size": [0.1875, 0.3125, 0.3],
							"pivot": [-0.15533, 1.60174, -84.85],
							"rotation": [0, 0, -45],
							"uv": {
								"south": {"uv": [21, 6], "uv_size": [0.25, 0.25]}
							}
						}
					]
				},
				{
					"name": "ocular",
					"pivot": [0, 2.60938, 0.5875],
					"cubes": [
						{
							"origin": [-0.61076, 0.77427, -1.1065],
							"size": [1.23401, 1.25928, 0.02463],
							"uv": {
								"south": {"uv": [21, 7], "uv_size": [0.25, 0.25]}
							}
						}
					]
				},
				{
					"name": "scope_view",
					"pivot": [0, 1.41875, 8]
				}
			]
		}
	]
}