{
	"format_version": "1.12.0",
	"minecraft:geometry": [
		{
			"description": {
				"identifier": "geometry.unknown",
				"texture_width": 32,
				"texture_height": 32,
				"visible_bounds_width": 5,
				"visible_bounds_height": 5,
				"visible_bounds_offset": [0, -0.5, 0]
			},
			"bones": [
				{
					"name": "stock",
					"pivot": [0, -0.6875, 1]
				},
				{
					"name": "bone16",
					"parent": "stock",
					"pivot": [-1.03125, -0.3125, 6.71875],
					"cubes": [
						{
							"origin": [-1.0625, -0.10937, 6.57813],
							"size": [2.125, 0.125, 0.26563],
							"uv": {
								"east": {"uv": [9, 23], "uv_size": [0.5, 0.5]},
								"west": {"uv": [23, 9], "uv_size": [0.5, 0.5]},
								"up": {"uv": [14, 17], "uv_size": [2, 0.5]},
								"down": {"uv": [17, 14.5], "uv_size": [2, -0.5]}
							}
						},
						{
							"origin": [-1, -0.5, 6.51563],
							"size": [2, 0.39063, 0.39063],
							"inflate": 0.001,
							"uv": {
								"east": {"uv": [10, 23], "uv_size": [0.5, 0.5]},
								"west": {"uv": [23, 10], "uv_size": [0.5, 0.5]}
							}
						},
						{
							"origin": [-1.0625, -0.625, 6.59375],
							"size": [2.125, 0.125, 0.26563],
							"pivot": [-1.03125, -0.3125, 6.71875],
							"rotation": [90, 0, 0],
							"uv": {
								"east": {"uv": [11, 23], "uv_size": [0.5, 0.5]},
								"west": {"uv": [23, 11], "uv_size": [0.5, 0.5]},
								"up": {"uv": [16, 17], "uv_size": [2, 0.5]},
								"down": {"uv": [17, 16.5], "uv_size": [2, -0.5]}
							}
						},
						{
							"origin": [-1.0625, -0.60623, 6.57054],
							"size": [2.125, 0.125, 0.26517],
							"inflate": -0.001,
							"pivot": [-1.03125, -0.29687, 6.70313],
							"rotation": [-135, 0, 0],
							"uv": {
								"east": {"uv": [12, 23], "uv_size": [0.5, 0.5]},
								"west": {"uv": [23, 12], "uv_size": [0.5, 0.5]},
								"up": {"uv": [0, 18], "uv_size": [2, 0.5]},
								"down": {"uv": [18, 4.5], "uv_size": [2, -0.5]}
							}
						},
						{
							"origin": [-1.0625, -0.625, 6.57813],
							"size": [2.125, 0.125, 0.26563],
							"uv": {
								"east": {"uv": [13, 23], "uv_size": [0.5, 0.5]},
								"west": {"uv": [23, 13], "uv_size": [0.5, 0.5]},
								"up": {"uv": [5, 18], "uv_size": [2, 0.5]},
								"down": {"uv": [18, 5.5], "uv_size": [2, -0.5]}
							}
						},
						{
							"origin": [-1.0625, -0.12814, 6.57054],
							"size": [2.125, 0.125, 0.26517],
							"inflate": -0.001,
							"pivot": [-1.03125, -0.3125, 6.70313],
							"rotation": [135, 0, 0],
							"uv": {
								"east": {"uv": [14, 23], "uv_size": [0.5, 0.5]},
								"west": {"uv": [23, 14], "uv_size": [0.5, 0.5]},
								"up": {"uv": [18, 6], "uv_size": [2, 0.5]},
								"down": {"uv": [18, 7.5], "uv_size": [2, -0.5]}
							}
						},
						{
							"origin": [-1.0625, -0.125, 6.57813],
							"size": [2.125, 0.125, 0.26563],
							"pivot": [-1.03125, -0.3125, 6.70313],
							"rotation": [90, 0, 0],
							"uv": {
								"east": {"uv": [15, 23], "uv_size": [0.5, 0.5]},
								"west": {"uv": [23, 15], "uv_size": [0.5, 0.5]},
								"up": {"uv": [18, 10], "uv_size": [2, 0.5]},
								"down": {"uv": [11, 18.5], "uv_size": [2, -0.5]}
							}
						},
						{
							"origin": [-1.0625, -0.60623, 6.58617],
							"size": [2.125, 0.125, 0.26517],
							"inflate": -0.001,
							"pivot": [-1.03125, -0.29687, 6.71875],
							"rotation": [135, 0, 0],
							"uv": {
								"east": {"uv": [16, 23], "uv_size": [0.5, 0.5]},
								"west": {"uv": [23, 16], "uv_size": [0.5, 0.5]},
								"up": {"uv": [18, 11], "uv_size": [2, 0.5]},
								"down": {"uv": [18, 12.5], "uv_size": [2, -0.5]}
							}
						},
						{
							"origin": [-1.0625, -0.12814, 6.58617],
							"size": [2.125, 0.125, 0.26517],
							"inflate": -0.001,
							"pivot": [-1.03125, -0.3125, 6.71875],
							"rotation": [-135, 0, 0],
							"uv": {
								"east": {"uv": [17, 23], "uv_size": [0.5, 0.5]},
								"west": {"uv": [23, 17], "uv_size": [0.5, 0.5]},
								"up": {"uv": [13, 18], "uv_size": [2, 0.5]},
								"down": {"uv": [18, 13.5], "uv_size": [2, -0.5]}
							}
						}
					]
				},
				{
					"name": "bone31",
					"parent": "stock",
					"pivot": [0, -1.14058, 2.26692],
					"cubes": [
						{
							"origin": [-0.57452, -1.48433, 2.04595],
							"size": [1.14905, 0.6875, 0.44194],
							"inflate": -0.001,
							"pivot": [0, -1.14058, 2.26692],
							"rotation": [180, 45, 0],
							"uv": {
								"east": {"uv": [18, 23], "uv_size": [0.5, 0.5]},
								"west": {"uv": [23, 18], "uv_size": [0.5, 0.5]},
								"up": {"uv": [3, 21], "uv_size": [1, 0.5]},
								"down": {"uv": [21, 3.5], "uv_size": [1, -0.5]}
							}
						},
						{
							"origin": [-0.5625, -2.10933, 0.95442],
							"size": [1.125, 0.6875, 0.5],
							"pivot": [0, -1.45308, 1.73567],
							"rotation": [180, 0, 0],
							"uv": {
								"east": {"uv": [19, 23], "uv_size": [0.5, 0.5]},
								"west": {"uv": [23, 19], "uv_size": [0.5, 0.5]},
								"up": {"uv": [4, 21], "uv_size": [1, 0.5]},
								"down": {"uv": [21, 4.5], "uv_size": [1, -0.5]}
							}
						},
						{
							"origin": [-0.57452, -1.48433, 2.04595],
							"size": [1.14905, 0.6875, 0.44194],
							"inflate": -0.001,
							"pivot": [0, -1.14058, 2.26692],
							"rotation": [0, 45, 180],
							"uv": {
								"east": {"uv": [20, 23], "uv_size": [0.5, 0.5]},
								"west": {"uv": [23, 20], "uv_size": [0.5, 0.5]},
								"up": {"uv": [5, 21], "uv_size": [1, 0.5]},
								"down": {"uv": [21, 5.5], "uv_size": [1, -0.5]}
							}
						},
						{
							"origin": [-0.4375, -0.85933, 2.07942],
							"size": [0.875, 0.1875, 0.375],
							"pivot": [0, -1.17183, 2.26692],
							"rotation": [0, -90, 180],
							"uv": {
								"east": {"uv": [21, 23], "uv_size": [0.5, 0.5]},
								"west": {"uv": [23, 21], "uv_size": [0.5, 0.5]},
								"up": {"uv": [6, 21], "uv_size": [1, 0.5]},
								"down": {"uv": [21, 6.5], "uv_size": [1, -0.5]}
							}
						},
						{
							"origin": [-0.44194, -0.79683, 2.09014],
							"size": [0.88388, 0.1875, 0.35355],
							"inflate": -0.001,
							"pivot": [0, -1.14058, 2.26692],
							"rotation": [180, 45, 0],
							"uv": {
								"east": {"uv": [22, 23], "uv_size": [0.5, 0.5]},
								"west": {"uv": [23, 22], "uv_size": [0.5, 0.5]},
								"up": {"uv": [21, 7], "uv_size": [1, 0.5]},
								"down": {"uv": [21, 8.5], "uv_size": [1, -0.5]}
							}
						},
						{
							"origin": [-0.4375, -1.42183, 1.01692],
							"size": [0.875, 0.1875, 0.375],
							"pivot": [0, -1.45308, 1.73567],
							"rotation": [180, 0, 0],
							"uv": {
								"east": {"uv": [23, 23], "uv_size": [0.5, 0.5]},
								"west": {"uv": [0, 24], "uv_size": [0.5, 0.5]},
								"up": {"uv": [21, 9], "uv_size": [1, 0.5]},
								"down": {"uv": [21, 10.5], "uv_size": [1, -0.5]}
							}
						},
						{
							"origin": [-0.44194, -0.79683, 2.09014],
							"size": [0.88388, 0.1875, 0.35355],
							"inflate": -0.001,
							"pivot": [0, -1.14058, 2.26692],
							"rotation": [0, 45, 180],
							"uv": {
								"east": {"uv": [24, 0], "uv_size": [0.5, 0.5]},
								"west": {"uv": [1, 24], "uv_size": [0.5, 0.5]},
								"up": {"uv": [21, 11], "uv_size": [1, 0.5]},
								"down": {"uv": [21, 12.5], "uv_size": [1, -0.5]}
							}
						}
					]
				},
				{
					"name": "bone30",
					"parent": "stock",
					"pivot": [0, -0.6875, 1],
					"cubes": [
						{
							"origin": [-0.7342, -4.46952, 7.81436],
							"size": [0.4375, 1.14905, 0.3125],
							"inflate": -0.001,
							"pivot": [-0.2991, -3.93827, 7.65811],
							"rotation": [-27.11766, -10.69195, -19.91441],
							"uv": {
								"north": {"uv": [21, 13], "uv_size": [0.5, 1]},
								"east": {"uv": [21, 14], "uv_size": [0.5, 1]},
								"south": {"uv": [21, 15], "uv_size": [0.5, 1]}
							}
						},
						{
							"origin": [-0.5, -4.64327, 7.9952],
							"size": [1, 1.0625, 0.3125],
							"pivot": [0, -3.61202, 7.83895],
							"rotation": [-29, 0, 0],
							"uv": {
								"north": {"uv": [0, 17], "uv_size": [1, 1]},
								"south": {"uv": [5, 17], "uv_size": [1, 1]},
								"down": {"uv": [21, 16.5], "uv_size": [1, -0.5]}
							}
						},
						{
							"origin": [0.2967, -4.46952, 7.81436],
							"size": [0.4375, 1.14905, 0.3125],
							"inflate": -0.001,
							"pivot": [0.2991, -3.93827, 7.65811],
							"rotation": [-27.11766, 10.69195, 19.91441],
							"uv": {
								"north": {"uv": [17, 21], "uv_size": [0.5, 1]},
								"south": {"uv": [18, 21], "uv_size": [0.5, 1]},
								"west": {"uv": [19, 21], "uv_size": [0.5, 1]}
							}
						},
						{
							"origin": [-0.9375, -3.58861, 8.0255],
							"size": [1.875, 1.25, 0.3125],
							"pivot": [0, -3.55736, 7.86925],
							"rotation": [-29, 0, 0],
							"uv": {
								"north": {"uv": [12, 2], "uv_size": [2, 1.5]},
								"east": {"uv": [20, 6], "uv_size": [0.5, 1.5]},
								"south": {"uv": [4, 13], "uv_size": [2, 1.5]},
								"west": {"uv": [7, 20], "uv_size": [0.5, 1.5]}
							}
						},
						{
							"origin": [-0.9375, -2.69605, 8.62297],
							"size": [1.875, 2.14332, 0.3125],
							"pivot": [0, -1.45899, 8.47095],
							"rotation": [-3, 0, 0],
							"uv": {
								"north": {"uv": [2, 9], "uv_size": [2, 2]},
								"east": {"uv": [15, 18], "uv_size": [0.5, 2]},
								"south": {"uv": [9, 6], "uv_size": [2, 2]},
								"west": {"uv": [16, 18], "uv_size": [0.5, 2]}
							}
						},
						{
							"origin": [-0.97755, -1.99074, 8.62063],
							"size": [0.1875, 1.5, 0.3125],
							"pivot": [-0.10095, -1.50374, 8.46861],
							"rotation": [-2.9886, -0.26135, -4.99318],
							"uv": {
								"north": {"uv": [8, 20], "uv_size": [0.5, 1.5]},
								"east": {"uv": [20, 8], "uv_size": [0.5, 1.5]},
								"south": {"uv": [9, 20], "uv_size": [0.5, 1.5]}
							}
						},
						{
							"origin": [-1.0625, -0.57105, 8.62297],
							"size": [2.125, 0.26832, 0.3125],
							"pivot": [0, -1.45899, 8.47095],
							"rotation": [-3, 0, 0],
							"uv": {
								"north": {"uv": [17, 18], "uv_size": [2, 0.5]},
								"east": {"uv": [24, 1], "uv_size": [0.5, 0.5]},
								"south": {"uv": [18, 17], "uv_size": [2, 0.5]},
								"west": {"uv": [2, 24], "uv_size": [0.5, 0.5]}
							}
						},
						{
							"origin": [0.79005, -1.99074, 8.62063],
							"size": [0.1875, 1.5, 0.3125],
							"pivot": [0.10095, -1.50374, 8.46861],
							"rotation": [-2.9886, 0.26135, 4.99318],
							"uv": {
								"north": {"uv": [10, 20], "uv_size": [0.5, 1.5]},
								"south": {"uv": [20, 10], "uv_size": [0.5, 1.5]},
								"west": {"uv": [11, 20], "uv_size": [0.5, 1.5]}
							}
						},
						{
							"origin": [-1.0625, -0.32863, 8.68285],
							"size": [2.125, 0.70363, 0.3125],
							"uv": {
								"north": {"uv": [0, 19], "uv_size": [2, 0.5]},
								"east": {"uv": [24, 2], "uv_size": [0.5, 0.5]},
								"south": {"uv": [19, 0], "uv_size": [2, 0.5]},
								"west": {"uv": [3, 24], "uv_size": [0.5, 0.5]},
								"up": {"uv": [19, 1], "uv_size": [2, 0.5]},
								"down": {"uv": [2, 19.5], "uv_size": [2, -0.5]}
							}
						},
						{
							"origin": [-0.99177, 0.26674, 8.68285],
							"size": [0.7955, 0.5, 0.3125],
							"inflate": -0.001,
							"pivot": [-0.55427, 0.48549, 4.34375],
							"rotation": [0, 0, -45],
							"uv": {
								"north": {"uv": [20, 21], "uv_size": [1, 0.5]},
								"south": {"uv": [21, 21], "uv_size": [1, 0.5]},
								"up": {"uv": [0, 22], "uv_size": [1, 0.5]}
							}
						},
						{
							"origin": [-0.5, 0.375, 8.68285],
							"size": [1, 0.5625, 0.3125],
							"uv": {
								"north": {"uv": [1, 22], "uv_size": [1, 0.5]},
								"south": {"uv": [22, 1], "uv_size": [1, 0.5]},
								"up": {"uv": [22, 2], "uv_size": [1, 0.5]}
							}
						},
						{
							"origin": [0.19627, 0.26674, 8.68285],
							"size": [0.7955, 0.5, 0.3125],
							"inflate": -0.001,
							"pivot": [0.55427, 0.48549, 4.34375],
							"rotation": [0, 0, 45],
							"uv": {
								"north": {"uv": [3, 22], "uv_size": [1, 0.5]},
								"south": {"uv": [22, 3], "uv_size": [1, 0.5]},
								"up": {"uv": [4, 22], "uv_size": [1, 0.5]}
							}
						}
					]
				},
				{
					"name": "bone32",
					"parent": "stock",
					"pivot": [-0.49177, 0.42299, 4.34375],
					"cubes": [
						{
							"origin": [-1, -0.3125, 0],
							"size": [2, 0.625, 8.6875],
							"uv": {
								"north": {"uv": [19, 2], "uv_size": [2, 0.5]},
								"east": {"uv": [9, 4], "uv_size": [8.5, 0.5]},
								"south": {"uv": [19, 3], "uv_size": [2, 0.5]},
								"west": {"uv": [9, 5], "uv_size": [8.5, 0.5]},
								"up": {"uv": [0, 0], "uv_size": [2, 8.5]},
								"down": {"uv": [2, 8.5], "uv_size": [2, -8.5]}
							}
						},
						{
							"origin": [-0.875, -2.61524, 8.3147],
							"size": [1.75, 2.0625, 0.3125],
							"pivot": [0, -1.45899, 8.47095],
							"rotation": [-3, 0, 0],
							"uv": {
								"north": {"uv": [9, 8], "uv_size": [2, 2]},
								"east": {"uv": [4, 19], "uv_size": [0.5, 2]},
								"south": {"uv": [9, 10], "uv_size": [2, 2]},
								"west": {"uv": [5, 19], "uv_size": [0.5, 2]}
							}
						},
						{
							"origin": [0.72595, -1.97249, 8.31236],
							"size": [0.1875, 1.5, 0.3125],
							"inflate": -0.001,
							"pivot": [0.03845, -1.50374, 8.46861],
							"rotation": [-2.9886, 0.26135, 4.99318],
							"uv": {
								"north": {"uv": [12, 20], "uv_size": [0.5, 1.5]},
								"south": {"uv": [20, 12], "uv_size": [0.5, 1.5]},
								"west": {"uv": [13, 20], "uv_size": [0.5, 1.5]}
							}
						},
						{
							"origin": [-0.91345, -1.97249, 8.31236],
							"size": [0.1875, 1.5, 0.3125],
							"inflate": -0.001,
							"pivot": [-0.03845, -1.50374, 8.46861],
							"rotation": [-2.9886, -0.26135, -4.99318],
							"uv": {
								"north": {"uv": [14, 20], "uv_size": [0.5, 1.5]},
								"east": {"uv": [15, 20], "uv_size": [0.5, 1.5]},
								"south": {"uv": [16, 20], "uv_size": [0.5, 1.5]}
							}
						},
						{
							"origin": [-1, -0.55274, 8.3147],
							"size": [2, 0.25, 0.3125],
							"pivot": [0, -1.45899, 8.47095],
							"rotation": [-3, 0, 0],
							"uv": {
								"north": {"uv": [6, 19], "uv_size": [2, 0.5]},
								"east": {"uv": [24, 3], "uv_size": [0.5, 0.5]},
								"south": {"uv": [8, 19], "uv_size": [2, 0.5]},
								"west": {"uv": [4, 24], "uv_size": [0.5, 0.5]}
							}
						},
						{
							"origin": [-0.875, -3.52611, 7.713],
							"size": [1.75, 1.125, 0.3125],
							"pivot": [0, -3.55736, 7.86925],
							"rotation": [-29, 0, 0],
							"uv": {
								"north": {"uv": [14, 8], "uv_size": [2, 1]},
								"east": {"uv": [22, 4], "uv_size": [0.5, 1]},
								"south": {"uv": [14, 9], "uv_size": [2, 1]},
								"west": {"uv": [5, 22], "uv_size": [0.5, 1]}
							}
						},
						{
							"origin": [-0.4375, -4.58861, 7.713],
							"size": [0.875, 1.0625, 0.3125],
							"pivot": [0, -3.55736, 7.86925],
							"rotation": [-29, 0, 0],
							"uv": {
								"north": {"uv": [19, 9], "uv_size": [1, 1]},
								"south": {"uv": [10, 19], "uv_size": [1, 1]},
								"down": {"uv": [22, 5.5], "uv_size": [1, -0.5]}
							}
						},
						{
							"origin": [-0.6717, -4.41485, 7.53216],
							"size": [0.4375, 1.14905, 0.3125],
							"inflate": -0.001,
							"pivot": [-0.2366, -3.8836, 7.68841],
							"rotation": [-27.11766, -10.69195, -19.91441],
							"uv": {
								"north": {"uv": [6, 22], "uv_size": [0.5, 1]},
								"east": {"uv": [22, 6], "uv_size": [0.5, 1]},
								"south": {"uv": [7, 22], "uv_size": [0.5, 1]}
							}
						},
						{
							"origin": [0.2342, -4.41485, 7.53216],
							"size": [0.4375, 1.14905, 0.3125],
							"inflate": -0.001,
							"pivot": [0.2366, -3.8836, 7.68841],
							"rotation": [-27.11766, 10.69195, 19.91441],
							"uv": {
								"north": {"uv": [22, 7], "uv_size": [0.5, 1]},
								"south": {"uv": [8, 22], "uv_size": [0.5, 1]},
								"west": {"uv": [22, 8], "uv_size": [0.5, 1]}
							}
						},
						{
							"origin": [-0.5, -0.625, 7.1875],
							"size": [1, 0.3125, 1.5],
							"uv": {
								"north": {"uv": [9, 22], "uv_size": [1, 0.5]},
								"east": {"uv": [20, 17], "uv_size": [1.5, 0.5]},
								"south": {"uv": [22, 9], "uv_size": [1, 0.5]},
								"west": {"uv": [18, 20], "uv_size": [1.5, 0.5]},
								"up": {"uv": [5, 15], "uv_size": [1, 1.5]},
								"down": {"uv": [6, 17.5], "uv_size": [1, -1.5]}
							}
						},
						{
							"origin": [-0.5, -0.625, 6.1875],
							"size": [1, 0.1875, 1],
							"inflate": -0.001,
							"pivot": [0, -0.46875, 7.21875],
							"rotation": [65, 0, 0],
							"uv": {
								"north": {"uv": [10, 22], "uv_size": [1, 0.5]},
								"east": {"uv": [22, 10], "uv_size": [1, 0.5]},
								"south": {"uv": [11, 22], "uv_size": [1, 0.5]},
								"west": {"uv": [22, 11], "uv_size": [1, 0.5]},
								"up": {"uv": [11, 19], "uv_size": [1, 1]},
								"down": {"uv": [12, 20], "uv_size": [1, -1]}
							}
						},
						{
							"origin": [-0.375, -0.4375, 6.1875],
							"size": [0.75, 0.0625, 1],
							"pivot": [0, -0.46875, 7.21875],
							"rotation": [65, 0, 0],
							"uv": {
								"north": {"uv": [12, 22], "uv_size": [1, 0.5]},
								"east": {"uv": [22, 12], "uv_size": [1, 0.5]},
								"south": {"uv": [13, 22], "uv_size": [1, 0.5]},
								"west": {"uv": [22, 13], "uv_size": [1, 0.5]},
								"up": {"uv": [13, 19], "uv_size": [1, 1]},
								"down": {"uv": [14, 20], "uv_size": [1, -1]}
							}
						},
						{
							"origin": [-0.5, -1.78923, 5.34902],
							"size": [1, 0.1875, 2.3125],
							"pivot": [0, -1.69548, 7.16152],
							"rotation": [132.5, 0, 0],
							"uv": {
								"north": {"uv": [14, 22], "uv_size": [1, 0.5]},
								"east": {"uv": [14, 16], "uv_size": [2.5, 0.5]},
								"south": {"uv": [22, 14], "uv_size": [1, 0.5]},
								"west": {"uv": [11, 17], "uv_size": [2.5, 0.5]},
								"up": {"uv": [13, 11], "uv_size": [1, 2.5]},
								"down": {"uv": [0, 16.5], "uv_size": [1, -2.5]}
							}
						},
						{
							"origin": [-0.5, -1.10173, 5.34902],
							"size": [1, 0.1875, 2.8125],
							"pivot": [0, -1.69548, 7.16152],
							"rotation": [132.5, 0, 0],
							"uv": {
								"north": {"uv": [15, 22], "uv_size": [1, 0.5]},
								"east": {"uv": [16, 9], "uv_size": [3, 0.5]},
								"south": {"uv": [22, 15], "uv_size": [1, 0.5]},
								"west": {"uv": [11, 16], "uv_size": [3, 0.5]},
								"up": {"uv": [6, 13], "uv_size": [1, 3]},
								"down": {"uv": [13, 11], "uv_size": [1, -3]}
							}
						},
						{
							"origin": [-0.25, -0.91423, 5.34902],
							"size": [0.5, 0.125, 1.8125],
							"pivot": [0, -1.69548, 7.16152],
							"rotation": [132.5, 0, 0],
							"uv": {
								"east": {"uv": [19, 14], "uv_size": [2, 0.5]},
								"west": {"uv": [19, 15], "uv_size": [2, 0.5]},
								"up": {"uv": [17, 19], "uv_size": [0.5, 2]}
							}
						},
						{
							"origin": [-0.25, -0.66423, 5.34902],
							"size": [0.5, 0.125, 1.8125],
							"pivot": [0, -1.69548, 7.16152],
							"rotation": [132.5, 0, 0],
							"uv": {
								"east": {"uv": [19, 16], "uv_size": [2, 0.5]},
								"west": {"uv": [18, 19], "uv_size": [2, 0.5]},
								"up": {"uv": [0, 20], "uv_size": [0.5, 2]},
								"down": {"uv": [1, 22], "uv_size": [0.5, -2]}
							}
						},
						{
							"origin": [-0.25, -3.00208, 6.27033],
							"size": [0.5, 0.25, 0.375],
							"pivot": [0, -2.68958, 5.61408],
							"rotation": [42.5, 0, 0],
							"uv": {
								"north": {"uv": [24, 4], "uv_size": [0.5, 0.5]},
								"east": {"uv": [5, 24], "uv_size": [0.5, 0.5]},
								"west": {"uv": [24, 5], "uv_size": [0.5, 0.5]},
								"down": {"uv": [6, 24.5], "uv_size": [0.5, -0.5]}
							}
						},
						{
							"origin": [-0.25, -2.35771, 6.02326],
							"size": [0.5, 0.3125, 0.5625],
							"inflate": -0.001,
							"pivot": [0, -2.10771, 6.21076],
							"rotation": [87.5, 0, 0],
							"uv": {
								"east": {"uv": [24, 6], "uv_size": [0.5, 0.5]},
								"west": {"uv": [7, 24], "uv_size": [0.5, 0.5]},
								"up": {"uv": [24, 7], "uv_size": [0.5, 0.5]}
							}
						},
						{
							"origin": [-0.5, -1.60173, 6.59902],
							"size": [1, 0.5, 0.5625],
							"pivot": [0, -1.69548, 7.16152],
							"rotation": [132.5, 0, 0],
							"uv": {
								"north": {"uv": [16, 22], "uv_size": [1, 0.5]},
								"east": {"uv": [8, 24], "uv_size": [0.5, 0.5]},
								"south": {"uv": [22, 16], "uv_size": [1, 0.5]},
								"west": {"uv": [24, 8], "uv_size": [0.5, 0.5]}
							}
						},
						{
							"origin": [-0.375, -1.60173, 5.34902],
							"size": [0.75, 0.5, 3.375],
							"inflate": -0.001,
							"pivot": [0, -1.69548, 7.16152],
							"rotation": [132.5, 0, 0],
							"uv": {
								"north": {"uv": [17, 22], "uv_size": [1, 0.5]},
								"east": {"uv": [14, 10], "uv_size": [3.5, 0.5]},
								"south": {"uv": [22, 17], "uv_size": [1, 0.5]},
								"west": {"uv": [14, 11], "uv_size": [3.5, 0.5]},
								"down": {"uv": [11, 3.5], "uv_size": [1, -3.5]}
							}
						},
						{
							"origin": [-0.5, -1.54683, 3.54817],
							"size": [1, 0.1875, 4.8125],
							"pivot": [0, -1.45308, 4.79817],
							"rotation": [180, 0, 0],
							"uv": {
								"east": {"uv": [14, 2], "uv_size": [5, 0.5]},
								"west": {"uv": [14, 3], "uv_size": [5, 0.5]},
								"up": {"uv": [0, 9], "uv_size": [1, 5]},
								"down": {"uv": [1, 14], "uv_size": [1, -5]}
							}
						},
						{
							"origin": [-0.70843, -0.59206, 2.79817],
							"size": [0.5, 0.3125, 3.5],
							"inflate": -0.001,
							"pivot": [-0.89593, -0.43581, 4.51692],
							"rotation": [180, 0, 60],
							"uv": {
								"north": {"uv": [9, 24], "uv_size": [0.5, 0.5]},
								"east": {"uv": [14, 12], "uv_size": [3.5, 0.5]},
								"south": {"uv": [24, 9], "uv_size": [0.5, 0.5]},
								"up": {"uv": [1, 14], "uv_size": [0.5, 3.5]}
							}
						},
						{
							"origin": [-1.02093, -0.59206, 2.79817],
							"size": [0.1875, 0.3125, 3.5],
							"pivot": [-0.89593, -0.43581, 4.51692],
							"rotation": [180, 0, 60],
							"uv": {
								"north": {"uv": [10, 24], "uv_size": [0.5, 0.5]},
								"south": {"uv": [24, 10], "uv_size": [0.5, 0.5]},
								"west": {"uv": [13, 14], "uv_size": [3.5, 0.5]},
								"up": {"uv": [2, 15], "uv_size": [0.5, 3.5]}
							}
						},
						{
							"origin": [-0.83343, -0.59206, 2.79817],
							"size": [0.125, 0.25, 0.4375],
							"pivot": [-0.89593, -0.43581, 4.51692],
							"rotation": [180, 0, 60],
							"uv": {
								"north": {"uv": [11, 24], "uv_size": [0.5, 0.5]},
								"south": {"uv": [24, 11], "uv_size": [0.5, 0.5]},
								"up": {"uv": [12, 24], "uv_size": [0.5, 0.5]}
							}
						},
						{
							"origin": [-0.83343, -0.59206, -0.26433],
							"size": [0.125, 0.25, 0.4375],
							"pivot": [-0.89593, -0.43581, 1.45442],
							"rotation": [180, 0, 60],
							"uv": {
								"north": {"uv": [24, 12], "uv_size": [0.5, 0.5]},
								"south": {"uv": [13, 24], "uv_size": [0.5, 0.5]},
								"up": {"uv": [24, 13], "uv_size": [0.5, 0.5]}
							}
						},
						{
							"origin": [-0.83343, -0.59206, 2.11067],
							"size": [0.125, 0.25, 0.5625],
							"pivot": [-0.89593, -0.43581, 3.82942],
							"rotation": [180, 0, 60],
							"uv": {
								"north": {"uv": [14, 24], "uv_size": [0.5, 0.5]},
								"south": {"uv": [24, 14], "uv_size": [0.5, 0.5]},
								"up": {"uv": [15, 24], "uv_size": [0.5, 0.5]}
							}
						},
						{
							"origin": [-0.83343, -0.59206, 0.54817],
							"size": [0.125, 0.25, 0.5625],
							"pivot": [-0.89593, -0.43581, 2.26692],
							"rotation": [180, 0, 60],
							"uv": {
								"north": {"uv": [24, 15], "uv_size": [0.5, 0.5]},
								"south": {"uv": [16, 24], "uv_size": [0.5, 0.5]},
								"up": {"uv": [24, 16], "uv_size": [0.5, 0.5]}
							}
						},
						{
							"origin": [-0.83343, -0.59206, 1.23567],
							"size": [0.125, 0.25, 0.625],
							"pivot": [-0.89593, -0.43581, 3.01692],
							"rotation": [180, 0, 60],
							"uv": {
								"north": {"uv": [17, 24], "uv_size": [0.5, 0.5]},
								"south": {"uv": [24, 17], "uv_size": [0.5, 0.5]},
								"up": {"uv": [18, 24], "uv_size": [0.5, 0.5]}
							}
						},
						{
							"origin": [-1.24976, -0.21976, 2.79817],
							"size": [0.75, 0.3125, 3.5],
							"inflate": -0.001,
							"pivot": [-0.87476, -0.06351, 4.51692],
							"rotation": [180, 0, 100],
							"uv": {
								"north": {"uv": [18, 22], "uv_size": [1, 0.5]},
								"south": {"uv": [22, 18], "uv_size": [1, 0.5]},
								"up": {"uv": [2, 11], "uv_size": [1, 3.5]}
							}
						},
						{
							"origin": [-0.6875, -1.23433, 3.48567],
							"size": [1.375, 0.3125, 3.5],
							"pivot": [0, -1.01558, 4.86067],
							"rotation": [180, 0, 0],
							"uv": {
								"north": {"uv": [20, 18], "uv_size": [1.5, 0.5]},
								"east": {"uv": [14, 13], "uv_size": [3.5, 0.5]},
								"south": {"uv": [20, 19], "uv_size": [1.5, 0.5]},
								"west": {"uv": [11, 15], "uv_size": [3.5, 0.5]},
								"up": {"uv": [7, 4], "uv_size": [1.5, 3.5]},
								"down": {"uv": [7, 11.5], "uv_size": [1.5, -3.5]}
							}
						},
						{
							"origin": [0.20843, -0.59206, 2.79817],
							"size": [0.5, 0.3125, 3.5],
							"inflate": -0.001,
							"pivot": [0.89593, -0.43581, 4.51692],
							"rotation": [180, 0, -60],
							"uv": {
								"north": {"uv": [24, 18], "uv_size": [0.5, 0.5]},
								"south": {"uv": [19, 24], "uv_size": [0.5, 0.5]},
								"west": {"uv": [15, 15], "uv_size": [3.5, 0.5]},
								"up": {"uv": [3, 15], "uv_size": [0.5, 3.5]}
							}
						},
						{
							"origin": [0.70843, -0.59206, -0.26433],
							"size": [0.125, 0.25, 0.4375],
							"pivot": [0.89593, -0.43581, 1.45442],
							"rotation": [180, 0, -60],
							"uv": {
								"north": {"uv": [24, 19], "uv_size": [0.5, 0.5]},
								"south": {"uv": [20, 24], "uv_size": [0.5, 0.5]},
								"up": {"uv": [24, 20], "uv_size": [0.5, 0.5]}
							}
						},
						{
							"origin": [0.70843, -0.59206, 0.54817],
							"size": [0.125, 0.25, 0.5625],
							"pivot": [0.89593, -0.43581, 2.26692],
							"rotation": [180, 0, -60],
							"uv": {
								"north": {"uv": [21, 24], "uv_size": [0.5, 0.5]},
								"south": {"uv": [24, 21], "uv_size": [0.5, 0.5]},
								"up": {"uv": [22, 24], "uv_size": [0.5, 0.5]}
							}
						},
						{
							"origin": [0.70843, -0.59206, 1.23567],
							"size": [0.125, 0.25, 0.625],
							"pivot": [0.89593, -0.43581, 3.01692],
							"rotation": [180, 0, -60],
							"uv": {
								"north": {"uv": [24, 22], "uv_size": [0.5, 0.5]},
								"south": {"uv": [23, 24], "uv_size": [0.5, 0.5]},
								"up": {"uv": [24, 23], "uv_size": [0.5, 0.5]}
							}
						},
						{
							"origin": [0.70843, -0.59206, 2.11067],
							"size": [0.125, 0.25, 0.5625],
							"pivot": [0.89593, -0.43581, 3.82942],
							"rotation": [180, 0, -60],
							"uv": {
								"north": {"uv": [24, 24], "uv_size": [0.5, 0.5]},
								"south": {"uv": [0, 25], "uv_size": [0.5, 0.5]},
								"up": {"uv": [25, 0], "uv_size": [0.5, 0.5]}
							}
						},
						{
							"origin": [0.70843, -0.59206, 2.79817],
							"size": [0.125, 0.25, 0.4375],
							"pivot": [0.89593, -0.43581, 4.51692],
							"rotation": [180, 0, -60],
							"uv": {
								"north": {"uv": [1, 25], "uv_size": [0.5, 0.5]},
								"south": {"uv": [25, 1], "uv_size": [0.5, 0.5]},
								"up": {"uv": [2, 25], "uv_size": [0.5, 0.5]}
							}
						},
						{
							"origin": [0.83343, -0.59206, 2.79817],
							"size": [0.1875, 0.3125, 3.5],
							"pivot": [0.89593, -0.43581, 4.51692],
							"rotation": [180, 0, -60],
							"uv": {
								"north": {"uv": [25, 2], "uv_size": [0.5, 0.5]},
								"east": {"uv": [16, 8], "uv_size": [3.5, 0.5]},
								"south": {"uv": [3, 25], "uv_size": [0.5, 0.5]},
								"up": {"uv": [4, 15], "uv_size": [0.5, 3.5]}
							}
						},
						{
							"origin": [0.49976, -0.21976, 2.79817],
							"size": [0.75, 0.3125, 3.5],
							"inflate": -0.001,
							"pivot": [0.87476, -0.06351, 4.51692],
							"rotation": [180, 0, -100],
							"uv": {
								"north": {"uv": [19, 22], "uv_size": [1, 0.5]},
								"south": {"uv": [22, 19], "uv_size": [1, 0.5]},
								"up": {"uv": [3, 11], "uv_size": [1, 3.5]}
							}
						},
						{
							"origin": [-0.375, -2.10933, 3.54817],
							"size": [0.75, 0.5625, 0.4375],
							"pivot": [0, -1.45308, 4.79817],
							"rotation": [180, 0, 0],
							"uv": {
								"east": {"uv": [25, 3], "uv_size": [0.5, 0.5]},
								"south": {"uv": [20, 22], "uv_size": [1, 0.5]},
								"west": {"uv": [4, 25], "uv_size": [0.5, 0.5]}
							}
						},
						{
							"origin": [-0.375, -2.10933, 1.92317],
							"size": [0.75, 0.5625, 0.25],
							"pivot": [0, -1.45308, 3.17317],
							"rotation": [180, 0, 0],
							"uv": {
								"north": {"uv": [22, 20], "uv_size": [1, 0.5]},
								"east": {"uv": [25, 4], "uv_size": [0.5, 0.5]},
								"south": {"uv": [21, 22], "uv_size": [1, 0.5]},
								"west": {"uv": [5, 25], "uv_size": [0.5, 0.5]}
							}
						},
						{
							"origin": [-0.375, -2.10933, 0.48567],
							"size": [0.75, 0.5625, 1.5],
							"pivot": [0, -1.45308, 1.73567],
							"rotation": [180, 0, 0],
							"uv": {
								"north": {"uv": [22, 21], "uv_size": [1, 0.5]},
								"east": {"uv": [20, 20], "uv_size": [1.5, 0.5]},
								"south": {"uv": [22, 22], "uv_size": [1, 0.5]},
								"west": {"uv": [21, 0], "uv_size": [1.5, 0.5]}
							}
						},
						{
							"origin": [-0.375, -2.10933, 1.98567],
							"size": [0.75, 0.0625, 0.9375],
							"pivot": [0, -1.45308, 1.73567],
							"rotation": [180, 0, 0],
							"uv": {
								"east": {"uv": [0, 23], "uv_size": [1, 0.5]},
								"west": {"uv": [23, 0], "uv_size": [1, 0.5]},
								"up": {"uv": [19, 18], "uv_size": [1, 1]}
							}
						},
						{
							"origin": [-0.375, -1.60933, 1.98567],
							"size": [0.75, 0.0625, 0.1875],
							"pivot": [0, -1.45308, 1.73567],
							"rotation": [180, 0, 0],
							"uv": {
								"east": {"uv": [25, 5], "uv_size": [0.5, 0.5]},
								"west": {"uv": [6, 25], "uv_size": [0.5, 0.5]},
								"down": {"uv": [1, 23.5], "uv_size": [1, -0.5]}
							}
						},
						{
							"origin": [-0.5, -0.35626, -3.20758],
							"size": [1, 0.1875, 1],
							"inflate": -0.001,
							"pivot": [0, -0.26251, -0.80133],
							"rotation": [150, 0, 0],
							"uv": {
								"east": {"uv": [23, 1], "uv_size": [1, 0.5]},
								"south": {"uv": [2, 23], "uv_size": [1, 0.5]},
								"west": {"uv": [23, 2], "uv_size": [1, 0.5]},
								"up": {"uv": [2, 20], "uv_size": [1, 1]},
								"down": {"uv": [3, 21], "uv_size": [1, -1]}
							}
						},
						{
							"origin": [-0.375, -0.41876, -3.20758],
							"size": [0.75, 0.0625, 1],
							"pivot": [0, -0.26251, -0.80133],
							"rotation": [150, 0, 0],
							"uv": {
								"east": {"uv": [3, 23], "uv_size": [1, 0.5]},
								"west": {"uv": [23, 3], "uv_size": [1, 0.5]},
								"down": {"uv": [20, 5], "uv_size": [1, -1]}
							}
						},
						{
							"origin": [-0.92853, -0.35825, 0],
							"size": [0.4375, 0.5625, 7.1875],
							"inflate": -0.001,
							"pivot": [0, -0.1875, 4.34375],
							"rotation": [0, 0, -30],
							"uv": {
								"north": {"uv": [25, 6], "uv_size": [0.5, 0.5]},
								"east": {"uv": [11, 6], "uv_size": [7, 0.5]},
								"south": {"uv": [7, 25], "uv_size": [0.5, 0.5]},
								"west": {"uv": [11, 7], "uv_size": [7, 0.5]},
								"up": {"uv": [11, 8], "uv_size": [0.5, 7]},
								"down": {"uv": [7, 19], "uv_size": [0.5, -7]}
							}
						},
						{
							"origin": [0.49103, -0.35825, 0],
							"size": [0.4375, 0.5625, 7.1875],
							"inflate": -0.001,
							"pivot": [0, -0.1875, 4.34375],
							"rotation": [0, 0, 30],
							"uv": {
								"north": {"uv": [25, 7], "uv_size": [0.5, 0.5]},
								"east": {"uv": [12, 0], "uv_size": [7, 0.5]},
								"south": {"uv": [8, 25], "uv_size": [0.5, 0.5]},
								"west": {"uv": [12, 1], "uv_size": [7, 0.5]},
								"up": {"uv": [8, 12], "uv_size": [0.5, 7]},
								"down": {"uv": [12, 15], "uv_size": [0.5, -7]}
							}
						},
						{
							"origin": [-0.64788, -1.72877, 0],
							"size": [0.5, 1.4375, 7.1875],
							"pivot": [-0.42913, -0.58089, 3.25],
							"rotation": [0, 0, -90],
							"uv": {
								"north": {"uv": [21, 1], "uv_size": [0.5, 1.5]},
								"east": {"uv": [4, 0], "uv_size": [7, 1.5]},
								"south": {"uv": [2, 21], "uv_size": [0.5, 1.5]},
								"west": {"uv": [4, 2], "uv_size": [7, 1.5]},
								"up": {"uv": [9, 12], "uv_size": [0.5, 7]},
								"down": {"uv": [10, 19], "uv_size": [0.5, -7]}
							}
						},
						{
							"origin": [-0.21038, -0.88502, 6.125],
							"size": [0.0625, 0.75, 0.875],
							"pivot": [0.07087, -0.58089, 3.25],
							"rotation": [0, 0, -90],
							"uv": {
								"north": {"uv": [4, 23], "uv_size": [0.5, 1]},
								"east": {"uv": [20, 5], "uv_size": [1, 1]},
								"south": {"uv": [23, 4], "uv_size": [0.5, 1]},
								"west": {"uv": [6, 20], "uv_size": [1, 1]},
								"up": {"uv": [5, 23], "uv_size": [0.5, 1]},
								"down": {"uv": [23, 6], "uv_size": [0.5, -1]}
							}
						},
						{
							"origin": [-0.89788, -0.72877, 0],
							"size": [0.25, 0.21875, 0.5625],
							"pivot": [-0.42913, -0.58089, 3.25],
							"rotation": [0, 0, -90],
							"uv": {
								"north": {"uv": [25, 8], "uv_size": [0.5, 0.5]},
								"east": {"uv": [9, 25], "uv_size": [0.5, 0.5]},
								"south": {"uv": [25, 9], "uv_size": [0.5, 0.5]},
								"west": {"uv": [10, 25], "uv_size": [0.5, 0.5]},
								"up": {"uv": [25, 10], "uv_size": [0.5, 0.5]},
								"down": {"uv": [11, 25.5], "uv_size": [0.5, -0.5]}
							}
						},
						{
							"origin": [0.64788, -0.72877, 0],
							"size": [0.25, 0.21875, 0.5625],
							"pivot": [0.42913, -0.58089, 3.25],
							"rotation": [0, 0, 90],
							"uv": {
								"north": {"uv": [25, 11], "uv_size": [0.5, 0.5]},
								"east": {"uv": [12, 25], "uv_size": [0.5, 0.5]},
								"south": {"uv": [25, 12], "uv_size": [0.5, 0.5]},
								"west": {"uv": [13, 25], "uv_size": [0.5, 0.5]},
								"up": {"uv": [25, 13], "uv_size": [0.5, 0.5]},
								"down": {"uv": [14, 25.5], "uv_size": [0.5, -0.5]}
							}
						},
						{
							"origin": [0.64788, -1.29127, 0.3125],
							"size": [0.25, 0.5625, 0.25],
							"pivot": [0.42913, -0.58089, 3.25],
							"rotation": [0, 0, 90],
							"uv": {
								"north": {"uv": [25, 14], "uv_size": [0.5, 0.5]},
								"east": {"uv": [15, 25], "uv_size": [0.5, 0.5]},
								"south": {"uv": [25, 15], "uv_size": [0.5, 0.5]},
								"west": {"uv": [16, 25], "uv_size": [0.5, 0.5]},
								"up": {"uv": [25, 16], "uv_size": [0.5, 0.5]},
								"down": {"uv": [17, 25.5], "uv_size": [0.5, -0.5]}
							}
						},
						{
							"origin": [-0.4375, 0.3125, 0],
							"size": [0.875, 0.5625, 8.6875],
							"uv": {
								"north": {"uv": [6, 23], "uv_size": [1, 0.5]},
								"south": {"uv": [23, 6], "uv_size": [1, 0.5]},
								"up": {"uv": [4, 4], "uv_size": [1, 8.5]}
							}
						},
						{
							"origin": [0.13377, 0.20424, 0],
							"size": [0.7955, 0.5, 8.6875],
							"inflate": -0.001,
							"pivot": [0.49177, 0.42299, 4.34375],
							"rotation": [0, 0, 45],
							"uv": {
								"north": {"uv": [7, 23], "uv_size": [1, 0.5]},
								"south": {"uv": [23, 7], "uv_size": [1, 0.5]},
								"up": {"uv": [5, 4], "uv_size": [1, 8.5]}
							}
						},
						{
							"origin": [-0.92927, 0.20424, 0],
							"size": [0.7955, 0.5, 8.6875],
							"inflate": -0.001,
							"pivot": [-0.49177, 0.42299, 4.34375],
							"rotation": [0, 0, -45],
							"uv": {
								"north": {"uv": [8, 23], "uv_size": [1, 0.5]},
								"south": {"uv": [23, 8], "uv_size": [1, 0.5]},
								"up": {"uv": [6, 4], "uv_size": [1, 8.5]}
							}
						}
					]
				}
			]
		}
	]
}