{
	"format_version": "1.12.0",
	"minecraft:geometry": [
		{
			"description": {
				"identifier": "geometry.unknown",
				"texture_width": 32,
				"texture_height": 32,
				"visible_bounds_width": 4,
				"visible_bounds_height": 4,
				"visible_bounds_offset": [0, 1, 0]
			},
			"bones": [
				{
					"name": "stock_default",
					"pivot": [0, 8.15625, 4.625]
				},
				{
					"name": "stock",
					"parent": "stock_default",
					"pivot": [0, -4.30775, 10.4091]
				},
				{
					"name": "bone10",
					"parent": "stock",
					"pivot": [0.8045, -0.68024, 1.04314],
					"cubes": [
						{
							"origin": [0.72394, -0.71201, 0.04314],
							"size": [0.31861, 0.29338, 2.5],
							"pivot": [0.81562, -0.5687, 1.04314],
							"rotation": [0, 0, 161],
							"uv": {
								"north": {"uv": [8, 24], "uv_size": [0.5, 0.5]},
								"south": {"uv": [24, 8], "uv_size": [0.5, 0.5]},
								"up": {"uv": [5, 16], "uv_size": [0.5, 2.5]}
							}
						},
						{
							"origin": [-0.64992, -0.78447, 0.04314],
							"size": [1.29984, 1.23334, 2.5],
							"uv": {
								"north": {"uv": [14, 1], "uv_size": [1.5, 1]},
								"south": {"uv": [14, 2], "uv_size": [1.5, 1]},
								"down": {"uv": [1, 10.5], "uv_size": [1.5, -2.5]}
							}
						},
						{
							"origin": [-0.8272, -0.72343, 2.54314],
							"size": [1.6544, 0.125, 2.625],
							"uv": {
								"down": {"uv": [8, 10.5], "uv_size": [1.5, -2.5]}
							}
						},
						{
							"origin": [0.72394, -0.71201, 5.16814],
							"size": [0.31861, 0.29338, 2.8125],
							"pivot": [0.81562, -0.5687, 6.35564],
							"rotation": [0, 0, 161],
							"uv": {
								"north": {"uv": [9, 24], "uv_size": [0.5, 0.5]},
								"up": {"uv": [11, 14], "uv_size": [0.5, 3]}
							}
						},
						{
							"origin": [-1.04255, -0.71201, 5.16814],
							"size": [0.31861, 0.29338, 2.8125],
							"pivot": [-0.81562, -0.5687, 6.35564],
							"rotation": [0, 0, -161],
							"uv": {
								"north": {"uv": [24, 9], "uv_size": [0.5, 0.5]},
								"up": {"uv": [12, 14], "uv_size": [0.5, 3]}
							}
						},
						{
							"origin": [0.72394, -0.71201, 2.54314],
							"size": [0.13111, 0.29338, 2.625],
							"pivot": [0.81562, -0.5687, 3.54314],
							"rotation": [0, 0, 161],
							"uv": {
								"up": {"uv": [6, 16], "uv_size": [0.5, 2.5]}
							}
						},
						{
							"origin": [-0.85505, -0.71201, 2.54314],
							"size": [0.13111, 0.29338, 2.625],
							"pivot": [-0.81562, -0.5687, 3.54314],
							"rotation": [0, 0, -161],
							"uv": {
								"up": {"uv": [7, 16], "uv_size": [0.5, 2.5]}
							}
						},
						{
							"origin": [-0.64992, -0.78447, 5.16814],
							"size": [1.29984, 1.23334, 2.8125],
							"uv": {
								"north": {"uv": [14, 3], "uv_size": [1.5, 1]},
								"down": {"uv": [5, 7], "uv_size": [1.5, -3]}
							}
						},
						{
							"origin": [-0.58103, -1.11899, 0.04314],
							"size": [1.16206, 0.38549, 0.3125],
							"uv": {
								"north": {"uv": [22, 0], "uv_size": [1, 0.5]},
								"south": {"uv": [1, 22], "uv_size": [1, 0.5]}
							}
						},
						{
							"origin": [-0.03018, -1.30318, 0.04314],
							"size": [0.3125, 0.53033, 0.3125],
							"pivot": [0.01385, -1.30649, 0.19939],
							"rotation": [0, 0, 45],
							"uv": {
								"north": {"uv": [10, 24], "uv_size": [0.5, 0.5]},
								"south": {"uv": [24, 10], "uv_size": [0.5, 0.5]},
								"west": {"uv": [11, 24], "uv_size": [0.5, 0.5]}
							}
						},
						{
							"origin": [-0.20603, -1.49399, 0.04314],
							"size": [0.41206, 0.38527, 0.3125],
							"uv": {
								"north": {"uv": [24, 11], "uv_size": [0.5, 0.5]},
								"south": {"uv": [12, 24], "uv_size": [0.5, 0.5]},
								"down": {"uv": [24, 12.5], "uv_size": [0.5, -0.5]}
							}
						},
						{
							"origin": [0.41721, -0.84615, 0.04314],
							"size": [0.18798, 0.41926, 0.3125],
							"pivot": [0.01376, -0.93128, 0.19939],
							"rotation": [0, 0, 26.5],
							"uv": {
								"north": {"uv": [13, 24], "uv_size": [0.5, 0.5]},
								"south": {"uv": [24, 13], "uv_size": [0.5, 0.5]},
								"west": {"uv": [14, 24], "uv_size": [0.5, 0.5]}
							}
						},
						{
							"origin": [-0.28232, -1.30318, 0.04314],
							"size": [0.3125, 0.53033, 0.3125],
							"pivot": [-0.01385, -1.30649, 0.19939],
							"rotation": [0, 0, -45],
							"uv": {
								"north": {"uv": [24, 14], "uv_size": [0.5, 0.5]},
								"east": {"uv": [15, 24], "uv_size": [0.5, 0.5]},
								"south": {"uv": [24, 15], "uv_size": [0.5, 0.5]}
							}
						},
						{
							"origin": [-0.60519, -0.84615, 0.04314],
							"size": [0.18798, 0.41926, 0.3125],
							"pivot": [-0.01376, -0.93128, 0.19939],
							"rotation": [0, 0, -26.5],
							"uv": {
								"north": {"uv": [16, 24], "uv_size": [0.5, 0.5]},
								"east": {"uv": [24, 16], "uv_size": [0.5, 0.5]},
								"south": {"uv": [17, 24], "uv_size": [0.5, 0.5]}
							}
						},
						{
							"origin": [-1.04255, -0.71201, 0.04314],
							"size": [0.31861, 0.29338, 2.5],
							"pivot": [-0.81562, -0.5687, 1.04314],
							"rotation": [0, 0, -161],
							"uv": {
								"north": {"uv": [24, 17], "uv_size": [0.5, 0.5]},
								"south": {"uv": [18, 24], "uv_size": [0.5, 0.5]},
								"up": {"uv": [8, 16], "uv_size": [0.5, 2.5]}
							}
						},
						{
							"origin": [-0.77325, -0.94854, 0.04314],
							"size": [0.375, 0.41161, 7.9375],
							"pivot": [-0.8045, -0.68024, 1.04314],
							"rotation": [0, 0, -102.5],
							"uv": {
								"north": {"uv": [24, 18], "uv_size": [0.5, 0.5]},
								"up": {"uv": [5, 7], "uv_size": [0.5, 8]}
							}
						},
						{
							"origin": [-1.22666, -0.1621, 0.04314],
							"size": [0.8125, 0.41161, 7.9375],
							"pivot": [-0.72666, 0.1062, 1.04314],
							"rotation": [0, 0, -70],
							"uv": {
								"north": {"uv": [22, 1], "uv_size": [1, 0.5]},
								"up": {"uv": [0, 0], "uv_size": [1, 8]}
							}
						},
						{
							"origin": [-0.78531, 0.3725, 0.04314],
							"size": [0.625, 0.34912, 7.9375],
							"pivot": [-0.44064, 0.6225, 1.04314],
							"rotation": [0, 0, -45],
							"uv": {
								"north": {"uv": [19, 24], "uv_size": [0.5, 0.5]},
								"up": {"uv": [7, 5], "uv_size": [0.5, 8]}
							}
						},
						{
							"origin": [-0.3125, 0.44887, 0.04314],
							"size": [0.625, 0.44194, 7.9375],
							"uv": {
								"north": {"uv": [24, 19], "uv_size": [0.5, 0.5]},
								"up": {"uv": [6, 7], "uv_size": [0.5, 8]}
							}
						},
						{
							"origin": [0.16031, 0.3725, 0.04314],
							"size": [0.625, 0.34912, 7.9375],
							"pivot": [0.44064, 0.6225, 1.04314],
							"rotation": [0, 0, 45],
							"uv": {
								"north": {"uv": [20, 24], "uv_size": [0.5, 0.5]},
								"up": {"uv": [0, 8], "uv_size": [0.5, 8]}
							}
						},
						{
							"origin": [0.41416, -0.1621, 0.04314],
							"size": [0.8125, 0.41161, 7.9375],
							"pivot": [0.72666, 0.1062, 1.04314],
							"rotation": [0, 0, 70],
							"uv": {
								"north": {"uv": [2, 22], "uv_size": [1, 0.5]},
								"up": {"uv": [1, 0], "uv_size": [1, 8]}
							}
						},
						{
							"origin": [0.39825, -0.94854, 0.04314],
							"size": [0.375, 0.41161, 7.9375],
							"pivot": [0.8045, -0.68024, 1.04314],
							"rotation": [0, 0, 102.5],
							"uv": {
								"north": {"uv": [24, 20], "uv_size": [0.5, 0.5]},
								"up": {"uv": [8, 0], "uv_size": [0.5, 8]}
							}
						}
					]
				},
				{
					"name": "bone2",
					"parent": "stock",
					"pivot": [0, -1.10919, 1.04314],
					"cubes": [
						{
							"origin": [-0.45313, -1.48419, 0.35564],
							"size": [0.90625, 0.75, 0.875],
							"uv": {
								"east": {"uv": [3, 17], "uv_size": [1, 1]},
								"south": {"uv": [17, 5], "uv_size": [1, 1]},
								"west": {"uv": [17, 9], "uv_size": [1, 1]}
							}
						},
						{
							"origin": [-0.45313, -1.48419, 2.23064],
							"size": [0.90625, 0.75, 0.40625],
							"uv": {
								"north": {"uv": [17, 10], "uv_size": [1, 1]},
								"east": {"uv": [22, 2], "uv_size": [0.5, 1]},
								"south": {"uv": [11, 17], "uv_size": [1, 1]},
								"west": {"uv": [3, 22], "uv_size": [0.5, 1]}
							}
						},
						{
							"origin": [-0.45313, -0.76544, 2.54314],
							"size": [0.90625, 0.34375, 5.32813],
							"inflate": 0.001,
							"uv": {
								"east": {"uv": [9, 6], "uv_size": [5.5, 0.5]},
								"west": {"uv": [9, 7], "uv_size": [5.5, 0.5]},
								"down": {"uv": [4, 9.5], "uv_size": [1, -5.5]}
							}
						},
						{
							"origin": [-0.45313, -1.10919, 4.32439],
							"size": [0.90625, 0.34375, 0.42188],
							"uv": {
								"north": {"uv": [4, 22], "uv_size": [1, 0.5]},
								"east": {"uv": [21, 24], "uv_size": [0.5, 0.5]},
								"west": {"uv": [24, 21], "uv_size": [0.5, 0.5]}
							}
						},
						{
							"origin": [-0.45313, -1.23419, 4.19939],
							"size": [0.90625, 0.1875, 0.23438],
							"pivot": [0, -1.10919, 4.41033],
							"rotation": [25, 0, 0],
							"uv": {
								"north": {"uv": [22, 4], "uv_size": [1, 0.5]},
								"east": {"uv": [22, 24], "uv_size": [0.5, 0.5]},
								"west": {"uv": [24, 22], "uv_size": [0.5, 0.5]}
							}
						},
						{
							"origin": [-0.45313, -2.42481, 4.42499],
							"size": [0.90625, 1.9375, 0.3125],
							"pivot": [0, -1.11231, 4.46406],
							"rotation": [-41, 0, 0],
							"uv": {
								"north": {"uv": [13, 1], "uv_size": [1, 2]},
								"east": {"uv": [17, 11], "uv_size": [0.5, 2]},
								"south": {"uv": [13, 3], "uv_size": [1, 2]},
								"west": {"uv": [12, 17], "uv_size": [0.5, 2]}
							}
						},
						{
							"origin": [-0.26563, -2.42481, 4.73749],
							"size": [0.53125, 1.9375, 0.1875],
							"pivot": [0, -1.11231, 4.46406],
							"rotation": [-41, 0, 0],
							"uv": {
								"east": {"uv": [16, 17], "uv_size": [0.5, 2]},
								"south": {"uv": [17, 17], "uv_size": [0.5, 2]},
								"west": {"uv": [18, 0], "uv_size": [0.5, 2]}
							}
						},
						{
							"origin": [-0.45313, -0.89687, 4.30339],
							"size": [0.90625, 0.875, 0.25],
							"pivot": [0, -1.11562, 4.42839],
							"rotation": [-63.5, 0, 0],
							"uv": {
								"east": {"uv": [22, 5], "uv_size": [0.5, 1]},
								"south": {"uv": [17, 13], "uv_size": [1, 1]},
								"west": {"uv": [22, 6], "uv_size": [0.5, 1]}
							}
						},
						{
							"origin": [-0.26563, -0.89687, 4.55339],
							"size": [0.53125, 0.875, 0.25],
							"pivot": [0, -1.11562, 4.42839],
							"rotation": [-63.5, 0, 0],
							"uv": {
								"east": {"uv": [22, 7], "uv_size": [0.5, 1]},
								"south": {"uv": [22, 8], "uv_size": [0.5, 1]},
								"west": {"uv": [22, 9], "uv_size": [0.5, 1]}
							}
						},
						{
							"origin": [-0.45313, -1.2603, 5.0782],
							"size": [0.90625, 1.5625, 0.4375],
							"pivot": [0, -0.8228, 5.3907],
							"rotation": [-100, 0, 0],
							"uv": {
								"east": {"uv": [11, 19], "uv_size": [0.5, 1.5]},
								"south": {"uv": [13, 14], "uv_size": [1, 1.5]},
								"west": {"uv": [12, 19], "uv_size": [0.5, 1.5]}
							}
						},
						{
							"origin": [-0.39063, -1.3853, 5.5157],
							"size": [0.78125, 1.8125, 0.125],
							"pivot": [0, -0.8228, 5.3907],
							"rotation": [-100, 0, 0],
							"uv": {
								"east": {"uv": [2, 18], "uv_size": [0.5, 2]},
								"west": {"uv": [3, 18], "uv_size": [0.5, 2]}
							}
						},
						{
							"origin": [-0.26563, -1.3853, 5.6407],
							"size": [0.53125, 1.8125, 0.125],
							"pivot": [0, -0.8228, 5.3907],
							"rotation": [-100, 0, 0],
							"uv": {
								"south": {"uv": [4, 18], "uv_size": [0.5, 2]}
							}
						},
						{
							"origin": [0.14363, -2.0965, 5.78198],
							"size": [0.17678, 1.8125, 0.125],
							"pivot": [0, -1.19025, 5.67496],
							"rotation": [-97.10708, -7.05302, -44.56145],
							"uv": {
								"south": {"uv": [18, 5], "uv_size": [0.5, 2]}
							}
						},
						{
							"origin": [-0.32041, -2.0965, 5.78198],
							"size": [0.17678, 1.8125, 0.125],
							"pivot": [0, -1.19025, 5.67496],
							"rotation": [-97.10708, 7.05302, 44.56145],
							"uv": {
								"south": {"uv": [18, 9], "uv_size": [0.5, 2]}
							}
						},
						{
							"origin": [-0.45313, -1.70376, 6.91358],
							"size": [0.90625, 1.39437, 0.37582],
							"pivot": [0, -1.01626, 7.1644],
							"rotation": [-90, 0, 0],
							"uv": {
								"east": {"uv": [13, 19], "uv_size": [0.5, 1.5]},
								"south": {"uv": [14, 14], "uv_size": [1, 1.5]},
								"west": {"uv": [14, 19], "uv_size": [0.5, 1.5]}
							}
						},
						{
							"origin": [-0.45313, -4.81709, 3.86109],
							"size": [0.90625, 4.71875, 0.42188],
							"pivot": [0, -3.16084, 4.16578],
							"rotation": [-124.5, 0, 0],
							"uv": {
								"north": {"uv": [7, 0], "uv_size": [1, 4.5]},
								"east": {"uv": [11, 1], "uv_size": [0.5, 4.5]},
								"west": {"uv": [2, 11], "uv_size": [0.5, 4.5]},
								"down": {"uv": [10, 22.5], "uv_size": [1, -0.5]}
							}
						},
						{
							"origin": [-0.26563, -4.81709, 3.67359],
							"size": [0.53125, 4.71875, 0.1875],
							"pivot": [0, -3.16084, 4.16578],
							"rotation": [-124.5, 0, 0],
							"uv": {
								"north": {"uv": [8, 11], "uv_size": [0.5, 4.5]},
								"east": {"uv": [9, 11], "uv_size": [0.5, 4.5]},
								"west": {"uv": [11, 9], "uv_size": [0.5, 4.5]}
							}
						},
						{
							"origin": [-0.45313, -6.79019, 8.89837],
							"size": [0.90625, 0.9375, 0.45069],
							"pivot": [0, -4.54433, 8.79834],
							"rotation": [-90, 0, 0],
							"uv": {
								"east": {"uv": [11, 22], "uv_size": [0.5, 1]},
								"west": {"uv": [22, 11], "uv_size": [0.5, 1]},
								"down": {"uv": [12, 22.5], "uv_size": [1, -0.5]}
							}
						},
						{
							"origin": [-0.45313, -6.41519, 8.39837],
							"size": [0.90625, 0.5625, 0.5],
							"pivot": [0, -4.54433, 8.79834],
							"rotation": [-90, 0, 0],
							"uv": {
								"north": {"uv": [22, 12], "uv_size": [1, 0.5]},
								"east": {"uv": [23, 24], "uv_size": [0.5, 0.5]},
								"west": {"uv": [24, 23], "uv_size": [0.5, 0.5]}
							}
						},
						{
							"origin": [-0.45313, -4.72822, 6.63635],
							"size": [0.90625, 0.60523, 0.625],
							"pivot": [0, -4.39436, 6.88635],
							"rotation": [-140, 0, 0],
							"uv": {
								"east": {"uv": [24, 24], "uv_size": [0.5, 0.5]},
								"west": {"uv": [0, 25], "uv_size": [0.5, 0.5]},
								"down": {"uv": [13, 22.5], "uv_size": [1, -0.5]}
							}
						},
						{
							"origin": [-0.26563, -4.91572, 6.63635],
							"size": [0.53125, 0.1875, 0.625],
							"pivot": [0, -4.39436, 6.88635],
							"rotation": [-140, 0, 0],
							"uv": {
								"east": {"uv": [25, 0], "uv_size": [0.5, 0.5]},
								"west": {"uv": [1, 25], "uv_size": [0.5, 0.5]},
								"down": {"uv": [25, 1.5], "uv_size": [0.5, -0.5]}
							}
						},
						{
							"origin": [-0.45313, -4.35322, 6.69885],
							"size": [0.90625, 0.35523, 0.1875],
							"pivot": [0, -4.20686, 6.94885],
							"rotation": [-135, 0, 0],
							"uv": {
								"north": {"uv": [22, 13], "uv_size": [1, 0.5]},
								"east": {"uv": [2, 25], "uv_size": [0.5, 0.5]},
								"west": {"uv": [25, 2], "uv_size": [0.5, 0.5]}
							}
						},
						{
							"origin": [-0.45313, -4.10322, 4.07385],
							"size": [0.90625, 0.16773, 3],
							"pivot": [0, -3.98811, 6.9801],
							"rotation": [-97.5, 0, 0],
							"uv": {
								"east": {"uv": [14, 4], "uv_size": [3, 0.5]},
								"west": {"uv": [5, 15], "uv_size": [3, 0.5]},
								"up": {"uv": [9, 0], "uv_size": [1, 3]},
								"down": {"uv": [9, 6], "uv_size": [1, -3]}
							}
						},
						{
							"origin": [-0.26563, -3.93549, 3.94885],
							"size": [0.53125, 0.125, 3.125],
							"pivot": [0, -3.98811, 6.9801],
							"rotation": [-97.5, 0, 0],
							"uv": {
								"east": {"uv": [15, 6], "uv_size": [3, 0.5]},
								"west": {"uv": [15, 7], "uv_size": [3, 0.5]},
								"up": {"uv": [10, 15], "uv_size": [0.5, 3]}
							}
						},
						{
							"origin": [-0.26563, -3.62299, 3.94885],
							"size": [0.53125, 0.125, 3.125],
							"pivot": [0, -3.98811, 6.9801],
							"rotation": [-97.5, 0, 0],
							"uv": {
								"east": {"uv": [15, 14], "uv_size": [3, 0.5]},
								"west": {"uv": [15, 15], "uv_size": [3, 0.5]},
								"down": {"uv": [0, 19], "uv_size": [0.5, -3]}
							}
						},
						{
							"origin": [-0.26563, -3.81049, 6.76135],
							"size": [0.53125, 0.1875, 0.3125],
							"pivot": [0, -3.98811, 6.9801],
							"rotation": [-97.5, 0, 0],
							"uv": {
								"north": {"uv": [3, 25], "uv_size": [0.5, 0.5]},
								"east": {"uv": [25, 3], "uv_size": [0.5, 0.5]},
								"west": {"uv": [4, 25], "uv_size": [0.5, 0.5]}
							}
						},
						{
							"origin": [-0.26563, -4.11338, 7.08501],
							"size": [0.53125, 0.0625, 0.125],
							"pivot": [0, -3.98838, 7.30376],
							"rotation": [-142.5, 0, 0],
							"uv": {
								"east": {"uv": [25, 4], "uv_size": [0.5, 0.5]},
								"west": {"uv": [5, 25], "uv_size": [0.5, 0.5]},
								"down": {"uv": [25, 5.5], "uv_size": [0.5, -0.5]}
							}
						},
						{
							"origin": [-0.26563, -1.74497, 7.29172],
							"size": [0.53125, 0.0625, 0.125],
							"pivot": [0, -1.77243, 7.54551],
							"rotation": [127.5, 0, 0],
							"uv": {
								"east": {"uv": [6, 25], "uv_size": [0.5, 0.5]},
								"west": {"uv": [25, 6], "uv_size": [0.5, 0.5]},
								"up": {"uv": [7, 25], "uv_size": [0.5, 0.5]}
							}
						},
						{
							"origin": [-0.26563, -1.86239, 7.29172],
							"size": [0.53125, 0.0625, 0.125],
							"pivot": [0, -1.77243, 7.54551],
							"rotation": [37.5, 0, 0],
							"uv": {
								"east": {"uv": [25, 7], "uv_size": [0.5, 0.5]},
								"west": {"uv": [8, 25], "uv_size": [0.5, 0.5]},
								"down": {"uv": [25, 8.5], "uv_size": [0.5, -0.5]}
							}
						},
						{
							"origin": [-0.26563, -3.91295, 6.98674],
							"size": [0.53125, 0.0625, 0.125],
							"pivot": [0, -3.97545, 7.20549],
							"rotation": [-52.5, 0, 0],
							"uv": {
								"east": {"uv": [9, 25], "uv_size": [0.5, 0.5]},
								"west": {"uv": [25, 9], "uv_size": [0.5, 0.5]},
								"up": {"uv": [10, 25], "uv_size": [0.5, 0.5]}
							}
						},
						{
							"origin": [-0.26563, -3.81049, 3.94885],
							"size": [0.53125, 0.1875, 0.9375],
							"pivot": [0, -3.98811, 6.9801],
							"rotation": [-97.5, 0, 0],
							"uv": {
								"east": {"uv": [14, 22], "uv_size": [1, 0.5]},
								"south": {"uv": [25, 10], "uv_size": [0.5, 0.5]},
								"west": {"uv": [22, 14], "uv_size": [1, 0.5]}
							}
						},
						{
							"origin": [-0.45313, -1.27892, 7.02682],
							"size": [0.90625, 0.10523, 0.25],
							"pivot": [0, -1.25756, 7.30807],
							"rotation": [-135, 0, 0],
							"uv": {
								"east": {"uv": [11, 25], "uv_size": [0.5, 0.5]},
								"west": {"uv": [25, 11], "uv_size": [0.5, 0.5]},
								"up": {"uv": [22, 15], "uv_size": [1, 0.5]}
							}
						},
						{
							"origin": [-0.26563, -4.29072, 4.88635],
							"size": [0.53125, 0.1875, 2.1875],
							"pivot": [0, -3.98811, 6.9801],
							"rotation": [-97.5, 0, 0],
							"uv": {
								"east": {"uv": [18, 2], "uv_size": [2, 0.5]},
								"west": {"uv": [18, 7], "uv_size": [2, 0.5]},
								"down": {"uv": [10, 20], "uv_size": [0.5, -2]}
							}
						},
						{
							"origin": [-0.76562, -3.54072, 3.50554],
							"size": [1.53124, 0.35523, 4.19331],
							"pivot": [0, -3.98811, 6.9801],
							"rotation": [-97.5, 0, 0],
							"uv": {
								"east": {"uv": [13, 5], "uv_size": [4, 0.5]},
								"west": {"uv": [13, 9], "uv_size": [4, 0.5]},
								"up": {"uv": [2, 0], "uv_size": [1.5, 4]},
								"down": {"uv": [4, 4], "uv_size": [1.5, -4]}
							}
						},
						{
							"origin": [-0.76563, -2.91505, 5.52515],
							"size": [0.5, 0.35523, 2.4375],
							"pivot": [0, -2.73743, 7.77515],
							"rotation": [-97.43656, -0.9762, -7.43656],
							"uv": {
								"east": {"uv": [16, 3], "uv_size": [2.5, 0.5]},
								"up": {"uv": [9, 16], "uv_size": [0.5, 2.5]},
								"down": {"uv": [13, 18.5], "uv_size": [0.5, -2.5]}
							}
						},
						{
							"origin": [-0.00845, 0.67376, 8.11656],
							"size": [0.375, 0.35523, 0.53033],
							"pivot": [0.17905, 0.85137, 8.08439],
							"rotation": [-90, 0, -45],
							"uv": {
								"west": {"uv": [12, 25], "uv_size": [0.5, 0.5]},
								"up": {"uv": [25, 12], "uv_size": [0.5, 0.5]},
								"down": {"uv": [13, 25.5], "uv_size": [0.5, -0.5]}
							}
						},
						{
							"origin": [0.54977, -0.37679, 7.33439],
							"size": [0.5, 0.35523, 0.8125],
							"pivot": [0.79977, -0.19918, 8.08439],
							"rotation": [-90, 0, -25],
							"uv": {
								"west": {"uv": [16, 22], "uv_size": [1, 0.5]},
								"up": {"uv": [22, 16], "uv_size": [0.5, 1]},
								"down": {"uv": [17, 23], "uv_size": [0.5, -1]}
							}
						},
						{
							"origin": [0.26562, -2.91505, 5.52515],
							"size": [0.5, 0.35523, 2.4375],
							"pivot": [0, -2.73743, 7.77515],
							"rotation": [-97.43656, 0.9762, 7.43656],
							"uv": {
								"west": {"uv": [16, 8], "uv_size": [2.5, 0.5]},
								"up": {"uv": [14, 16], "uv_size": [0.5, 2.5]},
								"down": {"uv": [15, 18.5], "uv_size": [0.5, -2.5]}
							}
						},
						{
							"origin": [-1.05276, 0.68471, 9.49907],
							"size": [2.10552, 0.35523, 0.25],
							"pivot": [-0.80276, 0.86232, 8.24907],
							"rotation": [-97.5, 0, 0],
							"uv": {
								"east": {"uv": [25, 13], "uv_size": [0.5, 0.5]},
								"west": {"uv": [14, 25], "uv_size": [0.5, 0.5]},
								"up": {"uv": [18, 11], "uv_size": [2, 0.5]},
								"down": {"uv": [18, 12.5], "uv_size": [2, -0.5]}
							}
						},
						{
							"origin": [-1.05276, -0.39028, 8.02189],
							"size": [2.10552, 0.35523, 0.25],
							"pivot": [-0.80276, -0.21267, 8.08439],
							"rotation": [-90, 0, 0],
							"uv": {
								"east": {"uv": [25, 14], "uv_size": [0.5, 0.5]},
								"west": {"uv": [15, 25], "uv_size": [0.5, 0.5]},
								"up": {"uv": [18, 13], "uv_size": [2, 0.5]},
								"down": {"uv": [18, 14.5], "uv_size": [2, -0.5]}
							}
						},
						{
							"origin": [-1.04977, -0.37679, 7.33439],
							"size": [0.5, 0.35523, 0.8125],
							"pivot": [-0.79977, -0.19918, 8.08439],
							"rotation": [-90, 0, 25],
							"uv": {
								"east": {"uv": [22, 18], "uv_size": [1, 0.5]},
								"up": {"uv": [22, 19], "uv_size": [0.5, 1]},
								"down": {"uv": [22, 21], "uv_size": [0.5, -1]}
							}
						},
						{
							"origin": [-0.55313, 0.15859, 7.07188],
							"size": [0.73637, 0.35523, 1.41876],
							"pivot": [-0.30313, 0.33621, 8.08439],
							"rotation": [-90, 0, 90],
							"uv": {
								"up": {"uv": [15, 19], "uv_size": [0.5, 1.5]},
								"down": {"uv": [19, 16.5], "uv_size": [0.5, -1.5]}
							}
						},
						{
							"origin": [-0.92813, 0.15859, 7.44688],
							"size": [0.375, 0.35523, 0.66876],
							"pivot": [-0.30313, 0.33621, 8.08439],
							"rotation": [-90, 0, 90],
							"uv": {
								"east": {"uv": [25, 15], "uv_size": [0.5, 0.5]},
								"up": {"uv": [16, 25], "uv_size": [0.5, 0.5]},
								"down": {"uv": [25, 16.5], "uv_size": [0.5, -0.5]}
							}
						},
						{
							"origin": [-0.36655, 0.67376, 8.11656],
							"size": [0.375, 0.35523, 0.53033],
							"pivot": [-0.17905, 0.85137, 8.08439],
							"rotation": [-90, 0, 45],
							"uv": {
								"east": {"uv": [17, 25], "uv_size": [0.5, 0.5]},
								"up": {"uv": [25, 17], "uv_size": [0.5, 0.5]},
								"down": {"uv": [18, 25.5], "uv_size": [0.5, -0.5]}
							}
						},
						{
							"origin": [-0.45313, -3.26462, 5.90438],
							"size": [0.90625, 0.51937, 0.25],
							"pivot": [0, -2.89964, 7.09188],
							"rotation": [-90, 0, 0],
							"uv": {
								"north": {"uv": [21, 22], "uv_size": [1, 0.5]},
								"east": {"uv": [25, 18], "uv_size": [0.5, 0.5]},
								"south": {"uv": [22, 22], "uv_size": [1, 0.5]},
								"west": {"uv": [19, 25], "uv_size": [0.5, 0.5]}
							}
						},
						{
							"origin": [-0.45313, -3.51462, 5.33351],
							"size": [0.90625, 0.25, 0.57087],
							"pivot": [0, -2.89964, 7.09188],
							"rotation": [-90, 0, 0],
							"uv": {
								"east": {"uv": [25, 19], "uv_size": [0.5, 0.5]},
								"west": {"uv": [20, 25], "uv_size": [0.5, 0.5]},
								"up": {"uv": [0, 23], "uv_size": [1, 0.5]},
								"down": {"uv": [23, 0.5], "uv_size": [1, -0.5]}
							}
						},
						{
							"origin": [-0.45313, -1.27942, 6.44146],
							"size": [0.90625, 0.125, 0.27389],
							"pivot": [0, -0.9892, 6.6019],
							"rotation": [-45, 0, 0],
							"uv": {
								"east": {"uv": [25, 20], "uv_size": [0.5, 0.5]},
								"west": {"uv": [21, 25], "uv_size": [0.5, 0.5]},
								"down": {"uv": [1, 23.5], "uv_size": [1, -0.5]}
							}
						},
						{
							"origin": [-0.45313, -3.26462, 5.33351],
							"size": [0.90625, 0.375, 0.19587],
							"pivot": [0, -2.89964, 7.09188],
							"rotation": [-90, 0, 0],
							"uv": {
								"east": {"uv": [25, 21], "uv_size": [0.5, 0.5]},
								"south": {"uv": [23, 1], "uv_size": [1, 0.5]},
								"west": {"uv": [22, 25], "uv_size": [0.5, 0.5]}
							}
						},
						{
							"origin": [-0.45313, -3.51462, 5.95851],
							"size": [0.90625, 0.14062, 0.57087],
							"pivot": [0, -2.89964, 7.71688],
							"rotation": [-90, 0, 0],
							"uv": {
								"east": {"uv": [25, 22], "uv_size": [0.5, 0.5]},
								"west": {"uv": [23, 25], "uv_size": [0.5, 0.5]},
								"down": {"uv": [2, 23.5], "uv_size": [1, -0.5]}
							}
						},
						{
							"origin": [-0.45313, -1.63677, 6.7428],
							"size": [0.90625, 0.24307, 0.35356],
							"pivot": [0, -1.35347, 6.51887],
							"rotation": [-45, 0, 0],
							"uv": {
								"east": {"uv": [25, 23], "uv_size": [0.5, 0.5]},
								"west": {"uv": [24, 25], "uv_size": [0.5, 0.5]},
								"up": {"uv": [23, 2], "uv_size": [1, 0.5]},
								"down": {"uv": [3, 23.5], "uv_size": [1, -0.5]}
							}
						},
						{
							"origin": [-0.45313, -1.49875, 6.59654],
							"size": [0.90625, 0.125, 0.1875],
							"pivot": [0, -1.37375, 6.60726],
							"rotation": [45, 0, 0],
							"uv": {
								"east": {"uv": [25, 24], "uv_size": [0.5, 0.5]},
								"west": {"uv": [25, 25], "uv_size": [0.5, 0.5]},
								"down": {"uv": [23, 3.5], "uv_size": [1, -0.5]}
							}
						},
						{
							"origin": [-0.45313, -1.63133, 7.31751],
							"size": [0.90625, 0.125, 0.1875],
							"pivot": [0, -1.52464, 7.22154],
							"rotation": [135, 0, 0],
							"uv": {
								"east": {"uv": [0, 26], "uv_size": [0.5, 0.5]},
								"west": {"uv": [26, 0], "uv_size": [0.5, 0.5]},
								"up": {"uv": [4, 23], "uv_size": [1, 0.5]}
							}
						},
						{
							"origin": [-0.45313, -1.54294, 7.31751],
							"size": [0.90625, 0.125, 0.1875],
							"pivot": [0, -1.52464, 7.22154],
							"rotation": [-135, 0, 0],
							"uv": {
								"east": {"uv": [1, 26], "uv_size": [0.5, 0.5]},
								"west": {"uv": [26, 1], "uv_size": [0.5, 0.5]},
								"down": {"uv": [23, 4.5], "uv_size": [1, -0.5]}
							}
						},
						{
							"origin": [-0.45313, -6.41584, 9.34906],
							"size": [0.90626, 0.40301, 0.37659],
							"pivot": [0, -4.54433, 8.79834],
							"rotation": [-90, 0, 0],
							"uv": {
								"east": {"uv": [2, 26], "uv_size": [0.5, 0.5]},
								"south": {"uv": [5, 23], "uv_size": [1, 0.5]},
								"west": {"uv": [26, 2], "uv_size": [0.5, 0.5]}
							}
						},
						{
							"origin": [-0.45312, -6.41584, 9.75207],
							"size": [0.90624, 0.35219, 0.37659],
							"pivot": [0, -4.54433, 9.20136],
							"rotation": [-90, 0, 0],
							"uv": {
								"south": {"uv": [23, 5], "uv_size": [1, 0.5]},
								"up": {"uv": [6, 23], "uv_size": [1, 0.5]},
								"down": {"uv": [23, 6.5], "uv_size": [1, -0.5]}
							}
						},
						{
							"origin": [0.20936, -5.28918, 7.48589],
							"size": [0.44194, 0.35219, 0.25],
							"pivot": [0, -5.31459, 7.30443],
							"rotation": [-90, 0, -45],
							"uv": {
								"south": {"uv": [3, 26], "uv_size": [0.5, 0.5]},
								"up": {"uv": [26, 3], "uv_size": [0.5, 0.5]},
								"down": {"uv": [4, 26.5], "uv_size": [0.5, -0.5]}
							}
						},
						{
							"origin": [-0.6513, -5.28918, 7.48589],
							"size": [0.44194, 0.35219, 0.25],
							"pivot": [0, -5.31459, 7.30443],
							"rotation": [-90, 0, 45],
							"uv": {
								"south": {"uv": [26, 4], "uv_size": [0.5, 0.5]},
								"up": {"uv": [5, 26], "uv_size": [0.5, 0.5]},
								"down": {"uv": [26, 5.5], "uv_size": [0.5, -0.5]}
							}
						},
						{
							"origin": [-0.76563, -6.01283, 9.01311],
							"size": [1.53125, 0.35219, 0.40004],
							"pivot": [0, -4.54433, 8.79834],
							"rotation": [-90, 0, 0],
							"uv": {
								"east": {"uv": [6, 26], "uv_size": [0.5, 0.5]},
								"west": {"uv": [26, 6], "uv_size": [0.5, 0.5]},
								"up": {"uv": [16, 19], "uv_size": [1.5, 0.5]},
								"down": {"uv": [19, 17.5], "uv_size": [1.5, -0.5]}
							}
						},
						{
							"origin": [-0.45313, -5.77909, 6.75898],
							"size": [0.90625, 0.375, 0.28944],
							"pivot": [0, -5.28255, 7.1676],
							"rotation": [-67.5, 0, 0],
							"uv": {
								"east": {"uv": [7, 26], "uv_size": [0.5, 0.5]},
								"west": {"uv": [26, 7], "uv_size": [0.5, 0.5]},
								"down": {"uv": [7, 23.5], "uv_size": [1, -0.5]}
							}
						},
						{
							"origin": [-0.45313, -5.48075, 6.78579],
							"size": [0.90625, 0.375, 0.28529],
							"pivot": [0, -5.11359, 7.02187],
							"rotation": [-22.5, 0, 0],
							"uv": {
								"east": {"uv": [8, 26], "uv_size": [0.5, 0.5]},
								"west": {"uv": [26, 8], "uv_size": [0.5, 0.5]},
								"down": {"uv": [23, 7.5], "uv_size": [1, -0.5]}
							}
						},
						{
							"origin": [-0.45313, -4.99746, 4.47803],
							"size": [0.90625, 1.09375, 0.46875],
							"pivot": [0, -2.76308, 4.79834],
							"rotation": [-111, 0, 0],
							"uv": {
								"north": {"uv": [11, 18], "uv_size": [1, 1]},
								"east": {"uv": [8, 23], "uv_size": [0.5, 1]},
								"west": {"uv": [23, 8], "uv_size": [0.5, 1]}
							}
						},
						{
							"origin": [-0.45313, -2.06995, 3.28583],
							"size": [0.90625, 0.51684, 0.1875],
							"pivot": [0, -2.09999, 3.55782],
							"rotation": [-173.5, 0, 0],
							"uv": {
								"north": {"uv": [9, 23], "uv_size": [1, 0.5]},
								"east": {"uv": [9, 26], "uv_size": [0.5, 0.5]},
								"west": {"uv": [26, 9], "uv_size": [0.5, 0.5]}
							}
						},
						{
							"origin": [-0.26563, -2.06995, 3.03583],
							"size": [0.53125, 0.51684, 0.25],
							"pivot": [0, -2.09999, 3.55782],
							"rotation": [-173.5, 0, 0],
							"uv": {
								"north": {"uv": [10, 26], "uv_size": [0.5, 0.5]},
								"east": {"uv": [26, 10], "uv_size": [0.5, 0.5]},
								"west": {"uv": [11, 26], "uv_size": [0.5, 0.5]}
							}
						},
						{
							"origin": [-0.45313, -2.10093, 2.40918],
							"size": [0.90625, 1.09375, 0.42187],
							"pivot": [0, -1.55406, 2.62012],
							"rotation": [180, 0, 0],
							"uv": {
								"north": {"uv": [18, 15], "uv_size": [1, 1]},
								"east": {"uv": [23, 9], "uv_size": [0.5, 1]},
								"west": {"uv": [10, 23], "uv_size": [0.5, 1]}
							}
						},
						{
							"origin": [-0.32813, -4.81709, 4.28297],
							"size": [0.65625, 4.71875, 0.125],
							"pivot": [0, -3.16084, 4.16578],
							"rotation": [-124.5, 0, 0],
							"uv": {
								"south": {"uv": [12, 1], "uv_size": [0.5, 4.5]},
								"down": {"uv": [26, 11.5], "uv_size": [0.5, -0.5]}
							}
						},
						{
							"origin": [-0.50504, -6.16984, 4.50998],
							"size": [0.17678, 4.71875, 0.125],
							"pivot": [-0.17691, -3.81046, 4.57248],
							"rotation": [-115.91887, 23.61005, 39.49283],
							"uv": {
								"south": {"uv": [3, 12], "uv_size": [0.5, 4.5]},
								"down": {"uv": [12, 26.5], "uv_size": [0.5, -0.5]}
							}
						},
						{
							"origin": [0.32826, -6.16984, 4.50998],
							"size": [0.17678, 4.71875, 0.125],
							"pivot": [0.17691, -3.81046, 4.57248],
							"rotation": [-115.91887, -23.61005, -39.49283],
							"uv": {
								"south": {"uv": [12, 9], "uv_size": [0.5, 4.5]},
								"down": {"uv": [26, 12.5], "uv_size": [0.5, -0.5]}
							}
						},
						{
							"origin": [-0.45313, -4.48337, 5.13288],
							"size": [0.90625, 0.10938, 0.23438],
							"pivot": [0, -2.10837, 5.15632],
							"rotation": [-90, 0, 0],
							"uv": {
								"east": {"uv": [13, 26], "uv_size": [0.5, 0.5]},
								"west": {"uv": [26, 13], "uv_size": [0.5, 0.5]},
								"down": {"uv": [23, 10.5], "uv_size": [1, -0.5]}
							}
						},
						{
							"origin": [-0.45313, -1.17169, 2.63689],
							"size": [0.90625, 0.1875, 1.6875],
							"uv": {
								"east": {"uv": [18, 19], "uv_size": [1.5, 0.5]},
								"west": {"uv": [1, 20], "uv_size": [1.5, 0.5]},
								"up": {"uv": [16, 1], "uv_size": [1, 1.5]}
							}
						},
						{
							"origin": [-0.14063, -1.60919, 2.82439],
							"size": [0.28125, 0.4375, 1.4375],
							"uv": {
								"east": {"uv": [20, 2], "uv_size": [1.5, 0.5]},
								"west": {"uv": [3, 20], "uv_size": [1.5, 0.5]}
							}
						},
						{
							"origin": [-0.14063, -1.98419, 2.82439],
							"size": [0.28125, 0.375, 1.1875],
							"uv": {
								"east": {"uv": [11, 23], "uv_size": [1, 0.5]},
								"west": {"uv": [23, 11], "uv_size": [1, 0.5]}
							}
						},
						{
							"origin": [-0.45313, -1.24547, 2.63465],
							"size": [0.90625, 0.1875, 1.6875],
							"pivot": [0, -1.12047, 3.4784],
							"rotation": [5, 0, 0],
							"uv": {
								"east": {"uv": [20, 4], "uv_size": [1.5, 0.5]},
								"west": {"uv": [6, 20], "uv_size": [1.5, 0.5]},
								"down": {"uv": [2, 17.5], "uv_size": [1, -1.5]}
							}
						},
						{
							"origin": [-0.45313, -1.48419, 1.23064],
							"size": [0.90625, 0.57813, 1],
							"uv": {
								"east": {"uv": [12, 23], "uv_size": [1, 0.5]},
								"west": {"uv": [23, 12], "uv_size": [1, 0.5]},
								"up": {"uv": [18, 17], "uv_size": [1, 1]}
							}
						},
						{
							"origin": [-0.45313, -0.53035, 1.11019],
							"size": [0.90625, 0.0625, 0.125],
							"pivot": [0, -0.75691, 0.73519],
							"rotation": [-45, 0, 0],
							"uv": {
								"east": {"uv": [14, 26], "uv_size": [0.5, 0.5]},
								"west": {"uv": [26, 14], "uv_size": [0.5, 0.5]},
								"up": {"uv": [13, 23], "uv_size": [1, 0.5]}
							}
						},
						{
							"origin": [-0.45313, -0.60847, 2.51644],
							"size": [0.90625, 0.0625, 0.125],
							"pivot": [0, -0.83503, 2.14144],
							"rotation": [-45, 0, 0],
							"uv": {
								"east": {"uv": [15, 26], "uv_size": [0.5, 0.5]},
								"west": {"uv": [26, 15], "uv_size": [0.5, 0.5]},
								"up": {"uv": [23, 13], "uv_size": [1, 0.5]}
							}
						},
						{
							"origin": [-0.45313, -0.68803, 1.64144],
							"size": [0.90625, 0.0625, 0.125],
							"pivot": [0, -0.9146, 2.14144],
							"rotation": [-135, 0, 0],
							"uv": {
								"east": {"uv": [16, 26], "uv_size": [0.5, 0.5]},
								"west": {"uv": [26, 16], "uv_size": [0.5, 0.5]},
								"up": {"uv": [14, 23], "uv_size": [1, 0.5]}
							}
						},
						{
							"origin": [-0.45313, -0.62699, 4.36454],
							"size": [0.90625, 0.0625, 0.125],
							"pivot": [0, -0.89825, 4.81984],
							"rotation": [45, 0, 0],
							"uv": {
								"east": {"uv": [17, 26], "uv_size": [0.5, 0.5]},
								"west": {"uv": [26, 17], "uv_size": [0.5, 0.5]},
								"up": {"uv": [23, 14], "uv_size": [1, 0.5]}
							}
						},
						{
							"origin": [-0.45313, -0.58011, 5.15014],
							"size": [0.90625, 0.0625, 0.125],
							"pivot": [0, -0.85138, 4.81984],
							"rotation": [135, 0, 0],
							"uv": {
								"east": {"uv": [18, 26], "uv_size": [0.5, 0.5]},
								"west": {"uv": [26, 18], "uv_size": [0.5, 0.5]},
								"up": {"uv": [15, 23], "uv_size": [1, 0.5]}
							}
						},
						{
							"origin": [-0.45313, -0.54886, 2.27079],
							"size": [0.90625, 0.0625, 0.125],
							"pivot": [0, -0.82013, 2.72609],
							"rotation": [45, 0, 0],
							"uv": {
								"east": {"uv": [19, 26], "uv_size": [0.5, 0.5]},
								"west": {"uv": [26, 19], "uv_size": [0.5, 0.5]},
								"up": {"uv": [23, 15], "uv_size": [1, 0.5]}
							}
						}
					]
				},
				{
					"name": "bone3",
					"parent": "stock",
					"pivot": [0, -1.10919, 1.04314],
					"cubes": [
						{
							"origin": [-0.5625, -1.42169, 0.35564],
							"size": [1.125, 0.5, 1.875],
							"uv": {
								"north": {"uv": [16, 23], "uv_size": [1, 0.5]},
								"east": {"uv": [18, 18], "uv_size": [2, 0.5]},
								"west": {"uv": [19, 0], "uv_size": [2, 0.5]},
								"up": {"uv": [7, 13], "uv_size": [1, 2]}
							}
						},
						{
							"origin": [-0.5625, -1.73419, 2.23064],
							"size": [1.125, 0.5625, 0.4375],
							"uv": {
								"east": {"uv": [20, 26], "uv_size": [0.5, 0.5]},
								"south": {"uv": [23, 16], "uv_size": [1, 0.5]},
								"west": {"uv": [26, 20], "uv_size": [0.5, 0.5]}
							}
						},
						{
							"origin": [-0.59375, -1.60919, 2.10564],
							"size": [1.1875, 0.35938, 0.28125],
							"uv": {
								"north": {"uv": [17, 23], "uv_size": [1, 0.5]},
								"east": {"uv": [21, 26], "uv_size": [0.5, 0.5]},
								"south": {"uv": [23, 17], "uv_size": [1, 0.5]},
								"west": {"uv": [26, 21], "uv_size": [0.5, 0.5]}
							}
						},
						{
							"origin": [-0.625, -1.367, 2.18377],
							"size": [1.25, 0.125, 0.125],
							"pivot": [0, -1.3045, 2.24627],
							"rotation": [-45, 0, 0],
							"uv": {
								"north": {"uv": [20, 7], "uv_size": [1.5, 0.5]},
								"east": {"uv": [22, 26], "uv_size": [0.5, 0.5]},
								"south": {"uv": [20, 8], "uv_size": [1.5, 0.5]},
								"west": {"uv": [26, 22], "uv_size": [0.5, 0.5]},
								"up": {"uv": [20, 9], "uv_size": [1.5, 0.5]},
								"down": {"uv": [20, 11.5], "uv_size": [1.5, -0.5]}
							}
						},
						{
							"origin": [-0.59375, -1.68731, 2.18377],
							"size": [1.1875, 0.07812, 0.125],
							"uv": {
								"east": {"uv": [23, 26], "uv_size": [0.5, 0.5]},
								"west": {"uv": [26, 23], "uv_size": [0.5, 0.5]},
								"down": {"uv": [18, 23.5], "uv_size": [1, -0.5]}
							}
						},
						{
							"origin": [-0.59375, -1.24981, 2.18377],
							"size": [1.1875, 0.07812, 0.125],
							"uv": {
								"east": {"uv": [24, 26], "uv_size": [0.5, 0.5]},
								"west": {"uv": [26, 24], "uv_size": [0.5, 0.5]},
								"up": {"uv": [23, 18], "uv_size": [1, 0.5]}
							}
						},
						{
							"origin": [-0.59375, -1.20144, 2.26284],
							"size": [1.1875, 0.0625, 0.11048],
							"pivot": [0, -1.21075, 2.24627],
							"rotation": [-45, 0, 0],
							"uv": {
								"east": {"uv": [25, 26], "uv_size": [0.5, 0.5]},
								"west": {"uv": [26, 25], "uv_size": [0.5, 0.5]},
								"up": {"uv": [19, 23], "uv_size": [1, 0.5]}
							}
						},
						{
							"origin": [-0.59375, -1.60121, 2.13483],
							"size": [1.1875, 0.0625, 0.11049],
							"pivot": [0, -1.62616, 2.24626],
							"rotation": [-135, 0, 0],
							"uv": {
								"east": {"uv": [26, 26], "uv_size": [0.5, 0.5]},
								"west": {"uv": [0, 27], "uv_size": [0.5, 0.5]},
								"up": {"uv": [23, 19], "uv_size": [1, 0.5]}
							}
						},
						{
							"origin": [-0.59375, -1.60121, 2.24721],
							"size": [1.1875, 0.0625, 0.11049],
							"pivot": [0, -1.62616, 2.24626],
							"rotation": [135, 0, 0],
							"uv": {
								"east": {"uv": [27, 0], "uv_size": [0.5, 0.5]},
								"west": {"uv": [1, 27], "uv_size": [0.5, 0.5]},
								"up": {"uv": [20, 23], "uv_size": [1, 0.5]}
							}
						},
						{
							"origin": [-0.59375, -1.2641, 2.11156],
							"size": [1.1875, 0.0625, 0.11048],
							"pivot": [0, -1.23285, 2.1668],
							"rotation": [45, 0, 0],
							"uv": {
								"east": {"uv": [27, 1], "uv_size": [0.5, 0.5]},
								"west": {"uv": [2, 27], "uv_size": [0.5, 0.5]},
								"up": {"uv": [23, 20], "uv_size": [1, 0.5]}
							}
						},
						{
							"origin": [-0.5625, -1.51511, 2.57247],
							"size": [1.125, 0.5039, 0.25],
							"pivot": [0, -1.47638, 2.44939],
							"rotation": [60.25, 0, 0],
							"uv": {
								"east": {"uv": [27, 2], "uv_size": [0.5, 0.5]},
								"south": {"uv": [21, 23], "uv_size": [1, 0.5]},
								"west": {"uv": [3, 27], "uv_size": [0.5, 0.5]}
							}
						},
						{
							"origin": [-0.3125, -1.67169, 0.35564],
							"size": [0.625, 0.25, 1.875],
							"uv": {
								"north": {"uv": [27, 3], "uv_size": [0.5, 0.5]},
								"east": {"uv": [19, 1], "uv_size": [2, 0.5]},
								"south": {"uv": [4, 27], "uv_size": [0.5, 0.5]},
								"west": {"uv": [19, 3], "uv_size": [2, 0.5]},
								"up": {"uv": [0, 19], "uv_size": [0.5, 2]},
								"down": {"uv": [5, 21], "uv_size": [0.5, -2]}
							}
						},
						{
							"origin": [-0.56564, -1.67927, 0.35564],
							"size": [0.35355, 0.25, 1.875],
							"pivot": [-0.25314, -1.55427, 1.29314],
							"rotation": [0, 0, 45],
							"uv": {
								"north": {"uv": [27, 4], "uv_size": [0.5, 0.5]},
								"east": {"uv": [19, 5], "uv_size": [2, 0.5]},
								"south": {"uv": [5, 27], "uv_size": [0.5, 0.5]},
								"west": {"uv": [6, 19], "uv_size": [2, 0.5]},
								"up": {"uv": [8, 19], "uv_size": [0.5, 2]},
								"down": {"uv": [19, 10], "uv_size": [0.5, -2]}
							}
						},
						{
							"origin": [0.04284, -2.22542, 1.29117],
							"size": [0.35355, 0.25, 1.5625],
							"pivot": [0.17456, -1.89862, 2.22867],
							"rotation": [-26.341, -23.92746, -39.32269],
							"uv": {
								"north": {"uv": [27, 5], "uv_size": [0.5, 0.5]},
								"east": {"uv": [20, 12], "uv_size": [1.5, 0.5]},
								"south": {"uv": [6, 27], "uv_size": [0.5, 0.5]},
								"west": {"uv": [20, 13], "uv_size": [1.5, 0.5]},
								"up": {"uv": [10, 20], "uv_size": [0.5, 1.5]},
								"down": {"uv": [20, 15.5], "uv_size": [0.5, -1.5]}
							}
						},
						{
							"origin": [0.21209, -1.67927, 0.35564],
							"size": [0.35355, 0.25, 1.875],
							"pivot": [0.25314, -1.55427, 1.29314],
							"rotation": [0, 0, -45],
							"uv": {
								"north": {"uv": [27, 6], "uv_size": [0.5, 0.5]},
								"down": {"uv": [9, 21], "uv_size": [0.5, -2]}
							}
						},
						{
							"origin": [-0.5625, -1.97284, 1.29117],
							"size": [1.125, 0.29687, 1.5625],
							"pivot": [-0.17456, -1.89862, 2.22867],
							"rotation": [-35, 0, 0],
							"uv": {
								"east": {"uv": [16, 20], "uv_size": [1.5, 0.5]},
								"south": {"uv": [23, 21], "uv_size": [1, 0.5]},
								"west": {"uv": [20, 16], "uv_size": [1.5, 0.5]}
							}
						},
						{
							"origin": [-0.5625, -1.67597, 1.29117],
							"size": [1.125, 0.25, 1.3125],
							"pivot": [-0.17456, -1.89862, 2.22867],
							"rotation": [-35, 0, 0],
							"uv": {
								"east": {"uv": [18, 20], "uv_size": [1.5, 0.5]},
								"west": {"uv": [20, 18], "uv_size": [1.5, 0.5]},
								"up": {"uv": [4, 16], "uv_size": [1, 1.5]}
							}
						},
						{
							"origin": [-0.5625, -1.57514, 2.93398],
							"size": [1.125, 0.25, 0.35356],
							"pivot": [0, -1.45014, 2.63129],
							"rotation": [-80, 0, 0],
							"uv": {
								"east": {"uv": [7, 27], "uv_size": [0.5, 0.5]},
								"west": {"uv": [27, 7], "uv_size": [0.5, 0.5]},
								"up": {"uv": [22, 23], "uv_size": [1, 0.5]}
							}
						},
						{
							"origin": [-0.3125, -2.22284, 1.29117],
							"size": [0.625, 0.25, 1.5625],
							"pivot": [-0.17456, -1.89862, 2.22867],
							"rotation": [-35, 0, 0],
							"uv": {
								"north": {"uv": [8, 27], "uv_size": [0.5, 0.5]},
								"east": {"uv": [20, 19], "uv_size": [1.5, 0.5]},
								"south": {"uv": [27, 8], "uv_size": [0.5, 0.5]},
								"west": {"uv": [20, 20], "uv_size": [1.5, 0.5]},
								"up": {"uv": [0, 21], "uv_size": [0.5, 1.5]},
								"down": {"uv": [21, 1.5], "uv_size": [0.5, -1.5]}
							}
						},
						{
							"origin": [-0.39639, -2.22542, 1.29117],
							"size": [0.35355, 0.25, 1.5625],
							"pivot": [-0.17456, -1.89862, 2.22867],
							"rotation": [-26.341, 23.92746, 39.32269],
							"uv": {
								"north": {"uv": [9, 27], "uv_size": [0.5, 0.5]},
								"east": {"uv": [1, 21], "uv_size": [1.5, 0.5]},
								"south": {"uv": [27, 9], "uv_size": [0.5, 0.5]},
								"west": {"uv": [3, 21], "uv_size": [1.5, 0.5]},
								"up": {"uv": [5, 21], "uv_size": [0.5, 1.5]},
								"down": {"uv": [21, 6.5], "uv_size": [0.5, -1.5]}
							}
						}
					]
				},
				{
					"name": "bone4",
					"parent": "stock",
					"pivot": [0, -1.10919, 1.04314],
					"cubes": [
						{
							"origin": [-1.47729, 0.5547, 5.98021],
							"size": [0.125, 0.10937, 0.17678],
							"pivot": [0.57843, 0.65138, 4.01288],
							"rotation": [0, 45, 45],
							"uv": {
								"east": {"uv": [10, 27], "uv_size": [0.5, 0.5]},
								"up": {"uv": [27, 10], "uv_size": [0.5, 0.5]}
							}
						},
						{
							"origin": [0.57855, 0.65896, 1.04314],
							"size": [0.21392, 0.10938, 5.93947],
							"pivot": [0.42138, 0.62821, 1.04314],
							"rotation": [0, 0, 45],
							"uv": {
								"north": {"uv": [11, 27], "uv_size": [0.5, 0.5]},
								"south": {"uv": [27, 11], "uv_size": [0.5, 0.5]},
								"up": {"uv": [10, 0], "uv_size": [0.5, 6]}
							}
						},
						{
							"origin": [0.45355, 0.65896, 1.16814],
							"size": [0.125, 0.10938, 5.68947],
							"pivot": [0.42138, 0.62821, 1.04314],
							"rotation": [0, 0, 45],
							"uv": {
								"east": {"uv": [10, 8], "uv_size": [5.5, 0.5]},
								"up": {"uv": [10, 9], "uv_size": [0.5, 5.5]}
							}
						},
						{
							"origin": [0.39853, 0.18701, 5.48064],
							"size": [0.38182, 0.10937, 1.50197],
							"pivot": [0.71103, 0.1062, 1.04314],
							"rotation": [0, 0, 70],
							"uv": {
								"south": {"uv": [12, 27], "uv_size": [0.5, 0.5]},
								"up": {"uv": [6, 21], "uv_size": [0.5, 1.5]}
							}
						},
						{
							"origin": [0.91372, -0.03407, 5.3999],
							"size": [0.1875, 0.10938, 1.5625],
							"pivot": [0.91372, 0.05968, 6.1499],
							"rotation": [0, -16, 70],
							"uv": {
								"west": {"uv": [21, 3], "uv_size": [1.5, 0.5]},
								"up": {"uv": [7, 21], "uv_size": [0.5, 1.5]}
							}
						},
						{
							"origin": [0.66372, -0.03407, 5.3999],
							"size": [0.25, 0.10938, 0.9375],
							"pivot": [0.91372, 0.05968, 6.1499],
							"rotation": [0, -16, 70],
							"uv": {
								"up": {"uv": [23, 22], "uv_size": [0.5, 1]}
							}
						},
						{
							"origin": [0.39853, 0.18701, 2.04314],
							"size": [0.8125, 0.10937, 3.4375],
							"pivot": [0.71103, 0.1062, 1.04314],
							"rotation": [0, 0, 70],
							"uv": {
								"west": {"uv": [13, 12], "uv_size": [3.5, 0.5]},
								"up": {"uv": [6, 0], "uv_size": [1, 3.5]}
							}
						},
						{
							"origin": [0.39853, 0.18701, 1.04957],
							"size": [0.23887, 0.10937, 0.99357],
							"pivot": [0.71103, 0.1062, 1.04314],
							"rotation": [0, 0, 70],
							"uv": {
								"north": {"uv": [27, 12], "uv_size": [0.5, 0.5]},
								"up": {"uv": [23, 23], "uv_size": [0.5, 1]}
							}
						},
						{
							"origin": [0.65633, 0.24834, 1.5945],
							"size": [0.25, 0.10938, 0.7254],
							"pivot": [0.81093, 0.34209, 1.54314],
							"rotation": [0, 30, 70],
							"uv": {
								"up": {"uv": [13, 27], "uv_size": [0.5, 0.5]}
							}
						},
						{
							"origin": [0.90633, 0.24834, 1.17263],
							"size": [0.25, 0.10938, 1.14727],
							"pivot": [0.81093, 0.34209, 1.54314],
							"rotation": [0, 30, 70],
							"uv": {
								"west": {"uv": [0, 24], "uv_size": [1, 0.5]},
								"up": {"uv": [24, 0], "uv_size": [0.5, 1]}
							}
						},
						{
							"origin": [0.54718, 0.52345, 1.06145],
							"size": [0.125, 0.10937, 0.17677],
							"pivot": [0.60968, 0.62013, 1.14983],
							"rotation": [0, -45, 45],
							"uv": {
								"east": {"uv": [27, 13], "uv_size": [0.5, 0.5]},
								"up": {"uv": [14, 27], "uv_size": [0.5, 0.5]}
							}
						},
						{
							"origin": [1.35229, 0.5547, 5.98021],
							"size": [0.125, 0.10937, 0.17678],
							"pivot": [-0.57843, 0.65138, 4.01288],
							"rotation": [0, -45, -45],
							"uv": {
								"west": {"uv": [27, 14], "uv_size": [0.5, 0.5]},
								"up": {"uv": [15, 27], "uv_size": [0.5, 0.5]}
							}
						},
						{
							"origin": [-0.79247, 0.65896, 1.04314],
							"size": [0.21392, 0.10938, 5.93947],
							"pivot": [-0.42138, 0.62821, 1.04314],
							"rotation": [0, 0, -45],
							"uv": {
								"north": {"uv": [27, 15], "uv_size": [0.5, 0.5]},
								"south": {"uv": [16, 27], "uv_size": [0.5, 0.5]},
								"up": {"uv": [4, 10], "uv_size": [0.5, 6]}
							}
						},
						{
							"origin": [-0.57855, 0.65896, 1.16814],
							"size": [0.125, 0.10938, 5.68947],
							"pivot": [-0.42138, 0.62821, 1.04314],
							"rotation": [0, 0, -45],
							"uv": {
								"west": {"uv": [11, 0], "uv_size": [5.5, 0.5]},
								"up": {"uv": [1, 11], "uv_size": [0.5, 5.5]}
							}
						},
						{
							"origin": [-0.78035, 0.18701, 5.48064],
							"size": [0.38182, 0.10937, 1.50197],
							"pivot": [-0.71103, 0.1062, 1.04314],
							"rotation": [0, 0, -70],
							"uv": {
								"south": {"uv": [27, 16], "uv_size": [0.5, 0.5]},
								"up": {"uv": [8, 21], "uv_size": [0.5, 1.5]}
							}
						},
						{
							"origin": [-1.10122, -0.03407, 5.3999],
							"size": [0.1875, 0.10938, 1.5625],
							"pivot": [-0.91372, 0.05968, 6.1499],
							"rotation": [0, 16, -70],
							"uv": {
								"east": {"uv": [21, 10], "uv_size": [1.5, 0.5]},
								"up": {"uv": [9, 21], "uv_size": [0.5, 1.5]}
							}
						},
						{
							"origin": [-0.91372, -0.03407, 5.3999],
							"size": [0.25, 0.10938, 0.9375],
							"pivot": [-0.91372, 0.05968, 6.1499],
							"rotation": [0, 16, -70],
							"uv": {
								"up": {"uv": [1, 24], "uv_size": [0.5, 1]}
							}
						},
						{
							"origin": [-1.21103, 0.18701, 2.04314],
							"size": [0.8125, 0.10937, 3.4375],
							"pivot": [-0.71103, 0.1062, 1.04314],
							"rotation": [0, 0, -70],
							"uv": {
								"east": {"uv": [13, 13], "uv_size": [3.5, 0.5]},
								"up": {"uv": [3, 8], "uv_size": [1, 3.5]}
							}
						},
						{
							"origin": [-0.6374, 0.18701, 1.04957],
							"size": [0.23887, 0.10937, 0.99357],
							"pivot": [-0.71103, 0.1062, 1.04314],
							"rotation": [0, 0, -70],
							"uv": {
								"north": {"uv": [17, 27], "uv_size": [0.5, 0.5]},
								"up": {"uv": [24, 1], "uv_size": [0.5, 1]}
							}
						},
						{
							"origin": [-0.90633, 0.24834, 1.5945],
							"size": [0.25, 0.10938, 0.7254],
							"pivot": [-0.81093, 0.34209, 1.54314],
							"rotation": [0, -30, -70],
							"uv": {
								"up": {"uv": [27, 17], "uv_size": [0.5, 0.5]}
							}
						},
						{
							"origin": [-1.15633, 0.24834, 1.17263],
							"size": [0.25, 0.10938, 1.14727],
							"pivot": [-0.81093, 0.34209, 1.54314],
							"rotation": [0, -30, -70],
							"uv": {
								"east": {"uv": [2, 24], "uv_size": [1, 0.5]},
								"up": {"uv": [24, 2], "uv_size": [0.5, 1]}
							}
						},
						{
							"origin": [-0.67218, 0.52345, 1.06145],
							"size": [0.125, 0.10937, 0.17677],
							"pivot": [-0.60968, 0.62013, 1.14983],
							"rotation": [0, 45, -45],
							"uv": {
								"west": {"uv": [18, 27], "uv_size": [0.5, 0.5]},
								"up": {"uv": [27, 18], "uv_size": [0.5, 0.5]}
							}
						}
					]
				},
				{
					"name": "bone8",
					"parent": "stock",
					"pivot": [0.94444, -1.51413, 6.90822],
					"rotation": [-30, 0, 0],
					"cubes": [
						{
							"origin": [-0.0625, -1.85938, 6.43436],
							"size": [1, 0.5, 0.5],
							"pivot": [0.54687, -1.83034, 6.90847],
							"rotation": [-45, 0, 0],
							"uv": {
								"north": {"uv": [3, 24], "uv_size": [1, 0.5]},
								"east": {"uv": [19, 27], "uv_size": [0.5, 0.5]},
								"south": {"uv": [24, 3], "uv_size": [1, 0.5]},
								"west": {"uv": [27, 19], "uv_size": [0.5, 0.5]},
								"up": {"uv": [4, 24], "uv_size": [1, 0.5]},
								"down": {"uv": [24, 4.5], "uv_size": [1, -0.5]}
							}
						},
						{
							"origin": [0.5625, -1.57812, 6.21875],
							"size": [0.1875, 0.1875, 1.375],
							"uv": {
								"east": {"uv": [11, 21], "uv_size": [1.5, 0.5]},
								"west": {"uv": [13, 21], "uv_size": [1.5, 0.5]},
								"up": {"uv": [21, 14], "uv_size": [0.5, 1.5]},
								"down": {"uv": [15, 22.5], "uv_size": [0.5, -1.5]}
							}
						},
						{
							"origin": [0.5625, -1.22235, 7.08211],
							"size": [0.1875, 0.1875, 0.3125],
							"pivot": [0.54687, -1.83034, 6.90847],
							"rotation": [-45, 0, 0],
							"uv": {
								"east": {"uv": [20, 27], "uv_size": [0.5, 0.5]},
								"west": {"uv": [27, 20], "uv_size": [0.5, 0.5]},
								"up": {"uv": [21, 27], "uv_size": [0.5, 0.5]},
								"down": {"uv": [27, 21.5], "uv_size": [0.5, -0.5]}
							}
						},
						{
							"origin": [0.5625, -1.1116, 6.68973],
							"size": [0.1875, 0.1875, 0.4375],
							"pivot": [0.54687, -1.83034, 6.90847],
							"rotation": [-90, 0, 0],
							"uv": {
								"east": {"uv": [22, 27], "uv_size": [0.5, 0.5]},
								"west": {"uv": [27, 22], "uv_size": [0.5, 0.5]},
								"up": {"uv": [23, 27], "uv_size": [0.5, 0.5]},
								"down": {"uv": [27, 23.5], "uv_size": [0.5, -0.5]}
							}
						},
						{
							"origin": [0.5625, -2.62898, 7.08525],
							"size": [0.1875, 0.1875, 0.3125],
							"pivot": [0.54687, -1.83034, 6.90847],
							"rotation": [-135, 0, 0],
							"uv": {
								"east": {"uv": [24, 27], "uv_size": [0.5, 0.5]},
								"west": {"uv": [27, 24], "uv_size": [0.5, 0.5]},
								"up": {"uv": [25, 27], "uv_size": [0.5, 0.5]},
								"down": {"uv": [27, 25.5], "uv_size": [0.5, -0.5]}
							}
						},
						{
							"origin": [0.5625, -2.73659, 6.68972],
							"size": [0.1875, 0.1875, 0.4375],
							"pivot": [0.54687, -1.83034, 6.90847],
							"rotation": [-90, 0, 0],
							"uv": {
								"east": {"uv": [26, 27], "uv_size": [0.5, 0.5]},
								"west": {"uv": [27, 26], "uv_size": [0.5, 0.5]},
								"up": {"uv": [27, 27], "uv_size": [0.5, 0.5]},
								"down": {"uv": [0, 28.5], "uv_size": [0.5, -0.5]}
							}
						},
						{
							"origin": [0.5625, -2.62898, 7.08525],
							"size": [0.1875, 0.1875, 0.3125],
							"pivot": [0.54687, -1.83034, 6.90847],
							"rotation": [45, 0, 0],
							"uv": {
								"east": {"uv": [28, 0], "uv_size": [0.5, 0.5]},
								"west": {"uv": [1, 28], "uv_size": [0.5, 0.5]},
								"up": {"uv": [28, 1], "uv_size": [0.5, 0.5]},
								"down": {"uv": [2, 28.5], "uv_size": [0.5, -0.5]}
							}
						},
						{
							"origin": [0.5625, -1.57812, 6.21876],
							"size": [0.1875, 0.1875, 1.375],
							"pivot": [0.54687, -1.83034, 6.90847],
							"rotation": [180, 0, 0],
							"uv": {
								"east": {"uv": [16, 21], "uv_size": [1.5, 0.5]},
								"west": {"uv": [21, 17], "uv_size": [1.5, 0.5]},
								"up": {"uv": [18, 21], "uv_size": [0.5, 1.5]},
								"down": {"uv": [19, 22.5], "uv_size": [0.5, -1.5]}
							}
						},
						{
							"origin": [0.5625, -1.22235, 7.08211],
							"size": [0.1875, 0.1875, 0.3125],
							"pivot": [0.54687, -1.83034, 6.90847],
							"rotation": [135, 0, 0],
							"uv": {
								"east": {"uv": [28, 2], "uv_size": [0.5, 0.5]},
								"west": {"uv": [3, 28], "uv_size": [0.5, 0.5]},
								"up": {"uv": [28, 3], "uv_size": [0.5, 0.5]},
								"down": {"uv": [4, 28.5], "uv_size": [0.5, -0.5]}
							}
						}
					]
				},
				{
					"name": "bone9",
					"parent": "stock",
					"pivot": [0, -1.10919, 1.04314],
					"cubes": [
						{
							"origin": [-0.04453, 0.97234, 8.11656],
							"size": [0.375, 0.375, 0.53033],
							"pivot": [0.14297, 0.79473, 8.08439],
							"rotation": [-90, 0, -45],
							"uv": {
								"west": {"uv": [28, 4], "uv_size": [0.5, 0.5]},
								"up": {"uv": [5, 28], "uv_size": [0.5, 0.5]}
							}
						},
						{
							"origin": [0.48727, -0.02156, 7.39689],
							"size": [0.5, 0.375, 0.75],
							"pivot": [0.73727, -0.19918, 8.08439],
							"rotation": [-90, 0, -25],
							"uv": {
								"west": {"uv": [5, 24], "uv_size": [1, 0.5]},
								"up": {"uv": [24, 5], "uv_size": [0.5, 1]}
							}
						},
						{
							"origin": [-0.99026, -0.03505, 8.02189],
							"size": [1.98052, 0.375, 0.3125],
							"pivot": [-0.80276, -0.21267, 8.08439],
							"rotation": [-90, 0, 0],
							"uv": {
								"east": {"uv": [28, 5], "uv_size": [0.5, 0.5]},
								"west": {"uv": [6, 28], "uv_size": [0.5, 0.5]},
								"up": {"uv": [19, 6], "uv_size": [2, 0.5]}
							}
						},
						{
							"origin": [-0.55695, 0.40053, 7.16079],
							"size": [0.67973, 0.375, 1.34659],
							"pivot": [-0.2503, 0.22292, 8.08439],
							"rotation": [-90, 0, 90],
							"uv": {
								"up": {"uv": [20, 21], "uv_size": [0.5, 1.5]}
							}
						},
						{
							"origin": [-0.86945, 0.46303, 7.53579],
							"size": [0.375, 0.375, 0.59659],
							"pivot": [-0.2503, 0.28542, 8.08439],
							"rotation": [-90, 0, 90],
							"uv": {
								"east": {"uv": [28, 6], "uv_size": [0.5, 0.5]},
								"up": {"uv": [7, 28], "uv_size": [0.5, 0.5]}
							}
						},
						{
							"origin": [-0.98727, -0.02156, 7.39689],
							"size": [0.5, 0.375, 0.75],
							"pivot": [-0.73727, -0.19918, 8.08439],
							"rotation": [-90, 0, 25],
							"uv": {
								"east": {"uv": [6, 24], "uv_size": [1, 0.5]},
								"up": {"uv": [24, 6], "uv_size": [0.5, 1]}
							}
						},
						{
							"origin": [-0.33047, 0.97234, 8.11656],
							"size": [0.375, 0.375, 0.53033],
							"pivot": [-0.14297, 0.79473, 8.08439],
							"rotation": [-90, 0, 45],
							"uv": {
								"east": {"uv": [28, 7], "uv_size": [0.5, 0.5]},
								"up": {"uv": [8, 28], "uv_size": [0.5, 0.5]}
							}
						},
						{
							"origin": [-0.99026, 1.03994, 9.48344],
							"size": [1.98052, 0.375, 0.26563],
							"pivot": [-0.80276, 0.86232, 8.24907],
							"rotation": [-97.5, 0, 0],
							"uv": {
								"east": {"uv": [28, 8], "uv_size": [0.5, 0.5]},
								"west": {"uv": [9, 28], "uv_size": [0.5, 0.5]},
								"up": {"uv": [19, 10], "uv_size": [2, 0.5]}
							}
						},
						{
							"origin": [0.20312, -2.55982, 5.52515],
							"size": [0.5, 0.375, 2.4375],
							"pivot": [-0.0625, -2.73743, 7.77515],
							"rotation": [-97.43656, 0.9762, 7.43656],
							"uv": {
								"west": {"uv": [16, 16], "uv_size": [2.5, 0.5]},
								"up": {"uv": [17, 0], "uv_size": [0.5, 2.5]}
							}
						},
						{
							"origin": [-0.70312, -3.18549, 3.50554],
							"size": [1.40624, 0.375, 4.19331],
							"pivot": [0, -3.98811, 6.9801],
							"rotation": [-97.5, 0, 0],
							"uv": {
								"east": {"uv": [13, 10], "uv_size": [4, 0.5]},
								"west": {"uv": [13, 11], "uv_size": [4, 0.5]},
								"up": {"uv": [2, 4], "uv_size": [1.5, 4]}
							}
						},
						{
							"origin": [-0.70313, -2.55982, 5.52515],
							"size": [0.5, 0.375, 2.4375],
							"pivot": [0.0625, -2.73743, 7.77515],
							"rotation": [-97.43656, -0.9762, -7.43656],
							"uv": {
								"east": {"uv": [17, 4], "uv_size": [2.5, 0.5]},
								"up": {"uv": [1, 17], "uv_size": [0.5, 2.5]}
							}
						},
						{
							"origin": [-0.70313, -5.66064, 9.01311],
							"size": [1.40625, 0.375, 0.33754],
							"pivot": [0, -4.54433, 8.79834],
							"rotation": [-90, 0, 0],
							"uv": {
								"east": {"uv": [28, 9], "uv_size": [0.5, 0.5]},
								"west": {"uv": [10, 28], "uv_size": [0.5, 0.5]},
								"up": {"uv": [21, 21], "uv_size": [1.5, 0.5]}
							}
						},
						{
							"origin": [0.14686, -4.87449, 7.48589],
							"size": [0.44194, 0.375, 0.25],
							"pivot": [-0.0625, -5.25209, 7.30443],
							"rotation": [-90, 0, -45],
							"uv": {
								"south": {"uv": [28, 10], "uv_size": [0.5, 0.5]},
								"up": {"uv": [11, 28], "uv_size": [0.5, 0.5]}
							}
						},
						{
							"origin": [-0.39063, -5.66064, 9.34906],
							"size": [0.78125, 0.375, 0.31409],
							"pivot": [0, -4.54433, 8.79834],
							"rotation": [-90, 0, 0],
							"uv": {
								"south": {"uv": [7, 24], "uv_size": [1, 0.5]},
								"up": {"uv": [24, 7], "uv_size": [1, 0.5]}
							}
						},
						{
							"origin": [-0.5888, -4.87449, 7.48589],
							"size": [0.44194, 0.375, 0.25],
							"pivot": [0.0625, -5.25209, 7.30443],
							"rotation": [-90, 0, 45],
							"uv": {
								"south": {"uv": [28, 11], "uv_size": [0.5, 0.5]},
								"up": {"uv": [12, 28], "uv_size": [0.5, 0.5]}
							}
						}
					]
				}
			]
		}
	]
}