{
	"format_version": "1.12.0",
	"minecraft:geometry": [
		{
			"description": {
				"identifier": "geometry.unknown",
				"texture_width": 32,
				"texture_height": 32,
				"visible_bounds_width": 4,
				"visible_bounds_height": 4,
				"visible_bounds_offset": [0, 1, 0]
			},
			"bones": [
				{
					"name": "stock_default",
					"pivot": [0, -1.46875, -0.375]
				},
				{
					"name": "bone18",
					"parent": "stock_default",
					"pivot": [0, -1.46875, 3.6875],
					"cubes": [
						{
							"origin": [-1, -0.28125, 2.4375],
							"size": [0.125, 1.0625, 6.5],
							"uv": {
								"north": {"uv": [24, 6], "uv_size": [0.5, 1]},
								"east": {"uv": [4, 2], "uv_size": [6.5, 1]},
								"south": {"uv": [18, 27], "uv_size": [0.5, 1]},
								"west": {"uv": [4, 3], "uv_size": [6.5, 1]}
							}
						},
						{
							"origin": [-1, -0.72568, 7.86455],
							"size": [0.125, 0.6875, 0.97227],
							"inflate": -0.001,
							"pivot": [-0.9375, -0.38193, 8.35068],
							"rotation": [45, 0, 0],
							"uv": {
								"east": {"uv": [27, 18], "uv_size": [1, 0.5]},
								"west": {"uv": [27, 19], "uv_size": [1, 0.5]},
								"down": {"uv": [20, 28], "uv_size": [0.5, -1]}
							}
						},
						{
							"origin": [-1, -0.96875, 3.125],
							"size": [0.125, 0.6875, 5.125],
							"uv": {
								"east": {"uv": [15, 13], "uv_size": [5, 0.5]},
								"west": {"uv": [15, 14], "uv_size": [5, 0.5]},
								"down": {"uv": [15, 20], "uv_size": [0.5, -5]}
							}
						},
						{
							"origin": [-1, -2.19389, 1.93003],
							"size": [0.125, 0.6875, 0.97227],
							"inflate": -0.001,
							"pivot": [-0.9375, -1.85014, 4.49253],
							"rotation": [-45, 0, 0],
							"uv": {
								"east": {"uv": [21, 27], "uv_size": [1, 0.5]},
								"west": {"uv": [27, 21], "uv_size": [1, 0.5]},
								"down": {"uv": [22, 28], "uv_size": [0.5, -1]}
							}
						},
						{
							"origin": [0.875, -0.28125, 2.4375],
							"size": [0.125, 1.0625, 6.5],
							"uv": {
								"north": {"uv": [27, 22], "uv_size": [0.5, 1]},
								"east": {"uv": [4, 4], "uv_size": [6.5, 1]},
								"south": {"uv": [24, 27], "uv_size": [0.5, 1]},
								"west": {"uv": [4, 5], "uv_size": [6.5, 1]}
							}
						},
						{
							"origin": [0.875, -0.96875, 3.125],
							"size": [0.125, 0.6875, 5.125],
							"uv": {
								"east": {"uv": [16, 0], "uv_size": [5, 0.5]},
								"west": {"uv": [16, 1], "uv_size": [5, 0.5]},
								"down": {"uv": [4, 21], "uv_size": [0.5, -5]}
							}
						},
						{
							"origin": [0.875, -0.72568, 7.86455],
							"size": [0.125, 0.6875, 0.97227],
							"inflate": -0.001,
							"pivot": [0.9375, -0.38193, 8.35068],
							"rotation": [45, 0, 0],
							"uv": {
								"east": {"uv": [27, 24], "uv_size": [1, 0.5]},
								"west": {"uv": [25, 27], "uv_size": [1, 0.5]},
								"down": {"uv": [27, 26], "uv_size": [0.5, -1]}
							}
						},
						{
							"origin": [0.875, -2.19389, 1.93003],
							"size": [0.125, 0.6875, 0.97227],
							"inflate": -0.001,
							"pivot": [0.9375, -1.85014, 4.49253],
							"rotation": [-45, 0, 0],
							"uv": {
								"east": {"uv": [27, 26], "uv_size": [1, 0.5]},
								"west": {"uv": [27, 27], "uv_size": [1, 0.5]},
								"down": {"uv": [1, 29], "uv_size": [0.5, -1]}
							}
						},
						{
							"origin": [0.56185, 0.59976, 2.4375],
							"size": [0.125, 0.875, 6.5],
							"pivot": [0.62435, 1.06851, 5.6875],
							"rotation": [0, 0, -45],
							"uv": {
								"north": {"uv": [2, 28], "uv_size": [0.5, 1]},
								"east": {"uv": [4, 6], "uv_size": [6.5, 1]},
								"south": {"uv": [28, 2], "uv_size": [0.5, 1]},
								"west": {"uv": [0, 7], "uv_size": [6.5, 1]}
							}
						},
						{
							"origin": [0.56185, 1.09976, 8.9375],
							"size": [0.125, 0.375, 0.5],
							"pivot": [0.62435, 1.06851, 5.6875],
							"rotation": [0, 0, -45],
							"uv": {
								"east": {"uv": [24, 28], "uv_size": [0.5, 0.5]},
								"south": {"uv": [28, 24], "uv_size": [0.5, 0.5]},
								"west": {"uv": [25, 28], "uv_size": [0.5, 0.5]}
							}
						},
						{
							"origin": [0.5085, 0.60225, 8.87814],
							"size": [0.125, 0.70711, 0.5],
							"inflate": -0.001,
							"pivot": [0.571, 1.12186, 9.12814],
							"rotation": [-45, 0, -45],
							"uv": {
								"east": {"uv": [28, 25], "uv_size": [0.5, 0.5]},
								"south": {"uv": [26, 28], "uv_size": [0.5, 0.5]},
								"west": {"uv": [28, 26], "uv_size": [0.5, 0.5]}
							}
						},
						{
							"origin": [-0.0625, 0.95619, 2.4375],
							"size": [0.125, 0.76256, 7],
							"pivot": [0, 1.33747, 5.6875],
							"rotation": [0, 0, -90],
							"uv": {
								"north": {"uv": [3, 28], "uv_size": [0.5, 1]},
								"east": {"uv": [0, 0], "uv_size": [7, 1]},
								"south": {"uv": [28, 3], "uv_size": [0.5, 1]},
								"west": {"uv": [0, 1], "uv_size": [7, 1]}
							}
						},
						{
							"origin": [-0.68685, 1.09976, 8.9375],
							"size": [0.125, 0.375, 0.5],
							"pivot": [-0.62435, 1.06851, 5.6875],
							"rotation": [0, 0, 45],
							"uv": {
								"east": {"uv": [27, 28], "uv_size": [0.5, 0.5]},
								"south": {"uv": [28, 27], "uv_size": [0.5, 0.5]},
								"west": {"uv": [28, 28], "uv_size": [0.5, 0.5]}
							}
						},
						{
							"origin": [-0.6335, 0.60225, 8.87814],
							"size": [0.125, 0.70711, 0.5],
							"inflate": -0.001,
							"pivot": [-0.571, 1.12186, 9.12814],
							"rotation": [-45, 0, 45],
							"uv": {
								"east": {"uv": [0, 29], "uv_size": [0.5, 0.5]},
								"south": {"uv": [29, 0], "uv_size": [0.5, 0.5]},
								"west": {"uv": [1, 29], "uv_size": [0.5, 0.5]}
							}
						},
						{
							"origin": [-0.68685, 0.59976, 2.4375],
							"size": [0.125, 0.875, 6.5],
							"pivot": [-0.62435, 1.06851, 5.6875],
							"rotation": [0, 0, 45],
							"uv": {
								"north": {"uv": [4, 28], "uv_size": [0.5, 1]},
								"east": {"uv": [7, 0], "uv_size": [6.5, 1]},
								"south": {"uv": [5, 28], "uv_size": [0.5, 1]},
								"west": {"uv": [7, 1], "uv_size": [6.5, 1]}
							}
						},
						{
							"origin": [0.56185, 0.91226, 2.125],
							"size": [0.125, 0.5625, 0.3125],
							"pivot": [0.62435, 1.06851, 5.6875],
							"rotation": [0, 0, -45],
							"uv": {
								"north": {"uv": [29, 1], "uv_size": [0.5, 0.5]},
								"east": {"uv": [2, 29], "uv_size": [0.5, 0.5]},
								"west": {"uv": [29, 2], "uv_size": [0.5, 0.5]}
							}
						},
						{
							"origin": [0.67456, 0.67456, 2.19286],
							"size": [0.125, 0.44194, 0.3125],
							"inflate": -0.001,
							"pivot": [0.73706, 0.95581, 2.34911],
							"rotation": [45, 0, -45],
							"uv": {
								"north": {"uv": [3, 29], "uv_size": [0.5, 0.5]},
								"east": {"uv": [29, 3], "uv_size": [0.5, 0.5]},
								"west": {"uv": [4, 29], "uv_size": [0.5, 0.5]}
							}
						},
						{
							"origin": [-0.0625, 0.95619, 2.125],
							"size": [0.125, 0.76256, 0.3125],
							"pivot": [0, 1.33747, 5.6875],
							"rotation": [0, 0, -90],
							"uv": {
								"north": {"uv": [28, 5], "uv_size": [0.5, 1]},
								"east": {"uv": [6, 28], "uv_size": [0.5, 1]},
								"west": {"uv": [28, 6], "uv_size": [0.5, 1]}
							}
						},
						{
							"origin": [-0.68685, 0.91226, 2.125],
							"size": [0.125, 0.5625, 0.3125],
							"pivot": [-0.62435, 1.06851, 5.6875],
							"rotation": [0, 0, 45],
							"uv": {
								"north": {"uv": [29, 4], "uv_size": [0.5, 0.5]},
								"east": {"uv": [5, 29], "uv_size": [0.5, 0.5]},
								"west": {"uv": [29, 5], "uv_size": [0.5, 0.5]}
							}
						},
						{
							"origin": [-0.79956, 0.67456, 2.19286],
							"size": [0.125, 0.44194, 0.3125],
							"inflate": -0.001,
							"pivot": [-0.73706, 0.95581, 2.34911],
							"rotation": [45, 0, 45],
							"uv": {
								"north": {"uv": [6, 29], "uv_size": [0.5, 0.5]},
								"east": {"uv": [29, 6], "uv_size": [0.5, 0.5]},
								"west": {"uv": [7, 29], "uv_size": [0.5, 0.5]}
							}
						}
					]
				},
				{
					"name": "bone37",
					"parent": "stock_default",
					"pivot": [0, -1.46875, -0.375],
					"cubes": [
						{
							"origin": [-0.875, -0.28125, -1.375],
							"size": [1.75, 0.6875, 4.125],
							"uv": {
								"north": {"uv": [23, 11], "uv_size": [2, 0.5]},
								"east": {"uv": [0, 19], "uv_size": [4, 0.5]},
								"south": {"uv": [23, 14], "uv_size": [2, 0.5]},
								"west": {"uv": [19, 8], "uv_size": [4, 0.5]}
							}
						},
						{
							"origin": [-0.82647, -0.46236, 2.75],
							"size": [1.65294, 0.75, 6],
							"uv": {
								"north": {"uv": [20, 7], "uv_size": [1.5, 1]},
								"east": {"uv": [0, 9], "uv_size": [6, 1]},
								"south": {"uv": [9, 20], "uv_size": [1.5, 1]},
								"west": {"uv": [6, 9], "uv_size": [6, 1]}
							}
						},
						{
							"origin": [-0.32647, 0.28764, 2.75],
							"size": [0.65294, 0.5, 6],
							"uv": {
								"north": {"uv": [29, 7], "uv_size": [0.5, 0.5]},
								"south": {"uv": [8, 29], "uv_size": [0.5, 0.5]},
								"up": {"uv": [12, 13], "uv_size": [0.5, 6]}
							}
						},
						{
							"origin": [-0.76118, 0.13001, 2.75],
							"size": [0.70711, 0.5, 6],
							"pivot": [-0.38054, 0.38001, 5.75],
							"rotation": [0, 0, -45],
							"uv": {
								"north": {"uv": [29, 8], "uv_size": [0.5, 0.5]},
								"south": {"uv": [9, 29], "uv_size": [0.5, 0.5]},
								"up": {"uv": [13, 14], "uv_size": [0.5, 6]}
							}
						},
						{
							"origin": [0.05407, 0.13001, 2.75],
							"size": [0.70711, 0.5, 6],
							"pivot": [0.38054, 0.38001, 5.75],
							"rotation": [0, 0, 45],
							"uv": {
								"north": {"uv": [29, 9], "uv_size": [0.5, 0.5]},
								"south": {"uv": [10, 29], "uv_size": [0.5, 0.5]},
								"up": {"uv": [14, 14], "uv_size": [0.5, 6]}
							}
						},
						{
							"origin": [-0.66471, -2.47224, 2.48842],
							"size": [1.32942, 0.5, 2.25],
							"inflate": 0.0015,
							"pivot": [0, -2.12849, 4.55092],
							"rotation": [-40, 0, 0],
							"uv": {
								"east": {"uv": [20, 14], "uv_size": [2.5, 0.5]},
								"west": {"uv": [15, 20], "uv_size": [2.5, 0.5]},
								"up": {"uv": [13, 2], "uv_size": [1.5, 2.5]}
							}
						},
						{
							"origin": [-0.66471, -3.41632, 3.86653],
							"size": [1.32942, 0.6875, 2.5625],
							"inflate": 0.001,
							"pivot": [0, -3.07257, 4.89778],
							"rotation": [-72.5, 0, 0],
							"uv": {
								"east": {"uv": [20, 15], "uv_size": [2.5, 0.5]},
								"west": {"uv": [20, 16], "uv_size": [2.5, 0.5]}
							}
						},
						{
							"origin": [-0.66471, -6.05458, 4.06108],
							"size": [1.32942, 0.6875, 0.5625],
							"pivot": [0, -5.71083, 5.34233],
							"rotation": [-90, 0, 0],
							"uv": {
								"east": {"uv": [29, 10], "uv_size": [0.5, 0.5]},
								"south": {"uv": [24, 10], "uv_size": [1.5, 0.5]},
								"west": {"uv": [11, 29], "uv_size": [0.5, 0.5]},
								"up": {"uv": [24, 12], "uv_size": [1.5, 0.5]}
							}
						},
						{
							"origin": [-0.66471, -6.05458, 1.87358],
							"size": [1.32942, 0.6875, 2.1875],
							"pivot": [0, -5.71083, 5.34233],
							"rotation": [-90, 0, 0],
							"uv": {
								"north": {"uv": [25, 8], "uv_size": [1.5, 0.5]},
								"east": {"uv": [23, 15], "uv_size": [2, 0.5]},
								"south": {"uv": [25, 9], "uv_size": [1.5, 0.5]},
								"west": {"uv": [23, 16], "uv_size": [2, 0.5]},
								"up": {"uv": [14, 0], "uv_size": [1.5, 2]},
								"down": {"uv": [15, 4], "uv_size": [1.5, -2]}
							}
						},
						{
							"origin": [-0.66471, -5.36708, 1.87358],
							"size": [1.32942, 2.5625, 0.1875],
							"pivot": [0, -5.71083, 5.34233],
							"rotation": [-90, 0, 0],
							"uv": {
								"north": {"uv": [8, 13], "uv_size": [1.5, 2.5]},
								"east": {"uv": [3, 20], "uv_size": [0.5, 2.5]},
								"south": {"uv": [13, 8], "uv_size": [1.5, 2.5]},
								"west": {"uv": [11, 20], "uv_size": [0.5, 2.5]},
								"up": {"uv": [25, 11], "uv_size": [1.5, 0.5]},
								"down": {"uv": [25, 13.5], "uv_size": [1.5, -0.5]}
							}
						},
						{
							"origin": [-0.66471, -6.55458, 1.49858],
							"size": [1.32942, 4.1875, 0.375],
							"pivot": [0, -5.71083, 5.34233],
							"rotation": [-90, 0, 0],
							"uv": {
								"north": {"uv": [0, 10], "uv_size": [1.5, 4]},
								"east": {"uv": [11, 16], "uv_size": [0.5, 4]},
								"south": {"uv": [2, 10], "uv_size": [1.5, 4]},
								"west": {"uv": [12, 19], "uv_size": [0.5, 4]},
								"up": {"uv": [25, 14], "uv_size": [1.5, 0.5]},
								"down": {"uv": [25, 15.5], "uv_size": [1.5, -0.5]}
							}
						},
						{
							"origin": [-0.66471, -2.67958, 0.68608],
							"size": [1.32942, 0.3125, 0.8125],
							"pivot": [0, -5.71083, 5.34233],
							"rotation": [-90, 0, 0],
							"uv": {
								"east": {"uv": [8, 28], "uv_size": [1, 0.5]},
								"west": {"uv": [28, 8], "uv_size": [1, 0.5]},
								"up": {"uv": [13, 20], "uv_size": [1.5, 1]},
								"down": {"uv": [20, 14], "uv_size": [1.5, -1]}
							}
						},
						{
							"origin": [-0.66471, -2.67958, 1.49858],
							"size": [1.32942, 1.4375, 3.5625],
							"pivot": [0, -5.71083, 6.15483],
							"rotation": [-90, 0, 0],
							"uv": {
								"east": {"uv": [4, 10], "uv_size": [3.5, 1.5]},
								"west": {"uv": [8, 10], "uv_size": [3.5, 1.5]},
								"up": {"uv": [11, 2], "uv_size": [1.5, 3.5]},
								"down": {"uv": [4, 15.5], "uv_size": [1.5, -3.5]}
							}
						},
						{
							"origin": [-0.28971, -3.17958, 1.49858],
							"size": [0.57942, 0.5, 1.875],
							"pivot": [0, -5.71083, 6.15483],
							"rotation": [-90, 0, 0],
							"uv": {
								"east": {"uv": [18, 23], "uv_size": [2, 0.5]},
								"south": {"uv": [29, 11], "uv_size": [0.5, 0.5]},
								"west": {"uv": [23, 19], "uv_size": [2, 0.5]}
							}
						},
						{
							"origin": [0.13248, -2.18766, 7.96733],
							"size": [0.32942, 0.5, 1.8125],
							"pivot": [0.17219, -1.93766, 8.93608],
							"rotation": [-90, 0, 12.5],
							"uv": {
								"west": {"uv": [20, 23], "uv_size": [2, 0.5]}
							}
						},
						{
							"origin": [-0.4619, -2.18766, 7.96733],
							"size": [0.32942, 0.5, 1.8125],
							"pivot": [-0.17219, -1.93766, 8.93608],
							"rotation": [-90, 0, -12.5],
							"uv": {
								"east": {"uv": [23, 20], "uv_size": [2, 0.5]}
							}
						},
						{
							"origin": [-0.60221, -6.80458, 0.68608],
							"size": [1.20442, 4.125, 0.8125],
							"pivot": [0, -5.71083, 5.34233],
							"rotation": [-90, 0, 0],
							"uv": {
								"east": {"uv": [6, 12], "uv_size": [1, 4]},
								"west": {"uv": [7, 12], "uv_size": [1, 4]}
							}
						},
						{
							"origin": [-0.66471, -3.39833, 4.21733],
							"size": [1.32942, 1.25, 0.375],
							"inflate": -0.001,
							"pivot": [0, -2.05458, 4.40483],
							"rotation": [-165, 0, 0],
							"uv": {
								"north": {"uv": [5, 16], "uv_size": [1.5, 1.5]},
								"east": {"uv": [25, 16], "uv_size": [0.5, 1.5]},
								"west": {"uv": [25, 18], "uv_size": [0.5, 1.5]}
							}
						},
						{
							"origin": [-0.66471, -3.39833, 4.96733],
							"size": [1.32942, 1.25, 0.3125],
							"inflate": -0.001,
							"pivot": [0, -2.05458, 5.09233],
							"rotation": [-165, 0, 0],
							"uv": {
								"north": {"uv": [7, 16], "uv_size": [1.5, 1.5]},
								"east": {"uv": [25, 20], "uv_size": [0.5, 1.5]},
								"south": {"uv": [9, 16], "uv_size": [1.5, 1.5]},
								"west": {"uv": [22, 25], "uv_size": [0.5, 1.5]}
							}
						},
						{
							"origin": [-0.66471, -3.39833, 5.59233],
							"size": [1.32942, 1.25, 0.3125],
							"inflate": -0.001,
							"pivot": [0, -2.05458, 5.71733],
							"rotation": [-165, 0, 0],
							"uv": {
								"north": {"uv": [16, 15], "uv_size": [1.5, 1.5]},
								"east": {"uv": [25, 22], "uv_size": [0.5, 1.5]},
								"south": {"uv": [0, 17], "uv_size": [1.5, 1.5]},
								"west": {"uv": [25, 24], "uv_size": [0.5, 1.5]}
							}
						},
						{
							"origin": [-0.66471, -3.39833, 6.21733],
							"size": [1.32942, 1.25, 0.3125],
							"inflate": -0.001,
							"pivot": [0, -2.05458, 6.34233],
							"rotation": [-165, 0, 0],
							"uv": {
								"north": {"uv": [2, 17], "uv_size": [1.5, 1.5]},
								"east": {"uv": [26, 0], "uv_size": [0.5, 1.5]},
								"south": {"uv": [17, 2], "uv_size": [1.5, 1.5]},
								"west": {"uv": [1, 26], "uv_size": [0.5, 1.5]}
							}
						},
						{
							"origin": [-0.66471, -3.39833, 6.84233],
							"size": [1.32942, 1.25, 0.3125],
							"inflate": -0.001,
							"pivot": [0, -2.05458, 6.96733],
							"rotation": [-165, 0, 0],
							"uv": {
								"north": {"uv": [17, 4], "uv_size": [1.5, 1.5]},
								"east": {"uv": [2, 26], "uv_size": [0.5, 1.5]},
								"south": {"uv": [17, 8], "uv_size": [1.5, 1.5]},
								"west": {"uv": [26, 2], "uv_size": [0.5, 1.5]}
							}
						},
						{
							"origin": [-0.66471, -3.39833, 7.46733],
							"size": [1.32942, 1.25, 0.3125],
							"inflate": -0.001,
							"pivot": [0, -2.05458, 7.59233],
							"rotation": [-165, 0, 0],
							"uv": {
								"north": {"uv": [16, 17], "uv_size": [1.5, 1.5]},
								"east": {"uv": [3, 26], "uv_size": [0.5, 1.5]},
								"south": {"uv": [5, 18], "uv_size": [1.5, 1.5]},
								"west": {"uv": [26, 4], "uv_size": [0.5, 1.5]}
							}
						},
						{
							"origin": [-0.66471, -3.39833, 8.09233],
							"size": [1.32942, 1.25, 0.3125],
							"inflate": -0.001,
							"pivot": [0, -2.05458, 8.21733],
							"rotation": [-165, 0, 0],
							"uv": {
								"north": {"uv": [7, 18], "uv_size": [1.5, 1.5]},
								"east": {"uv": [6, 26], "uv_size": [0.5, 1.5]},
								"south": {"uv": [9, 18], "uv_size": [1.5, 1.5]},
								"west": {"uv": [26, 6], "uv_size": [0.5, 1.5]}
							}
						},
						{
							"origin": [-0.66471, -3.39833, 4.59233],
							"size": [1.32942, 0.75, 0.4375],
							"pivot": [0, -2.05458, 4.40483],
							"rotation": [-165, 0, 0],
							"uv": {
								"east": {"uv": [9, 28], "uv_size": [0.5, 1]},
								"west": {"uv": [28, 9], "uv_size": [0.5, 1]}
							}
						},
						{
							"origin": [-0.66471, -6.49208, 1.43608],
							"size": [1.32942, 2.5625, 1.25],
							"pivot": [0, -6.83583, 5.34233],
							"rotation": [-90, 0, 0],
							"uv": {
								"north": {"uv": [10, 13], "uv_size": [1.5, 2.5]},
								"east": {"uv": [13, 11], "uv_size": [1.5, 2.5]},
								"south": {"uv": [0, 14], "uv_size": [1.5, 2.5]},
								"west": {"uv": [2, 14], "uv_size": [1.5, 2.5]},
								"up": {"uv": [18, 15], "uv_size": [1.5, 1.5]},
								"down": {"uv": [18, 18.5], "uv_size": [1.5, -1.5]}
							}
						},
						{
							"origin": [-0.16471, -6.49208, 2.68608],
							"size": [0.32942, 2.375, 0.3125],
							"pivot": [0, -6.83583, 5.34233],
							"rotation": [-90, 0, 0],
							"uv": {
								"east": {"uv": [20, 17], "uv_size": [0.5, 2.5]},
								"south": {"uv": [18, 20], "uv_size": [0.5, 2.5]},
								"west": {"uv": [19, 20], "uv_size": [0.5, 2.5]}
							}
						},
						{
							"origin": [-0.16471, -6.99208, 2.81108],
							"size": [0.32942, 2.375, 0.1875],
							"pivot": [0, -7.33583, 5.34233],
							"rotation": [-90, 0, 0],
							"uv": {
								"north": {"uv": [20, 20], "uv_size": [0.5, 2.5]},
								"east": {"uv": [4, 21], "uv_size": [0.5, 2.5]},
								"south": {"uv": [5, 21], "uv_size": [0.5, 2.5]},
								"west": {"uv": [6, 21], "uv_size": [0.5, 2.5]}
							}
						},
						{
							"origin": [-0.16471, -4.80458, 7.81108],
							"size": [0.32942, 0.3125, 0.5625],
							"inflate": -0.0015,
							"pivot": [0, -4.64833, 8.09233],
							"rotation": [-120, 0, 0],
							"uv": {
								"east": {"uv": [12, 29], "uv_size": [0.5, 0.5]},
								"west": {"uv": [29, 12], "uv_size": [0.5, 0.5]},
								"down": {"uv": [13, 29.5], "uv_size": [0.5, -0.5]}
							}
						},
						{
							"origin": [-0.16471, -4.80458, 7.81108],
							"size": [0.32942, 0.3125, 0.5625],
							"inflate": -0.001,
							"pivot": [0, -4.64833, 8.09233],
							"rotation": [-60, 0, 0],
							"uv": {
								"east": {"uv": [29, 13], "uv_size": [0.5, 0.5]},
								"west": {"uv": [14, 29], "uv_size": [0.5, 0.5]},
								"down": {"uv": [29, 14.5], "uv_size": [0.5, -0.5]}
							}
						},
						{
							"origin": [-0.16471, -4.80458, 5.37358],
							"size": [0.32942, 0.3125, 0.5625],
							"inflate": -0.001,
							"pivot": [0, -4.64833, 5.65483],
							"rotation": [-120, 0, 0],
							"uv": {
								"east": {"uv": [15, 29], "uv_size": [0.5, 0.5]},
								"west": {"uv": [29, 15], "uv_size": [0.5, 0.5]},
								"up": {"uv": [16, 29], "uv_size": [0.5, 0.5]}
							}
						},
						{
							"origin": [-0.16471, -4.80458, 5.37358],
							"size": [0.32942, 0.3125, 0.5625],
							"inflate": -0.0015,
							"pivot": [0, -4.64833, 5.65483],
							"rotation": [-60, 0, 0],
							"uv": {
								"east": {"uv": [29, 16], "uv_size": [0.5, 0.5]},
								"west": {"uv": [17, 29], "uv_size": [0.5, 0.5]},
								"up": {"uv": [29, 17], "uv_size": [0.5, 0.5]}
							}
						},
						{
							"origin": [-0.47721, -6.49208, 0.93608],
							"size": [0.95442, 1.125, 0.5],
							"pivot": [0, -6.83583, 5.34233],
							"rotation": [-90, 0, 0],
							"uv": {
								"north": {"uv": [23, 21], "uv_size": [1, 1]},
								"east": {"uv": [28, 10], "uv_size": [0.5, 1]},
								"south": {"uv": [23, 22], "uv_size": [1, 1]},
								"west": {"uv": [11, 28], "uv_size": [0.5, 1]},
								"up": {"uv": [12, 28], "uv_size": [1, 0.5]},
								"down": {"uv": [28, 12.5], "uv_size": [1, -0.5]}
							}
						},
						{
							"origin": [-0.48578, -3.24208, 5.77314],
							"size": [0.25, 0.5, 0.5],
							"pivot": [-0.00857, -2.67958, 6.02314],
							"rotation": [-90, 22.5, 0],
							"uv": {
								"east": {"uv": [18, 29], "uv_size": [0.5, 0.5]}
							}
						},
						{
							"origin": [0.23578, -3.24208, 5.77314],
							"size": [0.25, 0.5, 0.5],
							"pivot": [0.00857, -2.67958, 6.02314],
							"rotation": [-90, -22.5, 0],
							"uv": {
								"west": {"uv": [29, 18], "uv_size": [0.5, 0.5]}
							}
						},
						{
							"origin": [-0.66471, -2.99208, 3.81108],
							"size": [1.32942, 0.625, 0.4375],
							"pivot": [0, -5.71083, 5.34233],
							"rotation": [-90, 0, 0],
							"uv": {
								"north": {"uv": [7, 26], "uv_size": [1.5, 0.5]},
								"east": {"uv": [19, 29], "uv_size": [0.5, 0.5]},
								"south": {"uv": [9, 26], "uv_size": [1.5, 0.5]},
								"west": {"uv": [29, 19], "uv_size": [0.5, 0.5]},
								"up": {"uv": [26, 10], "uv_size": [1.5, 0.5]},
								"down": {"uv": [11, 26.5], "uv_size": [1.5, -0.5]}
							}
						},
						{
							"origin": [-0.47721, -2.36708, 4.06108],
							"size": [0.95442, 0.5, 0.1875],
							"pivot": [0, -5.71083, 5.34233],
							"rotation": [-90, 0, 0],
							"uv": {
								"north": {"uv": [28, 13], "uv_size": [1, 0.5]}
							}
						},
						{
							"origin": [-0.53631, -5.08331, 8.84233],
							"size": [0.26516, 0.5, 0.1875],
							"pivot": [-0.74836, -4.83331, 8.93608],
							"rotation": [-90, 0, -45],
							"uv": {
								"north": {"uv": [20, 29], "uv_size": [0.5, 0.5]}
							}
						},
						{
							"origin": [0.27115, -5.08331, 8.84233],
							"size": [0.26516, 0.5, 0.1875],
							"pivot": [0.74836, -4.83331, 8.93608],
							"rotation": [-90, 0, 45],
							"uv": {
								"north": {"uv": [29, 20], "uv_size": [0.5, 0.5]}
							}
						},
						{
							"origin": [-0.66471, -4.3374, 8.06709],
							"size": [1.32942, 0.1875, 0.3125],
							"inflate": -0.001,
							"pivot": [0, -4.0249, 8.16084],
							"rotation": [-45, 0, 0],
							"uv": {
								"east": {"uv": [21, 29], "uv_size": [0.5, 0.5]},
								"west": {"uv": [29, 21], "uv_size": [0.5, 0.5]},
								"down": {"uv": [26, 12.5], "uv_size": [1.5, -0.5]}
							}
						},
						{
							"origin": [-0.66471, -4.31753, 5.54055],
							"size": [1.32942, 0.1875, 0.3125],
							"inflate": -0.001,
							"pivot": [0, -4.22378, 5.6968],
							"rotation": [45, 0, 0],
							"uv": {
								"east": {"uv": [22, 29], "uv_size": [0.5, 0.5]},
								"west": {"uv": [29, 22], "uv_size": [0.5, 0.5]},
								"down": {"uv": [13, 26.5], "uv_size": [1.5, -0.5]}
							}
						},
						{
							"origin": [-0.28971, -2.99208, 4.24858],
							"size": [0.57942, 2.5625, 0.375],
							"pivot": [0, -5.71083, 5.34233],
							"rotation": [-90, 0, 0],
							"uv": {
								"north": {"uv": [7, 21], "uv_size": [0.5, 2.5]},
								"east": {"uv": [8, 21], "uv_size": [0.5, 2.5]},
								"south": {"uv": [9, 21], "uv_size": [0.5, 2.5]},
								"west": {"uv": [21, 9], "uv_size": [0.5, 2.5]},
								"up": {"uv": [23, 29], "uv_size": [0.5, 0.5]},
								"down": {"uv": [29, 23.5], "uv_size": [0.5, -0.5]}
							}
						},
						{
							"origin": [-0.61698, -5.00185, 8.24858],
							"size": [0.53033, 2.5625, 0.3125],
							"pivot": [-0.32727, -4.68935, 8.37358],
							"rotation": [-90, 0, 45],
							"uv": {
								"south": {"uv": [10, 21], "uv_size": [0.5, 2.5]},
								"up": {"uv": [24, 29], "uv_size": [0.5, 0.5]},
								"down": {"uv": [29, 24.5], "uv_size": [0.5, -0.5]}
							}
						},
						{
							"origin": [0.08665, -5.00185, 8.24858],
							"size": [0.53033, 2.5625, 0.3125],
							"pivot": [0.32727, -4.68935, 8.37358],
							"rotation": [-90, 0, -45],
							"uv": {
								"south": {"uv": [13, 21], "uv_size": [0.5, 2.5]},
								"up": {"uv": [25, 29], "uv_size": [0.5, 0.5]},
								"down": {"uv": [29, 25.5], "uv_size": [0.5, -0.5]}
							}
						},
						{
							"origin": [-0.66471, -2.80458, 1.87358],
							"size": [1.32942, 0.4375, 1.9375],
							"pivot": [0, -5.71083, 5.34233],
							"rotation": [-90, 0, 0],
							"uv": {
								"north": {"uv": [15, 26], "uv_size": [1.5, 0.5]},
								"east": {"uv": [23, 23], "uv_size": [2, 0.5]},
								"south": {"uv": [26, 16], "uv_size": [1.5, 0.5]},
								"west": {"uv": [24, 0], "uv_size": [2, 0.5]},
								"up": {"uv": [15, 4], "uv_size": [1.5, 2]},
								"down": {"uv": [15, 10], "uv_size": [1.5, -2]}
							}
						},
						{
							"origin": [0.31585, -0.85557, 8.75],
							"size": [0.5, 0.8125, 1.875],
							"pivot": [-0.05915, -0.38682, 7.5],
							"rotation": [0, 0, 15],
							"uv": {
								"north": {"uv": [14, 28], "uv_size": [0.5, 1]},
								"east": {"uv": [13, 5], "uv_size": [2, 1]},
								"south": {"uv": [28, 14], "uv_size": [0.5, 1]},
								"west": {"uv": [19, 9], "uv_size": [2, 1]}
							}
						},
						{
							"origin": [-0.81585, -0.85557, 8.75],
							"size": [0.5, 0.8125, 1.875],
							"pivot": [0.05915, -0.38682, 7.5],
							"rotation": [0, 0, -15],
							"uv": {
								"north": {"uv": [15, 28], "uv_size": [0.5, 1]},
								"east": {"uv": [16, 19], "uv_size": [2, 1]},
								"south": {"uv": [28, 16], "uv_size": [0.5, 1]},
								"west": {"uv": [18, 19], "uv_size": [2, 1]}
							}
						},
						{
							"origin": [0.31585, -0.85557, 2.75],
							"size": [0.5, 0.625, 6],
							"pivot": [-0.05915, -0.38682, 7.5],
							"rotation": [0, 0, 15],
							"uv": {
								"north": {"uv": [26, 29], "uv_size": [0.5, 0.5]},
								"east": {"uv": [15, 6], "uv_size": [6, 0.5]},
								"south": {"uv": [29, 26], "uv_size": [0.5, 0.5]},
								"west": {"uv": [15, 10], "uv_size": [6, 0.5]}
							}
						},
						{
							"origin": [-0.81585, -0.85557, 2.75],
							"size": [0.5, 0.625, 6],
							"pivot": [0.05915, -0.38682, 7.5],
							"rotation": [0, 0, -15],
							"uv": {
								"north": {"uv": [27, 29], "uv_size": [0.5, 0.5]},
								"east": {"uv": [15, 11], "uv_size": [6, 0.5]},
								"south": {"uv": [29, 27], "uv_size": [0.5, 0.5]},
								"west": {"uv": [15, 12], "uv_size": [6, 0.5]}
							}
						},
						{
							"origin": [-0.7955, 0.21431, 8.75],
							"size": [0.70711, 0.5, 1.875],
							"pivot": [-0.46339, 0.46431, 7.5],
							"rotation": [0, 0, -45],
							"uv": {
								"north": {"uv": [28, 29], "uv_size": [0.5, 0.5]},
								"south": {"uv": [29, 28], "uv_size": [0.5, 0.5]},
								"up": {"uv": [1, 24], "uv_size": [0.5, 2]}
							}
						},
						{
							"origin": [0.08839, 0.21431, 8.75],
							"size": [0.70711, 0.5, 1.875],
							"pivot": [0.46339, 0.46431, 7.5],
							"rotation": [0, 0, 45],
							"uv": {
								"north": {"uv": [29, 29], "uv_size": [0.5, 0.5]},
								"south": {"uv": [0, 30], "uv_size": [0.5, 0.5]},
								"up": {"uv": [24, 1], "uv_size": [0.5, 2]}
							}
						},
						{
							"origin": [-0.375, 0.40625, 8.75],
							"size": [0.75, 0.5, 1.875],
							"uv": {
								"north": {"uv": [28, 17], "uv_size": [1, 0.5]},
								"south": {"uv": [18, 28], "uv_size": [1, 0.5]},
								"up": {"uv": [0, 20], "uv_size": [1, 2]}
							}
						},
						{
							"origin": [-0.875, -0.28125, 8.75],
							"size": [1.75, 0.6875, 1.875],
							"uv": {
								"north": {"uv": [24, 3], "uv_size": [2, 0.5]},
								"east": {"uv": [4, 24], "uv_size": [2, 0.5]},
								"south": {"uv": [24, 4], "uv_size": [2, 0.5]},
								"west": {"uv": [24, 5], "uv_size": [2, 0.5]}
							}
						},
						{
							"origin": [0.34837, -2.89118, 10.3125],
							"size": [0.5, 2.6875, 0.3125],
							"pivot": [-0.02663, -0.54743, 9.6875],
							"rotation": [0, 0, 5],
							"uv": {
								"north": {"uv": [14, 21], "uv_size": [0.5, 2.5]},
								"south": {"uv": [15, 21], "uv_size": [0.5, 2.5]},
								"west": {"uv": [16, 21], "uv_size": [0.5, 2.5]}
							}
						},
						{
							"origin": [0.22172, -2.9386, 10.22254],
							"size": [0.5, 2.6875, 0.3125],
							"pivot": [0.47172, -1.59485, 10.37879],
							"rotation": [0, 45, 5],
							"uv": {
								"west": {"uv": [17, 21], "uv_size": [0.5, 2.5]}
							}
						},
						{
							"origin": [-0.84837, -2.89118, 10.3125],
							"size": [0.5, 2.6875, 0.3125],
							"pivot": [0.02663, -0.54743, 9.6875],
							"rotation": [0, 0, -5],
							"uv": {
								"north": {"uv": [21, 17], "uv_size": [0.5, 2.5]},
								"east": {"uv": [21, 20], "uv_size": [0.5, 2.5]},
								"south": {"uv": [0, 22], "uv_size": [0.5, 2.5]}
							}
						},
						{
							"origin": [-0.72172, -2.9386, 10.22254],
							"size": [0.5, 2.6875, 0.3125],
							"pivot": [-0.47172, -1.59485, 10.37879],
							"rotation": [0, -45, -5],
							"uv": {
								"east": {"uv": [22, 9], "uv_size": [0.5, 2.5]}
							}
						},
						{
							"origin": [-0.81585, -0.85557, -1.375],
							"size": [0.5, 0.8125, 4.125],
							"pivot": [0.05915, -0.38682, -0.375],
							"rotation": [0, 0, -15],
							"uv": {
								"north": {"uv": [28, 18], "uv_size": [0.5, 1]},
								"east": {"uv": [11, 6], "uv_size": [4, 1]},
								"south": {"uv": [19, 28], "uv_size": [0.5, 1]}
							}
						},
						{
							"origin": [0.08346, -1.21981, -1.875],
							"size": [0.5, 0.6875, 12.5],
							"inflate": -0.001,
							"pivot": [-0.29154, -0.93856, -0.375],
							"rotation": [0, 0, 32.5],
							"uv": {
								"north": {"uv": [30, 0], "uv_size": [0.5, 0.5]},
								"south": {"uv": [1, 30], "uv_size": [0.5, 0.5]},
								"west": {"uv": [7, 7], "uv_size": [12.5, 0.5]}
							}
						},
						{
							"origin": [0.31585, -0.85557, -1.875],
							"size": [0.5, 0.375, 0.5],
							"pivot": [-0.05915, -0.38682, -0.375],
							"rotation": [0, 0, 15],
							"uv": {
								"north": {"uv": [30, 1], "uv_size": [0.5, 0.5]},
								"east": {"uv": [2, 30], "uv_size": [0.5, 0.5]},
								"west": {"uv": [30, 2], "uv_size": [0.5, 0.5]}
							}
						},
						{
							"origin": [0.29436, -0.56077, -1.84061],
							"size": [0.5, 0.1875, 0.26517],
							"inflate": -0.001,
							"pivot": [-0.08064, -0.46702, -1.73169],
							"rotation": [45, 0, 15],
							"uv": {
								"east": {"uv": [3, 30], "uv_size": [0.5, 0.5]},
								"west": {"uv": [30, 3], "uv_size": [0.5, 0.5]},
								"up": {"uv": [4, 30], "uv_size": [0.5, 0.5]}
							}
						},
						{
							"origin": [0.31585, -0.48057, -1.6875],
							"size": [0.5, 0.1875, 0.3125],
							"pivot": [-0.05915, -0.38682, -0.375],
							"rotation": [0, 0, 15],
							"uv": {
								"east": {"uv": [30, 4], "uv_size": [0.5, 0.5]},
								"west": {"uv": [5, 30], "uv_size": [0.5, 0.5]},
								"up": {"uv": [30, 5], "uv_size": [0.5, 0.5]}
							}
						},
						{
							"origin": [0.31585, -0.85557, -1.375],
							"size": [0.5, 0.8125, 4.125],
							"pivot": [-0.05915, -0.38682, -0.375],
							"rotation": [0, 0, 15],
							"uv": {
								"north": {"uv": [28, 19], "uv_size": [0.5, 1]},
								"south": {"uv": [20, 28], "uv_size": [0.5, 1]},
								"west": {"uv": [8, 12], "uv_size": [4, 1]}
							}
						},
						{
							"origin": [-0.81585, -0.85557, -1.875],
							"size": [0.5, 0.375, 0.5],
							"pivot": [0.05915, -0.38682, -0.375],
							"rotation": [0, 0, -15],
							"uv": {
								"north": {"uv": [6, 30], "uv_size": [0.5, 0.5]},
								"east": {"uv": [30, 6], "uv_size": [0.5, 0.5]},
								"west": {"uv": [7, 30], "uv_size": [0.5, 0.5]}
							}
						},
						{
							"origin": [-0.81585, -0.48057, -1.6875],
							"size": [0.5, 0.1875, 0.3125],
							"pivot": [0.05915, -0.38682, -0.375],
							"rotation": [0, 0, -15],
							"uv": {
								"east": {"uv": [30, 7], "uv_size": [0.5, 0.5]},
								"west": {"uv": [8, 30], "uv_size": [0.5, 0.5]},
								"up": {"uv": [30, 8], "uv_size": [0.5, 0.5]}
							}
						},
						{
							"origin": [-0.79436, -0.56077, -1.84061],
							"size": [0.5, 0.1875, 0.26517],
							"inflate": -0.001,
							"pivot": [0.08064, -0.46702, -1.73169],
							"rotation": [45, 0, -15],
							"uv": {
								"east": {"uv": [9, 30], "uv_size": [0.5, 0.5]},
								"west": {"uv": [30, 9], "uv_size": [0.5, 0.5]},
								"up": {"uv": [10, 30], "uv_size": [0.5, 0.5]}
							}
						},
						{
							"origin": [-0.58346, -1.21981, -1.875],
							"size": [0.5, 0.6875, 12.5],
							"inflate": -0.001,
							"pivot": [0.29154, -0.93856, -0.375],
							"rotation": [0, 0, -32.5],
							"uv": {
								"north": {"uv": [30, 10], "uv_size": [0.5, 0.5]},
								"east": {"uv": [0, 8], "uv_size": [12.5, 0.5]},
								"south": {"uv": [11, 30], "uv_size": [0.5, 0.5]}
							}
						},
						{
							"origin": [-0.0698, -1.33747, 2.60861],
							"size": [0.5, 0.6875, 2.25],
							"inflate": -0.001,
							"pivot": [0, -1.21182, 2.54611],
							"rotation": [-35.28664, 20.20435, 26.01349],
							"uv": {
								"south": {"uv": [30, 11], "uv_size": [0.5, 0.5]},
								"west": {"uv": [21, 0], "uv_size": [2.5, 0.5]}
							}
						},
						{
							"origin": [-0.4302, -2.62948, 3.85353],
							"size": [0.5, 0.6875, 2.5625],
							"inflate": -0.001,
							"pivot": [0, -2.50383, 4.10353],
							"rotation": [-69.50193, -30.82594, -10.8448],
							"uv": {
								"north": {"uv": [12, 30], "uv_size": [0.5, 0.5]},
								"east": {"uv": [21, 1], "uv_size": [2.5, 0.5]}
							}
						},
						{
							"origin": [-0.0698, -3.83648, 5.47461],
							"size": [0.5, 0.6875, 0.5625],
							"inflate": -0.001,
							"pivot": [0, -3.71083, 4.75586],
							"rotation": [-90, 32.5, 0],
							"uv": {
								"south": {"uv": [30, 12], "uv_size": [0.5, 0.5]},
								"west": {"uv": [13, 30], "uv_size": [0.5, 0.5]}
							}
						},
						{
							"origin": [-0.33712, -4.00615, 5.47461],
							"size": [0.57983, 0.59063, 0.5625],
							"pivot": [0, -3.71083, 4.75586],
							"rotation": [0, -90, -90],
							"uv": {
								"north": {"uv": [30, 13], "uv_size": [0.5, 0.5]},
								"east": {"uv": [14, 30], "uv_size": [0.5, 0.5]},
								"south": {"uv": [30, 14], "uv_size": [0.5, 0.5]},
								"west": {"uv": [15, 30], "uv_size": [0.5, 0.5]}
							}
						},
						{
							"origin": [-0.4302, -3.83648, 5.47461],
							"size": [0.5, 0.6875, 0.5625],
							"inflate": -0.001,
							"pivot": [0, -3.71083, 4.75586],
							"rotation": [-90, -32.5, 0],
							"uv": {
								"east": {"uv": [30, 15], "uv_size": [0.5, 0.5]},
								"south": {"uv": [16, 30], "uv_size": [0.5, 0.5]}
							}
						},
						{
							"origin": [-0.33712, -2.79915, 3.85353],
							"size": [0.5, 0.59063, 2.5625],
							"pivot": [0, -2.50383, 4.10353],
							"rotation": [0, -72.5, -90],
							"uv": {
								"north": {"uv": [30, 16], "uv_size": [0.5, 0.5]},
								"east": {"uv": [21, 6], "uv_size": [2.5, 0.5]},
								"south": {"uv": [17, 30], "uv_size": [0.5, 0.5]},
								"west": {"uv": [21, 12], "uv_size": [2.5, 0.5]}
							}
						},
						{
							"origin": [-0.0698, -2.62948, 3.85353],
							"size": [0.5, 0.6875, 2.5625],
							"inflate": -0.001,
							"pivot": [0, -2.50383, 4.10353],
							"rotation": [-69.50193, 30.82594, 10.8448],
							"uv": {
								"north": {"uv": [30, 17], "uv_size": [0.5, 0.5]},
								"west": {"uv": [22, 7], "uv_size": [2.5, 0.5]}
							}
						},
						{
							"origin": [-0.33712, -1.50713, 2.60861],
							"size": [0.5, 0.59063, 2.25],
							"pivot": [0, -1.21182, 2.54611],
							"rotation": [0, -40, -90],
							"uv": {
								"north": {"uv": [18, 30], "uv_size": [0.5, 0.5]},
								"east": {"uv": [22, 13], "uv_size": [2.5, 0.5]},
								"south": {"uv": [30, 18], "uv_size": [0.5, 0.5]},
								"west": {"uv": [22, 17], "uv_size": [2.5, 0.5]}
							}
						},
						{
							"origin": [-0.4302, -1.33747, 2.60861],
							"size": [0.5, 0.6875, 2.25],
							"inflate": -0.001,
							"pivot": [0, -1.21182, 2.54611],
							"rotation": [-35.28664, -20.20435, -26.01349],
							"uv": {
								"east": {"uv": [22, 18], "uv_size": [2.5, 0.5]},
								"south": {"uv": [19, 30], "uv_size": [0.5, 0.5]}
							}
						},
						{
							"origin": [-0.25, -1.69121, -1.875],
							"size": [0.5, 0.59063, 4.625],
							"pivot": [0, -1.3959, -0.625],
							"rotation": [0, 0, -90],
							"uv": {
								"north": {"uv": [30, 19], "uv_size": [0.5, 0.5]},
								"east": {"uv": [19, 2], "uv_size": [4.5, 0.5]},
								"south": {"uv": [20, 30], "uv_size": [0.5, 0.5]},
								"west": {"uv": [19, 3], "uv_size": [4.5, 0.5]}
							}
						},
						{
							"origin": [-0.375, 0.40625, -1.375],
							"size": [0.75, 0.5, 4.125],
							"uv": {
								"north": {"uv": [28, 20], "uv_size": [1, 0.5]},
								"south": {"uv": [21, 28], "uv_size": [1, 0.5]},
								"up": {"uv": [12, 9], "uv_size": [1, 4]}
							}
						},
						{
							"origin": [0.08839, 0.21431, -1.375],
							"size": [0.70711, 0.5, 4.125],
							"pivot": [0.46339, 0.46431, -0.375],
							"rotation": [0, 0, 45],
							"uv": {
								"north": {"uv": [30, 20], "uv_size": [0.5, 0.5]},
								"south": {"uv": [21, 30], "uv_size": [0.5, 0.5]},
								"up": {"uv": [1, 20], "uv_size": [0.5, 4]}
							}
						},
						{
							"origin": [-0.7955, 0.21431, -1.375],
							"size": [0.70711, 0.5, 4.125],
							"pivot": [-0.46339, 0.46431, -0.375],
							"rotation": [0, 0, -45],
							"uv": {
								"north": {"uv": [30, 21], "uv_size": [0.5, 0.5]},
								"south": {"uv": [22, 30], "uv_size": [0.5, 0.5]},
								"up": {"uv": [2, 20], "uv_size": [0.5, 4]}
							}
						}
					]
				},
				{
					"name": "bone38",
					"parent": "stock_default",
					"pivot": [0, -2.84375, 7.53125],
					"rotation": [0, 22.5, 0],
					"cubes": [
						{
							"origin": [-0.29823, -2.84375, 6.81125],
							"size": [0.59647, 0.375, 1.44],
							"uv": {
								"north": {"uv": [30, 22], "uv_size": [0.5, 0.5]},
								"east": {"uv": [17, 26], "uv_size": [1.5, 0.5]},
								"south": {"uv": [23, 30], "uv_size": [0.5, 0.5]},
								"west": {"uv": [26, 17], "uv_size": [1.5, 0.5]},
								"up": {"uv": [26, 18], "uv_size": [0.5, 1.5]},
								"down": {"uv": [19, 27.5], "uv_size": [0.5, -1.5]}
							}
						},
						{
							"origin": [-0.29823, -2.84375, 6.81125],
							"size": [0.59647, 0.375, 1.44],
							"pivot": [0, -2.84375, 7.53125],
							"rotation": [0, -45, 0],
							"uv": {
								"north": {"uv": [30, 23], "uv_size": [0.5, 0.5]},
								"east": {"uv": [20, 26], "uv_size": [1.5, 0.5]},
								"south": {"uv": [24, 30], "uv_size": [0.5, 0.5]},
								"west": {"uv": [26, 20], "uv_size": [1.5, 0.5]},
								"up": {"uv": [26, 21], "uv_size": [0.5, 1.5]},
								"down": {"uv": [23, 27.5], "uv_size": [0.5, -1.5]}
							}
						},
						{
							"origin": [-0.29823, -2.84375, 6.81125],
							"size": [0.59647, 0.375, 1.44],
							"pivot": [0, -2.84375, 7.53125],
							"rotation": [0, -90, 0],
							"uv": {
								"north": {"uv": [30, 24], "uv_size": [0.5, 0.5]},
								"east": {"uv": [26, 23], "uv_size": [1.5, 0.5]},
								"south": {"uv": [25, 30], "uv_size": [0.5, 0.5]},
								"west": {"uv": [24, 26], "uv_size": [1.5, 0.5]},
								"up": {"uv": [26, 24], "uv_size": [0.5, 1.5]},
								"down": {"uv": [26, 27.5], "uv_size": [0.5, -1.5]}
							}
						},
						{
							"origin": [-0.29823, -2.84375, 6.81125],
							"size": [0.59647, 0.375, 1.44],
							"pivot": [0, -2.84375, 7.53125],
							"rotation": [-180, -45, 180],
							"uv": {
								"north": {"uv": [30, 25], "uv_size": [0.5, 0.5]},
								"east": {"uv": [27, 0], "uv_size": [1.5, 0.5]},
								"south": {"uv": [26, 30], "uv_size": [0.5, 0.5]},
								"west": {"uv": [27, 1], "uv_size": [1.5, 0.5]},
								"up": {"uv": [0, 27], "uv_size": [0.5, 1.5]},
								"down": {"uv": [27, 3.5], "uv_size": [0.5, -1.5]}
							}
						},
						{
							"origin": [-0.25, -4.86708, 0.87358],
							"size": [0.5, 0.5, 0.625],
							"pivot": [-0.02279, -6.83583, 5.34233],
							"rotation": [-90, 0, 0],
							"uv": {
								"east": {"uv": [30, 26], "uv_size": [0.5, 0.5]},
								"west": {"uv": [27, 30], "uv_size": [0.5, 0.5]},
								"up": {"uv": [30, 27], "uv_size": [0.5, 0.5]},
								"down": {"uv": [28, 30.5], "uv_size": [0.5, -0.5]}
							}
						}
					]
				},
				{
					"name": "bone45",
					"parent": "stock_default",
					"pivot": [0.00228, -3.69217, 8.92739],
					"rotation": [-90, 0, -45],
					"cubes": [
						{
							"origin": [-0.29595, -3.875, 8.20142],
							"size": [0.59647, 0.375, 1.44],
							"uv": {
								"north": {"uv": [30, 28], "uv_size": [0.5, 0.5]},
								"east": {"uv": [4, 27], "uv_size": [1.5, 0.5]},
								"south": {"uv": [29, 30], "uv_size": [0.5, 0.5]},
								"west": {"uv": [27, 4], "uv_size": [1.5, 0.5]},
								"up": {"uv": [27, 5], "uv_size": [0.5, 1.5]},
								"down": {"uv": [7, 28.5], "uv_size": [0.5, -1.5]}
							}
						},
						{
							"origin": [-0.29595, -3.875, 8.20142],
							"size": [0.59647, 0.375, 1.44],
							"pivot": [0.00228, -3.875, 8.92142],
							"rotation": [0, -45, 0],
							"uv": {
								"north": {"uv": [30, 29], "uv_size": [0.5, 0.5]},
								"east": {"uv": [27, 7], "uv_size": [1.5, 0.5]},
								"south": {"uv": [30, 30], "uv_size": [0.5, 0.5]},
								"west": {"uv": [8, 27], "uv_size": [1.5, 0.5]},
								"up": {"uv": [27, 8], "uv_size": [0.5, 1.5]},
								"down": {"uv": [10, 28.5], "uv_size": [0.5, -1.5]}
							}
						},
						{
							"origin": [-0.29595, -3.875, 8.20142],
							"size": [0.59647, 0.375, 1.44],
							"pivot": [0.00228, -3.875, 8.92142],
							"rotation": [0, -90, 0],
							"uv": {
								"north": {"uv": [0, 31], "uv_size": [0.5, 0.5]},
								"east": {"uv": [11, 27], "uv_size": [1.5, 0.5]},
								"south": {"uv": [31, 0], "uv_size": [0.5, 0.5]},
								"west": {"uv": [27, 11], "uv_size": [1.5, 0.5]},
								"up": {"uv": [13, 27], "uv_size": [0.5, 1.5]},
								"down": {"uv": [27, 14.5], "uv_size": [0.5, -1.5]}
							}
						},
						{
							"origin": [-0.29595, -3.875, 8.20142],
							"size": [0.59647, 0.375, 1.44],
							"pivot": [0.00228, -3.875, 8.92142],
							"rotation": [-180, -45, 180],
							"uv": {
								"north": {"uv": [1, 31], "uv_size": [0.5, 0.5]},
								"east": {"uv": [14, 27], "uv_size": [1.5, 0.5]},
								"south": {"uv": [31, 1], "uv_size": [0.5, 0.5]},
								"west": {"uv": [27, 15], "uv_size": [1.5, 0.5]},
								"up": {"uv": [16, 27], "uv_size": [0.5, 1.5]},
								"down": {"uv": [17, 28.5], "uv_size": [0.5, -1.5]}
							}
						},
						{
							"origin": [-0.24772, -5.89833, 2.26375],
							"size": [0.5, 0.5, 0.625],
							"pivot": [-0.02051, -7.86708, 6.7325],
							"rotation": [-90, 0, 0],
							"uv": {
								"east": {"uv": [2, 31], "uv_size": [0.5, 0.5]},
								"west": {"uv": [31, 2], "uv_size": [0.5, 0.5]},
								"up": {"uv": [3, 31], "uv_size": [0.5, 0.5]},
								"down": {"uv": [31, 3.5], "uv_size": [0.5, -0.5]}
							}
						}
					]
				},
				{
					"name": "bone48",
					"parent": "stock_default",
					"pivot": [-0.04, -0.96875, -0.1875],
					"rotation": [0, 30, -90],
					"cubes": [
						{
							"origin": [-0.24785, -1.88375, 0.0475],
							"size": [0.41569, 1.75, 0.125],
							"uv": {
								"north": {"uv": [2, 24], "uv_size": [0.5, 2]},
								"south": {"uv": [6, 24], "uv_size": [0.5, 2]},
								"up": {"uv": [4, 31], "uv_size": [0.5, 0.5]},
								"down": {"uv": [31, 4.5], "uv_size": [0.5, -0.5]}
							}
						},
						{
							"origin": [-0.24785, -1.88375, 0.0475],
							"size": [0.41569, 1.75, 0.125],
							"inflate": -0.001,
							"pivot": [-0.04, -0.96875, -0.1875],
							"rotation": [0, -60, 0],
							"uv": {
								"north": {"uv": [7, 24], "uv_size": [0.5, 2]},
								"south": {"uv": [8, 24], "uv_size": [0.5, 2]},
								"up": {"uv": [5, 31], "uv_size": [0.5, 0.5]},
								"down": {"uv": [31, 5.5], "uv_size": [0.5, -0.5]}
							}
						},
						{
							"origin": [-0.24785, -1.88375, 0.0475],
							"size": [0.41569, 1.75, 0.125],
							"pivot": [-0.04, -0.96875, -0.1875],
							"rotation": [-180, -60, 180],
							"uv": {
								"north": {"uv": [24, 8], "uv_size": [0.5, 2]},
								"south": {"uv": [9, 24], "uv_size": [0.5, 2]},
								"up": {"uv": [6, 31], "uv_size": [0.5, 0.5]},
								"down": {"uv": [31, 6.5], "uv_size": [0.5, -0.5]}
							}
						},
						{
							"origin": [-0.24785, -1.88375, 0.0475],
							"size": [0.41569, 1.75, 0.125],
							"inflate": -0.001,
							"pivot": [-0.04, -0.96875, -0.1875],
							"rotation": [-180, 0, 180],
							"uv": {
								"north": {"uv": [10, 24], "uv_size": [0.5, 2]},
								"south": {"uv": [13, 24], "uv_size": [0.5, 2]},
								"up": {"uv": [7, 31], "uv_size": [0.5, 0.5]},
								"down": {"uv": [31, 7.5], "uv_size": [0.5, -0.5]}
							}
						},
						{
							"origin": [-0.24785, -1.88375, 0.0475],
							"size": [0.41569, 1.75, 0.125],
							"pivot": [-0.04, -0.96875, -0.1875],
							"rotation": [180, 60, 180],
							"uv": {
								"north": {"uv": [14, 24], "uv_size": [0.5, 2]},
								"south": {"uv": [15, 24], "uv_size": [0.5, 2]},
								"up": {"uv": [8, 31], "uv_size": [0.5, 0.5]},
								"down": {"uv": [31, 8.5], "uv_size": [0.5, -0.5]}
							}
						},
						{
							"origin": [-0.24785, -1.88375, 0.0475],
							"size": [0.41569, 1.75, 0.125],
							"inflate": -0.001,
							"pivot": [-0.04, -0.96875, -0.1875],
							"rotation": [0, 60, 0],
							"uv": {
								"north": {"uv": [16, 24], "uv_size": [0.5, 2]},
								"south": {"uv": [17, 24], "uv_size": [0.5, 2]},
								"up": {"uv": [9, 31], "uv_size": [0.5, 0.5]},
								"down": {"uv": [31, 9.5], "uv_size": [0.5, -0.5]}
							}
						}
					]
				},
				{
					"name": "bone55",
					"parent": "stock_default",
					"pivot": [-0.04, -0.34375, 9.6875],
					"rotation": [0, 30, -90],
					"cubes": [
						{
							"origin": [-0.24785, -1.32125, 9.9225],
							"size": [0.41569, 1.875, 0.125],
							"uv": {
								"north": {"uv": [18, 24], "uv_size": [0.5, 2]},
								"south": {"uv": [19, 24], "uv_size": [0.5, 2]},
								"up": {"uv": [10, 31], "uv_size": [0.5, 0.5]},
								"down": {"uv": [31, 10.5], "uv_size": [0.5, -0.5]}
							}
						},
						{
							"origin": [-0.24785, -1.32125, 9.9225],
							"size": [0.41569, 1.875, 0.125],
							"inflate": -0.001,
							"pivot": [-0.04, -0.34375, 9.6875],
							"rotation": [0, -60, 0],
							"uv": {
								"north": {"uv": [20, 24], "uv_size": [0.5, 2]},
								"south": {"uv": [21, 24], "uv_size": [0.5, 2]},
								"up": {"uv": [11, 31], "uv_size": [0.5, 0.5]},
								"down": {"uv": [31, 11.5], "uv_size": [0.5, -0.5]}
							}
						},
						{
							"origin": [-0.24785, -1.32125, 9.9225],
							"size": [0.41569, 1.875, 0.125],
							"pivot": [-0.04, -0.34375, 9.6875],
							"rotation": [-180, -60, 180],
							"uv": {
								"north": {"uv": [24, 21], "uv_size": [0.5, 2]},
								"south": {"uv": [23, 24], "uv_size": [0.5, 2]},
								"up": {"uv": [12, 31], "uv_size": [0.5, 0.5]},
								"down": {"uv": [31, 12.5], "uv_size": [0.5, -0.5]}
							}
						},
						{
							"origin": [-0.24785, -1.32125, 9.9225],
							"size": [0.41569, 1.875, 0.125],
							"inflate": -0.001,
							"pivot": [-0.04, -0.34375, 9.6875],
							"rotation": [-180, 0, 180],
							"uv": {
								"north": {"uv": [24, 24], "uv_size": [0.5, 2]},
								"south": {"uv": [0, 25], "uv_size": [0.5, 2]},
								"up": {"uv": [13, 31], "uv_size": [0.5, 0.5]},
								"down": {"uv": [31, 13.5], "uv_size": [0.5, -0.5]}
							}
						},
						{
							"origin": [-0.24785, -1.32125, 9.9225],
							"size": [0.41569, 1.875, 0.125],
							"pivot": [-0.04, -0.34375, 9.6875],
							"rotation": [180, 60, 180],
							"uv": {
								"north": {"uv": [25, 1], "uv_size": [0.5, 2]},
								"south": {"uv": [4, 25], "uv_size": [0.5, 2]},
								"up": {"uv": [14, 31], "uv_size": [0.5, 0.5]},
								"down": {"uv": [31, 14.5], "uv_size": [0.5, -0.5]}
							}
						},
						{
							"origin": [-0.24785, -1.32125, 9.9225],
							"size": [0.41569, 1.875, 0.125],
							"inflate": -0.001,
							"pivot": [-0.04, -0.34375, 9.6875],
							"rotation": [0, 60, 0],
							"uv": {
								"north": {"uv": [5, 25], "uv_size": [0.5, 2]},
								"south": {"uv": [25, 6], "uv_size": [0.5, 2]},
								"up": {"uv": [15, 31], "uv_size": [0.5, 0.5]},
								"down": {"uv": [31, 15.5], "uv_size": [0.5, -0.5]}
							}
						}
					]
				},
				{
					"name": "bone",
					"parent": "stock_default",
					"pivot": [0, -5.71083, 6.15483],
					"cubes": [
						{
							"origin": [-0.72721, -1.24208, 0.68608],
							"size": [1.45442, 0.5625, 4.4375],
							"pivot": [0, -5.71083, 6.15483],
							"rotation": [-90, 0, 0],
							"uv": {
								"east": {"uv": [19, 4], "uv_size": [4.5, 0.5]},
								"west": {"uv": [19, 5], "uv_size": [4.5, 0.5]},
								"up": {"uv": [0, 2], "uv_size": [1.5, 4.5]},
								"down": {"uv": [2, 6.5], "uv_size": [1.5, -4.5]}
							}
						},
						{
							"origin": [-0.67948, -2.50185, 8.24858],
							"size": [0.53033, 0.5625, 0.3125],
							"inflate": -0.001,
							"pivot": [-0.38977, -4.75185, 8.37358],
							"rotation": [-90, 0, 45],
							"uv": {
								"south": {"uv": [16, 31], "uv_size": [0.5, 0.5]},
								"up": {"uv": [31, 16], "uv_size": [0.5, 0.5]},
								"down": {"uv": [17, 31.5], "uv_size": [0.5, -0.5]}
							}
						},
						{
							"origin": [-0.35221, -0.49208, 4.24858],
							"size": [0.70442, 0.5625, 0.375],
							"pivot": [0, -5.77333, 5.34233],
							"rotation": [-90, 0, 0],
							"uv": {
								"north": {"uv": [31, 17], "uv_size": [0.5, 0.5]},
								"east": {"uv": [18, 31], "uv_size": [0.5, 0.5]},
								"south": {"uv": [31, 18], "uv_size": [0.5, 0.5]},
								"west": {"uv": [19, 31], "uv_size": [0.5, 0.5]},
								"up": {"uv": [31, 19], "uv_size": [0.5, 0.5]},
								"down": {"uv": [20, 31.5], "uv_size": [0.5, -0.5]}
							}
						},
						{
							"origin": [0.14915, -2.50185, 8.24858],
							"size": [0.53033, 0.5625, 0.3125],
							"inflate": -0.001,
							"pivot": [0.38977, -4.75185, 8.37358],
							"rotation": [-90, 0, -45],
							"uv": {
								"south": {"uv": [31, 20], "uv_size": [0.5, 0.5]},
								"up": {"uv": [21, 31], "uv_size": [0.5, 0.5]},
								"down": {"uv": [31, 21.5], "uv_size": [0.5, -0.5]}
							}
						},
						{
							"origin": [0.15089, 0.27681, 10.625],
							"size": [0.70711, 0.5, 0.5625],
							"inflate": -0.001,
							"pivot": [0.52589, 0.52681, 7.5],
							"rotation": [0, 0, 45],
							"uv": {
								"north": {"uv": [22, 31], "uv_size": [0.5, 0.5]},
								"south": {"uv": [31, 22], "uv_size": [0.5, 0.5]},
								"up": {"uv": [23, 31], "uv_size": [0.5, 0.5]}
							}
						},
						{
							"origin": [-0.858, 0.27681, 10.625],
							"size": [0.70711, 0.5, 0.5625],
							"inflate": -0.001,
							"pivot": [-0.52589, 0.52681, 7.5],
							"rotation": [0, 0, -45],
							"uv": {
								"north": {"uv": [31, 23], "uv_size": [0.5, 0.5]},
								"south": {"uv": [24, 31], "uv_size": [0.5, 0.5]},
								"up": {"uv": [31, 24], "uv_size": [0.5, 0.5]}
							}
						},
						{
							"origin": [-0.4375, 0.46875, 10.625],
							"size": [0.875, 0.5, 0.5625],
							"uv": {
								"north": {"uv": [28, 21], "uv_size": [1, 0.5]},
								"south": {"uv": [22, 28], "uv_size": [1, 0.5]},
								"up": {"uv": [28, 22], "uv_size": [1, 0.5]}
							}
						},
						{
							"origin": [-0.9375, -0.28125, 10.625],
							"size": [1.875, 0.75, 0.5625],
							"uv": {
								"north": {"uv": [5, 20], "uv_size": [2, 1]},
								"east": {"uv": [23, 28], "uv_size": [0.5, 1]},
								"south": {"uv": [7, 20], "uv_size": [2, 1]},
								"west": {"uv": [28, 23], "uv_size": [0.5, 1]}
							}
						},
						{
							"origin": [-0.91087, -2.89118, 10.625],
							"size": [0.5, 2.6875, 0.5625],
							"inflate": -0.001,
							"pivot": [-0.03587, -0.54743, 9.6875],
							"rotation": [0, 0, -5],
							"uv": {
								"north": {"uv": [22, 19], "uv_size": [0.5, 2.5]},
								"east": {"uv": [22, 22], "uv_size": [0.5, 2.5]},
								"south": {"uv": [3, 23], "uv_size": [0.5, 2.5]}
							}
						},
						{
							"origin": [0.41087, -2.89118, 10.625],
							"size": [0.5, 2.6875, 0.5625],
							"inflate": -0.001,
							"pivot": [0.03587, -0.54743, 9.6875],
							"rotation": [0, 0, 5],
							"uv": {
								"north": {"uv": [23, 8], "uv_size": [0.5, 2.5]},
								"south": {"uv": [11, 23], "uv_size": [0.5, 2.5]},
								"west": {"uv": [12, 23], "uv_size": [0.5, 2.5]}
							}
						}
					]
				}
			]
		}
	]
}