{
	"format_version": "1.12.0",
	"minecraft:geometry": [
		{
			"description": {
				"identifier": "geometry.unknown",
				"texture_width": 32,
				"texture_height": 32,
				"visible_bounds_width": 4,
				"visible_bounds_height": 4,
				"visible_bounds_offset": [0, 1, 0]
			},
			"bones": [
				{
					"name": "stock_default",
					"pivot": [0.01449, -1.19904, 9.88429],
					"cubes": [
						{
							"origin": [-0.875, -0.55545, -1.12873],
							"size": [1.75, 0.98438, 11.06249],
							"uv": {
								"north": {"uv": [2, 11], "uv_size": [2, 1]},
								"east": {"uv": [4, 0], "uv_size": [11, 1]},
								"west": {"uv": [4, 1], "uv_size": [11, 1]}
							}
						},
						{
							"origin": [-0.875, -0.55545, -1.86311],
							"size": [1.75, 0.375, 0.73438],
							"uv": {
								"north": {"uv": [12, 11], "uv_size": [2, 0.5]},
								"east": {"uv": [8, 16], "uv_size": [0.5, 0.5]},
								"west": {"uv": [16, 8], "uv_size": [0.5, 0.5]},
								"up": {"uv": [12, 12], "uv_size": [2, 0.5]}
							}
						},
						{
							"origin": [-0.25, 2.5484, -2.32653],
							"size": [0.5, 1, 10.01563],
							"pivot": [-0.06274, -2.14693, -14.00136],
							"rotation": [-20, 0, 0],
							"uv": {
								"down": {"uv": [6, 17], "uv_size": [0.5, -10]}
							}
						},
						{
							"origin": [-0.24245, -1.3084, -1.86311],
							"size": [0.625, 1, 3.92187],
							"pivot": [0.06226, -2.02193, -14.00136],
							"rotation": [0, 0, -22.5],
							"uv": {
								"north": {"uv": [4, 15], "uv_size": [0.5, 1]},
								"east": {"uv": [7, 9], "uv_size": [4, 1]}
							}
						},
						{
							"origin": [-0.3921, -1.26037, -1.86311],
							"size": [0.625, 1, 3.92187],
							"pivot": [-0.18774, -2.02193, -14.00136],
							"rotation": [0, 0, 22.5],
							"uv": {
								"north": {"uv": [15, 8], "uv_size": [0.5, 1]},
								"west": {"uv": [0, 10], "uv_size": [4, 1]}
							}
						},
						{
							"origin": [-0.24232, -1.72932, -1.86311],
							"size": [0.48464, 1.17187, 3.9375],
							"uv": {
								"north": {"uv": [9, 15], "uv_size": [0.5, 1]},
								"down": {"uv": [11, 13], "uv_size": [0.5, -4]}
							}
						},
						{
							"origin": [-0.71356, -2.0304, -1.86311],
							"size": [0.35355, 0.5, 3.9375],
							"pivot": [0.06226, -2.02193, -14.00136],
							"rotation": [0, 0, 45],
							"uv": {
								"north": {"uv": [9, 16], "uv_size": [0.5, 0.5]},
								"down": {"uv": [2, 16], "uv_size": [0.5, -4]}
							}
						},
						{
							"origin": [0.32326, -2.11911, -1.86311],
							"size": [0.35355, 0.5, 3.9375],
							"pivot": [-0.18774, -2.02193, -14.00136],
							"rotation": [0, 0, -45],
							"uv": {
								"north": {"uv": [16, 9], "uv_size": [0.5, 0.5]},
								"down": {"uv": [3, 16], "uv_size": [0.5, -4]}
							}
						},
						{
							"origin": [-0.875, 4.53488, -0.28263],
							"size": [1.75, 1, 7.625],
							"inflate": -0.001,
							"pivot": [-0.06274, -2.14693, -14.00136],
							"rotation": [-20, 0, 0],
							"uv": {
								"east": {"uv": [5, 2], "uv_size": [7.5, 1]},
								"west": {"uv": [5, 3], "uv_size": [7.5, 1]}
							}
						},
						{
							"origin": [-1.0312, -3.12312, -1.56309],
							"size": [2.08247, 0.49873, 9.96578],
							"pivot": [-0.125, -2.44547, 3.6698],
							"rotation": [-6.24605, -19.03771, -71.45165],
							"uv": {
								"down": {"uv": [0, 10], "uv_size": [2, -10]}
							}
						},
						{
							"origin": [-1.05127, -3.12312, -1.56309],
							"size": [2.08247, 0.49873, 9.96578],
							"pivot": [0.125, -2.44547, 3.6698],
							"rotation": [-6.24605, 19.03771, 71.45165],
							"uv": {
								"down": {"uv": [2, 10], "uv_size": [2, -10]}
							}
						},
						{
							"origin": [-2.21638, -1.03051, 7.90715],
							"size": [1.5, 0.49874, 0.2314],
							"pivot": [0.06226, -2.14693, -14.00136],
							"rotation": [-5.97858, 9.09425, 72.54796],
							"uv": {
								"north": {"uv": [9, 14], "uv_size": [1.5, 0.5]},
								"east": {"uv": [10, 16], "uv_size": [0.5, 0.5]},
								"south": {"uv": [14, 9], "uv_size": [1.5, 0.5]},
								"west": {"uv": [16, 10], "uv_size": [0.5, 0.5]},
								"up": {"uv": [14, 10], "uv_size": [1.5, 0.5]},
								"down": {"uv": [11, 14.5], "uv_size": [1.5, -0.5]}
							}
						},
						{
							"origin": [0.62878, -1.15249, 7.91383],
							"size": [1.5, 0.49873, 0.2314],
							"pivot": [-0.18774, -2.14693, -14.00136],
							"rotation": [-5.97858, -9.09425, -72.54796],
							"uv": {
								"north": {"uv": [14, 11], "uv_size": [1.5, 0.5]},
								"east": {"uv": [11, 16], "uv_size": [0.5, 0.5]},
								"south": {"uv": [14, 12], "uv_size": [1.5, 0.5]},
								"west": {"uv": [16, 11], "uv_size": [0.5, 0.5]},
								"up": {"uv": [13, 14], "uv_size": [1.5, 0.5]},
								"down": {"uv": [0, 15.5], "uv_size": [1.5, -0.5]}
							}
						},
						{
							"origin": [-0.875, 0.52154, 9.50639],
							"size": [1.75, 0.75, 0.625],
							"pivot": [-0.06274, -2.14693, -13.00136],
							"rotation": [-10, 0, 0],
							"uv": {
								"north": {"uv": [11, 4], "uv_size": [2, 1]},
								"east": {"uv": [10, 15], "uv_size": [0.5, 1]},
								"south": {"uv": [11, 5], "uv_size": [2, 1]},
								"west": {"uv": [11, 15], "uv_size": [0.5, 1]},
								"up": {"uv": [0, 13], "uv_size": [2, 0.5]},
								"down": {"uv": [13, 2.5], "uv_size": [2, -0.5]}
							}
						},
						{
							"origin": [-0.39914, -0.98484, 9.47383],
							"size": [0.79828, 1.50922, 0.625],
							"pivot": [-0.06274, -2.33157, -13.03392],
							"rotation": [-10, 0, 0],
							"uv": {
								"north": {"uv": [12, 7], "uv_size": [1, 1.5]},
								"south": {"uv": [9, 12], "uv_size": [1, 1.5]}
							}
						},
						{
							"origin": [1.27314, -2.48632, 9.47383],
							"size": [1.58247, 0.49873, 0.625],
							"inflate": -0.001,
							"pivot": [-0.18774, -2.33157, -13.03392],
							"rotation": [-3.03513, -9.53274, -72.24687],
							"uv": {
								"north": {"uv": [15, 0], "uv_size": [1.5, 0.5]},
								"south": {"uv": [15, 1], "uv_size": [1.5, 0.5]},
								"down": {"uv": [15, 2.5], "uv_size": [1.5, -0.5]}
							}
						},
						{
							"origin": [16.49548, -2.48631, 1.7904],
							"size": [0.70711, 0.49873, 0.5],
							"pivot": [-0.18774, -2.33157, -13.03392],
							"rotation": [-5.15097, -54.43627, -68.556],
							"uv": {
								"south": {"uv": [12, 16], "uv_size": [0.5, 0.5]},
								"down": {"uv": [16, 12.5], "uv_size": [0.5, -0.5]}
							}
						},
						{
							"origin": [-17.30138, -2.36664, 1.81708],
							"size": [0.70711, 0.49873, 0.5],
							"pivot": [0.06226, -2.33157, -13.03392],
							"rotation": [-5.15097, 54.43627, 68.556],
							"uv": {
								"south": {"uv": [13, 16], "uv_size": [0.5, 0.5]},
								"down": {"uv": [16, 13.5], "uv_size": [0.5, -0.5]}
							}
						},
						{
							"origin": [-2.94335, -2.36666, 9.47383],
							"size": [1.58247, 0.49873, 0.625],
							"inflate": -0.001,
							"pivot": [0.06226, -2.33157, -13.03392],
							"rotation": [-3.03513, 9.53274, 72.24687],
							"uv": {
								"north": {"uv": [15, 5], "uv_size": [1.5, 0.5]},
								"south": {"uv": [7, 15], "uv_size": [1.5, 0.5]},
								"down": {"uv": [15, 7.5], "uv_size": [1.5, -0.5]}
							}
						},
						{
							"origin": [-2.94335, -2.18201, 8.13138],
							"size": [2.08247, 0.49873, 1.5],
							"pivot": [0.06226, -2.14693, -14.00136],
							"rotation": [-3.03513, 9.53274, 72.24687],
							"uv": {
								"down": {"uv": [9, 11.5], "uv_size": [2, -1.5]}
							}
						},
						{
							"origin": [0.77314, -2.30166, 8.13138],
							"size": [2.08247, 0.49873, 1.5],
							"pivot": [-0.18774, -2.14693, -14.00136],
							"rotation": [-3.03513, -9.53274, -72.24687],
							"uv": {
								"down": {"uv": [0, 12.5], "uv_size": [2, -1.5]}
							}
						},
						{
							"origin": [-0.875, 0.70904, 8.13138],
							"size": [1.75, 1.0625, 1.375],
							"pivot": [-0.06274, -2.14693, -14.00136],
							"rotation": [-10, 0, 0],
							"uv": {
								"east": {"uv": [12, 9], "uv_size": [1.5, 1]},
								"west": {"uv": [12, 10], "uv_size": [1.5, 1]}
							}
						},
						{
							"origin": [-0.87501, -2.0079, 5.22726],
							"size": [1.75, 1.125, 4.6875],
							"inflate": -0.0015,
							"pivot": [-0.00001, -1.13291, 5.35226],
							"rotation": [-5, 0, 0],
							"uv": {
								"east": {"uv": [7, 7], "uv_size": [4.5, 1]},
								"west": {"uv": [7, 8], "uv_size": [4.5, 1]}
							}
						},
						{
							"origin": [-0.87501, -1.32976, 3.84912],
							"size": [1.75, 0.8125, 6.125],
							"inflate": 0.001,
							"uv": {
								"east": {"uv": [5, 4], "uv_size": [6, 1]},
								"west": {"uv": [5, 5], "uv_size": [6, 1]}
							}
						},
						{
							"origin": [-0.875, -0.75763, 9.71629],
							"size": [1.75, 2.125, 0.625],
							"inflate": 0.0015,
							"pivot": [-0.06274, -2.14693, -13.00136],
							"rotation": [-5, 0, 0],
							"uv": {
								"east": {"uv": [10, 12], "uv_size": [0.5, 2]},
								"south": {"uv": [7, 10], "uv_size": [2, 2]},
								"west": {"uv": [13, 3], "uv_size": [0.5, 2]},
								"up": {"uv": [13, 5], "uv_size": [2, 0.5]},
								"down": {"uv": [7, 13.5], "uv_size": [2, -0.5]}
							}
						},
						{
							"origin": [-0.24879, -1.27706, 8.13139],
							"size": [0.5, 1, 1.5],
							"pivot": [-0.06274, -2.14693, -14.00136],
							"rotation": [-10, 0, 0],
							"uv": {
								"down": {"uv": [4, 14.5], "uv_size": [0.5, -1.5]}
							}
						},
						{
							"origin": [-0.24879, 14.55333, 1.43737],
							"size": [0.5, 0.6875, 0.625],
							"pivot": [-0.06274, -2.33157, -13.03392],
							"rotation": [-56, 0, 0],
							"uv": {
								"south": {"uv": [14, 16], "uv_size": [0.5, 0.5]}
							}
						},
						{
							"origin": [-0.20711, 2.49525, 7.96542],
							"size": [0.41422, 0.25, 0.3125],
							"pivot": [-0.06274, -2.83442, -11.50136],
							"rotation": [-22.5, 0, 0],
							"uv": {
								"north": {"uv": [16, 14], "uv_size": [0.5, 0.5]},
								"east": {"uv": [15, 16], "uv_size": [0.5, 0.5]},
								"south": {"uv": [16, 15], "uv_size": [0.5, 0.5]},
								"west": {"uv": [16, 16], "uv_size": [0.5, 0.5]},
								"down": {"uv": [0, 17.5], "uv_size": [0.5, -0.5]}
							}
						},
						{
							"origin": [-0.14461, 2.214, 7.98105],
							"size": [0.28922, 0.46875, 0.28125],
							"pivot": [-0.06274, -2.83442, -11.50136],
							"rotation": [-22.5, 0, 0],
							"uv": {
								"north": {"uv": [17, 0], "uv_size": [0.5, 0.5]},
								"east": {"uv": [1, 17], "uv_size": [0.5, 0.5]},
								"south": {"uv": [17, 1], "uv_size": [0.5, 0.5]},
								"west": {"uv": [2, 17], "uv_size": [0.5, 0.5]},
								"down": {"uv": [17, 2.5], "uv_size": [0.5, -0.5]}
							}
						},
						{
							"origin": [-0.37761, 0.42995, 9.93376],
							"size": [0.75522, 0.49639, 0.625],
							"uv": {
								"south": {"uv": [15, 13], "uv_size": [1, 0.5]},
								"up": {"uv": [14, 15], "uv_size": [1, 0.5]}
							}
						},
						{
							"origin": [1.8078, -1.04494, 9.93376],
							"size": [0.5, 0.70342, 0.625],
							"inflate": -0.001,
							"pivot": [-0.18774, -2.03755, -13.00136],
							"rotation": [0, 0, -45],
							"uv": {
								"south": {"uv": [4, 17], "uv_size": [0.5, 0.5]},
								"west": {"uv": [17, 4], "uv_size": [0.5, 0.5]}
							}
						},
						{
							"origin": [-2.34455, -0.95622, 9.93376],
							"size": [0.5, 0.70342, 0.625],
							"inflate": -0.001,
							"pivot": [0.06226, -2.03755, -13.00136],
							"rotation": [0, 0, 45],
							"uv": {
								"east": {"uv": [3, 17], "uv_size": [0.5, 0.5]},
								"south": {"uv": [17, 3], "uv_size": [0.5, 0.5]}
							}
						},
						{
							"origin": [-0.875, -0.68044, 9.93376],
							"size": [1.75, 1.10938, 0.625],
							"inflate": 0.001,
							"uv": {
								"east": {"uv": [12, 15], "uv_size": [0.5, 1]},
								"south": {"uv": [7, 12], "uv_size": [2, 1]},
								"west": {"uv": [13, 15], "uv_size": [0.5, 1]}
							}
						},
						{
							"origin": [-0.37761, 0.42633, -1.12873],
							"size": [0.75521, 0.5, 11.06249],
							"uv": {
								"north": {"uv": [0, 16], "uv_size": [1, 0.5]},
								"up": {"uv": [4, 2], "uv_size": [1, 11]}
							}
						},
						{
							"origin": [-1.88376, -0.29202, -1.12873],
							"size": [0.70342, 0.75, 11.06249],
							"pivot": [-0.18774, -2.03755, -14.00136],
							"rotation": [0, 0, 45],
							"uv": {
								"north": {"uv": [15, 15], "uv_size": [0.5, 1]},
								"up": {"uv": [5, 7], "uv_size": [0.5, 11]}
							}
						},
						{
							"origin": [-2.34455, -0.95622, -1.12873],
							"size": [0.75, 0.70342, 11.06249],
							"pivot": [0.06226, -2.03755, -14.00136],
							"rotation": [0, 0, 45],
							"uv": {
								"north": {"uv": [15, 14], "uv_size": [1, 0.5]},
								"east": {"uv": [5, 6], "uv_size": [11, 0.5]}
							}
						}
					]
				},
				{
					"name": "group18",
					"parent": "stock_default",
					"pivot": [0, -5.47615, 7.40181],
					"rotation": [-10, 0, 0],
					"cubes": [
						{
							"origin": [-0.875, 9.75654, 4.26584],
							"size": [1.75, 0.1875, 0.1875],
							"pivot": [-0.06274, -2.58443, -12.50136],
							"rotation": [-45, 0, 0],
							"uv": {
								"north": {"uv": [13, 7], "uv_size": [2, 0.5]},
								"south": {"uv": [13, 8], "uv_size": [2, 0.5]},
								"up": {"uv": [11, 13], "uv_size": [2, 0.5]},
								"down": {"uv": [13, 13.5], "uv_size": [2, -0.5]}
							}
						},
						{
							"origin": [-0.875, 10.31904, 4.26584],
							"size": [1.75, 0.1875, 0.1875],
							"pivot": [-0.06274, -2.58443, -12.50136],
							"rotation": [-45, 0, 0],
							"uv": {
								"north": {"uv": [0, 14], "uv_size": [2, 0.5]},
								"south": {"uv": [14, 3], "uv_size": [2, 0.5]},
								"up": {"uv": [14, 4], "uv_size": [2, 0.5]},
								"down": {"uv": [7, 14.5], "uv_size": [2, -0.5]}
							}
						},
						{
							"origin": [11.21911, 9.75654, -0.07081],
							"size": [0.13258, 0.75, 0.13259],
							"inflate": -0.001,
							"pivot": [-0.06274, -2.58443, -12.50136],
							"rotation": [-54.73561, -30, 35.26439],
							"uv": {
								"north": {"uv": [1, 16], "uv_size": [0.5, 1]},
								"east": {"uv": [2, 16], "uv_size": [0.5, 1]},
								"south": {"uv": [3, 16], "uv_size": [0.5, 1]},
								"west": {"uv": [16, 3], "uv_size": [0.5, 1]},
								"up": {"uv": [17, 5], "uv_size": [0.5, 0.5]},
								"down": {"uv": [6, 17.5], "uv_size": [0.5, -0.5]}
							}
						},
						{
							"origin": [-11.38844, 9.75654, 0.01792],
							"size": [0.13258, 0.75, 0.13258],
							"inflate": -0.001,
							"pivot": [-0.06274, -2.58443, -12.50136],
							"rotation": [-54.73561, 30, -35.26439],
							"uv": {
								"north": {"uv": [4, 16], "uv_size": [0.5, 1]},
								"east": {"uv": [16, 4], "uv_size": [0.5, 1]},
								"south": {"uv": [16, 6], "uv_size": [0.5, 1]},
								"west": {"uv": [7, 16], "uv_size": [0.5, 1]},
								"up": {"uv": [17, 6], "uv_size": [0.5, 0.5]},
								"down": {"uv": [7, 17.5], "uv_size": [0.5, -0.5]}
							}
						}
					]
				}
			]
		}
	]
}