{
	"format_version": "1.12.0",
	"minecraft:geometry": [
		{
			"description": {
				"identifier": "geometry.p90 - Converted",
				"texture_width": 32,
				"texture_height": 32,
				"visible_bounds_width": 7,
				"visible_bounds_height": 3,
				"visible_bounds_offset": [0, 0.5, 0]
			},
			"bones": [
				{
					"name": "p80",
					"pivot": [0, 8, 3]
				},
				{
					"name": "stock1",
					"parent": "p80",
					"pivot": [0, 8.375, 2.125],
					"cubes": [
						{
							"origin": [-0.875, 8.3125, 1.125],
							"size": [1.75, 1.5625, 1.0625],
							"uv": {
								"north": {"uv": [4, 4], "uv_size": [1.75, 1.5]},
								"east": {"uv": [4, 10], "uv_size": [1, 1.5]},
								"south": {"uv": [0, 5], "uv_size": [1.75, 1.5]},
								"west": {"uv": [10, 4], "uv_size": [1, 1.5]},
								"down": {"uv": [8, 9], "uv_size": [1.75, -1]}
							}
						},
						{
							"origin": [-0.875, 9.47595, 2.81066],
							"size": [1.75, 0.5, 0.5],
							"inflate": -0.001,
							"pivot": [0, 8.41345, 3.24816],
							"rotation": [45, 0, 0],
							"uv": {
								"east": {"uv": [23, 19], "uv_size": [0.5, 0.5]},
								"south": {"uv": [14, 12], "uv_size": [1.75, 0.5]},
								"west": {"uv": [20, 23], "uv_size": [0.5, 0.5]}
							}
						},
						{
							"origin": [-0.875, 8.3125, 2.1875],
							"size": [1.75, 0.25, 0.5],
							"uv": {
								"north": {"uv": [9, 20], "uv_size": [1.75, 0.25]},
								"east": {"uv": [4, 26], "uv_size": [0.5, 0.25]},
								"south": {"uv": [20, 11], "uv_size": [1.75, 0.25]},
								"west": {"uv": [26, 4], "uv_size": [0.5, 0.25]},
								"up": {"uv": [15, 2], "uv_size": [1.75, 0.5]},
								"down": {"uv": [15, 3.5], "uv_size": [1.75, -0.5]}
							}
						},
						{
							"origin": [-0.8125, 7.9375, 2.0625],
							"size": [0.375, 0.375, 0.5625],
							"uv": {
								"north": {"uv": [23, 20], "uv_size": [0.5, 0.5]},
								"south": {"uv": [21, 23], "uv_size": [0.5, 0.5]},
								"west": {"uv": [22, 23], "uv_size": [0.5, 0.5]},
								"down": {"uv": [23, 22.5], "uv_size": [0.5, -0.5]}
							}
						},
						{
							"origin": [-0.4375, 8.0625, 2.125],
							"size": [0.4375, 0.125, 0.1875],
							"uv": {
								"north": {"uv": [5, 26], "uv_size": [0.5, 0.25]},
								"south": {"uv": [26, 5], "uv_size": [0.5, 0.25]},
								"up": {"uv": [6, 26], "uv_size": [0.5, 0.25]},
								"down": {"uv": [26, 6.25], "uv_size": [0.5, -0.25]}
							}
						},
						{
							"origin": [-0.4375, 8.0625, 2.375],
							"size": [0.4375, 0.125, 0.125],
							"pivot": [-0.21875, 8.125, 2.4375],
							"rotation": [45, 0, 0],
							"uv": {
								"north": {"uv": [7, 26], "uv_size": [0.5, 0.25]},
								"south": {"uv": [26, 7], "uv_size": [0.5, 0.25]},
								"up": {"uv": [8, 26], "uv_size": [0.5, 0.25]},
								"down": {"uv": [26, 8.25], "uv_size": [0.5, -0.25]}
							}
						},
						{
							"origin": [-0.9375, 8.0625, 2.0625],
							"size": [0.125, 0.25, 0.5625],
							"uv": {
								"north": {"uv": [27, 19], "uv_size": [0.25, 0.25]},
								"east": {"uv": [9, 26], "uv_size": [0.5, 0.25]},
								"south": {"uv": [20, 27], "uv_size": [0.25, 0.25]}
							}
						},
						{
							"origin": [-1.26386, 8.52719, 2.0625],
							"size": [0.125, 0.17678, 0.5625],
							"inflate": -0.001,
							"pivot": [-0.32636, 8.77719, 2.125],
							"rotation": [0, 0, -45],
							"uv": {
								"north": {"uv": [27, 20], "uv_size": [0.25, 0.25]},
								"east": {"uv": [26, 9], "uv_size": [0.5, 0.25]},
								"south": {"uv": [21, 27], "uv_size": [0.25, 0.25]}
							}
						},
						{
							"origin": [0.8125, 8.0625, 2.0625],
							"size": [0.125, 0.25, 0.5625],
							"uv": {
								"north": {"uv": [27, 21], "uv_size": [0.25, 0.25]},
								"south": {"uv": [22, 27], "uv_size": [0.25, 0.25]},
								"west": {"uv": [10, 26], "uv_size": [0.5, 0.25]}
							}
						},
						{
							"origin": [1.13886, 8.52719, 2.0625],
							"size": [0.125, 0.17678, 0.5625],
							"inflate": -0.001,
							"pivot": [0.32636, 8.77719, 2.125],
							"rotation": [0, 0, 45],
							"uv": {
								"north": {"uv": [27, 22], "uv_size": [0.25, 0.25]},
								"south": {"uv": [23, 27], "uv_size": [0.25, 0.25]},
								"west": {"uv": [26, 10], "uv_size": [0.5, 0.25]}
							}
						},
						{
							"origin": [0, 7.9375, 2.0625],
							"size": [0.8125, 0.375, 0.5625],
							"uv": {
								"north": {"uv": [12, 21], "uv_size": [0.75, 0.5]},
								"east": {"uv": [23, 23], "uv_size": [0.5, 0.5]},
								"south": {"uv": [14, 21], "uv_size": [0.75, 0.5]},
								"down": {"uv": [21, 15.5], "uv_size": [0.75, -0.5]}
							}
						},
						{
							"origin": [-0.375, 9.875, 1.125],
							"size": [0.75, 0.5, 1.0625],
							"uv": {
								"north": {"uv": [21, 16], "uv_size": [0.75, 0.5]},
								"south": {"uv": [21, 17], "uv_size": [0.75, 0.5]},
								"up": {"uv": [16, 12], "uv_size": [0.75, 1]}
							}
						},
						{
							"origin": [-1.14905, 9.55438, 1.125],
							"size": [0.70711, 0.5, 1.0625],
							"inflate": -0.001,
							"pivot": [0, 8.375, 2.125],
							"rotation": [0, 0, 45],
							"uv": {
								"north": {"uv": [19, 21], "uv_size": [0.75, 0.5]},
								"south": {"uv": [21, 20], "uv_size": [0.75, 0.5]},
								"up": {"uv": [13, 16], "uv_size": [0.75, 1]}
							}
						},
						{
							"origin": [0.44194, 9.55438, 1.125],
							"size": [0.70711, 0.5, 1.0625],
							"inflate": -0.001,
							"pivot": [0, 8.375, 2.125],
							"rotation": [0, 0, -45],
							"uv": {
								"north": {"uv": [21, 21], "uv_size": [0.75, 0.5]},
								"south": {"uv": [0, 22], "uv_size": [0.75, 0.5]},
								"up": {"uv": [16, 13], "uv_size": [0.75, 1]}
							}
						}
					]
				},
				{
					"name": "bone20",
					"parent": "stock1",
					"pivot": [0, 8, 3],
					"cubes": [
						{
							"origin": [0.68652, 7.82318, 1.125],
							"size": [0.34283, 0.375, 2.59375],
							"pivot": [0.59813, 8.4419, 2.125],
							"rotation": [0, 0, -90],
							"uv": {
								"north": {"uv": [11, 26], "uv_size": [0.25, 0.5]},
								"south": {"uv": [26, 11], "uv_size": [0.25, 0.5]},
								"down": {"uv": [16, 19.5], "uv_size": [0.25, -2.5]}
							}
						},
						{
							"origin": [-0.71686, 8.21176, 2.6875],
							"size": [0.21783, 0.26047, 1.03125],
							"uv": {
								"south": {"uv": [27, 23], "uv_size": [0.25, 0.25]},
								"west": {"uv": [0, 24], "uv_size": [1, 0.25]},
								"down": {"uv": [1, 25], "uv_size": [0.25, -1]}
							}
						},
						{
							"origin": [-0.96174, 8.16811, 1.125],
							"size": [0.59283, 0.3125, 2.59375],
							"inflate": 0.001,
							"pivot": [-0.46802, 8.78683, 3.25],
							"rotation": [0, 0, 32.5],
							"uv": {
								"north": {"uv": [12, 26], "uv_size": [0.5, 0.25]},
								"east": {"uv": [17, 17], "uv_size": [2.5, 0.25]},
								"south": {"uv": [26, 12], "uv_size": [0.5, 0.25]},
								"west": {"uv": [18, 0], "uv_size": [2.5, 0.25]},
								"up": {"uv": [12, 7], "uv_size": [0.5, 2.5]},
								"down": {"uv": [8, 14.5], "uv_size": [0.5, -2.5]}
							}
						},
						{
							"origin": [-1.33557, 7.7544, 3.125],
							"size": [0.40533, 0.3125, 0.59375],
							"inflate": -0.001,
							"pivot": [-0.84185, 8.37311, 2.125],
							"rotation": [0, 0, 135],
							"uv": {
								"south": {"uv": [13, 26], "uv_size": [0.5, 0.25]},
								"down": {"uv": [24, 1.5], "uv_size": [0.5, -0.5]}
							}
						},
						{
							"origin": [-1.77307, 7.7544, 1.125],
							"size": [0.84283, 0.3125, 2],
							"inflate": -0.001,
							"pivot": [-0.84185, 8.37311, 2.125],
							"rotation": [0, 0, 135],
							"uv": {
								"north": {"uv": [25, 6], "uv_size": [0.75, 0.25]},
								"south": {"uv": [7, 25], "uv_size": [0.75, 0.25]},
								"down": {"uv": [5, 12], "uv_size": [0.75, -2]}
							}
						},
						{
							"origin": [-1.02935, 7.82318, 1.125],
							"size": [0.34283, 0.375, 2.59375],
							"pivot": [-0.59813, 8.4419, 2.125],
							"rotation": [0, 0, 90],
							"uv": {
								"north": {"uv": [26, 13], "uv_size": [0.25, 0.5]},
								"south": {"uv": [14, 26], "uv_size": [0.25, 0.5]},
								"down": {"uv": [1, 20.5], "uv_size": [0.25, -2.5]}
							}
						},
						{
							"origin": [0.93024, 7.7544, 1.125],
							"size": [0.84283, 0.3125, 2],
							"inflate": -0.001,
							"pivot": [0.84185, 8.37311, 2.125],
							"rotation": [0, 0, -135],
							"uv": {
								"north": {"uv": [25, 7], "uv_size": [0.75, 0.25]},
								"south": {"uv": [8, 25], "uv_size": [0.75, 0.25]},
								"down": {"uv": [6, 12], "uv_size": [0.75, -2]}
							}
						},
						{
							"origin": [0.93024, 7.7544, 3.125],
							"size": [0.40533, 0.3125, 0.59375],
							"inflate": -0.001,
							"pivot": [0.84185, 8.37311, 2.125],
							"rotation": [0, 0, -135],
							"uv": {
								"south": {"uv": [26, 14], "uv_size": [0.5, 0.25]},
								"down": {"uv": [2, 24.5], "uv_size": [0.5, -0.5]}
							}
						},
						{
							"origin": [0.08839, 7.69378, 1.125],
							"size": [0.53033, 0.3125, 0.875],
							"inflate": -0.001,
							"pivot": [0, 8.3125, 2.125],
							"rotation": [0, 0, -45],
							"uv": {
								"north": {"uv": [15, 26], "uv_size": [0.5, 0.25]},
								"south": {"uv": [26, 15], "uv_size": [0.5, 0.25]},
								"down": {"uv": [10, 19], "uv_size": [0.5, -1]}
							}
						},
						{
							"origin": [0.08839, 7.69378, 2.6875],
							"size": [0.53033, 0.3125, 0.4375],
							"inflate": -0.001,
							"pivot": [0, 8.3125, 3.25],
							"rotation": [0, 0, -45],
							"uv": {
								"north": {"uv": [16, 26], "uv_size": [0.5, 0.25]},
								"south": {"uv": [26, 16], "uv_size": [0.5, 0.25]},
								"down": {"uv": [24, 2.5], "uv_size": [0.5, -0.5]}
							}
						},
						{
							"origin": [0.36891, 8.16811, 1.125],
							"size": [0.59283, 0.3125, 2.59375],
							"inflate": 0.001,
							"pivot": [0.46802, 8.78683, 3.25],
							"rotation": [0, 0, -32.5],
							"uv": {
								"north": {"uv": [17, 26], "uv_size": [0.5, 0.25]},
								"east": {"uv": [18, 1], "uv_size": [2.5, 0.25]},
								"south": {"uv": [26, 17], "uv_size": [0.5, 0.25]},
								"west": {"uv": [18, 2], "uv_size": [2.5, 0.25]},
								"up": {"uv": [9, 12], "uv_size": [0.5, 2.5]},
								"down": {"uv": [10, 14.5], "uv_size": [0.5, -2.5]}
							}
						},
						{
							"origin": [0.49903, 8.21176, 2.6875],
							"size": [0.21783, 0.26047, 1.03125],
							"uv": {
								"east": {"uv": [3, 24], "uv_size": [1, 0.25]},
								"south": {"uv": [24, 27], "uv_size": [0.25, 0.25]},
								"down": {"uv": [24, 4], "uv_size": [0.25, -1]}
							}
						},
						{
							"origin": [-0.50097, 8.08676, 3.125],
							"size": [1, 0.38547, 0.28125],
							"uv": {
								"north": {"uv": [11, 18], "uv_size": [1, 0.5]},
								"east": {"uv": [18, 26], "uv_size": [0.25, 0.5]},
								"south": {"uv": [18, 11], "uv_size": [1, 0.5]},
								"west": {"uv": [26, 18], "uv_size": [0.25, 0.5]}
							}
						},
						{
							"origin": [-0.49903, 8.31478, 3.51131],
							"size": [1, 0.38547, 0.21875],
							"pivot": [0.42238, 8.59603, 3.52693],
							"rotation": [-60, 0, 0],
							"uv": {
								"north": {"uv": [18, 12], "uv_size": [1, 0.5]},
								"east": {"uv": [19, 26], "uv_size": [0.25, 0.5]},
								"south": {"uv": [18, 13], "uv_size": [1, 0.5]},
								"west": {"uv": [26, 19], "uv_size": [0.25, 0.5]},
								"up": {"uv": [4, 24], "uv_size": [1, 0.25]},
								"down": {"uv": [24, 4.25], "uv_size": [1, -0.25]}
							}
						},
						{
							"origin": [-0.25097, 7.83676, 3.125],
							"size": [0.5, 0.25, 0.28125],
							"uv": {
								"north": {"uv": [20, 26], "uv_size": [0.5, 0.25]},
								"south": {"uv": [26, 20], "uv_size": [0.5, 0.25]},
								"down": {"uv": [21, 26.25], "uv_size": [0.5, -0.25]}
							}
						},
						{
							"origin": [-0.21972, 8.01759, 3.125],
							"size": [0.35355, 0.1875, 0.28125],
							"inflate": -0.001,
							"pivot": [0.23295, 8.49301, 3.20313],
							"rotation": [0, 0, -45],
							"uv": {
								"north": {"uv": [27, 24], "uv_size": [0.25, 0.25]},
								"south": {"uv": [25, 27], "uv_size": [0.25, 0.25]},
								"down": {"uv": [27, 25.25], "uv_size": [0.25, -0.25]}
							}
						},
						{
							"origin": [-0.13384, 8.01759, 3.125],
							"size": [0.35355, 0.1875, 0.28125],
							"inflate": -0.001,
							"pivot": [-0.23295, 8.49301, 3.20313],
							"rotation": [0, 0, 45],
							"uv": {
								"north": {"uv": [26, 27], "uv_size": [0.25, 0.25]},
								"south": {"uv": [27, 26], "uv_size": [0.25, 0.25]},
								"down": {"uv": [27, 27.25], "uv_size": [0.25, -0.25]}
							}
						},
						{
							"origin": [-0.93024, 8.47223, 2.6875],
							"size": [1.86048, 0.6875, 1.03125],
							"uv": {
								"south": {"uv": [12, 6], "uv_size": [1.75, 0.75]},
								"up": {"uv": [0, 9], "uv_size": [1.75, 1]}
							}
						},
						{
							"origin": [-0.5, 7.9375, 1.125],
							"size": [1, 0.375, 0.875],
							"uv": {
								"north": {"uv": [14, 18], "uv_size": [1, 0.5]},
								"east": {"uv": [18, 14], "uv_size": [1, 0.5]},
								"south": {"uv": [15, 18], "uv_size": [1, 0.5]},
								"west": {"uv": [18, 15], "uv_size": [1, 0.5]},
								"up": {"uv": [5, 13], "uv_size": [1, 1]},
								"down": {"uv": [6, 14], "uv_size": [1, -1]}
							}
						},
						{
							"origin": [-0.61872, 7.69378, 2.6875],
							"size": [0.53033, 0.3125, 0.4375],
							"inflate": -0.001,
							"pivot": [0, 8.3125, 3.25],
							"rotation": [0, 0, 45],
							"uv": {
								"north": {"uv": [26, 21], "uv_size": [0.5, 0.25]},
								"south": {"uv": [22, 26], "uv_size": [0.5, 0.25]},
								"down": {"uv": [5, 24.5], "uv_size": [0.5, -0.5]}
							}
						},
						{
							"origin": [-0.5, 7.9375, 2.6875],
							"size": [1, 0.375, 0.4375],
							"uv": {
								"north": {"uv": [18, 16], "uv_size": [1, 0.5]},
								"south": {"uv": [17, 18], "uv_size": [1, 0.5]},
								"down": {"uv": [18, 18.5], "uv_size": [1, -0.5]}
							}
						},
						{
							"origin": [-0.61872, 7.69378, 1.125],
							"size": [0.53033, 0.3125, 0.875],
							"inflate": -0.001,
							"pivot": [0, 8.3125, 2.125],
							"rotation": [0, 0, 45],
							"uv": {
								"north": {"uv": [26, 22], "uv_size": [0.5, 0.25]},
								"south": {"uv": [23, 26], "uv_size": [0.5, 0.25]},
								"down": {"uv": [0, 20], "uv_size": [0.5, -1]}
							}
						}
					]
				},
				{
					"name": "stock2",
					"parent": "p80",
					"pivot": [-0.60826, 9.71764, 2.95692],
					"cubes": [
						{
							"origin": [-0.84375, 9.25, 2.1875],
							"size": [1.6875, 0.5, 1.75],
							"uv": {
								"east": {"uv": [8, 15], "uv_size": [1.75, 0.5]},
								"south": {"uv": [10, 15], "uv_size": [1.75, 0.5]},
								"west": {"uv": [12, 15], "uv_size": [1.75, 0.5]},
								"up": {"uv": [0, 3], "uv_size": [1.75, 1.75]},
								"down": {"uv": [2, 4.75], "uv_size": [1.75, -1.75]}
							}
						},
						{
							"origin": [-1.12695, 9.55438, 2.1875],
							"size": [0.53791, 0.4779, 1.75],
							"inflate": -0.001,
							"pivot": [0, 8.375, 3.1875],
							"rotation": [0, 0, 45],
							"uv": {
								"south": {"uv": [24, 5], "uv_size": [0.5, 0.5]},
								"west": {"uv": [14, 15], "uv_size": [1.75, 0.5]},
								"up": {"uv": [6, 14], "uv_size": [0.5, 1.75]}
							}
						},
						{
							"origin": [0.125, 8.65625, 2.1875],
							"size": [0.25, 1.6875, 1.75],
							"uv": {
								"east": {"uv": [4, 0], "uv_size": [1.75, 1.75]},
								"south": {"uv": [11, 20], "uv_size": [0.25, 1.75]},
								"up": {"uv": [20, 12], "uv_size": [0.25, 1.75]},
								"down": {"uv": [13, 21.75], "uv_size": [0.25, -1.75]}
							}
						},
						{
							"origin": [0.58904, 9.55438, 2.1875],
							"size": [0.53791, 0.4779, 1.75],
							"inflate": -0.001,
							"pivot": [0, 8.375, 3.1875],
							"rotation": [0, 0, -45],
							"uv": {
								"east": {"uv": [15, 14], "uv_size": [1.75, 0.5]},
								"south": {"uv": [6, 24], "uv_size": [0.5, 0.5]},
								"up": {"uv": [0, 15], "uv_size": [0.5, 1.75]}
							}
						},
						{
							"origin": [0.58904, 11.80438, 2.1875],
							"size": [0.53791, 0.4779, 1.75],
							"inflate": -0.001,
							"pivot": [0, 10.625, 3.1875],
							"rotation": [0, 0, 135],
							"uv": {
								"east": {"uv": [2, 16], "uv_size": [1.75, 0.5]},
								"south": {"uv": [24, 6], "uv_size": [0.5, 0.5]},
								"up": {"uv": [6, 16], "uv_size": [0.5, 1.75]}
							}
						},
						{
							"origin": [-1.12695, 11.80438, 2.1875],
							"size": [0.53791, 0.4779, 1.75],
							"inflate": -0.001,
							"pivot": [0, 10.625, 3.1875],
							"rotation": [0, 0, -135],
							"uv": {
								"south": {"uv": [24, 7], "uv_size": [0.5, 0.5]},
								"west": {"uv": [8, 16], "uv_size": [1.75, 0.5]},
								"up": {"uv": [10, 16], "uv_size": [0.5, 1.75]}
							}
						},
						{
							"origin": [-0.375, 8.65625, 2.1875],
							"size": [0.25, 1.6875, 1.75],
							"uv": {
								"south": {"uv": [20, 14], "uv_size": [0.25, 1.75]},
								"west": {"uv": [4, 2], "uv_size": [1.75, 1.75]},
								"up": {"uv": [15, 20], "uv_size": [0.25, 1.75]},
								"down": {"uv": [16, 21.75], "uv_size": [0.25, -1.75]}
							}
						},
						{
							"origin": [0.34375, 9.75, 2.1875],
							"size": [0.5, 0.125, 0.75],
							"uv": {
								"west": {"uv": [25, 8], "uv_size": [0.75, 0.25]}
							}
						},
						{
							"origin": [-0.58904, 9.53228, 2.1875],
							"size": [0.125, 0.5, 0.75],
							"pivot": [0, 8.375, 3.1875],
							"rotation": [0, 0, 45],
							"uv": {
								"up": {"uv": [9, 25], "uv_size": [0.25, 0.75]}
							}
						},
						{
							"origin": [0.34676, 9.20234, 2.1875],
							"size": [0.5, 0.125, 0.75],
							"pivot": [0.60101, 9.2298, 2.7721],
							"rotation": [0, 0, 45],
							"uv": {
								"north": {"uv": [26, 23], "uv_size": [0.5, 0.25]},
								"east": {"uv": [25, 9], "uv_size": [0.75, 0.25]},
								"south": {"uv": [24, 26], "uv_size": [0.5, 0.25]},
								"west": {"uv": [10, 25], "uv_size": [0.75, 0.25]},
								"up": {"uv": [22, 0], "uv_size": [0.5, 0.75]},
								"down": {"uv": [22, 1.75], "uv_size": [0.5, -0.75]}
							}
						},
						{
							"origin": [0.58081, 8.97254, 2.1875],
							"size": [0.125, 0.5, 0.75],
							"pivot": [0.60101, 9.2298, 2.7721],
							"rotation": [0, 0, 90],
							"uv": {
								"north": {"uv": [26, 24], "uv_size": [0.25, 0.5]},
								"east": {"uv": [2, 22], "uv_size": [0.75, 0.5]},
								"south": {"uv": [25, 26], "uv_size": [0.25, 0.5]},
								"west": {"uv": [3, 22], "uv_size": [0.75, 0.5]},
								"up": {"uv": [25, 10], "uv_size": [0.25, 0.75]},
								"down": {"uv": [11, 25.75], "uv_size": [0.25, -0.75]}
							}
						},
						{
							"origin": [-0.84676, 9.20234, 2.1875],
							"size": [0.5, 0.125, 0.75],
							"pivot": [-0.60101, 9.2298, 2.7721],
							"rotation": [0, 0, -45],
							"uv": {
								"north": {"uv": [26, 25], "uv_size": [0.5, 0.25]},
								"east": {"uv": [25, 11], "uv_size": [0.75, 0.25]},
								"south": {"uv": [26, 26], "uv_size": [0.5, 0.25]},
								"west": {"uv": [12, 25], "uv_size": [0.75, 0.25]},
								"up": {"uv": [4, 22], "uv_size": [0.5, 0.75]},
								"down": {"uv": [5, 22.75], "uv_size": [0.5, -0.75]}
							}
						},
						{
							"origin": [-0.70581, 8.97254, 2.1875],
							"size": [0.125, 0.5, 0.75],
							"pivot": [-0.60101, 9.2298, 2.7721],
							"rotation": [0, 0, -90],
							"uv": {
								"north": {"uv": [0, 27], "uv_size": [0.25, 0.5]},
								"east": {"uv": [6, 22], "uv_size": [0.75, 0.5]},
								"south": {"uv": [27, 0], "uv_size": [0.25, 0.5]},
								"west": {"uv": [7, 22], "uv_size": [0.75, 0.5]},
								"up": {"uv": [25, 12], "uv_size": [0.25, 0.75]},
								"down": {"uv": [13, 25.75], "uv_size": [0.25, -0.75]}
							}
						},
						{
							"origin": [0.51072, 9.54197, 2.85669],
							"size": [0.125, 0.5, 0.25],
							"inflate": 0.001,
							"pivot": [0.57322, 9.79197, 2.98169],
							"rotation": [0, -45, 45],
							"uv": {
								"west": {"uv": [1, 27], "uv_size": [0.25, 0.5]},
								"up": {"uv": [0, 28], "uv_size": [0.25, 0.25]}
							}
						},
						{
							"origin": [0.34375, 9.69018, 2.83192],
							"size": [0.5, 0.125, 0.25],
							"inflate": 0.001,
							"pivot": [0.60826, 9.71764, 2.95692],
							"rotation": [-45, 0, 0],
							"uv": {
								"west": {"uv": [28, 0], "uv_size": [0.25, 0.25]},
								"up": {"uv": [27, 1], "uv_size": [0.5, 0.25]}
							}
						},
						{
							"origin": [-0.125, 8.65625, 2.1875],
							"size": [0.25, 1.6875, 0.75],
							"uv": {
								"south": {"uv": [20, 16], "uv_size": [0.25, 1.75]},
								"up": {"uv": [25, 13], "uv_size": [0.25, 0.75]},
								"down": {"uv": [14, 25.75], "uv_size": [0.25, -0.75]}
							}
						},
						{
							"origin": [0.6705, 8.65625, 2.55622],
							"size": [0.25, 1.6875, 0.25],
							"inflate": -0.001,
							"pivot": [0.7955, 8.375, 3.55622],
							"rotation": [0, 45, 0],
							"uv": {
								"east": {"uv": [17, 20], "uv_size": [0.25, 1.75]},
								"up": {"uv": [1, 28], "uv_size": [0.25, 0.25]},
								"down": {"uv": [28, 1.25], "uv_size": [0.25, -0.25]}
							}
						},
						{
							"origin": [-0.9205, 8.65625, 2.55622],
							"size": [0.25, 1.6875, 0.25],
							"inflate": -0.001,
							"pivot": [-0.7955, 8.375, 3.55622],
							"rotation": [0, -45, 0],
							"uv": {
								"west": {"uv": [18, 20], "uv_size": [0.25, 1.75]},
								"up": {"uv": [2, 28], "uv_size": [0.25, 0.25]},
								"down": {"uv": [28, 2.25], "uv_size": [0.25, -0.25]}
							}
						},
						{
							"origin": [-0.125, 8.78125, 2.9375],
							"size": [0.25, 1.4375, 1],
							"uv": {
								"north": {"uv": [8, 22], "uv_size": [0.25, 1.5]},
								"east": {"uv": [10, 6], "uv_size": [1, 1.5]},
								"south": {"uv": [9, 22], "uv_size": [0.25, 1.5]},
								"west": {"uv": [7, 10], "uv_size": [1, 1.5]},
								"up": {"uv": [8, 24], "uv_size": [0.25, 1]},
								"down": {"uv": [24, 9], "uv_size": [0.25, -1]}
							}
						},
						{
							"origin": [-0.63572, 9.54197, 2.85669],
							"size": [0.125, 0.5, 0.25],
							"inflate": 0.001,
							"pivot": [-0.57322, 9.79197, 2.98169],
							"rotation": [0, 45, -45],
							"uv": {
								"east": {"uv": [2, 27], "uv_size": [0.25, 0.5]},
								"up": {"uv": [3, 28], "uv_size": [0.25, 0.25]}
							}
						},
						{
							"origin": [0.46404, 9.53228, 2.1875],
							"size": [0.125, 0.5, 0.75],
							"pivot": [0, 8.375, 3.1875],
							"rotation": [0, 0, -45],
							"uv": {
								"up": {"uv": [25, 14], "uv_size": [0.25, 0.75]}
							}
						},
						{
							"origin": [-0.84375, 9.75, 2.1875],
							"size": [0.5, 0.125, 0.75],
							"uv": {
								"east": {"uv": [15, 25], "uv_size": [0.75, 0.25]}
							}
						},
						{
							"origin": [-0.84375, 9.69018, 2.83192],
							"size": [0.5, 0.125, 0.25],
							"inflate": 0.001,
							"pivot": [-0.60826, 9.71764, 2.95692],
							"rotation": [-45, 0, 0],
							"uv": {
								"east": {"uv": [28, 3], "uv_size": [0.25, 0.25]},
								"up": {"uv": [27, 2], "uv_size": [0.5, 0.25]}
							}
						}
					]
				},
				{
					"name": "stock3",
					"parent": "p80",
					"pivot": [0, 8, 3],
					"cubes": [
						{
							"origin": [-0.125, 9.375, 3.9375],
							"size": [0.25, 0.25, 1.6875],
							"pivot": [0, 9.5, 4.78125],
							"rotation": [0, 0, -45],
							"uv": {
								"east": {"uv": [20, 18], "uv_size": [1.75, 0.25]},
								"south": {"uv": [4, 28], "uv_size": [0.25, 0.25]},
								"west": {"uv": [20, 19], "uv_size": [1.75, 0.25]},
								"up": {"uv": [20, 20], "uv_size": [0.25, 1.75]},
								"down": {"uv": [21, 1.75], "uv_size": [0.25, -1.75]}
							}
						},
						{
							"origin": [-0.375, 8.78125, 5.25],
							"size": [0.75, 1.4375, 0.3125],
							"inflate": 0.001,
							"uv": {
								"north": {"uv": [12, 10], "uv_size": [0.75, 1.5]},
								"south": {"uv": [11, 12], "uv_size": [0.75, 1.5]},
								"up": {"uv": [25, 15], "uv_size": [0.75, 0.25]},
								"down": {"uv": [16, 25.25], "uv_size": [0.75, -0.25]}
							}
						},
						{
							"origin": [-0.71875, 9.125, 3.9375],
							"size": [1.4375, 0.75, 0.4375],
							"uv": {
								"east": {"uv": [11, 22], "uv_size": [0.5, 0.75]},
								"south": {"uv": [12, 12], "uv_size": [1.5, 0.75]},
								"west": {"uv": [22, 11], "uv_size": [0.5, 0.75]}
							}
						},
						{
							"origin": [-1.03856, 8.3971, 5.25],
							"size": [0.48614, 1.5468, 0.3125],
							"inflate": -0.001,
							"pivot": [0, 8.375, 3.1875],
							"rotation": [0, 0, 45],
							"uv": {
								"north": {"uv": [14, 16], "uv_size": [0.5, 1.5]},
								"south": {"uv": [15, 16], "uv_size": [0.5, 1.5]},
								"up": {"uv": [3, 27], "uv_size": [0.5, 0.25]},
								"down": {"uv": [27, 3.25], "uv_size": [0.5, -0.25]}
							}
						},
						{
							"origin": [-0.375, 8.78125, 3.9375],
							"size": [0.75, 1.4375, 0.4375],
							"inflate": 0.001,
							"uv": {
								"south": {"uv": [0, 13], "uv_size": [0.75, 1.5]},
								"up": {"uv": [12, 22], "uv_size": [0.75, 0.5]},
								"down": {"uv": [13, 22.5], "uv_size": [0.75, -0.5]}
							}
						},
						{
							"origin": [0.0625, 8.78125, 4.375],
							"size": [0.3125, 1.4375, 0.875],
							"uv": {
								"north": {"uv": [14, 22], "uv_size": [0.25, 1.5]},
								"east": {"uv": [8, 10], "uv_size": [1, 1.5]},
								"south": {"uv": [15, 22], "uv_size": [0.25, 1.5]},
								"west": {"uv": [10, 8], "uv_size": [1, 1.5]},
								"up": {"uv": [9, 24], "uv_size": [0.25, 1]},
								"down": {"uv": [24, 10], "uv_size": [0.25, -1]}
							}
						},
						{
							"origin": [-0.375, 8.78125, 4.375],
							"size": [0.3125, 1.4375, 0.875],
							"uv": {
								"north": {"uv": [22, 15], "uv_size": [0.25, 1.5]},
								"east": {"uv": [9, 10], "uv_size": [1, 1.5]},
								"south": {"uv": [16, 22], "uv_size": [0.25, 1.5]},
								"west": {"uv": [10, 10], "uv_size": [1, 1.5]},
								"up": {"uv": [10, 24], "uv_size": [0.25, 1]},
								"down": {"uv": [24, 11], "uv_size": [0.25, -1]}
							}
						},
						{
							"origin": [-1.03856, 8.3971, 3.9375],
							"size": [0.48614, 1.5468, 0.4375],
							"inflate": -0.001,
							"pivot": [0, 8.375, 3.1875],
							"rotation": [0, 0, 45],
							"uv": {
								"south": {"uv": [16, 15], "uv_size": [0.5, 1.5]},
								"up": {"uv": [24, 11], "uv_size": [0.5, 0.5]},
								"down": {"uv": [12, 24.5], "uv_size": [0.5, -0.5]}
							}
						},
						{
							"origin": [-0.72606, 8.3971, 4.375],
							"size": [0.17364, 1.5468, 0.875],
							"pivot": [0, 8.375, 3.1875],
							"rotation": [0, 0, 45],
							"uv": {
								"east": {"uv": [0, 11], "uv_size": [1, 1.5]},
								"west": {"uv": [1, 11], "uv_size": [1, 1.5]},
								"up": {"uv": [24, 12], "uv_size": [0.25, 1]},
								"down": {"uv": [13, 25], "uv_size": [0.25, -1]}
							}
						},
						{
							"origin": [-1.03856, 8.3971, 4.375],
							"size": [0.17364, 1.5468, 0.875],
							"pivot": [0, 8.375, 3.1875],
							"rotation": [0, 0, 45],
							"uv": {
								"east": {"uv": [11, 2], "uv_size": [1, 1.5]},
								"west": {"uv": [11, 4], "uv_size": [1, 1.5]},
								"up": {"uv": [24, 13], "uv_size": [0.25, 1]},
								"down": {"uv": [14, 25], "uv_size": [0.25, -1]}
							}
						},
						{
							"origin": [0.86493, 8.3971, 4.375],
							"size": [0.17364, 1.5468, 0.875],
							"pivot": [0, 8.375, 3.1875],
							"rotation": [0, 0, -45],
							"uv": {
								"east": {"uv": [11, 6], "uv_size": [1, 1.5]},
								"west": {"uv": [11, 8], "uv_size": [1, 1.5]},
								"up": {"uv": [24, 14], "uv_size": [0.25, 1]},
								"down": {"uv": [15, 25], "uv_size": [0.25, -1]}
							}
						},
						{
							"origin": [0.55243, 8.3971, 5.25],
							"size": [0.48614, 1.5468, 0.3125],
							"inflate": -0.001,
							"pivot": [0, 8.375, 3.1875],
							"rotation": [0, 0, -45],
							"uv": {
								"north": {"uv": [0, 17], "uv_size": [0.5, 1.5]},
								"south": {"uv": [17, 0], "uv_size": [0.5, 1.5]},
								"up": {"uv": [4, 27], "uv_size": [0.5, 0.25]},
								"down": {"uv": [27, 4.25], "uv_size": [0.5, -0.25]}
							}
						},
						{
							"origin": [0.55243, 8.3971, 4.375],
							"size": [0.17364, 1.5468, 0.875],
							"pivot": [0, 8.375, 3.1875],
							"rotation": [0, 0, -45],
							"uv": {
								"east": {"uv": [11, 10], "uv_size": [1, 1.5]},
								"west": {"uv": [12, 2], "uv_size": [1, 1.5]},
								"up": {"uv": [24, 15], "uv_size": [0.25, 1]},
								"down": {"uv": [16, 25], "uv_size": [0.25, -1]}
							}
						},
						{
							"origin": [0.55243, 8.3971, 3.9375],
							"size": [0.48614, 1.5468, 0.4375],
							"inflate": -0.001,
							"pivot": [0, 8.375, 3.1875],
							"rotation": [0, 0, -45],
							"uv": {
								"south": {"uv": [2, 17], "uv_size": [0.5, 1.5]},
								"up": {"uv": [24, 16], "uv_size": [0.5, 0.5]},
								"down": {"uv": [17, 24.5], "uv_size": [0.5, -0.5]}
							}
						},
						{
							"origin": [-0.71875, 9.125, 5.25],
							"size": [1.4375, 0.75, 0.3125],
							"uv": {
								"north": {"uv": [13, 2], "uv_size": [1.5, 0.75]},
								"east": {"uv": [25, 16], "uv_size": [0.25, 0.75]},
								"south": {"uv": [13, 3], "uv_size": [1.5, 0.75]},
								"west": {"uv": [17, 25], "uv_size": [0.25, 0.75]}
							}
						},
						{
							"origin": [-0.71875, 9.5625, 4.375],
							"size": [1.4375, 0.3125, 0.875],
							"uv": {
								"east": {"uv": [24, 17], "uv_size": [1, 0.25]},
								"west": {"uv": [24, 18], "uv_size": [1, 0.25]},
								"up": {"uv": [4, 12], "uv_size": [1.5, 1]},
								"down": {"uv": [12, 5], "uv_size": [1.5, -1]}
							}
						},
						{
							"origin": [-0.71875, 9.125, 4.375],
							"size": [1.4375, 0.3125, 0.875],
							"uv": {
								"east": {"uv": [19, 24], "uv_size": [1, 0.25]},
								"west": {"uv": [24, 19], "uv_size": [1, 0.25]},
								"up": {"uv": [12, 5], "uv_size": [1.5, 1]},
								"down": {"uv": [6, 13], "uv_size": [1.5, -1]}
							}
						}
					]
				},
				{
					"name": "stock",
					"parent": "p80",
					"pivot": [0, 8, 3]
				},
				{
					"name": "stock4",
					"parent": "stock",
					"pivot": [0, 8, 10],
					"cubes": [
						{
							"origin": [0.4375, 8.4375, 9.875],
							"size": [0.6875, 0.5625, 1],
							"uv": {
								"north": {"uv": [17, 22], "uv_size": [0.75, 0.5]},
								"east": {"uv": [2, 19], "uv_size": [1, 0.5]}
							}
						},
						{
							"origin": [0.65625, 9.37889, 9.875],
							"size": [0.5, 0.625, 1],
							"inflate": 0.001,
							"pivot": [0.21875, 9.37889, 10],
							"rotation": [0, 0, 60],
							"uv": {
								"north": {"uv": [22, 17], "uv_size": [0.5, 0.75]},
								"east": {"uv": [17, 2], "uv_size": [1, 0.75]}
							}
						},
						{
							"origin": [1.34375, 9.2494, 9.875],
							"size": [0.5, 0.6875, 1],
							"inflate": -0.001,
							"pivot": [0.90625, 9.2494, 10],
							"rotation": [0, 0, 120],
							"uv": {
								"north": {"uv": [18, 22], "uv_size": [0.5, 0.75]},
								"west": {"uv": [3, 17], "uv_size": [1, 0.75]}
							}
						},
						{
							"origin": [1.125, 8.29688, 9.77584],
							"size": [0.16648, 0.46099, 1.09916],
							"uv": {
								"east": {"uv": [19, 3], "uv_size": [1, 0.5]},
								"south": {"uv": [5, 27], "uv_size": [0.25, 0.5]},
								"west": {"uv": [19, 4], "uv_size": [1, 0.5]}
							}
						},
						{
							"origin": [1.125, 8.48438, 9.58834],
							"size": [0.16648, 0.27349, 0.1875],
							"uv": {
								"north": {"uv": [28, 4], "uv_size": [0.25, 0.25]},
								"east": {"uv": [5, 28], "uv_size": [0.25, 0.25]},
								"west": {"uv": [28, 5], "uv_size": [0.25, 0.25]}
							}
						},
						{
							"origin": [1.125, 8.72983, 9.99778],
							"size": [0.16648, 0.26517, 0.1875],
							"inflate": -0.001,
							"pivot": [0, 8.24546, 10.40943],
							"rotation": [45, 0, 0],
							"uv": {
								"north": {"uv": [6, 28], "uv_size": [0.25, 0.25]},
								"east": {"uv": [28, 6], "uv_size": [0.25, 0.25]},
								"west": {"uv": [7, 28], "uv_size": [0.25, 0.25]}
							}
						},
						{
							"origin": [1.0227, 8.71543, 9.58834],
							"size": [0.1875, 1.5, 1.28666],
							"pivot": [1.1477, 8.93418, 10.375],
							"rotation": [0, 0, -23.25],
							"uv": {
								"north": {"uv": [22, 18], "uv_size": [0.25, 1.5]},
								"east": {"uv": [0, 7], "uv_size": [1.25, 1.5]},
								"south": {"uv": [19, 22], "uv_size": [0.25, 1.5]},
								"west": {"uv": [4, 8], "uv_size": [1.25, 1.5]}
							}
						},
						{
							"origin": [1.0227, 9.77793, 10.875],
							"size": [0.1875, 0.4375, 0.375],
							"inflate": 0.001,
							"pivot": [1.1477, 8.93418, 10.375],
							"rotation": [0, 0, -23.25],
							"uv": {
								"north": {"uv": [27, 5], "uv_size": [0.25, 0.5]},
								"south": {"uv": [6, 27], "uv_size": [0.25, 0.5]},
								"west": {"uv": [20, 24], "uv_size": [0.5, 0.5]}
							}
						},
						{
							"origin": [-0.87206, 7.02613, 10.875],
							"size": [1.74412, 2.70795, 0.25],
							"uv": {
								"north": {"uv": [0, 0], "uv_size": [1.75, 2.75]},
								"east": {"uv": [13, 17], "uv_size": [0.25, 2.75]},
								"south": {"uv": [2, 0], "uv_size": [1.75, 2.75]},
								"west": {"uv": [17, 14], "uv_size": [0.25, 2.75]}
							}
						},
						{
							"origin": [-0.87206, 9.29176, 11.125],
							"size": [1.74412, 0.44233, 0.125],
							"uv": {
								"east": {"uv": [27, 6], "uv_size": [0.25, 0.5]},
								"south": {"uv": [11, 16], "uv_size": [1.75, 0.5]},
								"west": {"uv": [7, 27], "uv_size": [0.25, 0.5]},
								"down": {"uv": [21, 2.25], "uv_size": [1.75, -0.25]}
							}
						},
						{
							"origin": [-0.87206, 7.02613, 11.125],
							"size": [1.74412, 0.33295, 0.125],
							"uv": {
								"east": {"uv": [28, 7], "uv_size": [0.25, 0.25]},
								"south": {"uv": [21, 3], "uv_size": [1.75, 0.25]},
								"west": {"uv": [8, 28], "uv_size": [0.25, 0.25]},
								"up": {"uv": [4, 21], "uv_size": [1.75, 0.25]}
							}
						},
						{
							"origin": [-0.87206, 7.54176, 11.125],
							"size": [1.74412, 0.25, 0.125],
							"uv": {
								"east": {"uv": [28, 8], "uv_size": [0.25, 0.25]},
								"south": {"uv": [21, 4], "uv_size": [1.75, 0.25]},
								"west": {"uv": [9, 28], "uv_size": [0.25, 0.25]},
								"up": {"uv": [21, 5], "uv_size": [1.75, 0.25]},
								"down": {"uv": [6, 21.25], "uv_size": [1.75, -0.25]}
							}
						},
						{
							"origin": [-0.87206, 7.97926, 11.125],
							"size": [1.74412, 0.25, 0.125],
							"uv": {
								"east": {"uv": [28, 9], "uv_size": [0.25, 0.25]},
								"south": {"uv": [21, 6], "uv_size": [1.75, 0.25]},
								"west": {"uv": [10, 28], "uv_size": [0.25, 0.25]},
								"up": {"uv": [21, 7], "uv_size": [1.75, 0.25]},
								"down": {"uv": [8, 21.25], "uv_size": [1.75, -0.25]}
							}
						},
						{
							"origin": [-0.87206, 8.41676, 11.125],
							"size": [1.74412, 0.25, 0.125],
							"uv": {
								"east": {"uv": [28, 10], "uv_size": [0.25, 0.25]},
								"south": {"uv": [21, 8], "uv_size": [1.75, 0.25]},
								"west": {"uv": [11, 28], "uv_size": [0.25, 0.25]},
								"up": {"uv": [21, 9], "uv_size": [1.75, 0.25]},
								"down": {"uv": [21, 10.25], "uv_size": [1.75, -0.25]}
							}
						},
						{
							"origin": [-0.87206, 8.85426, 11.125],
							"size": [1.74412, 0.25, 0.125],
							"uv": {
								"east": {"uv": [28, 11], "uv_size": [0.25, 0.25]},
								"south": {"uv": [21, 12], "uv_size": [1.75, 0.25]},
								"west": {"uv": [12, 28], "uv_size": [0.25, 0.25]},
								"up": {"uv": [21, 13], "uv_size": [1.75, 0.25]},
								"down": {"uv": [21, 14.25], "uv_size": [1.75, -0.25]}
							}
						},
						{
							"origin": [-0.37206, 5.96363, 10.875],
							"size": [0.74412, 1.0625, 0.375],
							"uv": {
								"north": {"uv": [17, 3], "uv_size": [0.75, 1]},
								"south": {"uv": [7, 17], "uv_size": [0.75, 1]}
							}
						},
						{
							"origin": [-0.59148, 5.96926, 10.875],
							"size": [0.375, 1.125, 0.375],
							"inflate": -0.001,
							"pivot": [-0.46581, 6.58863, 11.09375],
							"rotation": [0, 0, -20],
							"uv": {
								"north": {"uv": [3, 18], "uv_size": [0.5, 1.25]},
								"south": {"uv": [18, 3], "uv_size": [0.5, 1.25]}
							}
						},
						{
							"origin": [0.21648, 5.96926, 10.875],
							"size": [0.375, 1.125, 0.375],
							"inflate": -0.001,
							"pivot": [0.46581, 6.58863, 11.09375],
							"rotation": [0, 0, 20],
							"uv": {
								"north": {"uv": [4, 18], "uv_size": [0.5, 1.25]},
								"south": {"uv": [5, 18], "uv_size": [0.5, 1.25]}
							}
						},
						{
							"origin": [-0.37206, 9.73408, 10.875],
							"size": [0.74412, 0.5, 0.375],
							"inflate": -0.002,
							"uv": {
								"north": {"uv": [20, 22], "uv_size": [0.75, 0.5]},
								"south": {"uv": [22, 20], "uv_size": [0.75, 0.5]}
							}
						},
						{
							"origin": [0.65145, 10.1729, 10.875],
							"size": [0.58211, 0.375, 0.375],
							"inflate": -0.001,
							"pivot": [0.80956, 8.45283, 10.375],
							"rotation": [0, 0, -45],
							"uv": {
								"north": {"uv": [24, 20], "uv_size": [0.5, 0.5]},
								"south": {"uv": [21, 24], "uv_size": [0.5, 0.5]}
							}
						},
						{
							"origin": [-1.17106, 10.1729, 10.875],
							"size": [0.51961, 0.375, 0.375],
							"inflate": -0.001,
							"pivot": [-0.80956, 8.45283, 10.375],
							"rotation": [0, 0, 45],
							"uv": {
								"north": {"uv": [24, 21], "uv_size": [0.5, 0.5]},
								"south": {"uv": [22, 24], "uv_size": [0.5, 0.5]}
							}
						},
						{
							"origin": [-1.12206, 7.96363, 10.75],
							"size": [2.24412, 1.08295, 0.125],
							"uv": {
								"north": {"uv": [6, 2], "uv_size": [2.25, 1]},
								"east": {"uv": [24, 22], "uv_size": [0.25, 1]},
								"south": {"uv": [6, 3], "uv_size": [2.25, 1]},
								"west": {"uv": [23, 24], "uv_size": [0.25, 1]},
								"up": {"uv": [18, 5], "uv_size": [2.25, 0.25]},
								"down": {"uv": [18, 6.25], "uv_size": [2.25, -0.25]}
							}
						},
						{
							"origin": [-0.80956, 7.62237, 11.27968],
							"size": [1.61912, 0.25, 0.125],
							"pivot": [0.80956, 7.27862, 10.90468],
							"rotation": [45, 0, 0],
							"uv": {
								"north": {"uv": [21, 22], "uv_size": [1.5, 0.25]},
								"east": {"uv": [28, 12], "uv_size": [0.25, 0.25]},
								"south": {"uv": [22, 21], "uv_size": [1.5, 0.25]},
								"west": {"uv": [13, 28], "uv_size": [0.25, 0.25]},
								"up": {"uv": [0, 23], "uv_size": [1.5, 0.25]},
								"down": {"uv": [23, 0.25], "uv_size": [1.5, -0.25]}
							}
						},
						{
							"origin": [0.77472, 9.14822, 10.45129],
							"size": [0.4375, 1.0625, 0.375],
							"inflate": -0.001,
							"pivot": [1.14972, 8.92947, 9.95129],
							"rotation": [-22.5, 0, -23.25],
							"uv": {
								"east": {"uv": [8, 19], "uv_size": [0.5, 1]},
								"south": {"uv": [9, 19], "uv_size": [0.5, 1]},
								"west": {"uv": [10, 19], "uv_size": [0.5, 1]}
							}
						},
						{
							"origin": [1.0227, 9.27793, 7.83834],
							"size": [0.1875, 0.9375, 1.75],
							"pivot": [1.1477, 8.93418, 10.375],
							"rotation": [0, 0, -23.25],
							"uv": {
								"east": {"uv": [9, 2], "uv_size": [1.75, 1]},
								"west": {"uv": [9, 3], "uv_size": [1.75, 1]},
								"down": {"uv": [1, 22.75], "uv_size": [0.25, -1.75]}
							}
						},
						{
							"origin": [1.0227, 9.84043, 7.27584],
							"size": [0.1875, 0.375, 0.5625],
							"pivot": [1.1477, 8.93418, 10.375],
							"rotation": [0, 0, -23.25],
							"uv": {
								"north": {"uv": [27, 7], "uv_size": [0.25, 0.5]},
								"east": {"uv": [24, 23], "uv_size": [0.5, 0.5]},
								"west": {"uv": [24, 24], "uv_size": [0.5, 0.5]}
							}
						},
						{
							"origin": [0.22258, 11.3827, 7.38394],
							"size": [0.1875, 0.7955, 0.4375],
							"inflate": -0.001,
							"pivot": [0.34758, 10.79653, 10.35051],
							"rotation": [45, 0, -23.25],
							"uv": {
								"north": {"uv": [25, 17], "uv_size": [0.25, 0.75]},
								"east": {"uv": [23, 1], "uv_size": [0.5, 0.75]},
								"west": {"uv": [2, 23], "uv_size": [0.5, 0.75]}
							}
						},
						{
							"origin": [0.98075, 8.74415, 9.39705],
							"size": [0.1875, 0.84283, 0.375],
							"inflate": -0.001,
							"pivot": [1.0745, 9.0254, 9.52205],
							"rotation": [45, 0, -23.25],
							"uv": {
								"north": {"uv": [18, 25], "uv_size": [0.25, 0.75]},
								"east": {"uv": [23, 2], "uv_size": [0.5, 0.75]},
								"west": {"uv": [3, 23], "uv_size": [0.5, 0.75]}
							}
						},
						{
							"origin": [0.89926, 8.93382, 8.97564],
							"size": [0.1875, 0.84283, 0.375],
							"inflate": 0.001,
							"pivot": [0.99301, 9.21507, 9.10064],
							"rotation": [75, 0, -23.25],
							"uv": {
								"north": {"uv": [25, 18], "uv_size": [0.25, 0.75]},
								"east": {"uv": [23, 3], "uv_size": [0.5, 0.75]},
								"west": {"uv": [4, 23], "uv_size": [0.5, 0.75]}
							}
						},
						{
							"origin": [0.92212, 10.4571, 7.27584],
							"size": [0.1875, 0.59518, 3.97416],
							"pivot": [1.16902, 9.95853, 10.375],
							"rotation": [0, 0, -62.5],
							"uv": {
								"north": {"uv": [8, 27], "uv_size": [0.25, 0.5]},
								"east": {"uv": [4, 6], "uv_size": [4, 0.5]},
								"south": {"uv": [27, 8], "uv_size": [0.25, 0.5]},
								"west": {"uv": [6, 4], "uv_size": [4, 0.5]}
							}
						},
						{
							"origin": [0.49013, 6.54011, 10.42464],
							"size": [0.1875, 0.47691, 0.82813],
							"inflate": 0.001,
							"pivot": [0.73702, 6.04154, 10.67464],
							"rotation": [0, 0, -90],
							"uv": {
								"north": {"uv": [9, 27], "uv_size": [0.25, 0.5]},
								"east": {"uv": [23, 4], "uv_size": [0.75, 0.5]},
								"south": {"uv": [27, 9], "uv_size": [0.25, 0.5]},
								"west": {"uv": [5, 23], "uv_size": [0.75, 0.5]}
							}
						},
						{
							"origin": [1.02598, 6.03913, 10.86214],
							"size": [0.18713, 0.95218, 0.38786],
							"inflate": 0.001,
							"pivot": [1.15098, 8.07038, 10.67464],
							"rotation": [0, 0, 18.25],
							"uv": {
								"north": {"uv": [0, 25], "uv_size": [0.25, 1]},
								"south": {"uv": [25, 0], "uv_size": [0.25, 1]},
								"west": {"uv": [11, 19], "uv_size": [0.5, 1]}
							}
						},
						{
							"origin": [1.02598, 6.03913, 10.42464],
							"size": [0.1875, 0.40625, 0.4375],
							"pivot": [1.15098, 8.07038, 10.67464],
							"rotation": [0, 0, 18.25],
							"uv": {
								"north": {"uv": [10, 27], "uv_size": [0.25, 0.5]},
								"east": {"uv": [1, 25], "uv_size": [0.5, 0.5]},
								"west": {"uv": [25, 1], "uv_size": [0.5, 0.5]},
								"up": {"uv": [27, 10], "uv_size": [0.25, 0.5]}
							}
						},
						{
							"origin": [0.30488, 5.74025, 10.42464],
							"size": [0.1875, 0.46875, 0.82813],
							"pivot": [0.42988, 6.06838, 10.92464],
							"rotation": [0, 0, 45.75],
							"uv": {
								"north": {"uv": [11, 27], "uv_size": [0.25, 0.5]},
								"east": {"uv": [23, 5], "uv_size": [0.75, 0.5]},
								"south": {"uv": [27, 11], "uv_size": [0.25, 0.5]},
								"west": {"uv": [6, 23], "uv_size": [0.75, 0.5]}
							}
						},
						{
							"origin": [0.77883, 6.61027, 10.5],
							"size": [0.4375, 1.40625, 0.3125],
							"inflate": -0.001,
							"pivot": [1.15383, 8.07902, 10.3125],
							"rotation": [17.5, 0, 18.25],
							"uv": {
								"north": {"uv": [8, 17], "uv_size": [0.5, 1.5]},
								"east": {"uv": [23, 6], "uv_size": [0.25, 1.5]},
								"south": {"uv": [9, 17], "uv_size": [0.5, 1.5]},
								"west": {"uv": [7, 23], "uv_size": [0.25, 1.5]}
							}
						},
						{
							"origin": [0.97362, 6.06784, 9.86809],
							"size": [0.1875, 2.09375, 0.25],
							"inflate": -0.001,
							"pivot": [1.09862, 7.91159, 9.61809],
							"rotation": [18.5, 0, 18.25],
							"uv": {
								"north": {"uv": [19, 11], "uv_size": [0.25, 2]},
								"east": {"uv": [12, 19], "uv_size": [0.25, 2]},
								"south": {"uv": [19, 13], "uv_size": [0.25, 2]},
								"west": {"uv": [14, 19], "uv_size": [0.25, 2]}
							}
						},
						{
							"origin": [1.02883, 7.92277, 9.875],
							"size": [0.1875, 0.40625, 1],
							"pivot": [1.15383, 8.07902, 10.375],
							"rotation": [0, 0, 18.25],
							"uv": {
								"east": {"uv": [15, 19], "uv_size": [1, 0.5]},
								"south": {"uv": [12, 27], "uv_size": [0.25, 0.5]},
								"west": {"uv": [19, 15], "uv_size": [1, 0.5]},
								"down": {"uv": [2, 26], "uv_size": [0.25, -1]}
							}
						},
						{
							"origin": [1.02883, 8.21912, 9.77584],
							"size": [0.1875, 0.1099, 0.09916],
							"pivot": [1.15383, 8.07902, 10.375],
							"rotation": [0, 0, 18.25],
							"uv": {
								"north": {"uv": [28, 13], "uv_size": [0.25, 0.25]},
								"east": {"uv": [14, 28], "uv_size": [0.25, 0.25]},
								"south": {"uv": [28, 14], "uv_size": [0.25, 0.25]},
								"west": {"uv": [15, 28], "uv_size": [0.25, 0.25]},
								"up": {"uv": [28, 15], "uv_size": [0.25, 0.25]},
								"down": {"uv": [16, 28.25], "uv_size": [0.25, -0.25]}
							}
						},
						{
							"origin": [-1.125, 8.4375, 9.875],
							"size": [0.6875, 0.5625, 1],
							"uv": {
								"north": {"uv": [23, 8], "uv_size": [0.75, 0.5]},
								"west": {"uv": [19, 16], "uv_size": [1, 0.5]}
							}
						},
						{
							"origin": [-1.15625, 9.37889, 9.875],
							"size": [0.5, 0.625, 1],
							"inflate": 0.001,
							"pivot": [-0.21875, 9.37889, 10],
							"rotation": [0, 0, -60],
							"uv": {
								"north": {"uv": [23, 9], "uv_size": [0.5, 0.75]},
								"west": {"uv": [11, 17], "uv_size": [1, 0.75]}
							}
						},
						{
							"origin": [-1.84375, 9.2494, 9.875],
							"size": [0.5, 0.6875, 1],
							"inflate": -0.001,
							"pivot": [-0.90625, 9.2494, 10],
							"rotation": [0, 0, -120],
							"uv": {
								"north": {"uv": [10, 23], "uv_size": [0.5, 0.75]},
								"east": {"uv": [17, 11], "uv_size": [1, 0.75]}
							}
						},
						{
							"origin": [-1.29148, 8.29688, 9.77584],
							"size": [0.16648, 0.46099, 1.09916],
							"uv": {
								"east": {"uv": [17, 19], "uv_size": [1, 0.5]},
								"south": {"uv": [27, 12], "uv_size": [0.25, 0.5]},
								"west": {"uv": [18, 19], "uv_size": [1, 0.5]}
							}
						},
						{
							"origin": [-1.29148, 8.48438, 9.58834],
							"size": [0.16648, 0.27349, 0.1875],
							"uv": {
								"north": {"uv": [28, 16], "uv_size": [0.25, 0.25]},
								"east": {"uv": [17, 28], "uv_size": [0.25, 0.25]},
								"west": {"uv": [28, 17], "uv_size": [0.25, 0.25]}
							}
						},
						{
							"origin": [-1.29148, 8.72983, 9.99778],
							"size": [0.16648, 0.26517, 0.1875],
							"inflate": -0.001,
							"pivot": [0, 8.24546, 10.40943],
							"rotation": [45, 0, 0],
							"uv": {
								"north": {"uv": [18, 28], "uv_size": [0.25, 0.25]},
								"east": {"uv": [28, 18], "uv_size": [0.25, 0.25]},
								"west": {"uv": [19, 28], "uv_size": [0.25, 0.25]}
							}
						},
						{
							"origin": [-1.2102, 8.71543, 9.58834],
							"size": [0.1875, 1.5, 1.28666],
							"pivot": [-1.1477, 8.93418, 10.375],
							"rotation": [0, 0, 23.25],
							"uv": {
								"north": {"uv": [23, 10], "uv_size": [0.25, 1.5]},
								"east": {"uv": [6, 8], "uv_size": [1.25, 1.5]},
								"south": {"uv": [11, 23], "uv_size": [0.25, 1.5]},
								"west": {"uv": [8, 6], "uv_size": [1.25, 1.5]}
							}
						},
						{
							"origin": [-1.2102, 9.27793, 7.83834],
							"size": [0.1875, 0.9375, 1.75],
							"pivot": [-1.1477, 8.93418, 10.375],
							"rotation": [0, 0, 23.25],
							"uv": {
								"east": {"uv": [8, 9], "uv_size": [1.75, 1]},
								"west": {"uv": [0, 10], "uv_size": [1.75, 1]},
								"down": {"uv": [10, 22.75], "uv_size": [0.25, -1.75]}
							}
						},
						{
							"origin": [-1.2102, 9.84043, 7.27584],
							"size": [0.1875, 0.375, 0.5625],
							"pivot": [-1.1477, 8.93418, 10.375],
							"rotation": [0, 0, 23.25],
							"uv": {
								"north": {"uv": [13, 27], "uv_size": [0.25, 0.5]},
								"east": {"uv": [25, 2], "uv_size": [0.5, 0.5]},
								"south": {"uv": [27, 13], "uv_size": [0.25, 0.5]},
								"west": {"uv": [3, 25], "uv_size": [0.5, 0.5]},
								"up": {"uv": [14, 27], "uv_size": [0.25, 0.5]},
								"down": {"uv": [27, 14.5], "uv_size": [0.25, -0.5]}
							}
						},
						{
							"origin": [-0.41008, 11.3827, 7.38394],
							"size": [0.1875, 0.7955, 0.4375],
							"inflate": -0.001,
							"pivot": [-0.34758, 10.79653, 10.35051],
							"rotation": [45, 0, 23.25],
							"uv": {
								"north": {"uv": [19, 25], "uv_size": [0.25, 0.75]},
								"east": {"uv": [12, 23], "uv_size": [0.5, 0.75]},
								"west": {"uv": [23, 12], "uv_size": [0.5, 0.75]}
							}
						},
						{
							"origin": [-1.16825, 8.74415, 9.39705],
							"size": [0.1875, 0.84283, 0.375],
							"inflate": -0.001,
							"pivot": [-1.0745, 9.0254, 9.52205],
							"rotation": [45, 0, 23.25],
							"uv": {
								"north": {"uv": [25, 19], "uv_size": [0.25, 0.75]},
								"east": {"uv": [13, 23], "uv_size": [0.5, 0.75]},
								"west": {"uv": [23, 13], "uv_size": [0.5, 0.75]}
							}
						},
						{
							"origin": [-1.08676, 8.93382, 8.97564],
							"size": [0.1875, 0.84283, 0.375],
							"inflate": 0.001,
							"pivot": [-0.99301, 9.21507, 9.10064],
							"rotation": [75, 0, 23.25],
							"uv": {
								"north": {"uv": [20, 25], "uv_size": [0.25, 0.75]},
								"east": {"uv": [23, 14], "uv_size": [0.5, 0.75]},
								"west": {"uv": [23, 15], "uv_size": [0.5, 0.75]}
							}
						},
						{
							"origin": [-1.10962, 10.4571, 7.27584],
							"size": [0.1875, 0.59518, 3.97416],
							"pivot": [-1.16902, 9.95853, 10.375],
							"rotation": [0, 0, 62.5],
							"uv": {
								"north": {"uv": [15, 27], "uv_size": [0.25, 0.5]},
								"east": {"uv": [6, 5], "uv_size": [4, 0.5]},
								"south": {"uv": [27, 15], "uv_size": [0.25, 0.5]},
								"west": {"uv": [4, 7], "uv_size": [4, 0.5]}
							}
						},
						{
							"origin": [-0.6106, 10.96885, 7.27584],
							"size": [0.1875, 0.34286, 3.97416],
							"inflate": 0.001,
							"pivot": [-0.67, 10.47028, 10.375],
							"rotation": [0, 0, 90],
							"uv": {
								"north": {"uv": [28, 19], "uv_size": [0.25, 0.25]},
								"east": {"uv": [13, 11], "uv_size": [4, 0.25]},
								"south": {"uv": [20, 28], "uv_size": [0.25, 0.25]},
								"west": {"uv": [12, 13], "uv_size": [4, 0.25]}
							}
						},
						{
							"origin": [-1.21311, 6.03913, 10.86214],
							"size": [0.18713, 0.95218, 0.38786],
							"inflate": 0.001,
							"pivot": [-1.15098, 8.07038, 10.67464],
							"rotation": [0, 0, -18.25],
							"uv": {
								"north": {"uv": [25, 3], "uv_size": [0.25, 1]},
								"east": {"uv": [19, 18], "uv_size": [0.5, 1]},
								"south": {"uv": [4, 25], "uv_size": [0.25, 1]}
							}
						},
						{
							"origin": [-1.21348, 6.03913, 10.42464],
							"size": [0.1875, 0.40625, 0.4375],
							"pivot": [-1.15098, 8.07038, 10.67464],
							"rotation": [0, 0, -18.25],
							"uv": {
								"north": {"uv": [16, 27], "uv_size": [0.25, 0.5]},
								"east": {"uv": [25, 4], "uv_size": [0.5, 0.5]},
								"west": {"uv": [5, 25], "uv_size": [0.5, 0.5]},
								"up": {"uv": [27, 16], "uv_size": [0.25, 0.5]}
							}
						},
						{
							"origin": [-0.49238, 5.74025, 10.42464],
							"size": [0.1875, 0.46875, 0.82813],
							"pivot": [-0.42988, 6.06838, 10.92464],
							"rotation": [0, 0, -45.75],
							"uv": {
								"north": {"uv": [17, 27], "uv_size": [0.25, 0.5]},
								"east": {"uv": [23, 16], "uv_size": [0.75, 0.5]},
								"south": {"uv": [27, 17], "uv_size": [0.25, 0.5]},
								"west": {"uv": [17, 23], "uv_size": [0.75, 0.5]}
							}
						},
						{
							"origin": [-1.21633, 6.61027, 10.5],
							"size": [0.4375, 1.40625, 0.3125],
							"inflate": -0.001,
							"pivot": [-1.15383, 8.07902, 10.3125],
							"rotation": [17.5, 0, -18.25],
							"uv": {
								"north": {"uv": [12, 17], "uv_size": [0.5, 1.5]},
								"east": {"uv": [23, 17], "uv_size": [0.25, 1.5]},
								"south": {"uv": [17, 12], "uv_size": [0.5, 1.5]},
								"west": {"uv": [18, 23], "uv_size": [0.25, 1.5]}
							}
						},
						{
							"origin": [-1.16112, 6.06784, 9.86809],
							"size": [0.1875, 2.09375, 0.25],
							"inflate": -0.001,
							"pivot": [-1.09862, 7.91159, 9.61809],
							"rotation": [18.5, 0, -18.25],
							"uv": {
								"north": {"uv": [19, 19], "uv_size": [0.25, 2]},
								"east": {"uv": [0, 20], "uv_size": [0.25, 2]},
								"south": {"uv": [2, 20], "uv_size": [0.25, 2]},
								"west": {"uv": [3, 20], "uv_size": [0.25, 2]}
							}
						},
						{
							"origin": [-1.21633, 7.92277, 9.875],
							"size": [0.1875, 0.40625, 1],
							"pivot": [-1.15383, 8.07902, 10.375],
							"rotation": [0, 0, -18.25],
							"uv": {
								"east": {"uv": [20, 3], "uv_size": [1, 0.5]},
								"south": {"uv": [18, 27], "uv_size": [0.25, 0.5]},
								"west": {"uv": [4, 20], "uv_size": [1, 0.5]},
								"down": {"uv": [25, 6], "uv_size": [0.25, -1]}
							}
						},
						{
							"origin": [-1.21633, 8.21912, 9.77584],
							"size": [0.1875, 0.1099, 0.09916],
							"pivot": [-1.15383, 8.07902, 10.375],
							"rotation": [0, 0, -18.25],
							"uv": {
								"north": {"uv": [28, 20], "uv_size": [0.25, 0.25]},
								"east": {"uv": [21, 28], "uv_size": [0.25, 0.25]},
								"south": {"uv": [28, 21], "uv_size": [0.25, 0.25]},
								"west": {"uv": [22, 28], "uv_size": [0.25, 0.25]},
								"up": {"uv": [28, 22], "uv_size": [0.25, 0.25]},
								"down": {"uv": [23, 28.25], "uv_size": [0.25, -0.25]}
							}
						},
						{
							"origin": [-1.2102, 9.77793, 10.875],
							"size": [0.1875, 0.4375, 0.375],
							"inflate": 0.001,
							"pivot": [-1.1477, 8.93418, 10.375],
							"rotation": [0, 0, 23.25],
							"uv": {
								"north": {"uv": [27, 18], "uv_size": [0.25, 0.5]},
								"east": {"uv": [6, 25], "uv_size": [0.5, 0.5]},
								"south": {"uv": [19, 27], "uv_size": [0.25, 0.5]}
							}
						},
						{
							"origin": [-1.21222, 9.14822, 10.45129],
							"size": [0.4375, 1.0625, 0.375],
							"inflate": -0.001,
							"pivot": [-1.14972, 8.92947, 9.95129],
							"rotation": [-22.5, 0, 23.25],
							"uv": {
								"east": {"uv": [20, 4], "uv_size": [0.5, 1]},
								"south": {"uv": [5, 20], "uv_size": [0.5, 1]},
								"west": {"uv": [8, 20], "uv_size": [0.5, 1]}
							}
						}
					]
				},
				{
					"name": "stock5",
					"parent": "stock",
					"pivot": [0, 8, 3],
					"cubes": [
						{
							"origin": [-0.75, 8.71875, 0.0625],
							"size": [0.25, 0.34375, 4.3125],
							"pivot": [0, 8, 3],
							"rotation": [0, 0, -15],
							"uv": {
								"north": {"uv": [28, 23], "uv_size": [0.25, 0.25]},
								"east": {"uv": [13, 7], "uv_size": [4.25, 0.25]},
								"south": {"uv": [24, 28], "uv_size": [0.25, 0.25]},
								"west": {"uv": [13, 8], "uv_size": [4.25, 0.25]},
								"down": {"uv": [1, 17.25], "uv_size": [0.25, -4.25]}
							}
						},
						{
							"origin": [-0.75, 8.84375, 4.375],
							"size": [0.25, 0.21875, 3.9375],
							"pivot": [0, 8, 3],
							"rotation": [0, 0, -15],
							"uv": {
								"north": {"uv": [28, 24], "uv_size": [0.25, 0.25]},
								"east": {"uv": [14, 4], "uv_size": [4, 0.25]},
								"south": {"uv": [25, 28], "uv_size": [0.25, 0.25]},
								"west": {"uv": [14, 5], "uv_size": [4, 0.25]},
								"down": {"uv": [7, 17], "uv_size": [0.25, -4]}
							}
						},
						{
							"origin": [-0.75, 8.71875, 5.9375],
							"size": [0.25, 0.125, 0.8125],
							"pivot": [0, 8, 4.5625],
							"rotation": [0, 0, -15],
							"uv": {
								"north": {"uv": [28, 25], "uv_size": [0.25, 0.25]},
								"east": {"uv": [25, 20], "uv_size": [0.75, 0.25]},
								"south": {"uv": [26, 28], "uv_size": [0.25, 0.25]},
								"west": {"uv": [21, 25], "uv_size": [0.75, 0.25]},
								"down": {"uv": [25, 21.75], "uv_size": [0.25, -0.75]}
							}
						},
						{
							"origin": [-0.75, 8.71875, 7.125],
							"size": [0.25, 0.125, 0.8125],
							"pivot": [0, 8, 5.75],
							"rotation": [0, 0, -15],
							"uv": {
								"north": {"uv": [28, 26], "uv_size": [0.25, 0.25]},
								"east": {"uv": [22, 25], "uv_size": [0.75, 0.25]},
								"south": {"uv": [27, 28], "uv_size": [0.25, 0.25]},
								"west": {"uv": [25, 22], "uv_size": [0.75, 0.25]},
								"down": {"uv": [23, 25.75], "uv_size": [0.25, -0.75]}
							}
						},
						{
							"origin": [-0.75, 8.71875, 8.3125],
							"size": [0.25, 0.34375, 2.1875],
							"pivot": [0, 8, 6.9375],
							"rotation": [0, 0, -15],
							"uv": {
								"north": {"uv": [28, 27], "uv_size": [0.25, 0.25]},
								"east": {"uv": [18, 7], "uv_size": [2.25, 0.25]},
								"south": {"uv": [28, 28], "uv_size": [0.25, 0.25]},
								"west": {"uv": [18, 8], "uv_size": [2.25, 0.25]},
								"down": {"uv": [6, 20.25], "uv_size": [0.25, -2.25]}
							}
						},
						{
							"origin": [-0.75, 8.71875, 4.75],
							"size": [0.25, 0.125, 0.8125],
							"pivot": [0, 8, 3.375],
							"rotation": [0, 0, -15],
							"uv": {
								"north": {"uv": [0, 29], "uv_size": [0.25, 0.25]},
								"east": {"uv": [25, 23], "uv_size": [0.75, 0.25]},
								"south": {"uv": [29, 0], "uv_size": [0.25, 0.25]},
								"west": {"uv": [24, 25], "uv_size": [0.75, 0.25]},
								"down": {"uv": [25, 24.75], "uv_size": [0.25, -0.75]}
							}
						},
						{
							"origin": [-0.35061, 9.78159, 0.0625],
							"size": [0.17678, 0.17678, 10.4375],
							"inflate": -0.001,
							"pivot": [0.30028, 8.83337, 3],
							"rotation": [0, 0, -60],
							"uv": {
								"north": {"uv": [1, 29], "uv_size": [0.25, 0.25]},
								"south": {"uv": [29, 1], "uv_size": [0.25, 0.25]},
								"west": {"uv": [6, 0], "uv_size": [10.5, 0.25]},
								"up": {"uv": [2, 5], "uv_size": [0.25, 10.5]}
							}
						}
					]
				},
				{
					"name": "stock6",
					"parent": "stock",
					"pivot": [0, 8, 3],
					"cubes": [
						{
							"origin": [0.5, 8.71875, 0.0625],
							"size": [0.25, 0.34375, 4.3125],
							"pivot": [0, 8, 3],
							"rotation": [0, 0, 15],
							"uv": {
								"north": {"uv": [2, 29], "uv_size": [0.25, 0.25]},
								"east": {"uv": [13, 9], "uv_size": [4.25, 0.25]},
								"south": {"uv": [29, 2], "uv_size": [0.25, 0.25]},
								"west": {"uv": [13, 10], "uv_size": [4.25, 0.25]},
								"down": {"uv": [4, 17.25], "uv_size": [0.25, -4.25]}
							}
						},
						{
							"origin": [0.5, 8.84375, 4.375],
							"size": [0.25, 0.21875, 3.9375],
							"pivot": [0, 8, 3],
							"rotation": [0, 0, 15],
							"uv": {
								"north": {"uv": [3, 29], "uv_size": [0.25, 0.25]},
								"east": {"uv": [14, 6], "uv_size": [4, 0.25]},
								"south": {"uv": [29, 3], "uv_size": [0.25, 0.25]},
								"west": {"uv": [11, 14], "uv_size": [4, 0.25]},
								"down": {"uv": [5, 18], "uv_size": [0.25, -4]}
							}
						},
						{
							"origin": [0.5, 8.71875, 5.9375],
							"size": [0.25, 0.125, 0.8125],
							"pivot": [0, 8, 4.5625],
							"rotation": [0, 0, 15],
							"uv": {
								"north": {"uv": [4, 29], "uv_size": [0.25, 0.25]},
								"east": {"uv": [25, 25], "uv_size": [0.75, 0.25]},
								"south": {"uv": [29, 4], "uv_size": [0.25, 0.25]},
								"west": {"uv": [0, 26], "uv_size": [0.75, 0.25]},
								"down": {"uv": [26, 0.75], "uv_size": [0.25, -0.75]}
							}
						},
						{
							"origin": [0.5, 8.71875, 7.125],
							"size": [0.25, 0.125, 0.8125],
							"pivot": [0, 8, 5.75],
							"rotation": [0, 0, 15],
							"uv": {
								"north": {"uv": [5, 29], "uv_size": [0.25, 0.25]},
								"east": {"uv": [1, 26], "uv_size": [0.75, 0.25]},
								"south": {"uv": [29, 5], "uv_size": [0.25, 0.25]},
								"west": {"uv": [26, 1], "uv_size": [0.75, 0.25]},
								"down": {"uv": [2, 26.75], "uv_size": [0.25, -0.75]}
							}
						},
						{
							"origin": [0.5, 8.71875, 8.3125],
							"size": [0.25, 0.34375, 2.1875],
							"pivot": [0, 8, 6.9375],
							"rotation": [0, 0, 15],
							"uv": {
								"north": {"uv": [6, 29], "uv_size": [0.25, 0.25]},
								"east": {"uv": [18, 9], "uv_size": [2.25, 0.25]},
								"south": {"uv": [29, 6], "uv_size": [0.25, 0.25]},
								"west": {"uv": [18, 10], "uv_size": [2.25, 0.25]},
								"down": {"uv": [7, 20.25], "uv_size": [0.25, -2.25]}
							}
						},
						{
							"origin": [0.5, 8.71875, 4.75],
							"size": [0.25, 0.125, 0.8125],
							"pivot": [0, 8, 3.375],
							"rotation": [0, 0, 15],
							"uv": {
								"north": {"uv": [7, 29], "uv_size": [0.25, 0.25]},
								"east": {"uv": [26, 2], "uv_size": [0.75, 0.25]},
								"south": {"uv": [29, 7], "uv_size": [0.25, 0.25]},
								"west": {"uv": [3, 26], "uv_size": [0.75, 0.25]},
								"down": {"uv": [26, 3.75], "uv_size": [0.25, -0.75]}
							}
						},
						{
							"origin": [0.17383, 9.78159, 0.0625],
							"size": [0.17678, 0.17678, 10.4375],
							"inflate": -0.001,
							"pivot": [-0.30028, 8.83337, 3],
							"rotation": [0, 0, 60],
							"uv": {
								"north": {"uv": [8, 29], "uv_size": [0.25, 0.25]},
								"east": {"uv": [6, 1], "uv_size": [10.5, 0.25]},
								"south": {"uv": [29, 8], "uv_size": [0.25, 0.25]},
								"up": {"uv": [3, 5], "uv_size": [0.25, 10.5]}
							}
						}
					]
				}
			]
		}
	]
}