{
	"format_version": "1.12.0",
	"minecraft:geometry": [
		{
			"description": {
				"identifier": "geometry.ak47",
				"texture_width": 32,
				"texture_height": 32,
				"visible_bounds_width": 6,
				"visible_bounds_height": 2.5,
				"visible_bounds_offset": [0, 0.75, 0]
			},
			"bones": [
				{
					"name": "stock",
					"pivot": [0, -0.9375, 1]
				},
				{
					"name": "bone5",
					"parent": "stock",
					"pivot": [0.98269, -0.22644, 8.84375],
					"cubes": [
						{
							"origin": [0.85769, -0.56446, 9.1875],
							"size": [0.25, 0.67604, 0.6875],
							"inflate": -0.001,
							"pivot": [0.98269, -0.22644, 8.84375],
							"rotation": [0, 0, -7.5],
							"uv": {
								"north": {"uv": [20, 27], "uv_size": [0.5, 0.5]},
								"south": {"uv": [27, 20], "uv_size": [0.5, 0.5]},
								"west": {"uv": [21, 27], "uv_size": [0.5, 0.5]}
							}
						},
						{
							"origin": [0.67013, -0.45289, 9.1875],
							"size": [0.3125, 0.67603, 0.6875],
							"inflate": -0.001,
							"pivot": [0.0625, -0.03125, 1],
							"rotation": [0, 0, -33.5],
							"uv": {
								"north": {"uv": [27, 21], "uv_size": [0.5, 0.5]},
								"south": {"uv": [22, 27], "uv_size": [0.5, 0.5]},
								"west": {"uv": [27, 22], "uv_size": [0.5, 0.5]}
							}
						},
						{
							"origin": [0.20965, 0.5968, 9.1875],
							"size": [0.45069, 0.25, 0.6875],
							"inflate": -0.001,
							"pivot": [0.41176, 0.72128, 1],
							"rotation": [0, 0, 33.5],
							"uv": {
								"north": {"uv": [23, 27], "uv_size": [0.5, 0.5]},
								"south": {"uv": [27, 23], "uv_size": [0.5, 0.5]},
								"up": {"uv": [24, 27], "uv_size": [0.5, 0.5]}
							}
						},
						{
							"origin": [-0.3125, 0.625, 9.1875],
							"size": [0.625, 0.3125, 0.6875],
							"uv": {
								"north": {"uv": [27, 24], "uv_size": [0.5, 0.5]},
								"south": {"uv": [25, 27], "uv_size": [0.5, 0.5]},
								"up": {"uv": [27, 25], "uv_size": [0.5, 0.5]}
							}
						},
						{
							"origin": [-0.66034, 0.5968, 9.1875],
							"size": [0.45069, 0.25, 0.6875],
							"inflate": -0.001,
							"pivot": [-0.41176, 0.72128, 1],
							"rotation": [0, 0, -33.5],
							"uv": {
								"north": {"uv": [26, 27], "uv_size": [0.5, 0.5]},
								"south": {"uv": [27, 26], "uv_size": [0.5, 0.5]},
								"up": {"uv": [27, 27], "uv_size": [0.5, 0.5]}
							}
						},
						{
							"origin": [-0.98263, -0.45289, 9.1875],
							"size": [0.3125, 0.67603, 0.6875],
							"inflate": -0.001,
							"pivot": [-0.0625, -0.03125, 1],
							"rotation": [0, 0, 33.5],
							"uv": {
								"north": {"uv": [0, 28], "uv_size": [0.5, 0.5]},
								"east": {"uv": [28, 0], "uv_size": [0.5, 0.5]},
								"south": {"uv": [1, 28], "uv_size": [0.5, 0.5]}
							}
						},
						{
							"origin": [-0.6875, 0.125, 9.1875],
							"size": [1.375, 0.5625, 0.6875],
							"uv": {
								"north": {"uv": [22, 11], "uv_size": [1.5, 0.5]},
								"south": {"uv": [12, 22], "uv_size": [1.5, 0.5]}
							}
						},
						{
							"origin": [-0.93197, -3.03714, 8.8817],
							"size": [1.86394, 0.6875, 2.15023],
							"pivot": [0.5285, -2.698, 9.39444],
							"rotation": [85, 0, 0],
							"uv": {
								"east": {"uv": [18, 8], "uv_size": [2, 0.5]},
								"west": {"uv": [18, 12], "uv_size": [2, 0.5]},
								"down": {"uv": [10, 3], "uv_size": [2, -2]}
							}
						},
						{
							"origin": [-1.0625, -1.09629, 9.1875],
							"size": [2.125, 1.22129, 0.6875],
							"uv": {
								"north": {"uv": [15, 5], "uv_size": [2, 1]},
								"east": {"uv": [25, 10], "uv_size": [0.5, 1]},
								"south": {"uv": [15, 6], "uv_size": [2, 1]},
								"west": {"uv": [11, 25], "uv_size": [0.5, 1]}
							}
						},
						{
							"origin": [1.0625, -1.09629, 9.1875],
							"size": [0.08824, 0.55104, 0.6875],
							"uv": {
								"north": {"uv": [28, 1], "uv_size": [0.5, 0.5]},
								"south": {"uv": [2, 28], "uv_size": [0.5, 0.5]},
								"west": {"uv": [28, 2], "uv_size": [0.5, 0.5]}
							}
						},
						{
							"origin": [0.93197, -1.54904, 9.04607],
							"size": [0.21877, 0.48854, 0.6875],
							"pivot": [0.5285, -2.698, 9.39444],
							"rotation": [-5, 0, 0],
							"uv": {
								"north": {"uv": [3, 28], "uv_size": [0.5, 0.5]},
								"south": {"uv": [28, 3], "uv_size": [0.5, 0.5]},
								"west": {"uv": [4, 28], "uv_size": [0.5, 0.5]}
							}
						},
						{
							"origin": [-1.15074, -1.54904, 9.04607],
							"size": [0.21877, 0.48854, 0.6875],
							"pivot": [-0.5285, -2.698, 9.39444],
							"rotation": [-5, 0, 0],
							"uv": {
								"north": {"uv": [28, 4], "uv_size": [0.5, 0.5]},
								"east": {"uv": [5, 28], "uv_size": [0.5, 0.5]},
								"south": {"uv": [28, 5], "uv_size": [0.5, 0.5]}
							}
						},
						{
							"origin": [-1.15074, -1.09629, 9.1875],
							"size": [0.08824, 0.55104, 0.6875],
							"uv": {
								"north": {"uv": [6, 28], "uv_size": [0.5, 0.5]},
								"east": {"uv": [28, 6], "uv_size": [0.5, 0.5]},
								"south": {"uv": [7, 28], "uv_size": [0.5, 0.5]}
							}
						},
						{
							"origin": [-0.99545, -3.15369, 9.04607],
							"size": [0.25, 1.67604, 0.6875],
							"inflate": -0.0015,
							"pivot": [-0.5285, -2.698, 9.39444],
							"rotation": [-4.95744, -0.65182, -7.47178],
							"uv": {
								"north": {"uv": [22, 12], "uv_size": [0.5, 1.5]},
								"east": {"uv": [14, 22], "uv_size": [0.5, 1.5]},
								"south": {"uv": [22, 14], "uv_size": [0.5, 1.5]}
							}
						},
						{
							"origin": [0.74545, -3.15369, 9.04607],
							"size": [0.25, 1.67604, 0.6875],
							"inflate": -0.0015,
							"pivot": [0.5285, -2.698, 9.39444],
							"rotation": [-4.95744, 0.65182, 7.47178],
							"uv": {
								"north": {"uv": [15, 22], "uv_size": [0.5, 1.5]},
								"south": {"uv": [17, 22], "uv_size": [0.5, 1.5]},
								"west": {"uv": [22, 17], "uv_size": [0.5, 1.5]}
							}
						},
						{
							"origin": [0.64085, -3.03714, 7.45955],
							"size": [0.37403, 0.6875, 1.5],
							"inflate": -0.0015,
							"pivot": [0.5285, -2.698, 9.39444],
							"rotation": [85.07558, 0.86717, 9.96271],
							"uv": {
								"west": {"uv": [20, 22], "uv_size": [1.5, 0.5]},
								"up": {"uv": [18, 22], "uv_size": [0.5, 1.5]},
								"down": {"uv": [22, 21.5], "uv_size": [0.5, -1.5]}
							}
						},
						{
							"origin": [-0.6875, -3.03714, 7.34496],
							"size": [1.36947, 0.6875, 1.53674],
							"pivot": [0.5285, -2.698, 9.39444],
							"rotation": [85, 0, 0],
							"uv": {
								"east": {"uv": [22, 22], "uv_size": [1.5, 0.5]},
								"west": {"uv": [0, 23], "uv_size": [1.5, 0.5]},
								"up": {"uv": [0, 14], "uv_size": [1.5, 1.5]},
								"down": {"uv": [15, 2.5], "uv_size": [1.5, -1.5]}
							}
						},
						{
							"origin": [-1.01488, -3.03714, 7.45955],
							"size": [0.37403, 0.6875, 1.5],
							"inflate": -0.0015,
							"pivot": [-0.5285, -2.698, 9.39444],
							"rotation": [85.07558, -0.86717, -9.96271],
							"uv": {
								"east": {"uv": [23, 0], "uv_size": [1.5, 0.5]},
								"up": {"uv": [23, 1], "uv_size": [0.5, 1.5]},
								"down": {"uv": [2, 24.5], "uv_size": [0.5, -1.5]}
							}
						},
						{
							"origin": [-0.69303, -5.42235, 8.47691],
							"size": [1.375, 0.5625, 1.0625],
							"inflate": -0.001,
							"pivot": [0.02572, -5.0786, 8.75816],
							"rotation": [45, 0, 0],
							"uv": {
								"east": {"uv": [12, 25], "uv_size": [1, 0.5]},
								"west": {"uv": [25, 12], "uv_size": [1, 0.5]},
								"up": {"uv": [17, 1], "uv_size": [1.5, 1]},
								"down": {"uv": [17, 3], "uv_size": [1.5, -1]}
							}
						},
						{
							"origin": [-0.69303, -5.60291, 8.32223],
							"size": [1.375, 0.28125, 0.28125],
							"inflate": -0.001,
							"pivot": [0.02572, -5.40404, 8.40461],
							"rotation": [135, 0, 0],
							"uv": {
								"east": {"uv": [28, 7], "uv_size": [0.5, 0.5]},
								"south": {"uv": [3, 23], "uv_size": [1.5, 0.5]},
								"west": {"uv": [8, 28], "uv_size": [0.5, 0.5]},
								"up": {"uv": [23, 3], "uv_size": [1.5, 0.5]}
							}
						},
						{
							"origin": [-0.69303, -5.73929, 8.78811],
							"size": [1.375, 0.39775, 0.39775],
							"pivot": [0.02572, -5.62279, 8.68586],
							"rotation": [90, 0, 0],
							"uv": {
								"north": {"uv": [23, 4], "uv_size": [1.5, 0.5]},
								"east": {"uv": [28, 8], "uv_size": [0.5, 0.5]},
								"west": {"uv": [9, 28], "uv_size": [0.5, 0.5]}
							}
						},
						{
							"origin": [-1.10769, -0.56446, 9.1875],
							"size": [0.25, 0.67604, 0.6875],
							"inflate": -0.001,
							"pivot": [-0.98269, -0.22644, 8.84375],
							"rotation": [0, 0, 7.5],
							"uv": {
								"north": {"uv": [28, 9], "uv_size": [0.5, 0.5]},
								"east": {"uv": [10, 28], "uv_size": [0.5, 0.5]},
								"south": {"uv": [28, 10], "uv_size": [0.5, 0.5]}
							}
						}
					]
				},
				{
					"name": "bone6",
					"parent": "stock",
					"pivot": [0, -0.9375, 1],
					"cubes": [
						{
							"origin": [-1, -0.25, 0],
							"size": [2, 0.3125, 9.1875],
							"uv": {
								"north": {"uv": [19, 6], "uv_size": [2, 0.5]},
								"east": {"uv": [9, 3], "uv_size": [9, 0.5]},
								"south": {"uv": [19, 11], "uv_size": [2, 0.5]},
								"west": {"uv": [9, 4], "uv_size": [9, 0.5]},
								"down": {"uv": [0, 9], "uv_size": [2, -9]}
							}
						},
						{
							"origin": [-1, -3.54404, 7.07751],
							"size": [2, 0.3125, 0.6875],
							"inflate": -0.001,
							"pivot": [0, -3.38779, 11.67126],
							"rotation": [-45, 0, 0],
							"uv": {
								"east": {"uv": [11, 28], "uv_size": [0.5, 0.5]},
								"west": {"uv": [28, 11], "uv_size": [0.5, 0.5]},
								"down": {"uv": [19, 15.5], "uv_size": [2, -0.5]}
							}
						},
						{
							"origin": [-0.75, -1.875, 5.3125],
							"size": [1.5, 1.625, 3.875],
							"uv": {
								"east": {"uv": [4, 0], "uv_size": [4, 1.5]},
								"west": {"uv": [4, 2], "uv_size": [4, 1.5]}
							}
						},
						{
							"origin": [-0.75, -2.875, 5.625],
							"size": [1.5, 1, 3.5625],
							"uv": {
								"east": {"uv": [11, 7], "uv_size": [3.5, 1]},
								"west": {"uv": [10, 11], "uv_size": [3.5, 1]}
							}
						},
						{
							"origin": [-1, -2.9375, 5.1875],
							"size": [2, 2.875, 0.375],
							"inflate": 0.002,
							"pivot": [0, -1.53125, 5.0625],
							"rotation": [15, 0, 0],
							"uv": {
								"north": {"uv": [4, 4], "uv_size": [2, 3]},
								"east": {"uv": [3, 17], "uv_size": [0.5, 3]},
								"south": {"uv": [6, 4], "uv_size": [2, 3]},
								"west": {"uv": [17, 5], "uv_size": [0.5, 3]},
								"down": {"uv": [16, 19.5], "uv_size": [2, -0.5]}
							}
						},
						{
							"origin": [-1, -0.79518, 5.16876],
							"size": [2, 0.75, 0.375],
							"inflate": -0.001,
							"pivot": [0, -0.35768, 5.35626],
							"rotation": [-30, 0, 0],
							"uv": {
								"east": {"uv": [13, 25], "uv_size": [0.5, 1]},
								"south": {"uv": [15, 7], "uv_size": [2, 1]},
								"west": {"uv": [25, 13], "uv_size": [0.5, 1]}
							}
						},
						{
							"origin": [-1.0625, -0.6808, 5.66263],
							"size": [2.125, 0.375, 2.603],
							"uv": {
								"east": {"uv": [17, 10], "uv_size": [2.5, 0.5]},
								"west": {"uv": [18, 7], "uv_size": [2.5, 0.5]},
								"up": {"uv": [6, 7], "uv_size": [2, 2.5]},
								"down": {"uv": [8, 2.5], "uv_size": [2, -2.5]}
							}
						},
						{
							"origin": [1.0625, -0.6808, 7.07813],
							"size": [0.0625, 0.3125, 1],
							"uv": {
								"north": {"uv": [12, 28], "uv_size": [0.5, 0.5]},
								"south": {"uv": [28, 12], "uv_size": [0.5, 0.5]},
								"west": {"uv": [25, 14], "uv_size": [1, 0.5]},
								"down": {"uv": [25, 16], "uv_size": [0.5, -1]}
							}
						},
						{
							"origin": [-1.02367, -0.43616, 7.07813],
							"size": [0.0625, 0.08839, 1],
							"pivot": [-0.99242, -0.27991, 7.57813],
							"rotation": [0, 0, 45],
							"uv": {
								"north": {"uv": [13, 28], "uv_size": [0.5, 0.5]},
								"east": {"uv": [16, 25], "uv_size": [1, 0.5]},
								"south": {"uv": [28, 13], "uv_size": [0.5, 0.5]}
							}
						},
						{
							"origin": [-1.125, -0.6808, 7.07813],
							"size": [0.0625, 0.3125, 1],
							"uv": {
								"north": {"uv": [14, 28], "uv_size": [0.5, 0.5]},
								"east": {"uv": [25, 16], "uv_size": [1, 0.5]},
								"south": {"uv": [28, 14], "uv_size": [0.5, 0.5]},
								"down": {"uv": [25, 18], "uv_size": [0.5, -1]}
							}
						},
						{
							"origin": [0.96117, -0.43616, 7.07813],
							"size": [0.0625, 0.08839, 1],
							"pivot": [0.99242, -0.27991, 7.57813],
							"rotation": [0, 0, -45],
							"uv": {
								"north": {"uv": [15, 28], "uv_size": [0.5, 0.5]},
								"south": {"uv": [28, 15], "uv_size": [0.5, 0.5]},
								"west": {"uv": [25, 18], "uv_size": [1, 0.5]}
							}
						},
						{
							"origin": [-1.0625, -1.54618, 7.75184],
							"size": [2.125, 0.375, 0.53033],
							"inflate": -0.001,
							"pivot": [0, -1.35868, 9.05334],
							"rotation": [-45, 0, 0],
							"uv": {
								"east": {"uv": [16, 28], "uv_size": [0.5, 0.5]},
								"west": {"uv": [28, 16], "uv_size": [0.5, 0.5]},
								"up": {"uv": [19, 16], "uv_size": [2, 0.5]}
							}
						},
						{
							"origin": [-1.0625, -1.51044, 5.70312],
							"size": [2.125, 0.64214, 2.9375],
							"uv": {
								"east": {"uv": [6, 17], "uv_size": [3, 0.5]},
								"south": {"uv": [19, 17], "uv_size": [2, 0.5]},
								"west": {"uv": [17, 9], "uv_size": [3, 0.5]},
								"up": {"uv": [4, 7], "uv_size": [2, 3]}
							}
						},
						{
							"origin": [-1.0625, -0.8683, 8.07812],
							"size": [2.125, 0.1875, 0.5625],
							"uv": {
								"north": {"uv": [19, 18], "uv_size": [2, 0.5]},
								"east": {"uv": [17, 28], "uv_size": [0.5, 0.5]},
								"south": {"uv": [19, 19], "uv_size": [2, 0.5]},
								"west": {"uv": [28, 17], "uv_size": [0.5, 0.5]}
							}
						},
						{
							"origin": [-1.0625, -0.8683, 5.66263],
							"size": [2.125, 0.1875, 1.41549],
							"uv": {
								"east": {"uv": [5, 23], "uv_size": [1.5, 0.5]},
								"south": {"uv": [0, 20], "uv_size": [2, 0.5]},
								"west": {"uv": [23, 5], "uv_size": [1.5, 0.5]}
							}
						},
						{
							"origin": [-1.0625, -2.44794, 5.95312],
							"size": [2.125, 0.9375, 2.6875],
							"uv": {
								"east": {"uv": [12, 1], "uv_size": [2.5, 1]},
								"south": {"uv": [10, 15], "uv_size": [2, 1]},
								"west": {"uv": [12, 2], "uv_size": [2.5, 1]}
							}
						},
						{
							"origin": [-1.0625, -2.41728, 6.60413],
							"size": [2.125, 0.47452, 0.375],
							"inflate": -0.001,
							"pivot": [0, -2.86752, 6.8126],
							"rotation": [60, 0, 0],
							"uv": {
								"north": {"uv": [20, 0], "uv_size": [2, 0.5]},
								"east": {"uv": [18, 28], "uv_size": [0.5, 0.5]},
								"south": {"uv": [20, 1], "uv_size": [2, 0.5]},
								"west": {"uv": [28, 18], "uv_size": [0.5, 0.5]},
								"down": {"uv": [20, 2.5], "uv_size": [2, -0.5]}
							}
						},
						{
							"origin": [-1.0625, -4.32439, 6.53473],
							"size": [2.125, 1.94718, 0.1875],
							"pivot": [0, -2.61447, 6.55571],
							"rotation": [90, 0, 0],
							"uv": {
								"north": {"uv": [6, 10], "uv_size": [2, 2]},
								"east": {"uv": [3, 20], "uv_size": [0.5, 2]},
								"west": {"uv": [20, 3], "uv_size": [0.5, 2]}
							}
						},
						{
							"origin": [-1.0625, -3.57439, 6.34723],
							"size": [2.125, 0.82218, 0.1875],
							"pivot": [0, -2.61447, 6.55571],
							"rotation": [90, 0, 0],
							"uv": {
								"north": {"uv": [12, 15], "uv_size": [2, 1]},
								"east": {"uv": [25, 19], "uv_size": [0.5, 1]},
								"west": {"uv": [25, 20], "uv_size": [0.5, 1]},
								"up": {"uv": [20, 5], "uv_size": [2, 0.5]},
								"down": {"uv": [20, 8.5], "uv_size": [2, -0.5]}
							}
						},
						{
							"origin": [0.90625, -3.48403, 7.04204],
							"size": [0.09375, 1.5625, 0.09375],
							"pivot": [0.96875, -2.72919, 7.07329],
							"rotation": [90, 0, -45],
							"uv": {
								"north": {"uv": [23, 6], "uv_size": [0.5, 1.5]},
								"east": {"uv": [7, 23], "uv_size": [0.5, 1.5]},
								"west": {"uv": [8, 23], "uv_size": [0.5, 1.5]},
								"up": {"uv": [19, 28], "uv_size": [0.5, 0.5]},
								"down": {"uv": [28, 19.5], "uv_size": [0.5, -0.5]}
							}
						},
						{
							"origin": [-1, -3.48403, 7.04204],
							"size": [0.09375, 1.5625, 0.09375],
							"pivot": [-0.96875, -2.72919, 7.07329],
							"rotation": [90, 0, 45],
							"uv": {
								"north": {"uv": [23, 8], "uv_size": [0.5, 1.5]},
								"east": {"uv": [9, 23], "uv_size": [0.5, 1.5]},
								"west": {"uv": [10, 23], "uv_size": [0.5, 1.5]},
								"up": {"uv": [20, 28], "uv_size": [0.5, 0.5]},
								"down": {"uv": [28, 20.5], "uv_size": [0.5, -0.5]}
							}
						},
						{
							"origin": [-1.0625, -3.19939, 7.47223],
							"size": [2.125, 0.44718, 0.1875],
							"pivot": [0, -2.61447, 7.68071],
							"rotation": [90, 0, 0],
							"uv": {
								"north": {"uv": [20, 9], "uv_size": [2, 0.5]},
								"east": {"uv": [21, 28], "uv_size": [0.5, 0.5]},
								"west": {"uv": [28, 21], "uv_size": [0.5, 0.5]},
								"up": {"uv": [20, 10], "uv_size": [2, 0.5]},
								"down": {"uv": [12, 20.5], "uv_size": [2, -0.5]}
							}
						},
						{
							"origin": [-1.0625, -2.76334, 8.32248],
							"size": [2.125, 0.53033, 0.3125],
							"inflate": -0.001,
							"pivot": [0, -2.53975, 8.41623],
							"rotation": [135, 0, 0],
							"uv": {
								"north": {"uv": [20, 12], "uv_size": [2, 0.5]},
								"east": {"uv": [22, 28], "uv_size": [0.5, 0.5]},
								"west": {"uv": [28, 22], "uv_size": [0.5, 0.5]}
							}
						},
						{
							"origin": [-1.0625, -2.56537, 5.64488],
							"size": [2.125, 1.91202, 0.375],
							"inflate": 0.001,
							"pivot": [0, -1.57811, 5.85335],
							"rotation": [15, 0, 0],
							"uv": {
								"north": {"uv": [10, 9], "uv_size": [2, 2]},
								"east": {"uv": [20, 13], "uv_size": [0.5, 2]},
								"west": {"uv": [15, 20], "uv_size": [0.5, 2]}
							}
						},
						{
							"origin": [-1.0625, -0.85768, 5.48126],
							"size": [2.125, 0.5, 0.375],
							"inflate": -0.001,
							"pivot": [0, -0.67018, 5.66876],
							"rotation": [-30, 0, 0],
							"uv": {
								"north": {"uv": [16, 20], "uv_size": [2, 0.5]},
								"east": {"uv": [23, 28], "uv_size": [0.5, 0.5]},
								"south": {"uv": [19, 20], "uv_size": [2, 0.5]},
								"west": {"uv": [28, 23], "uv_size": [0.5, 0.5]}
							}
						},
						{
							"origin": [-0.86947, -2.94679, 6.75361],
							"size": [1.73894, 0.4375, 0.375],
							"inflate": 0.001,
							"pivot": [0, -3.57179, 6.72236],
							"rotation": [60, 0, 0],
							"uv": {
								"north": {"uv": [23, 10], "uv_size": [1.5, 0.5]},
								"east": {"uv": [24, 28], "uv_size": [0.5, 0.5]},
								"south": {"uv": [11, 23], "uv_size": [1.5, 0.5]},
								"west": {"uv": [28, 24], "uv_size": [0.5, 0.5]},
								"down": {"uv": [23, 12.5], "uv_size": [1.5, -0.5]}
							}
						},
						{
							"origin": [0.892, -2.63013, 5.34136],
							"size": [0.1875, 0.25, 0.375],
							"pivot": [0.2045, -2.63013, 5.52886],
							"rotation": [50.76848, -37.76124, 26.56505],
							"uv": {
								"north": {"uv": [25, 28], "uv_size": [0.5, 0.5]},
								"south": {"uv": [28, 25], "uv_size": [0.5, 0.5]},
								"west": {"uv": [26, 28], "uv_size": [0.5, 0.5]}
							}
						},
						{
							"origin": [-1.0795, -2.63013, 5.34136],
							"size": [0.1875, 0.25, 0.375],
							"pivot": [-0.2045, -2.63013, 5.52886],
							"rotation": [50.76848, 37.76124, -26.56505],
							"uv": {
								"north": {"uv": [28, 26], "uv_size": [0.5, 0.5]},
								"east": {"uv": [27, 28], "uv_size": [0.5, 0.5]},
								"south": {"uv": [28, 27], "uv_size": [0.5, 0.5]}
							}
						},
						{
							"origin": [-1, -2.50929, 6.75361],
							"size": [2, 0.3125, 0.375],
							"inflate": 0.001,
							"pivot": [0, -3.57179, 6.72236],
							"rotation": [60, 0, 0],
							"uv": {
								"north": {"uv": [0, 21], "uv_size": [2, 0.5]},
								"east": {"uv": [28, 28], "uv_size": [0.5, 0.5]},
								"south": {"uv": [21, 3], "uv_size": [2, 0.5]},
								"west": {"uv": [0, 29], "uv_size": [0.5, 0.5]},
								"down": {"uv": [21, 4.5], "uv_size": [2, -0.5]}
							}
						},
						{
							"origin": [-0.86947, -5.04473, 5.57172],
							"size": [1.73894, 0.5625, 0.25],
							"inflate": 0.001,
							"pivot": [0, -3.04473, 6.57172],
							"rotation": [90, 0, 0],
							"uv": {
								"north": {"uv": [23, 13], "uv_size": [1.5, 0.5]},
								"east": {"uv": [29, 0], "uv_size": [0.5, 0.5]},
								"south": {"uv": [23, 14], "uv_size": [1.5, 0.5]},
								"west": {"uv": [1, 29], "uv_size": [0.5, 0.5]}
							}
						},
						{
							"origin": [-0.86947, -4.04251, 7.82709],
							"size": [1.73894, 0.26517, 0.1875],
							"inflate": -0.001,
							"pivot": [0, -3.82376, 7.92084],
							"rotation": [45, 0, 0],
							"uv": {
								"north": {"uv": [23, 15], "uv_size": [1.5, 0.5]},
								"east": {"uv": [29, 1], "uv_size": [0.5, 0.5]},
								"south": {"uv": [23, 16], "uv_size": [1.5, 0.5]},
								"west": {"uv": [2, 29], "uv_size": [0.5, 0.5]}
							}
						},
						{
							"origin": [-0.86947, -3.92509, 7.97575],
							"size": [1.73894, 0.1875, 0.125],
							"inflate": -0.001,
							"pivot": [0, -3.70634, 8.007],
							"rotation": [45, 0, 0],
							"uv": {
								"east": {"uv": [29, 2], "uv_size": [0.5, 0.5]},
								"south": {"uv": [23, 17], "uv_size": [1.5, 0.5]},
								"west": {"uv": [3, 29], "uv_size": [0.5, 0.5]}
							}
						},
						{
							"origin": [-0.5, -4.53826, 7.89843],
							"size": [1, 0.1875, 0.125],
							"inflate": -0.001,
							"pivot": [-0.36947, -4.25969, 8.15333],
							"rotation": [-45, 0, 0],
							"uv": {
								"east": {"uv": [29, 3], "uv_size": [0.5, 0.5]},
								"south": {"uv": [25, 21], "uv_size": [1, 0.5]},
								"west": {"uv": [4, 29], "uv_size": [0.5, 0.5]}
							}
						},
						{
							"origin": [-0.5, -4.16862, 7.71093],
							"size": [1, 0.1875, 0.125],
							"inflate": -0.001,
							"pivot": [-0.36947, -4.25969, 7.96583],
							"rotation": [-135, 0, 0],
							"uv": {
								"east": {"uv": [29, 4], "uv_size": [0.5, 0.5]},
								"south": {"uv": [25, 23], "uv_size": [1, 0.5]},
								"west": {"uv": [5, 29], "uv_size": [0.5, 0.5]}
							}
						},
						{
							"origin": [-0.25, -3.50969, 5.6991],
							"size": [0.5, 0.1875, 0.125],
							"inflate": -0.001,
							"pivot": [-0.61947, -3.45477, 5.73035],
							"rotation": [135, 0, 0],
							"uv": {
								"east": {"uv": [29, 5], "uv_size": [0.5, 0.5]},
								"south": {"uv": [6, 29], "uv_size": [0.5, 0.5]},
								"west": {"uv": [29, 6], "uv_size": [0.5, 0.5]}
							}
						},
						{
							"origin": [-0.25, -3.61259, 5.19592],
							"size": [0.5, 0.1875, 0.125],
							"inflate": -0.001,
							"pivot": [-0.61947, -3.39384, 5.22717],
							"rotation": [45, 0, 0],
							"uv": {
								"east": {"uv": [7, 29], "uv_size": [0.5, 0.5]},
								"south": {"uv": [29, 7], "uv_size": [0.5, 0.5]},
								"west": {"uv": [8, 29], "uv_size": [0.5, 0.5]}
							}
						},
						{
							"origin": [-0.25, -3.53826, 5.34949],
							"size": [0.5, 0.1875, 0.125],
							"inflate": -0.001,
							"pivot": [-0.61947, -3.25969, 5.60439],
							"rotation": [-45, 0, 0],
							"uv": {
								"east": {"uv": [29, 8], "uv_size": [0.5, 0.5]},
								"south": {"uv": [9, 29], "uv_size": [0.5, 0.5]},
								"west": {"uv": [29, 9], "uv_size": [0.5, 0.5]}
							}
						},
						{
							"origin": [-0.25, -3.16862, 5.15916],
							"size": [0.5, 0.1875, 0.125],
							"inflate": -0.001,
							"pivot": [-0.61947, -3.25969, 5.41406],
							"rotation": [-135, 0, 0],
							"uv": {
								"east": {"uv": [10, 29], "uv_size": [0.5, 0.5]},
								"south": {"uv": [29, 10], "uv_size": [0.5, 0.5]},
								"west": {"uv": [11, 29], "uv_size": [0.5, 0.5]}
							}
						},
						{
							"origin": [-0.5, -5.12729, 8.25087],
							"size": [1, 0.1875, 0.125],
							"inflate": -0.001,
							"pivot": [-0.36947, -5.07238, 8.28212],
							"rotation": [135, 0, 0],
							"uv": {
								"east": {"uv": [29, 11], "uv_size": [0.5, 0.5]},
								"south": {"uv": [25, 24], "uv_size": [1, 0.5]},
								"west": {"uv": [12, 29], "uv_size": [0.5, 0.5]}
							}
						},
						{
							"origin": [-0.5, -5.2302, 7.74486],
							"size": [1, 0.1875, 0.125],
							"inflate": -0.001,
							"pivot": [-0.36947, -5.01145, 7.77611],
							"rotation": [45, 0, 0],
							"uv": {
								"east": {"uv": [29, 12], "uv_size": [0.5, 0.5]},
								"south": {"uv": [25, 25], "uv_size": [1, 0.5]},
								"west": {"uv": [13, 29], "uv_size": [0.5, 0.5]}
							}
						},
						{
							"origin": [-0.86947, -4.01727, 8.50543],
							"size": [1.73894, 0.26516, 0.1875],
							"inflate": -0.001,
							"pivot": [0, -3.88469, 8.59918],
							"rotation": [135, 0, 0],
							"uv": {
								"north": {"uv": [23, 18], "uv_size": [1.5, 0.5]},
								"east": {"uv": [29, 13], "uv_size": [0.5, 0.5]},
								"south": {"uv": [19, 23], "uv_size": [1.5, 0.5]},
								"west": {"uv": [14, 29], "uv_size": [0.5, 0.5]}
							}
						},
						{
							"origin": [-0.86947, -3.82219, 8.48177],
							"size": [1.73894, 0.1875, 0.125],
							"inflate": -0.001,
							"pivot": [0, -3.76727, 8.51302],
							"rotation": [135, 0, 0],
							"uv": {
								"east": {"uv": [29, 14], "uv_size": [0.5, 0.5]},
								"south": {"uv": [23, 19], "uv_size": [1.5, 0.5]},
								"west": {"uv": [15, 29], "uv_size": [0.5, 0.5]}
							}
						},
						{
							"origin": [-0.86947, -3.41862, 7.94182],
							"size": [1.73894, 0.1875, 0.125],
							"inflate": -0.001,
							"pivot": [0, -3.50969, 8.19672],
							"rotation": [-135, 0, 0],
							"uv": {
								"east": {"uv": [29, 15], "uv_size": [0.5, 0.5]},
								"south": {"uv": [23, 20], "uv_size": [1.5, 0.5]},
								"west": {"uv": [16, 29], "uv_size": [0.5, 0.5]}
							}
						},
						{
							"origin": [-0.86947, -3.78826, 8.12932],
							"size": [1.73894, 0.1875, 0.125],
							"inflate": -0.001,
							"pivot": [0, -3.50969, 8.38422],
							"rotation": [-45, 0, 0],
							"uv": {
								"east": {"uv": [29, 16], "uv_size": [0.5, 0.5]},
								"south": {"uv": [21, 23], "uv_size": [1.5, 0.5]},
								"west": {"uv": [17, 29], "uv_size": [0.5, 0.5]}
							}
						},
						{
							"origin": [-0.86947, -4.35723, 5.57172],
							"size": [1.73894, 0.3125, 0.25],
							"pivot": [0, -2.48223, 6.57172],
							"rotation": [90, 0, 0],
							"uv": {
								"north": {"uv": [23, 21], "uv_size": [1.5, 0.5]},
								"east": {"uv": [29, 17], "uv_size": [0.5, 0.5]},
								"south": {"uv": [23, 23], "uv_size": [1.5, 0.5]},
								"west": {"uv": [18, 29], "uv_size": [0.5, 0.5]},
								"up": {"uv": [0, 24], "uv_size": [1.5, 0.5]},
								"down": {"uv": [24, 1.5], "uv_size": [1.5, -0.5]}
							}
						},
						{
							"origin": [-0.86947, -4.60723, 5.75922],
							"size": [1.73894, 0.3125, 0.625],
							"pivot": [0, -3.04473, 6.57172],
							"rotation": [90, 0, 0],
							"uv": {
								"east": {"uv": [29, 18], "uv_size": [0.5, 0.5]},
								"west": {"uv": [19, 29], "uv_size": [0.5, 0.5]},
								"up": {"uv": [24, 2], "uv_size": [1.5, 0.5]},
								"down": {"uv": [3, 24.5], "uv_size": [1.5, -0.5]}
							}
						},
						{
							"origin": [-0.86947, -4.54473, 6.44672],
							"size": [1.73894, 0.3125, 0.625],
							"pivot": [0, -3.04473, 7.25922],
							"rotation": [90, 0, 0],
							"uv": {
								"east": {"uv": [29, 19], "uv_size": [0.5, 0.5]},
								"west": {"uv": [20, 29], "uv_size": [0.5, 0.5]},
								"up": {"uv": [5, 24], "uv_size": [1.5, 0.5]},
								"down": {"uv": [24, 6.5], "uv_size": [1.5, -0.5]}
							}
						},
						{
							"origin": [-0.86947, -5.66051, 6.38422],
							"size": [1.73894, 2.99078, 0.375],
							"pivot": [0, -3.04473, 6.57172],
							"rotation": [90, 0, 0],
							"uv": {
								"north": {"uv": [2, 9], "uv_size": [1.5, 3]},
								"east": {"uv": [12, 17], "uv_size": [0.5, 3]},
								"south": {"uv": [9, 5], "uv_size": [1.5, 3]},
								"west": {"uv": [13, 17], "uv_size": [0.5, 3]},
								"down": {"uv": [24, 7.5], "uv_size": [1.5, -0.5]}
							}
						},
						{
							"origin": [-0.86947, -1.06203, 9.32421],
							"size": [1.73894, 0.625, 0.375],
							"inflate": -0.001,
							"pivot": [0, -1.93241, 9.51171],
							"rotation": [135, 0, 0],
							"uv": {
								"east": {"uv": [29, 20], "uv_size": [0.5, 0.5]},
								"south": {"uv": [24, 8], "uv_size": [1.5, 0.5]},
								"west": {"uv": [21, 29], "uv_size": [0.5, 0.5]}
							}
						},
						{
							"origin": [-0.625, -5.66051, 4.57172],
							"size": [1.24661, 0.6875, 1.81938],
							"pivot": [0, -3.04473, 6.57172],
							"rotation": [90, 0, 0],
							"uv": {
								"east": {"uv": [6, 21], "uv_size": [2, 0.5]},
								"west": {"uv": [21, 6], "uv_size": [2, 0.5]},
								"up": {"uv": [8, 13], "uv_size": [1, 2]},
								"down": {"uv": [2, 17], "uv_size": [1, -2]}
							}
						},
						{
							"origin": [0.37383, -4.35261, 7.94672],
							"size": [0.37403, 0.6875, 1.53618],
							"inflate": -0.001,
							"pivot": [0.12383, -3.89308, 8.72797],
							"rotation": [90, 0, 10],
							"uv": {
								"west": {"uv": [24, 9], "uv_size": [1.5, 0.5]},
								"up": {"uv": [13, 23], "uv_size": [0.5, 1.5]},
								"down": {"uv": [16, 24.5], "uv_size": [0.5, -1.5]}
							}
						},
						{
							"origin": [-0.74786, -4.35261, 7.94672],
							"size": [0.37403, 0.6875, 1.53618],
							"inflate": -0.001,
							"pivot": [-0.12383, -3.89308, 8.72797],
							"rotation": [90, 0, -10],
							"uv": {
								"east": {"uv": [11, 24], "uv_size": [1.5, 0.5]},
								"up": {"uv": [14, 24], "uv_size": [0.5, 1.5]},
								"down": {"uv": [15, 25.5], "uv_size": [0.5, -1.5]}
							}
						},
						{
							"origin": [-0.375, -4.04473, 4.13422],
							"size": [0.75, 2.1875, 0.1875],
							"pivot": [0, -3.04473, 6.57172],
							"rotation": [90, 0, 0],
							"uv": {
								"north": {"uv": [8, 15], "uv_size": [1, 2]},
								"east": {"uv": [2, 21], "uv_size": [0.5, 2]},
								"south": {"uv": [15, 12], "uv_size": [1, 2]},
								"west": {"uv": [8, 21], "uv_size": [0.5, 2]},
								"down": {"uv": [26, 1.5], "uv_size": [1, -0.5]}
							}
						},
						{
							"origin": [-0.375, -3.79473, 4.13422],
							"size": [0.75, 1.6875, 0.125],
							"pivot": [0, -2.79473, 6.57172],
							"rotation": [90, 0, 0],
							"uv": {
								"north": {"uv": [14, 17], "uv_size": [1, 1.5]},
								"east": {"uv": [17, 24], "uv_size": [0.5, 1.5]},
								"south": {"uv": [17, 15], "uv_size": [1, 1.5]},
								"west": {"uv": [18, 24], "uv_size": [0.5, 1.5]}
							}
						},
						{
							"origin": [-0.25, -4.16973, 4.32172],
							"size": [0.5, 2.4375, 0.1875],
							"inflate": -0.001,
							"pivot": [0, -3.04473, 6.57172],
							"rotation": [90, 0, 0],
							"uv": {
								"north": {"uv": [8, 18], "uv_size": [0.5, 2.5]},
								"east": {"uv": [9, 18], "uv_size": [0.5, 2.5]},
								"south": {"uv": [10, 18], "uv_size": [0.5, 2.5]},
								"west": {"uv": [11, 18], "uv_size": [0.5, 2.5]},
								"down": {"uv": [29, 21.5], "uv_size": [0.5, -0.5]}
							}
						},
						{
							"origin": [-0.25, -2.41973, 4.32172],
							"size": [0.5, 2.3125, 0.1875],
							"inflate": 0.001,
							"pivot": [0, -1.41973, 6.57172],
							"rotation": [90, 0, 0],
							"uv": {
								"north": {"uv": [18, 15], "uv_size": [0.5, 2.5]},
								"east": {"uv": [18, 18], "uv_size": [0.5, 2.5]},
								"south": {"uv": [19, 0], "uv_size": [0.5, 2.5]},
								"west": {"uv": [19, 3], "uv_size": [0.5, 2.5]},
								"down": {"uv": [22, 29.5], "uv_size": [0.5, -0.5]}
							}
						},
						{
							"origin": [-0.25, 0.14277, 4.13422],
							"size": [0.5, 0.25, 0.375],
							"pivot": [0, -0.79473, 6.57172],
							"rotation": [90, 0, 0],
							"uv": {
								"north": {"uv": [29, 22], "uv_size": [0.5, 0.5]},
								"east": {"uv": [23, 29], "uv_size": [0.5, 0.5]},
								"west": {"uv": [29, 23], "uv_size": [0.5, 0.5]}
							}
						},
						{
							"origin": [-0.25, -2.41973, 4.50922],
							"size": [0.5, 1.9375, 0.625],
							"pivot": [0, -1.41973, 6.57172],
							"rotation": [90, 0, 0],
							"uv": {
								"east": {"uv": [9, 21], "uv_size": [0.5, 2]},
								"west": {"uv": [10, 21], "uv_size": [0.5, 2]},
								"up": {"uv": [24, 29], "uv_size": [0.5, 0.5]},
								"down": {"uv": [29, 24.5], "uv_size": [0.5, -0.5]}
							}
						},
						{
							"origin": [-0.25, -0.23223, 4.50922],
							"size": [0.5, 0.25, 0.625],
							"inflate": 0.001,
							"pivot": [0, -1.41973, 6.57172],
							"rotation": [90, 0, 0],
							"uv": {
								"east": {"uv": [25, 29], "uv_size": [0.5, 0.5]},
								"west": {"uv": [29, 25], "uv_size": [0.5, 0.5]},
								"down": {"uv": [26, 29.5], "uv_size": [0.5, -0.5]}
							}
						},
						{
							"origin": [-0.5, -4.98223, 4.13422],
							"size": [1, 0.9375, 0.1875],
							"pivot": [0, -3.04473, 6.57172],
							"rotation": [90, 0, 0],
							"uv": {
								"north": {"uv": [21, 7], "uv_size": [1, 1]},
								"east": {"uv": [2, 26], "uv_size": [0.5, 1]},
								"south": {"uv": [11, 21], "uv_size": [1, 1]},
								"west": {"uv": [26, 2], "uv_size": [0.5, 1]}
							}
						},
						{
							"origin": [0.34467, -5.63848, 7.65475],
							"size": [0.125, 0.25, 0.1875],
							"inflate": -0.001,
							"pivot": [-0.03033, -5.38848, 7.7485],
							"rotation": [90, 45, 0],
							"uv": {
								"north": {"uv": [29, 26], "uv_size": [0.5, 0.5]},
								"south": {"uv": [27, 29], "uv_size": [0.5, 0.5]},
								"west": {"uv": [29, 27], "uv_size": [0.5, 0.5]}
							}
						},
						{
							"origin": [-0.46967, -5.63848, 7.65475],
							"size": [0.125, 0.25, 0.1875],
							"inflate": -0.001,
							"pivot": [0.03033, -5.38848, 7.7485],
							"rotation": [90, -45, 0],
							"uv": {
								"north": {"uv": [28, 29], "uv_size": [0.5, 0.5]},
								"east": {"uv": [29, 28], "uv_size": [0.5, 0.5]},
								"south": {"uv": [29, 29], "uv_size": [0.5, 0.5]}
							}
						},
						{
							"origin": [-0.375, -5.80951, 4.40659],
							"size": [0.75, 0.4375, 0.1875],
							"inflate": -0.001,
							"pivot": [0, -4.46576, 4.50034],
							"rotation": [45, 0, 0],
							"uv": {
								"north": {"uv": [3, 26], "uv_size": [1, 0.5]},
								"east": {"uv": [0, 30], "uv_size": [0.5, 0.5]},
								"south": {"uv": [26, 3], "uv_size": [1, 0.5]},
								"west": {"uv": [30, 0], "uv_size": [0.5, 0.5]},
								"down": {"uv": [26, 4.5], "uv_size": [1, -0.5]}
							}
						},
						{
							"origin": [-0.375, -5.55951, 4.90659],
							"size": [0.75, 0.3125, 0.125],
							"inflate": -0.001,
							"pivot": [0, -4.21576, 5.00034],
							"rotation": [45, 0, 0],
							"uv": {
								"north": {"uv": [26, 6], "uv_size": [1, 0.5]},
								"east": {"uv": [1, 30], "uv_size": [0.5, 0.5]},
								"south": {"uv": [26, 7], "uv_size": [1, 0.5]},
								"west": {"uv": [30, 1], "uv_size": [0.5, 0.5]},
								"down": {"uv": [26, 8.5], "uv_size": [1, -0.5]}
							}
						},
						{
							"origin": [-0.375, -5.15606, 5.01505],
							"size": [0.75, 1.6875, 0.1875],
							"pivot": [0, -4.93731, 5.1088],
							"rotation": [15, 0, 0],
							"uv": {
								"north": {"uv": [17, 17], "uv_size": [1, 1.5]},
								"east": {"uv": [19, 24], "uv_size": [0.5, 1.5]},
								"south": {"uv": [0, 18], "uv_size": [1, 1.5]},
								"west": {"uv": [20, 24], "uv_size": [0.5, 1.5]},
								"down": {"uv": [9, 26.5], "uv_size": [1, -0.5]}
							}
						},
						{
							"origin": [-0.375, -4.99445, 5.60344],
							"size": [0.75, 1.125, 0.125],
							"pivot": [0, -4.7757, 5.69719],
							"rotation": [15, 0, 0],
							"uv": {
								"north": {"uv": [21, 11], "uv_size": [1, 1]},
								"east": {"uv": [26, 9], "uv_size": [0.5, 1]},
								"south": {"uv": [12, 21], "uv_size": [1, 1]},
								"west": {"uv": [10, 26], "uv_size": [0.5, 1]},
								"down": {"uv": [26, 10.5], "uv_size": [1, -0.5]}
							}
						},
						{
							"origin": [-0.1875, -5.55951, 5.78159],
							"size": [0.375, 0.375, 0.1875],
							"inflate": -0.001,
							"pivot": [0, -4.21576, 5.93784],
							"rotation": [45, 0, 0],
							"uv": {
								"north": {"uv": [2, 30], "uv_size": [0.5, 0.5]},
								"east": {"uv": [30, 2], "uv_size": [0.5, 0.5]},
								"south": {"uv": [3, 30], "uv_size": [0.5, 0.5]},
								"west": {"uv": [30, 3], "uv_size": [0.5, 0.5]},
								"down": {"uv": [4, 30.5], "uv_size": [0.5, -0.5]}
							}
						},
						{
							"origin": [-0.1875, -4.14282, 6.64077],
							"size": [0.375, 0.4375, 0.1875],
							"inflate": -0.001,
							"pivot": [0, -3.26782, 6.79702],
							"rotation": [-30, 0, 0],
							"uv": {
								"north": {"uv": [30, 4], "uv_size": [0.5, 0.5]},
								"east": {"uv": [5, 30], "uv_size": [0.5, 0.5]},
								"south": {"uv": [30, 5], "uv_size": [0.5, 0.5]},
								"west": {"uv": [6, 30], "uv_size": [0.5, 0.5]},
								"down": {"uv": [30, 6.5], "uv_size": [0.5, -0.5]}
							}
						},
						{
							"origin": [-0.1875, -5.11945, 6.41594],
							"size": [0.375, 1.25, 0.25],
							"inflate": 0.001,
							"pivot": [0, -4.7757, 6.63469],
							"rotation": [15, 0, 0],
							"uv": {
								"north": {"uv": [21, 24], "uv_size": [0.5, 1.5]},
								"east": {"uv": [22, 24], "uv_size": [0.5, 1.5]},
								"south": {"uv": [23, 24], "uv_size": [0.5, 1.5]},
								"west": {"uv": [24, 24], "uv_size": [0.5, 1.5]},
								"down": {"uv": [7, 30.5], "uv_size": [0.5, -0.5]}
							}
						},
						{
							"origin": [-0.25, -5.15606, 5.51505],
							"size": [0.5, 2.25, 0.1875],
							"inflate": 0.002,
							"pivot": [0, -4.93731, 5.6088],
							"rotation": [15, 0, 0],
							"uv": {
								"north": {"uv": [4, 19], "uv_size": [0.5, 2.5]},
								"east": {"uv": [5, 19], "uv_size": [0.5, 2.5]},
								"west": {"uv": [14, 19], "uv_size": [0.5, 2.5]}
							}
						},
						{
							"origin": [-0.375, -3.6986, 5.0318],
							"size": [0.75, 1, 0.1875],
							"inflate": -0.001,
							"pivot": [0, -2.8861, 5.12555],
							"rotation": [-30, 0, 0],
							"uv": {
								"north": {"uv": [13, 21], "uv_size": [1, 1]},
								"east": {"uv": [11, 26], "uv_size": [0.5, 1]},
								"south": {"uv": [21, 13], "uv_size": [1, 1]},
								"west": {"uv": [26, 11], "uv_size": [0.5, 1]},
								"down": {"uv": [12, 26.5], "uv_size": [1, -0.5]}
							}
						},
						{
							"origin": [-0.25, -3.8861, 5.2193],
							"size": [0.5, 0.75, 0.1875],
							"inflate": -0.001,
							"pivot": [0, -2.8861, 5.12555],
							"rotation": [-30, 0, 0],
							"uv": {
								"north": {"uv": [26, 12], "uv_size": [0.5, 1]},
								"east": {"uv": [13, 26], "uv_size": [0.5, 1]},
								"south": {"uv": [26, 13], "uv_size": [0.5, 1]},
								"west": {"uv": [14, 26], "uv_size": [0.5, 1]},
								"down": {"uv": [30, 7.5], "uv_size": [0.5, -0.5]}
							}
						},
						{
							"origin": [-0.375, -4.08032, 5.76577],
							"size": [0.75, 0.375, 0.125],
							"inflate": -0.001,
							"pivot": [0, -3.26782, 5.85952],
							"rotation": [-30, 0, 0],
							"uv": {
								"north": {"uv": [26, 14], "uv_size": [1, 0.5]},
								"east": {"uv": [8, 30], "uv_size": [0.5, 0.5]},
								"south": {"uv": [15, 26], "uv_size": [1, 0.5]},
								"west": {"uv": [30, 8], "uv_size": [0.5, 0.5]},
								"down": {"uv": [26, 15.5], "uv_size": [1, -0.5]}
							}
						},
						{
							"origin": [-0.25, -4.01782, 5.57827],
							"size": [0.5, 0.25, 0.1875],
							"inflate": -0.001,
							"pivot": [0, -3.26782, 5.85952],
							"rotation": [-30, 0, 0],
							"uv": {
								"east": {"uv": [9, 30], "uv_size": [0.5, 0.5]},
								"south": {"uv": [30, 9], "uv_size": [0.5, 0.5]},
								"west": {"uv": [10, 30], "uv_size": [0.5, 0.5]}
							}
						},
						{
							"origin": [-0.375, -3.84983, 5.68458],
							"size": [0.75, 2.01214, 0.125],
							"pivot": [0, -3.66233, 5.74708],
							"rotation": [-90, 0, 0],
							"uv": {
								"north": {"uv": [14, 15], "uv_size": [1, 2]},
								"east": {"uv": [21, 14], "uv_size": [0.5, 2]},
								"south": {"uv": [15, 14], "uv_size": [1, 2]},
								"west": {"uv": [16, 21], "uv_size": [0.5, 2]},
								"down": {"uv": [16, 26.5], "uv_size": [1, -0.5]}
							}
						},
						{
							"origin": [-0.5, -2.66233, 5.55958],
							"size": [1, 1.51214, 0.25],
							"pivot": [0, -3.41233, 5.74708],
							"rotation": [-90, 0, 0],
							"uv": {
								"north": {"uv": [1, 18], "uv_size": [1, 1.5]},
								"east": {"uv": [0, 25], "uv_size": [0.5, 1.5]},
								"south": {"uv": [18, 3], "uv_size": [1, 1.5]},
								"west": {"uv": [1, 25], "uv_size": [0.5, 1.5]},
								"down": {"uv": [26, 16.5], "uv_size": [1, -0.5]}
							}
						},
						{
							"origin": [-0.5, -1.47483, 5.80958],
							"size": [1, 0.25, 1.8199],
							"pivot": [0, -3.41233, 5.74708],
							"rotation": [-90, 0, 0],
							"uv": {
								"east": {"uv": [21, 16], "uv_size": [2, 0.5]},
								"west": {"uv": [17, 21], "uv_size": [2, 0.5]},
								"up": {"uv": [0, 16], "uv_size": [1, 2]},
								"down": {"uv": [1, 18], "uv_size": [1, -2]}
							}
						},
						{
							"origin": [-0.5, -4.87505, 9.03028],
							"size": [1, 0.125, 0.1875],
							"inflate": 0.001,
							"pivot": [0, -4.74398, 8.30784],
							"rotation": [-135, 0, 0],
							"uv": {
								"east": {"uv": [30, 10], "uv_size": [0.5, 0.5]},
								"west": {"uv": [11, 30], "uv_size": [0.5, 0.5]},
								"down": {"uv": [17, 26.5], "uv_size": [1, -0.5]}
							}
						},
						{
							"origin": [-0.5, -1.47483, 6.80958],
							"size": [1, 0.32464, 1.3199],
							"pivot": [0, -3.41233, 6.24708],
							"rotation": [-90, 0, 0],
							"uv": {
								"east": {"uv": [24, 11], "uv_size": [1.5, 0.5]},
								"west": {"uv": [24, 22], "uv_size": [1.5, 0.5]},
								"down": {"uv": [18, 6.5], "uv_size": [1, -1.5]}
							}
						},
						{
							"origin": [-0.5, -1.72483, 7.93458],
							"size": [1, 0.25, 0.1949],
							"pivot": [0, -3.41233, 6.24708],
							"rotation": [-90, 0, 0],
							"uv": {
								"north": {"uv": [26, 17], "uv_size": [1, 0.5]},
								"east": {"uv": [30, 11], "uv_size": [0.5, 0.5]},
								"west": {"uv": [12, 30], "uv_size": [0.5, 0.5]}
							}
						},
						{
							"origin": [-0.5, -0.66233, 7.87208],
							"size": [1, 0.25, 0.2574],
							"pivot": [0, -2.34983, 6.24708],
							"rotation": [-90, 0, 0],
							"uv": {
								"east": {"uv": [30, 12], "uv_size": [0.5, 0.5]},
								"south": {"uv": [18, 26], "uv_size": [1, 0.5]},
								"west": {"uv": [13, 30], "uv_size": [0.5, 0.5]}
							}
						},
						{
							"origin": [-0.1875, -3.72483, 5.80958],
							"size": [0.375, 0.69964, 1.3824],
							"pivot": [0, -3.66233, 5.74708],
							"rotation": [-90, 0, 0],
							"uv": {
								"north": {"uv": [30, 13], "uv_size": [0.5, 0.5]},
								"east": {"uv": [25, 0], "uv_size": [1.5, 0.5]},
								"south": {"uv": [14, 30], "uv_size": [0.5, 0.5]},
								"west": {"uv": [2, 25], "uv_size": [1.5, 0.5]}
							}
						},
						{
							"origin": [-0.1875, -3.02519, 6.74708],
							"size": [0.375, 0.1875, 0.4449],
							"pivot": [0, -3.66233, 5.74708],
							"rotation": [-90, 0, 0],
							"uv": {
								"north": {"uv": [30, 14], "uv_size": [0.5, 0.5]},
								"east": {"uv": [15, 30], "uv_size": [0.5, 0.5]},
								"south": {"uv": [30, 15], "uv_size": [0.5, 0.5]},
								"west": {"uv": [16, 30], "uv_size": [0.5, 0.5]}
							}
						},
						{
							"origin": [-0.1875, -3.91233, 5.80958],
							"size": [0.375, 0.1875, 0.8824],
							"pivot": [0, -3.66233, 5.74708],
							"rotation": [-90, 0, 0],
							"uv": {
								"east": {"uv": [26, 18], "uv_size": [1, 0.5]},
								"west": {"uv": [19, 26], "uv_size": [1, 0.5]}
							}
						},
						{
							"origin": [-0.375, -5.73698, 7.57172],
							"size": [0.75, 1.8199, 0.125],
							"pivot": [0, -4.6059, 7.63422],
							"rotation": [180, 0, 0],
							"uv": {
								"north": {"uv": [10, 16], "uv_size": [1, 2]},
								"east": {"uv": [21, 17], "uv_size": [0.5, 2]},
								"south": {"uv": [11, 16], "uv_size": [1, 2]},
								"west": {"uv": [19, 21], "uv_size": [0.5, 2]}
							}
						},
						{
							"origin": [-0.375, -3.94004, 7.97163],
							"size": [0.75, 0.28865, 0.14062],
							"inflate": -0.001,
							"pivot": [0, -4.53009, 8.04975],
							"rotation": [135, 0, 0],
							"uv": {
								"east": {"uv": [30, 16], "uv_size": [0.5, 0.5]},
								"south": {"uv": [26, 19], "uv_size": [1, 0.5]},
								"west": {"uv": [17, 30], "uv_size": [0.5, 0.5]}
							}
						},
						{
							"origin": [-0.375, -3.92149, 7.46916],
							"size": [0.75, 0.28865, 0.14063],
							"inflate": -0.001,
							"pivot": [0, -3.77717, 7.53948],
							"rotation": [-135, 0, 0],
							"uv": {
								"east": {"uv": [30, 17], "uv_size": [0.5, 0.5]},
								"south": {"uv": [20, 26], "uv_size": [1, 0.5]},
								"west": {"uv": [18, 30], "uv_size": [0.5, 0.5]}
							}
						},
						{
							"origin": [-1, -0.81914, 4.48766],
							"size": [2, 0.75, 0.375],
							"inflate": 0.001,
							"pivot": [0, -0.13164, 4.67516],
							"rotation": [45, 0, 0],
							"uv": {
								"north": {"uv": [12, 16], "uv_size": [2, 1]},
								"east": {"uv": [26, 20], "uv_size": [0.5, 1]},
								"south": {"uv": [16, 12], "uv_size": [2, 1]},
								"west": {"uv": [21, 26], "uv_size": [0.5, 1]},
								"down": {"uv": [21, 19.5], "uv_size": [2, -0.5]}
							}
						},
						{
							"origin": [-0.5, -0.81914, 3.98766],
							"size": [1, 0.75, 0.5],
							"pivot": [0, -0.13164, 4.67516],
							"rotation": [45, 0, 0],
							"uv": {
								"north": {"uv": [20, 21], "uv_size": [1, 1]}
							}
						},
						{
							"origin": [0.17678, -0.83874, 4.535],
							"size": [0.7071, 0.75, 0.5],
							"inflate": -0.001,
							"pivot": [0.67678, -0.46374, 4.785],
							"rotation": [54.73561, -30, -35.26439],
							"uv": {
								"north": {"uv": [26, 21], "uv_size": [0.5, 1]}
							}
						},
						{
							"origin": [-0.88388, -0.83874, 4.535],
							"size": [0.7071, 0.75, 0.5],
							"inflate": -0.001,
							"pivot": [-0.67678, -0.46374, 4.785],
							"rotation": [54.73561, 30, 35.26439],
							"uv": {
								"north": {"uv": [22, 26], "uv_size": [0.5, 1]}
							}
						},
						{
							"origin": [-0.5, -2.9375, 4.6875],
							"size": [1, 2.875, 0.5],
							"pivot": [0, -1.53125, 5.0625],
							"rotation": [15, 0, 0],
							"uv": {
								"north": {"uv": [2, 12], "uv_size": [1, 3]},
								"down": {"uv": [26, 22.5], "uv_size": [1, -0.5]}
							}
						},
						{
							"origin": [0.17678, -2.90049, 4.93827],
							"size": [0.7071, 2.875, 0.5],
							"inflate": -0.001,
							"pivot": [0.67678, -1.40049, 5.18827],
							"rotation": [20.75357, -43.07952, -14.51082],
							"uv": {
								"north": {"uv": [6, 18], "uv_size": [0.5, 3]},
								"down": {"uv": [30, 18.5], "uv_size": [0.5, -0.5]}
							}
						},
						{
							"origin": [-0.88388, -2.90049, 4.93827],
							"size": [0.7071, 2.875, 0.5],
							"inflate": -0.001,
							"pivot": [-0.67678, -1.40049, 5.18827],
							"rotation": [20.75357, 43.07952, 14.51082],
							"uv": {
								"north": {"uv": [7, 18], "uv_size": [0.5, 3]},
								"down": {"uv": [19, 30.5], "uv_size": [0.5, -0.5]}
							}
						},
						{
							"origin": [0.79519, -0.62696, 8.6875],
							"size": [0.25, 0.67604, 0.5],
							"inflate": -0.001,
							"pivot": [0.92019, -0.28894, 8.84375],
							"rotation": [0, 0, -7.5],
							"uv": {
								"north": {"uv": [30, 19], "uv_size": [0.5, 0.5]},
								"south": {"uv": [20, 30], "uv_size": [0.5, 0.5]},
								"west": {"uv": [30, 20], "uv_size": [0.5, 0.5]}
							}
						},
						{
							"origin": [0.83824, -1.59629, 8.6875],
							"size": [0.25, 0.98854, 0.5],
							"uv": {
								"north": {"uv": [23, 26], "uv_size": [0.5, 1]},
								"south": {"uv": [26, 23], "uv_size": [0.5, 1]},
								"west": {"uv": [24, 26], "uv_size": [0.5, 1]}
							}
						},
						{
							"origin": [0.77479, -3.25178, 8.6875],
							"size": [0.25, 1.67603, 0.5],
							"inflate": -0.001,
							"pivot": [0.89979, -2.07001, 8.9375],
							"rotation": [0, 0, 7.5],
							"uv": {
								"north": {"uv": [25, 3], "uv_size": [0.5, 1.5]},
								"south": {"uv": [4, 25], "uv_size": [0.5, 1.5]},
								"west": {"uv": [5, 25], "uv_size": [0.5, 1.5]}
							}
						},
						{
							"origin": [-1.04519, -0.62696, 8.6875],
							"size": [0.25, 0.67604, 0.5],
							"inflate": -0.001,
							"pivot": [-0.92019, -0.28894, 8.84375],
							"rotation": [0, 0, 7.5],
							"uv": {
								"north": {"uv": [21, 30], "uv_size": [0.5, 0.5]},
								"east": {"uv": [30, 21], "uv_size": [0.5, 0.5]},
								"south": {"uv": [22, 30], "uv_size": [0.5, 0.5]}
							}
						},
						{
							"origin": [-1.08824, -1.59629, 8.6875],
							"size": [0.25, 0.98854, 0.5],
							"uv": {
								"north": {"uv": [26, 24], "uv_size": [0.5, 1]},
								"east": {"uv": [25, 26], "uv_size": [0.5, 1]},
								"south": {"uv": [26, 25], "uv_size": [0.5, 1]}
							}
						},
						{
							"origin": [-1.02479, -3.25178, 8.6875],
							"size": [0.25, 1.67603, 0.5],
							"inflate": -0.001,
							"pivot": [-0.89979, -2.07001, 8.9375],
							"rotation": [0, 0, -7.5],
							"uv": {
								"north": {"uv": [6, 25], "uv_size": [0.5, 1.5]},
								"east": {"uv": [7, 25], "uv_size": [0.5, 1.5]},
								"south": {"uv": [8, 25], "uv_size": [0.5, 1.5]}
							}
						},
						{
							"origin": [0.4753, -1.00287, 0],
							"size": [0.70711, 0.375, 5],
							"inflate": -0.001,
							"pivot": [0.18241, -0.84662, 1],
							"rotation": [0, 0, -45],
							"uv": {
								"north": {"uv": [30, 22], "uv_size": [0.5, 0.5]},
								"south": {"uv": [23, 30], "uv_size": [0.5, 0.5]},
								"down": {"uv": [3, 17], "uv_size": [0.5, -5]}
							}
						},
						{
							"origin": [-1.18241, -1.00287, 0],
							"size": [0.70711, 0.375, 5],
							"inflate": -0.001,
							"pivot": [-0.18241, -0.84662, 1],
							"rotation": [0, 0, 45],
							"uv": {
								"north": {"uv": [30, 23], "uv_size": [0.5, 0.5]},
								"south": {"uv": [24, 30], "uv_size": [0.5, 0.5]},
								"down": {"uv": [6, 17], "uv_size": [0.5, -5]}
							}
						},
						{
							"origin": [0.60763, -0.51539, 0],
							"size": [0.3125, 0.67603, 9.1875],
							"inflate": -0.001,
							"pivot": [0, -0.09375, 1],
							"rotation": [0, 0, -33.5],
							"uv": {
								"north": {"uv": [30, 24], "uv_size": [0.5, 0.5]},
								"south": {"uv": [25, 30], "uv_size": [0.5, 0.5]},
								"west": {"uv": [9, 8], "uv_size": [9, 0.5]}
							}
						},
						{
							"origin": [-0.59784, 0.5343, 0],
							"size": [0.45069, 0.25, 9.1875],
							"inflate": -0.001,
							"pivot": [-0.34926, 0.65878, 1],
							"rotation": [0, 0, -33.5],
							"uv": {
								"north": {"uv": [30, 25], "uv_size": [0.5, 0.5]},
								"south": {"uv": [26, 30], "uv_size": [0.5, 0.5]},
								"up": {"uv": [9, 9], "uv_size": [0.5, 9]}
							}
						},
						{
							"origin": [-0.92013, -0.51539, 0],
							"size": [0.3125, 0.67603, 9.1875],
							"inflate": -0.001,
							"pivot": [0, -0.09375, 1],
							"rotation": [0, 0, 33.5],
							"uv": {
								"north": {"uv": [30, 26], "uv_size": [0.5, 0.5]},
								"east": {"uv": [10, 0], "uv_size": [9, 0.5]},
								"south": {"uv": [27, 30], "uv_size": [0.5, 0.5]}
							}
						},
						{
							"origin": [-0.625, 0.0625, 0],
							"size": [1.25, 0.5625, 9.1875],
							"uv": {
								"north": {"uv": [25, 5], "uv_size": [1.5, 0.5]},
								"south": {"uv": [9, 25], "uv_size": [1.5, 0.5]},
								"down": {"uv": [2, 9], "uv_size": [1.5, -9]}
							}
						},
						{
							"origin": [-0.25, 0.625, 0],
							"size": [0.5, 0.25, 9.1875],
							"uv": {
								"north": {"uv": [30, 27], "uv_size": [0.5, 0.5]},
								"south": {"uv": [28, 30], "uv_size": [0.5, 0.5]},
								"up": {"uv": [4, 10], "uv_size": [0.5, 9]}
							}
						},
						{
							"origin": [0.14715, 0.5343, 0],
							"size": [0.45069, 0.25, 9.1875],
							"inflate": -0.001,
							"pivot": [0.34926, 0.65878, 1],
							"rotation": [0, 0, 33.5],
							"uv": {
								"north": {"uv": [30, 28], "uv_size": [0.5, 0.5]},
								"south": {"uv": [29, 30], "uv_size": [0.5, 0.5]},
								"up": {"uv": [5, 10], "uv_size": [0.5, 9]}
							}
						},
						{
							"origin": [-0.5, -0.75, 0],
							"size": [1, 0.5, 5],
							"uv": {
								"north": {"uv": [26, 26], "uv_size": [1, 0.5]},
								"south": {"uv": [0, 27], "uv_size": [1, 0.5]}
							}
						},
						{
							"origin": [-0.5, -1.1875, 0],
							"size": [1, 0.125, 4.75],
							"uv": {
								"north": {"uv": [27, 0], "uv_size": [1, 0.5]},
								"east": {"uv": [12, 9], "uv_size": [5, 0.5]},
								"south": {"uv": [1, 27], "uv_size": [1, 0.5]},
								"west": {"uv": [10, 12], "uv_size": [5, 0.5]},
								"up": {"uv": [8, 3], "uv_size": [1, 5]},
								"down": {"uv": [8, 13], "uv_size": [1, -5]}
							}
						},
						{
							"origin": [-0.1875, -1.25, 0],
							"size": [0.375, 0.0625, 4.75],
							"uv": {
								"north": {"uv": [30, 29], "uv_size": [0.5, 0.5]},
								"east": {"uv": [12, 10], "uv_size": [5, 0.5]},
								"west": {"uv": [10, 13], "uv_size": [5, 0.5]},
								"down": {"uv": [7, 17], "uv_size": [0.5, -5]}
							}
						},
						{
							"origin": [-0.1875, -1.8125, 0.875],
							"size": [0.375, 0.5625, 3.875],
							"uv": {
								"north": {"uv": [30, 30], "uv_size": [0.5, 0.5]},
								"east": {"uv": [16, 13], "uv_size": [4, 0.5]},
								"south": {"uv": [0, 31], "uv_size": [0.5, 0.5]},
								"west": {"uv": [16, 14], "uv_size": [4, 0.5]},
								"up": {"uv": [15, 16], "uv_size": [0.5, 4]},
								"down": {"uv": [16, 19], "uv_size": [0.5, -4]}
							}
						},
						{
							"origin": [-0.3125, -2, 1.25],
							"size": [0.625, 0.75, 3.75],
							"uv": {
								"east": {"uv": [11, 5], "uv_size": [4, 1]},
								"west": {"uv": [11, 6], "uv_size": [4, 1]},
								"down": {"uv": [2, 21], "uv_size": [0.5, -4]}
							}
						},
						{
							"origin": [-0.375, -1.75, 4.1875],
							"size": [0.75, 0.3125, 0.3125],
							"pivot": [0, -1.59375, 4.34375],
							"rotation": [45, 0, 0],
							"uv": {
								"north": {"uv": [27, 1], "uv_size": [1, 0.5]},
								"east": {"uv": [31, 0], "uv_size": [0.5, 0.5]},
								"south": {"uv": [2, 27], "uv_size": [1, 0.5]},
								"west": {"uv": [1, 31], "uv_size": [0.5, 0.5]},
								"up": {"uv": [27, 2], "uv_size": [1, 0.5]},
								"down": {"uv": [3, 27.5], "uv_size": [1, -0.5]}
							}
						},
						{
							"origin": [-0.3125, -3.43566, 4.27849],
							"size": [0.625, 0.4375, 0.5],
							"inflate": -0.0015,
							"pivot": [0, -3.06066, 6.15349],
							"rotation": [-45, 0, 0],
							"uv": {
								"east": {"uv": [31, 1], "uv_size": [0.5, 0.5]},
								"west": {"uv": [2, 31], "uv_size": [0.5, 0.5]},
								"down": {"uv": [31, 2.5], "uv_size": [0.5, -0.5]}
							}
						},
						{
							"origin": [-0.1875, -0.88143, 0.4748],
							"size": [0.375, 0.67187, 0.29687],
							"inflate": -0.001,
							"pivot": [0, -0.60018, 2.4123],
							"rotation": [30, 0, 0],
							"uv": {
								"north": {"uv": [3, 31], "uv_size": [0.5, 0.5]},
								"east": {"uv": [31, 3], "uv_size": [0.5, 0.5]},
								"west": {"uv": [4, 31], "uv_size": [0.5, 0.5]}
							}
						},
						{
							"origin": [-0.5, -1.0625, 0],
							"size": [1, 0.1875, 0.625],
							"uv": {
								"north": {"uv": [27, 3], "uv_size": [1, 0.5]},
								"east": {"uv": [31, 4], "uv_size": [0.5, 0.5]},
								"south": {"uv": [4, 27], "uv_size": [1, 0.5]},
								"west": {"uv": [5, 31], "uv_size": [0.5, 0.5]}
							}
						},
						{
							"origin": [-0.5, -1.0625, 1.5],
							"size": [1, 0.1875, 0.5],
							"uv": {
								"north": {"uv": [27, 4], "uv_size": [1, 0.5]},
								"east": {"uv": [31, 5], "uv_size": [0.5, 0.5]},
								"south": {"uv": [5, 27], "uv_size": [1, 0.5]},
								"west": {"uv": [6, 31], "uv_size": [0.5, 0.5]}
							}
						},
						{
							"origin": [-0.5, -1.0625, 2.875],
							"size": [1, 0.1875, 0.5],
							"uv": {
								"north": {"uv": [27, 5], "uv_size": [1, 0.5]},
								"east": {"uv": [31, 6], "uv_size": [0.5, 0.5]},
								"south": {"uv": [6, 27], "uv_size": [1, 0.5]},
								"west": {"uv": [7, 31], "uv_size": [0.5, 0.5]}
							}
						},
						{
							"origin": [-0.5, -1.0625, 4.25],
							"size": [1, 0.1875, 0.5],
							"uv": {
								"north": {"uv": [27, 6], "uv_size": [1, 0.5]},
								"east": {"uv": [31, 7], "uv_size": [0.5, 0.5]},
								"south": {"uv": [7, 27], "uv_size": [1, 0.5]},
								"west": {"uv": [8, 31], "uv_size": [0.5, 0.5]}
							}
						},
						{
							"origin": [-0.5, -0.875, 0],
							"size": [1, 0.125, 4.75],
							"uv": {
								"north": {"uv": [27, 7], "uv_size": [1, 0.5]},
								"east": {"uv": [10, 14], "uv_size": [5, 0.5]},
								"south": {"uv": [8, 27], "uv_size": [1, 0.5]},
								"west": {"uv": [14, 11], "uv_size": [5, 0.5]},
								"up": {"uv": [0, 9], "uv_size": [1, 5]},
								"down": {"uv": [1, 14], "uv_size": [1, -5]}
							}
						}
					]
				},
				{
					"name": "bone11",
					"parent": "stock",
					"pivot": [0, -2.4375, 1],
					"cubes": [
						{
							"origin": [-0.4375, -2.3125, 1.0625],
							"size": [0.875, 1.0625, 0.9375],
							"uv": {
								"east": {"uv": [21, 20], "uv_size": [1, 1]},
								"west": {"uv": [21, 21], "uv_size": [1, 1]},
								"up": {"uv": [0, 22], "uv_size": [1, 1]},
								"down": {"uv": [22, 1], "uv_size": [1, -1]}
							}
						},
						{
							"origin": [-0.4375, -1.9375, 0.6875],
							"size": [0.875, 0.3125, 0.375],
							"uv": {
								"north": {"uv": [27, 8], "uv_size": [1, 0.5]},
								"east": {"uv": [31, 8], "uv_size": [0.5, 0.5]},
								"west": {"uv": [9, 31], "uv_size": [0.5, 0.5]},
								"down": {"uv": [9, 27.5], "uv_size": [1, -0.5]}
							}
						},
						{
							"origin": [-0.4375, -2.28948, 0.74307],
							"size": [0.875, 0.53033, 0.3125],
							"inflate": -0.001,
							"pivot": [0, -1.9154, 0.93057],
							"rotation": [45, 0, 0],
							"uv": {
								"north": {"uv": [27, 9], "uv_size": [1, 0.5]},
								"east": {"uv": [31, 9], "uv_size": [0.5, 0.5]},
								"west": {"uv": [10, 31], "uv_size": [0.5, 0.5]},
								"down": {"uv": [10, 27.5], "uv_size": [1, -0.5]}
							}
						},
						{
							"origin": [-0.5, -1.8125, 1.0625],
							"size": [1, 0.3125, 0.3125],
							"pivot": [0, -1.65625, 1.21875],
							"rotation": [45, 0, 0],
							"uv": {
								"north": {"uv": [27, 10], "uv_size": [1, 0.5]},
								"east": {"uv": [31, 10], "uv_size": [0.5, 0.5]},
								"south": {"uv": [11, 27], "uv_size": [1, 0.5]},
								"west": {"uv": [11, 31], "uv_size": [0.5, 0.5]},
								"up": {"uv": [27, 11], "uv_size": [1, 0.5]},
								"down": {"uv": [12, 27.5], "uv_size": [1, -0.5]}
							}
						},
						{
							"origin": [-0.4375, -1.85826, 0.49935],
							"size": [0.875, 0.53033, 0.3125],
							"inflate": -0.001,
							"pivot": [0, -1.96875, 0.875],
							"rotation": [-45, 0, 0],
							"uv": {
								"north": {"uv": [27, 12], "uv_size": [1, 0.5]},
								"east": {"uv": [31, 11], "uv_size": [0.5, 0.5]},
								"west": {"uv": [12, 31], "uv_size": [0.5, 0.5]}
							}
						},
						{
							"origin": [-0.4375, -2.40136, 1.87391],
							"size": [0.875, 1.0625, 0.9375],
							"inflate": -0.0015,
							"pivot": [0, -1.87011, 2.34266],
							"rotation": [-12.5, 0, 0],
							"uv": {
								"east": {"uv": [1, 22], "uv_size": [1, 1]},
								"west": {"uv": [22, 1], "uv_size": [1, 1]},
								"up": {"uv": [22, 2], "uv_size": [1, 1]},
								"down": {"uv": [3, 23], "uv_size": [1, -1]}
							}
						},
						{
							"origin": [-0.375, -2.51118, 2.70804],
							"size": [0.75, 1.0625, 1.1875],
							"inflate": -0.001,
							"pivot": [0, -1.97993, 3.17679],
							"rotation": [-2.5, 0, 0],
							"uv": {
								"east": {"uv": [4, 22], "uv_size": [1, 1]},
								"west": {"uv": [5, 22], "uv_size": [1, 1]},
								"up": {"uv": [22, 5], "uv_size": [1, 1]},
								"down": {"uv": [6, 23], "uv_size": [1, -1]}
							}
						},
						{
							"origin": [-0.4375, -2.51118, 2.70804],
							"size": [0.875, 0.8125, 0.25],
							"pivot": [0, -1.97993, 3.17679],
							"rotation": [-2.5, 0, 0],
							"uv": {
								"east": {"uv": [13, 27], "uv_size": [0.5, 1]},
								"south": {"uv": [7, 22], "uv_size": [1, 1]},
								"west": {"uv": [27, 13], "uv_size": [0.5, 1]},
								"down": {"uv": [14, 27.5], "uv_size": [1, -0.5]}
							}
						},
						{
							"origin": [-0.4375, -2.51118, 3.20804],
							"size": [0.875, 0.8125, 0.1875],
							"pivot": [0, -1.97993, 3.17679],
							"rotation": [-2.5, 0, 0],
							"uv": {
								"north": {"uv": [22, 7], "uv_size": [1, 1]},
								"east": {"uv": [27, 14], "uv_size": [0.5, 1]},
								"south": {"uv": [22, 8], "uv_size": [1, 1]},
								"west": {"uv": [15, 27], "uv_size": [0.5, 1]},
								"down": {"uv": [27, 15.5], "uv_size": [1, -0.5]}
							}
						},
						{
							"origin": [-0.4375, -2.51118, 3.64554],
							"size": [0.875, 0.8125, 0.25],
							"pivot": [0, -1.97993, 3.17679],
							"rotation": [-2.5, 0, 0],
							"uv": {
								"north": {"uv": [22, 9], "uv_size": [1, 1]},
								"east": {"uv": [16, 27], "uv_size": [0.5, 1]},
								"west": {"uv": [27, 16], "uv_size": [0.5, 1]},
								"down": {"uv": [17, 27.5], "uv_size": [1, -0.5]}
							}
						},
						{
							"origin": [-0.4375, -1.69868, 2.70804],
							"size": [0.875, 0.25, 1.1875],
							"pivot": [0, -1.97993, 3.17679],
							"rotation": [-2.5, 0, 0],
							"uv": {
								"east": {"uv": [27, 17], "uv_size": [1, 0.5]},
								"west": {"uv": [18, 27], "uv_size": [1, 0.5]},
								"up": {"uv": [22, 10], "uv_size": [1, 1]},
								"down": {"uv": [11, 23], "uv_size": [1, -1]}
							}
						},
						{
							"origin": [-0.4375, -2.32368, 3.89554],
							"size": [0.875, 0.6875, 0.1875],
							"pivot": [0, -1.97993, 3.17679],
							"rotation": [-2.5, 0, 0],
							"uv": {
								"east": {"uv": [31, 12], "uv_size": [0.5, 0.5]},
								"south": {"uv": [27, 18], "uv_size": [1, 0.5]},
								"west": {"uv": [13, 31], "uv_size": [0.5, 0.5]}
							}
						},
						{
							"origin": [-0.4375, -2.44741, 3.65665],
							"size": [0.875, 0.26516, 0.1875],
							"inflate": -0.0015,
							"pivot": [0, -2.526, 3.7504],
							"rotation": [-47.5, 0, 0],
							"uv": {
								"east": {"uv": [31, 13], "uv_size": [0.5, 0.5]},
								"south": {"uv": [19, 27], "uv_size": [1, 0.5]},
								"west": {"uv": [14, 31], "uv_size": [0.5, 0.5]}
							}
						},
						{
							"origin": [-0.4375, -1.85431, 3.63873],
							"size": [0.875, 0.26516, 0.1875],
							"inflate": -0.0015,
							"pivot": [0, -1.41681, 3.73248],
							"rotation": [42.5, 0, 0],
							"uv": {
								"east": {"uv": [31, 14], "uv_size": [0.5, 0.5]},
								"south": {"uv": [27, 19], "uv_size": [1, 0.5]},
								"west": {"uv": [15, 31], "uv_size": [0.5, 0.5]}
							}
						}
					]
				}
			]
		}
	]
}