{
	"format_version": "1.8.0",
	"animations": {
		"static_idle": {
			"loop": true,
			"bones": {
				"righthand": {
					"rotation": [-281.24538, -24.3683, 5.7632],
					"position": [-6.6, -15.9, 5.8],
					"scale": [1, 1.5, 1]
				},
				"lefthand": {
					"rotation": [-298.06145, 27.51235, -12.45891],
					"position": [17, -16, 6],
					"scale": [1, 1.5, 1]
				}
			}
		},
		"unlock_safe_loop": {
			"loop": true,
			"animation_length": 0.5,
			"bones": {
				"ring": {
					"position": [3, -6, 0],
					"scale": 0
				},
				"r": {
					"rotation": {
						"0.0": [-35, 0, 0],
						"0.25": [-35.5, 0, 0],
						"0.4583": [-35, 0, 0]
					},
					"position": {
						"0.0": [0, 8.675, 3],
						"0.25": [0, 8.515, 3],
						"0.4583": [0, 8.675, 3]
					}
				},
				"l": {
					"rotation": [-7.12, 29.22, -14.36],
					"position": [-4, -6, 0]
				},
				"righthand": {
					"rotation": [-281.24538, -24.3683, 5.7632],
					"position": [-6.6, -15.9, 5.8],
					"scale": [1, 1.5, 1]
				},
				"lefthand": {
					"rotation": [-326.69785, 2.46387, -97.69872],
					"position": [16, -20, 8]
				}
			}
		},
		"draw": {
			"loop": "hold_on_last_frame",
			"animation_length": 0.7292,
			"bones": {
				"root": {
					"rotation": {
						"0.0": [27.5, 0, 0],
						"0.6667": [0, 0, 0]
					},
					"position": {
						"0.0": [4, -8, 0],
						"0.3333": [2, 0, 0],
						"0.6667": [0, 0, 0]
					}
				},
				"righthand": {
					"rotation": [-281.24538, -24.3683, 5.7632],
					"position": [-6.6, -15.9, 5.8],
					"scale": [1, 1.5, 1]
				},
				"lefthand": {
					"rotation": {
						"0.0": [-263.06145, 27.51235, -12.45891],
						"0.5": [-298.06145, 27.51235, -12.45891]
					},
					"position": {
						"0.0": [7, -16, 6],
						"0.5": [17, -16, 6]
					},
					"scale": [1, 1.5, 1]
				},
				"camera": {
					"rotation": {
						"0.0": {
							"post": [0, 0, 0],
							"lerp_mode": "catmullrom"
						},
						"0.25": {
							"post": [0, 0.235, 0.335],
							"lerp_mode": "catmullrom"
						},
						"0.5": {
							"post": [0, 0, 0],
							"lerp_mode": "catmullrom"
						}
					}
				}
			},
			"sound_effects": {
				"0.0": {
					"effect": "lrtactical:grenade/grenade_draw_2"
				}
			}
		},
		"put_away": {
			"loop": "hold_on_last_frame",
			"animation_length": 0.375,
			"bones": {
				"root": {
					"rotation": {
						"0.0": [0, 0, 0],
						"0.1667": [10, 0, 37.5]
					},
					"position": {
						"0.0": [0, 0, 0],
						"0.1667": [6, -1, 2],
						"0.3333": [4, -6, 3]
					}
				},
				"righthand": {
					"rotation": [-281.24538, -24.3683, 5.7632],
					"position": [-6.6, -15.9, 5.8],
					"scale": [1, 1.5, 1]
				},
				"lefthand": {
					"rotation": {
						"0.0": [-298.06145, 27.51235, -12.45891],
						"0.1667": [-343.52232, -0.74061, -103.32485]
					},
					"position": {
						"0.0": [17, -16, 6],
						"0.1667": [6, -13, 6]
					},
					"scale": [1, 1.5, 1]
				},
				"camera": {
					"rotation": {
						"0.0": {
							"post": [0, 0, 0],
							"lerp_mode": "catmullrom"
						},
						"0.125": {
							"post": [0, 0, 0.63],
							"lerp_mode": "catmullrom"
						},
						"0.25": {
							"post": [0.51, 0, 0.63],
							"lerp_mode": "catmullrom"
						},
						"0.375": {
							"post": [0, 0, 0],
							"lerp_mode": "catmullrom"
						}
					}
				}
			},
			"sound_effects": {
				"0.0": {
					"effect": "lrtactical:grenade/grenade_draw_4"
				}
			}
		},
		"inspect": {
			"animation_length": 2.9333,
			"bones": {
				"root": {
					"rotation": {
						"0.0": [0, 0, 0],
						"0.2333": {
							"pre": [-1.74891, -55.24611, -38.70148],
							"post": [-1.74891, -55.24611, -38.70148],
							"lerp_mode": "catmullrom"
						},
						"0.4": {
							"post": [8.25, -55.25, -38.7],
							"lerp_mode": "catmullrom"
						},
						"0.6667": {
							"post": [8.705, -61.19, -43.79],
							"lerp_mode": "catmullrom"
						},
						"0.9667": {
							"post": [1.335, -48.335, -31.785],
							"lerp_mode": "catmullrom"
						},
						"1.3333": {
							"post": [-64.39855, 37.78211, 40.52694],
							"lerp_mode": "catmullrom"
						},
						"1.7333": {
							"post": [-72.38, 46.09, 48.09],
							"lerp_mode": "catmullrom"
						},
						"2.1333": {
							"post": [-66.235, 35.61, 36.54],
							"lerp_mode": "catmullrom"
						},
						"2.6": {
							"post": [3, 0, 0],
							"lerp_mode": "catmullrom"
						},
						"2.8": {
							"post": [0, 0, 0],
							"lerp_mode": "catmullrom"
						}
					},
					"position": {
						"0.0": [0, 0, 0],
						"0.2": {
							"pre": [3, 3, 0],
							"post": [3, 3, 0],
							"lerp_mode": "catmullrom"
						},
						"0.3667": {
							"post": [3, 2.5, 0],
							"lerp_mode": "catmullrom"
						},
						"0.9333": {
							"post": [3, 2.5, 0],
							"lerp_mode": "catmullrom"
						},
						"1.1667": {
							"post": [3, 1.5, 0],
							"lerp_mode": "catmullrom"
						},
						"1.3333": {
							"post": [3, 1.5, 0],
							"lerp_mode": "catmullrom"
						},
						"1.7": {
							"post": [3.1, 1.295, 0.8],
							"lerp_mode": "catmullrom"
						},
						"2.1333": {
							"post": [3.1, 1.295, 0.8],
							"lerp_mode": "catmullrom"
						},
						"2.4": {
							"post": [1.23, -0.74, 0],
							"lerp_mode": "catmullrom"
						},
						"2.6": {
							"post": [0, 0.435, 0],
							"lerp_mode": "catmullrom"
						},
						"2.7333": {
							"post": [0, 0, 0],
							"lerp_mode": "catmullrom"
						}
					}
				},
				"righthand": {
					"rotation": [-281.24538, -24.3683, 5.7632],
					"position": [-6.6, -15.9, 5.8],
					"scale": [1, 1.5, 1]
				},
				"lefthand": {
					"rotation": {
						"0.0": [-298.06145, 27.51235, -12.45891],
						"0.2333": [-298.06, 27.51, -12.46],
						"2.3333": [-298.06, 27.51, -12.46],
						"2.6333": [-298.06145, 27.51235, -12.45891]
					},
					"position": {
						"0.0": [17, -16, 6],
						"0.2333": [17, -28, 14],
						"2.3333": [17, -28, 14],
						"2.6333": [17, -16, 6]
					},
					"scale": {
						"0.0": [1, 1.5, 1],
						"0.2333": [0, 0, 0],
						"2.3333": [0, 0, 0],
						"2.6333": [1, 1.5, 1]
					}
				},
				"camera": {
					"rotation": {
						"0.0": {
							"post": [0, 0, 0],
							"lerp_mode": "catmullrom"
						},
						"0.2667": {
							"post": [0.531, 0, -0.395],
							"lerp_mode": "catmullrom"
						},
						"0.4333": {
							"post": [0.3725, 0, -0.395],
							"lerp_mode": "catmullrom"
						},
						"0.8667": {
							"post": [0.37, 0, -0.39],
							"lerp_mode": "catmullrom"
						},
						"1.2": {
							"post": [1.315, 0, 0.89],
							"lerp_mode": "catmullrom"
						},
						"1.6667": {
							"post": [1.105, 0, 0.635],
							"lerp_mode": "catmullrom"
						},
						"2.0667": {
							"post": [1.11, 0, 0.64],
							"lerp_mode": "catmullrom"
						},
						"2.4": {
							"post": [1.385, 0, 0.64],
							"lerp_mode": "catmullrom"
						},
						"2.6": {
							"post": [-0.205, 0, -0.19],
							"lerp_mode": "catmullrom"
						},
						"2.7": {
							"post": [0.12, 0, 0.09],
							"lerp_mode": "catmullrom"
						},
						"2.8333": {
							"post": [0, 0, 0],
							"lerp_mode": "catmullrom"
						}
					}
				}
			},
			"sound_effects": {
				"0.0": {
					"effect": "lrtactical:grenade/grenade_inspect"
				}
			}
		},
		"unlock_safe": {
			"loop": true,
			"animation_length": 1.0833,
			"bones": {
				"r": {
					"rotation": {
						"0.0": [0, 0, 0],
						"0.2083": [0, 0, 32.5],
						"0.3333": [0, 0, 40.5],
						"0.375": [0, 0, 40.5],
						"0.4167": {
							"pre": [0, 0, 23.5],
							"post": [0, 0, 23.5],
							"lerp_mode": "catmullrom"
						},
						"0.5417": {
							"post": [0, 0, 23.5],
							"lerp_mode": "catmullrom"
						},
						"0.7917": {
							"post": [-35, 0, 0],
							"lerp_mode": "catmullrom"
						},
						"0.9583": {
							"post": [-35, 0, 0],
							"lerp_mode": "catmullrom"
						}
					},
					"position": {
						"0.0": [0, 0, 0],
						"0.2083": [3, 2, 0],
						"0.3333": [3, 2.385, 0],
						"0.375": [3, 2.385, 0],
						"0.4167": {
							"pre": [3, 1.29, 0],
							"post": [3, 1.29, 0],
							"lerp_mode": "catmullrom"
						},
						"0.5417": {
							"post": [3, 1.29, 0],
							"lerp_mode": "catmullrom"
						},
						"0.7917": {
							"post": [0, 8.41, 3],
							"lerp_mode": "catmullrom"
						},
						"0.9583": [0, 8.675, 3]
					}
				},
				"righthand": {
					"rotation": [-281.24538, -24.3683, 5.7632],
					"position": [-6.6, -15.9, 5.8],
					"scale": [1, 1.5, 1]
				},
				"ring": {
					"rotation": {
						"0.375": [0, 0, 0],
						"0.4583": [0, 0, 20],
						"0.625": [0, 0, -25]
					},
					"position": {
						"0.375": [0, 0, 0],
						"0.4583": [4, 4, 0],
						"0.625": [6, -6, 0]
					},
					"scale": {
						"0.625": {"pre": [1, 1, 1], "post": [0, 0, 0]}
					}
				},
				"bone2": {
					"rotation": {
						"0.25": [0, 0, 0],
						"0.3333": [0, 0, -90]
					}
				},
				"lefthand": {
					"rotation": {
						"0.0": [-298.06145, 27.51235, -12.45891],
						"0.2083": [-323.10157, -5.95166, -60.90237],
						"0.25": [-323.10157, -5.95166, -60.90237],
						"0.3333": [-322.93765, 4.62963, -74.86074],
						"0.375": [-322.93765, 4.62963, -74.86074],
						"0.4583": [-325.33791, -14.75393, -48.53983],
						"0.625": [-326.69785, 2.46387, -97.69872]
					},
					"position": {
						"0.0": [17, -16, 6],
						"0.2083": [12.5, -15, 5],
						"0.25": [12.5, -15, 5],
						"0.3333": [14.5, -14, 5],
						"0.375": [14.5, -14, 5],
						"0.4583": [18.5, -14, 5],
						"0.625": [16, -20, 8]
					},
					"scale": [1, 1.5, 1]
				},
				"bone": {
					"rotation": {
						"0.375": [0, 0, 0],
						"0.4167": [0, 0, -40],
						"0.625": [0, 0, -87.5]
					}
				},
				"camera": {
					"rotation": {
						"0.0": {
							"post": [0, 0, 0],
							"lerp_mode": "catmullrom"
						},
						"0.2083": {
							"post": [0.49, 0, 0.375],
							"lerp_mode": "catmullrom"
						},
						"0.3333": {
							"post": [0.275, 0, 0.185],
							"lerp_mode": "catmullrom"
						},
						"0.375": {
							"post": [0.925, 0, 1.235],
							"lerp_mode": "catmullrom"
						},
						"0.5": {
							"post": [0.275, 0, 0.51],
							"lerp_mode": "catmullrom"
						},
						"0.625": {
							"post": [0.275, 0, 0.705],
							"lerp_mode": "catmullrom"
						},
						"0.875": {
							"post": [-0.155, 0, -0.075],
							"lerp_mode": "catmullrom"
						},
						"1.0": {
							"post": [0, 0, 0],
							"lerp_mode": "catmullrom"
						}
					}
				}
			},
			"sound_effects": {
				"0.0": {
					"effect": "lrtactical:grenade/grenade_unlock_safe"
				}
			}
		},
		"throw": {
			"loop": "hold_on_last_frame",
			"animation_length": 0.5,
			"bones": {
				"ring": {
					"position": [3, -6, 0],
					"scale": 0
				},
				"r": {
					"rotation": {
						"0.0": [-35, 0, 0],
						"0.1": [25, 0, 0],
						"0.2": [32.5, 0, 0],
						"0.3": [0, 0, 0]
					},
					"position": {
						"0.0": [0, 8.675, 3],
						"0.0333": [0, 8.675, -1],
						"0.1": [0, 2, -4],
						"0.2": [0, 0.02, -2.635],
						"0.3": [0, 0, 0]
					}
				},
				"l": {
					"rotation": {
						"0.2333": [-7.12, 29.22, -14.36],
						"0.3333": [0, 0, 0]
					},
					"position": {
						"0.2333": [-4, -6, 0],
						"0.3333": [0, 0, 0]
					}
				},
				"righthand": {
					"rotation": [-281.24538, -24.3683, 5.7632],
					"position": [-6.6, -15.9, 5.8],
					"scale": [1, 1.5, 1]
				},
				"grenade": {
					"rotation": {
						"0.0333": [0, 0, 0],
						"0.1667": [210, 0, 0],
						"0.2": [0, 0, 0]
					},
					"position": {
						"0.0333": [0, 0, 0],
						"0.1333": [0, 31, -32],
						"0.2": [0, 0, 0]
					},
					"scale": {
						"0.0333": [1, 1, 1],
						"0.1333": {
							"pre": [0.5, 0.5, 0.5],
							"post": [0, 0, 0]
						}
					}
				},
				"lefthand": {
					"rotation": {
						"0.0": [-326.69785, 2.46387, -97.69872],
						"0.2333": [-298.06145, 27.51235, -12.45891]
					},
					"position": {
						"0.0": [16, -20, 8],
						"0.2333": [17, -16, 6]
					},
					"scale": [1, 1.5, 1]
				},
				"camera": {
					"rotation": {
						"0.0": {
							"post": [0, 0, 0],
							"lerp_mode": "catmullrom"
						},
						"0.0333": {
							"post": [1.58, 0, -1.8],
							"lerp_mode": "catmullrom"
						},
						"0.1": {
							"post": [-0.515, 0, 0.36],
							"lerp_mode": "catmullrom"
						},
						"0.2": {
							"post": [0.27, 0, 0],
							"lerp_mode": "catmullrom"
						},
						"0.3333": {
							"post": [0, 0, 0],
							"lerp_mode": "catmullrom"
						}
					}
				}
			},
			"sound_effects": {
				"0.0": {
					"effect": "lrtactical:grenade/grenade_throw_2"
				}
			}
		},
		"re_draw": {
			"loop": "hold_on_last_frame",
			"animation_length": 1.9333,
			"bones": {
				"righthand": {
					"rotation": [-281.24538, -24.3683, 5.7632],
					"position": [-6.6, -15.9, 5.8],
					"scale": [1, 1.5, 1]
				},
				"lefthand": {
					"rotation": {
						"0.0": [-298.06145, 27.51235, -12.45891],
						"0.2333": [-306.13184, -6.01232, -73.44787],
						"1.0333": [-306.13, -6.01, -73.45],
						"1.1667": [-307.21043, 14.15657, -88.34144],
						"1.2667": [-307.21043, 14.15657, -88.34144],
						"1.4333": [-303.675, 14.16, -64.805],
						"1.8667": [-298.06145, 27.51235, -12.45891]
					},
					"position": {
						"0.0": [17, -16, 6],
						"0.2333": [12, -19, 11],
						"1.0333": [12, -19, 11],
						"1.4333": [12, -19, 11],
						"1.6333": [15, -21.485, 8],
						"1.8667": [17, -16, 6]
					},
					"scale": [1, 1.5, 1]
				},
				"root": {
					"rotation": {
						"0.0": [0, 0, 0],
						"0.2": [37.5, 0, 0],
						"0.4333": [37.5, 0, 0],
						"0.8": {
							"pre": [-15, 0, 0],
							"post": [-15, 0, 0],
							"lerp_mode": "catmullrom"
						},
						"1.1333": {
							"post": [-15, 0, 0],
							"lerp_mode": "catmullrom"
						},
						"1.6": [-15, 0, 0],
						"1.8333": [0, 0, 0]
					},
					"position": {
						"0.0": [0, 0, 0],
						"0.2": [0, -10, 0],
						"0.4333": [0, -10, 0],
						"0.8333": {
							"pre": [0, 4, -5],
							"post": [0, 4, -5],
							"lerp_mode": "catmullrom"
						},
						"1.1333": {
							"post": [0, 4.45, -5],
							"lerp_mode": "catmullrom"
						},
						"1.5333": [0, 4, -5],
						"1.8333": [0, 0, 0]
					}
				},
				"r": {
					"rotation": {
						"0.0": {
							"post": [0, 0, 0],
							"lerp_mode": "catmullrom"
						},
						"0.3333": {
							"post": [-22.0328, -38.60418, 40.6877],
							"lerp_mode": "catmullrom"
						},
						"1.0667": {
							"post": [-22.03, -38.6, 40.69],
							"lerp_mode": "catmullrom"
						},
						"1.3667": {
							"post": [-22.03, -38.6, 40.69],
							"lerp_mode": "catmullrom"
						},
						"1.6": {
							"post": [-14.71, -30.615, 29.38],
							"lerp_mode": "catmullrom"
						},
						"1.9": {
							"post": [0, 0, 0],
							"lerp_mode": "catmullrom"
						}
					},
					"position": {
						"0.0": {
							"post": [0, 0, 0],
							"lerp_mode": "catmullrom"
						},
						"0.3": {
							"post": [6, -6, 5],
							"lerp_mode": "catmullrom"
						},
						"1.0667": {
							"post": [6, -6, 5],
							"lerp_mode": "catmullrom"
						},
						"1.3667": {
							"post": [6, -6, 5],
							"lerp_mode": "catmullrom"
						},
						"1.6": {
							"post": [6, -6.67, 3.875],
							"lerp_mode": "catmullrom"
						},
						"1.9": {
							"post": [0, 0, 0],
							"lerp_mode": "catmullrom"
						}
					}
				},
				"grenade": {
					"scale": {
						"0.2": [0, 0, 0],
						"0.2333": [1, 1, 1]
					}
				},
				"camera": {
					"rotation": {
						"0.0": {
							"post": [0, 0, 0],
							"lerp_mode": "catmullrom"
						},
						"0.2667": {
							"post": [0, 0.235, 0.335],
							"lerp_mode": "catmullrom"
						},
						"0.5": {
							"post": [0, 0.19, 0.375],
							"lerp_mode": "catmullrom"
						},
						"0.9": {
							"post": [0, 0.3, 0.695],
							"lerp_mode": "catmullrom"
						},
						"1.0667": {
							"post": [0, 0.3, 0.455],
							"lerp_mode": "catmullrom"
						},
						"1.4667": {
							"post": [0, 0.3, 0.16],
							"lerp_mode": "catmullrom"
						},
						"1.6333": {
							"post": [0, 0.15, 0.215],
							"lerp_mode": "catmullrom"
						},
						"1.7667": {
							"post": [0, 0.1, 0.18],
							"lerp_mode": "catmullrom"
						},
						"1.9": {
							"post": [0, 0, 0],
							"lerp_mode": "catmullrom"
						}
					}
				}
			},
			"sound_effects": {
				"1.1": {
					"effect": "lrtactical:grenade/grenade_draw_3"
				}
			}
		}
	}
}