{
  "model": "bo6:gun/aek973_geo",
  "texture": "bo6:gun/uv/aek973",
  "lod": {
    "model": "bo6:gun/lod/aek973",
    "texture": "bo6:gun/lod/aek973"
  },
  "hud": "bo6:gun/hud/aek973",
  "slot": "bo6:gun/slot/aek973",
  "ammo_count_style": "normal",
  "animation": "bo6:aek973",
  "use_default_animation": "rifle",
  "third_person_animation": "default",
  "player_animator_3rd": "tacz:rifle_default.player_animation",
  "show_crosshair": false,
  "transform": {
    "scale": {
      "thirdperson": [0.6, 0.6, 0.6],
      "ground": [0.6, 0.6, 0.6],
      "fixed": [1.2, 1.2, 1.2]
    }
  },
  "muzzle_flash": {
    "texture": "wz:flash/common_muzzle_flash",
    "scale": 0.75
  },
  "iron_zoom": 1.2,
  "shell": {
    "initial_velocity": [5, 2, 1],
    "random_velocity": [1, 1, 0.25],
    "acceleration": [0.0, -10, 0.0],
    "angular_velocity": [360, -1200, 90],
    "living_time": 1.0
  },
  "ammo": {
    "tracer_color": "#FF8888"
  },
  "sounds": {
    "head_hit": "wz:head_hit",
    "flesh_hit": "wz:flesh_hit",
    "kill": "wz:kill",

    "shoot": "bo6:aek973/aek973_shoot",
    "shoot_3p": "bo6:aek973/aek973_shoot_3p",
    "silence": "bo6:aek973/aek973_silence",
    "silence_3p": "bo6:aek973/aek973_silence_3p",
    "draw": "bo6:aek973/aek973_draw",
    "put_away": "bo6:aek973/aek973_put_away"
  }
}