{
  "model": "bo6:gun/handcannon_geo",
  "texture": "bo6:gun/uv/handcannon",
  "hud": "bo6:gun/hud/handcannon",
  "lod": {
    "model": "bo6:gun/lod/handcannon",
    "texture": "bo6:gun/lod/handcannon"
  },
  "slot": "bo6:gun/slot/handcannon",
  "animation": "bo6:handcannon",
  "use_default_animation": "pistol",
  "third_person_animation": "default",
  "transform": {
    "scale": {
      "thirdperson": [0.6, 0.6, 0.6],
      "ground": [0.6, 0.6, 0.6],
      "fixed": [1.2, 1.2, 1.2]
    }
  },
  "laser": {
    "default_color": "0x00FF00",
    "can_edit": true,
    "length": 30,
    "width": 0.01
  },
  "muzzle_flash": {
    "texture": "wz:flash/common_muzzle_flash",
    "scale": 0.75
  },
  "shell": {
    "initial_velocity": [5, 2, 1],
    "random_velocity": [1, 1, 0.25],
    "acceleration": [0.0, -10, 0.0],
    "angular_velocity": [360, -1200, 90],
    "living_time": 1.0
  },
  "sounds": {
    "kill": "bo6:handcannon/head_kill",

    "shoot": "bo6:handcannon/handcannon_shoot",
    "shoot_3p": "bo6:handcannon/handcannon_shoot_3p",
    "draw": "bo6:handcannon/handcannon_raise",
    "put_away": "bo6:handcannon/handcannon_drop"
  }
}