{
  "model": "bo6:gun/hdr_geo",
  "texture": "bo6:gun/uv/hdr",
  "lod": {
    "model": "bo6:gun/lod/hdr",
    "texture": "bo6:gun/lod/hdr"
  },
  "hud": "bo6:gun/hud/hdr",
  "slot": "bo6:gun/slot/hdr",
  "animation": "bo6:hdr",
  "use_default_animation": "rifle",
  "transform": {
    "scale": {
      "thirdperson": [0.6, 0.6, 0.6],
      "ground": [0.6, 0.6, 0.6],
      "fixed": [1.2, 1.2, 1.2]
    }
  },
  "muzzle_flash": {
    "texture": "wz:flash/common_muzzle_flash",
    "scale": 2
  },
  "iron_zoom": 1.5,
  "zoom_model_fov": 60,
  
  "sounds": {
    "head_hit": "wz:head_hit",
    "flesh_hit": "wz:flesh_hit",
    "kill": "wz:kill",

    "shoot": "bo6:hdr/hdr_shoot",
    "shoot_3p": "bo6:hdr/hdr_shoot_3p",
    "silence": "bo6:hdr/hdr_silence",
    "silence_3p": "bo6:hdr/hdr_silence_3p",
    "draw": "bo6:hdr/hdr_draw",
    "put_away": "bo6:hdr/hdr_put_away"
  }
}