{
  "model": "bo6:gun/marine_sp_geo",
  "texture": "bo6:gun/uv/marine_sp",
  "lod": {
    "model": "bo6:gun/lod/marine_sp",
    "texture": "bo6:gun/lod/marine_sp"
  },
  "hud": "bo6:gun/hud/marine_sp",
  "slot": "bo6:gun/slot/marine_sp",
  "ammo_count_style": "normal",
  "damage_style": "per_projectile",
  "animation": "bo6:marine_sp",
  "state_machine": "bo6:marine_sp_state_machine",
  "state_machine_param": {
    "bolt_shell_ejecting_time": 0.17,
    "intro_shell_ejecting_time": 0.4
  },
  "use_default_animation": "rifle",
  "third_person_animation": "default",
  "player_animator_3rd": "tacz:rifle_default.player_animation",
  "show_crosshair": false,
  "transform": {
    "scale": {
      "thirdperson": [0.6, 0.6, 0.6],
      "ground": [0.6, 0.6, 0.6],
      "fixed": [1.2, 1.2, 1.2]
    }
  },
  "muzzle_flash": {
    "texture": "tacz:flash/common_muzzle_flash",
    "scale": 1.2
  },
  "iron_zoom": 1.2,
  "shell": {
    "initial_velocity": [5, 0.5, 1],
    "random_velocity": [1, 0.5, 0.25],
    "acceleration": [0.0, -10, 0.0],
    "angular_velocity": [360, -960, 90],
    "living_time": 1.0
  },
  "sounds": {
    "shoot": "bo6:marine_sp/marine_sp_shoot",
    "shoot_3p": "bo6:marine_sp/marine_sp_shoot_3p",
    "silence": "bo6:marine_sp/marine_sp_silence",
    "silence_3p": "bo6:marine_sp/marine_sp_silence_3p",
    "draw": "bo6:marine_sp/marine_sp_raise",
    "put_away": "bo6:marine_sp/marine_sp_drop"
  }
}