{
  "model": "bo6:gun/saug_geo",
  "texture": "bo6:gun/uv/saug",
  "hud": "bo6:gun/hud/saug",
  "lod": {
    "model": "bo6:gun/lod/saug",
    "texture": "bo6:gun/lod/saug"
  },
  "slot": "bo6:gun/slot/saug",
  "animation": "bo6:saug",
  "use_default_animation": "rifle",
  "third_person_animation": "default",
  "transform": {
    "scale": {
      "thirdperson": [0.6, 0.6, 0.6],
      "ground": [0.6, 0.6, 0.6],
      "fixed": [1.2, 1.2, 1.2]
    }
  },
  "muzzle_flash": {
    "texture": "wz:flash/common_muzzle_flash",
    "scale": 0.6
  },
  "shell": {
    "initial_velocity": [5, 2, 1],
    "random_velocity": [1, 1, 0.25],
    "acceleration": [0.0, -10, 0.0],
    "angular_velocity": [360, -1200, 90],
    "living_time": 1.0
  },
  "sounds": {
    "head_hit": "wz:head_hit",
    "flesh_hit": "wz:flesh_hit",
    "kill": "wz:kill",

    "shoot": "bo6:saug/saug_shoot",
    "shoot_3p": "bo6:saug/saug_shoot_3p",
    "silence": "bo6:saug/saug_silence",
    "silence_3p": "bo6:saug/saug_silence_3p",
    "draw": "bo6:saug/saug_raise",
    "put_away": "bo6:saug/saug_drop",
    "melee_push": "tacz:melee_stock/melee_stock_03",
    "melee_stock": "tacz:melee_stock/melee_stock_01"
  }
}