{
  "model": "bo6:gun/xm4_bug_geo",
  "texture": "bo6:gun/uv/xm4_bug",
  "hud": "bo6:gun/hud/xm4_bug",
  "slot": "bo6:gun/slot/xm4_bug",
  "animation": "bo6:xm4",
  "state_machine": "bo6:xm4_state_machine",
  "use_default_animation": "rifle",
  "third_person_animation": "default",
  "transform": {
    "scale": {
      "thirdperson": [0.6, 0.6, 0.6],
      "ground": [0.6, 0.6, 0.6],
      "fixed": [1.2, 1.2, 1.2]
    }
  },
  "muzzle_flash": {
    "texture": "wz:flash/common_muzzle_flash",
    "scale": 0.55
  },
  "ammo": {
    "tracer_color": "#e3c372"
  },
  "iron_zoom": 1.25,
  "shell": {
    "initial_velocity": [5, 2, 1],
    "random_velocity": [1, 1, 0.25],
    "acceleration": [0.0, -10, 0.0],
    "angular_velocity": [360, -1200, 90],
    "living_time": 1.0
  },
  "sounds": {
    "head_hit": "wz:head_hit",
    "flesh_hit": "wz:flesh_hit",
    "kill": "wz:kill",

    "shoot": "bo6:xm4/xm4_shoot",
    "shoot_3p": "bo6:xm4/xm4_shoot_3p",
    "silence": "bo6:xm4/xm4_silence",
    "silence_3p": "bo6:xm4/xm4_silence_3p",
    "draw": "bo6:xm4/xm4_drop",
    "put_away": "bo6:xm4/xm4_raise"
  }
}