{
	"format_version": "1.12.0",
	"minecraft:geometry": [
		{
			"description": {
				"identifier": "geometry.unknown",
				"texture_width": 256,
				"texture_height": 256,
				"visible_bounds_width": 41,
				"visible_bounds_height": 3,
				"visible_bounds_offset": [0, 0.5, 0]
			},
			"bones": [
				{
					"name": "emx_tac_grip",
					"pivot": [-0.36601, -1.26388, 1.00002]
				},
				{
					"name": "bone2",
					"parent": "emx_tac_grip",
					"pivot": [0, 0, 0.25],
					"cubes": [
						{
							"origin": [0.34375, -0.1875, -0.71509],
							"size": [0.23438, 0.13032, 1.71509],
							"uv": {
								"north": {"uv": [21, 5], "uv_size": [0.5, 0.5]},
								"east": {"uv": [14, 5], "uv_size": [1.5, 0.5]},
								"south": {"uv": [6, 21], "uv_size": [0.5, 0.5]},
								"west": {"uv": [14, 7], "uv_size": [1.5, 0.5]},
								"up": {"uv": [9, 14], "uv_size": [0.5, 1.5]},
								"down": {"uv": [14, 10.5], "uv_size": [0.5, -1.5]}
							}
						},
						{
							"origin": [-0.74374, 0.56895, -0.71509],
							"size": [0.125, 0.11469, 1.71509],
							"pivot": [-1.07187, -1.19668, 0.25],
							"rotation": [0, 0, 45],
							"uv": {
								"north": {"uv": [21, 6], "uv_size": [0.5, 0.5]},
								"east": {"uv": [10, 14], "uv_size": [1.5, 0.5]},
								"south": {"uv": [7, 21], "uv_size": [0.5, 0.5]},
								"west": {"uv": [14, 11], "uv_size": [1.5, 0.5]},
								"up": {"uv": [12, 14], "uv_size": [0.5, 1.5]},
								"down": {"uv": [13, 15.5], "uv_size": [0.5, -1.5]}
							}
						},
						{
							"origin": [-0.49702, -0.2686, -0.71509],
							"size": [0.99405, 0.0811, 1.71509],
							"uv": {
								"north": {"uv": [6, 16], "uv_size": [1, 0.5]},
								"east": {"uv": [6, 15], "uv_size": [1.5, 0.5]},
								"south": {"uv": [7, 16], "uv_size": [1, 0.5]},
								"west": {"uv": [15, 6], "uv_size": [1.5, 0.5]},
								"up": {"uv": [4, 11], "uv_size": [1, 1.5]},
								"down": {"uv": [5, 12.5], "uv_size": [1, -1.5]}
							}
						},
						{
							"origin": [0.61874, 0.56895, -0.71509],
							"size": [0.125, 0.11469, 1.71509],
							"pivot": [1.07187, -1.19668, 0.25],
							"rotation": [0, 0, -45],
							"uv": {
								"north": {"uv": [21, 7], "uv_size": [0.5, 0.5]},
								"east": {"uv": [14, 13], "uv_size": [1.5, 0.5]},
								"south": {"uv": [8, 21], "uv_size": [0.5, 0.5]},
								"west": {"uv": [14, 14], "uv_size": [1.5, 0.5]},
								"up": {"uv": [15, 0], "uv_size": [0.5, 1.5]},
								"down": {"uv": [3, 16.5], "uv_size": [0.5, -1.5]}
							}
						},
						{
							"origin": [-0.57812, -0.1875, -0.71509],
							"size": [0.23438, 0.13032, 1.71509],
							"uv": {
								"north": {"uv": [21, 11], "uv_size": [0.5, 0.5]},
								"east": {"uv": [15, 8], "uv_size": [1.5, 0.5]},
								"south": {"uv": [12, 21], "uv_size": [0.5, 0.5]},
								"west": {"uv": [15, 9], "uv_size": [1.5, 0.5]},
								"up": {"uv": [4, 15], "uv_size": [0.5, 1.5]},
								"down": {"uv": [10, 16.5], "uv_size": [0.5, -1.5]}
							}
						},
						{
							"origin": [-0.57812, 0.03125, -0.875],
							"size": [0.23438, 0.21875, 0.375],
							"pivot": [-0.125, 0.25, -0.5],
							"rotation": [55, 0, 0],
							"uv": {
								"north": {"uv": [21, 12], "uv_size": [0.5, 0.5]},
								"east": {"uv": [13, 21], "uv_size": [0.5, 0.5]},
								"south": {"uv": [21, 13], "uv_size": [0.5, 0.5]},
								"west": {"uv": [14, 21], "uv_size": [0.5, 0.5]},
								"up": {"uv": [21, 14], "uv_size": [0.5, 0.5]},
								"down": {"uv": [15, 21.5], "uv_size": [0.5, -0.5]}
							}
						},
						{
							"origin": [0.34375, 0.03125, -0.875],
							"size": [0.23438, 0.21875, 0.375],
							"pivot": [0.125, 0.25, -0.5],
							"rotation": [55, 0, 0],
							"uv": {
								"north": {"uv": [21, 8], "uv_size": [0.5, 0.5]},
								"east": {"uv": [9, 21], "uv_size": [0.5, 0.5]},
								"south": {"uv": [21, 9], "uv_size": [0.5, 0.5]},
								"west": {"uv": [10, 21], "uv_size": [0.5, 0.5]},
								"up": {"uv": [21, 10], "uv_size": [0.5, 0.5]},
								"down": {"uv": [11, 21.5], "uv_size": [0.5, -0.5]}
							}
						},
						{
							"origin": [0.34375, 0.03125, 0.125],
							"size": [0.23438, 0.21875, 0.375],
							"pivot": [0.125, 0.25, 0.125],
							"rotation": [-55, 0, 0],
							"uv": {
								"north": {"uv": [21.5, 9], "uv_size": [-0.5, 0.5]},
								"east": {"uv": [9.5, 21], "uv_size": [-0.5, 0.5]},
								"south": {"uv": [21.5, 8], "uv_size": [-0.5, 0.5]},
								"west": {"uv": [10.5, 21], "uv_size": [-0.5, 0.5]},
								"up": {"uv": [21, 10.5], "uv_size": [0.5, -0.5]},
								"down": {"uv": [11, 21], "uv_size": [0.5, 0.5]}
							}
						},
						{
							"origin": [-0.57813, 0.03125, 0.125],
							"size": [0.23438, 0.21875, 0.375],
							"pivot": [-0.125, 0.25, 0.125],
							"rotation": [-55, 0, 0],
							"uv": {
								"north": {"uv": [21, 9], "uv_size": [0.5, 0.5]},
								"east": {"uv": [10, 21], "uv_size": [0.5, 0.5]},
								"south": {"uv": [21, 8], "uv_size": [0.5, 0.5]},
								"west": {"uv": [9, 21], "uv_size": [0.5, 0.5]},
								"up": {"uv": [21.5, 10.5], "uv_size": [-0.5, -0.5]},
								"down": {"uv": [11.5, 21], "uv_size": [-0.5, 0.5]}
							}
						},
						{
							"origin": [0.34375, -0.0625, -0.5],
							"size": [0.23438, 0.3125, 0.625],
							"uv": {
								"north": {"uv": [21, 4], "uv_size": [0.5, 0.5]},
								"east": {"uv": [3, 14], "uv_size": [1.5, 0.5]},
								"south": {"uv": [5, 21], "uv_size": [0.5, 0.5]},
								"west": {"uv": [14, 4], "uv_size": [1.5, 0.5]},
								"up": {"uv": [5, 14], "uv_size": [0.5, 1.5]},
								"down": {"uv": [8, 15.5], "uv_size": [0.5, -1.5]}
							}
						},
						{
							"origin": [0.34375, -0.0625, 0.25],
							"size": [0.23438, 0.0625, 0.75],
							"uv": {
								"north": {"uv": [21, 4], "uv_size": [0.5, 0.5]},
								"east": {"uv": [3, 14], "uv_size": [1.5, 0.5]},
								"south": {"uv": [5, 21], "uv_size": [0.5, 0.5]},
								"west": {"uv": [14, 4], "uv_size": [1.5, 0.5]},
								"up": {"uv": [5, 14], "uv_size": [0.5, 1.5]},
								"down": {"uv": [8, 15.5], "uv_size": [0.5, -1.5]}
							}
						},
						{
							"origin": [0.34375, -1.45312, 1],
							"size": [0.23438, 1.45313, 0.125],
							"uv": {
								"north": {"uv": [21, 4], "uv_size": [0.5, 0.5]},
								"east": {"uv": [3, 14], "uv_size": [1.5, 0.5]},
								"south": {"uv": [5, 21], "uv_size": [0.5, 0.5]},
								"west": {"uv": [14, 4], "uv_size": [1.5, 0.5]},
								"up": {"uv": [5, 14], "uv_size": [0.5, 1.5]},
								"down": {"uv": [8, 15.5], "uv_size": [0.5, -1.5]}
							}
						},
						{
							"origin": [-0.57813, -1.45312, 1],
							"size": [0.23438, 1.45313, 0.125],
							"uv": {
								"north": {"uv": [21.5, 4], "uv_size": [-0.5, 0.5]},
								"east": {"uv": [15.5, 4], "uv_size": [-1.5, 0.5]},
								"south": {"uv": [5.5, 21], "uv_size": [-0.5, 0.5]},
								"west": {"uv": [4.5, 14], "uv_size": [-1.5, 0.5]},
								"up": {"uv": [5.5, 14], "uv_size": [-0.5, 1.5]},
								"down": {"uv": [8.5, 15.5], "uv_size": [-0.5, -1.5]}
							}
						},
						{
							"origin": [-0.57813, -0.0625, 0.25],
							"size": [0.23438, 0.0625, 0.75],
							"uv": {
								"north": {"uv": [21.5, 4], "uv_size": [-0.5, 0.5]},
								"east": {"uv": [15.5, 4], "uv_size": [-1.5, 0.5]},
								"south": {"uv": [5.5, 21], "uv_size": [-0.5, 0.5]},
								"west": {"uv": [4.5, 14], "uv_size": [-1.5, 0.5]},
								"up": {"uv": [5.5, 14], "uv_size": [-0.5, 1.5]},
								"down": {"uv": [8.5, 15.5], "uv_size": [-0.5, -1.5]}
							}
						},
						{
							"origin": [0.25, -1.28125, -0.875],
							"size": [0.23438, 0.29688, 0.5625],
							"pivot": [0.03125, -1.28125, -0.5],
							"rotation": [-55, 0, 0],
							"uv": {
								"north": {"uv": [21, 8.5], "uv_size": [0.5, -0.5]},
								"east": {"uv": [9, 21.5], "uv_size": [0.5, -0.5]},
								"south": {"uv": [21, 9.5], "uv_size": [0.5, -0.5]},
								"west": {"uv": [10, 21.5], "uv_size": [0.5, -0.5]},
								"up": {"uv": [11, 21], "uv_size": [0.5, 0.5]},
								"down": {"uv": [21, 10.5], "uv_size": [0.5, -0.5]}
							}
						},
						{
							"origin": [0.25, -0.97407, -0.71509],
							"size": [0.23438, 0.13032, 0.90259],
							"uv": {
								"north": {"uv": [21, 5.5], "uv_size": [0.5, -0.5]},
								"east": {"uv": [14, 5.5], "uv_size": [1.5, -0.5]},
								"south": {"uv": [6, 21.5], "uv_size": [0.5, -0.5]},
								"west": {"uv": [14, 7.5], "uv_size": [1.5, -0.5]},
								"up": {"uv": [14, 9], "uv_size": [0.5, 1.5]},
								"down": {"uv": [9, 15.5], "uv_size": [0.5, -1.5]}
							}
						},
						{
							"origin": [-0.48437, -1.43484, -0.39245],
							"size": [0.96876, 0.71609, 1.39245],
							"uv": {
								"north": {"uv": [21, 4.5], "uv_size": [0.5, -0.5]},
								"east": {"uv": [3, 14.5], "uv_size": [1.5, -0.5]},
								"south": {"uv": [5, 21.5], "uv_size": [0.5, -0.5]},
								"west": {"uv": [14, 4.5], "uv_size": [1.5, -0.5]},
								"up": {"uv": [8, 14], "uv_size": [0.5, 1.5]},
								"down": {"uv": [5, 15.5], "uv_size": [0.5, -1.5]}
							}
						},
						{
							"origin": [-0.51562, -1.43484, 0.18567],
							"size": [1.03126, 0.71609, 0.76745],
							"uv": {
								"north": {"uv": [0, 3], "uv_size": [1, 0.5]},
								"east": {"uv": [1, 3], "uv_size": [1, 0.5]},
								"south": {"uv": [0, 4], "uv_size": [1, 0.5]},
								"west": {"uv": [1, 4], "uv_size": [1, 0.5]},
								"up": {"uv": [1, 2], "uv_size": [1, 1]},
								"down": {"uv": [2, 2], "uv_size": [1, -1]}
							}
						},
						{
							"origin": [-0.5625, -1.32547, 0.3263],
							"size": [1.12501, 0.21609, 0.39245],
							"uv": {
								"north": {"uv": [7, 20], "uv_size": [1, 0.5]},
								"east": {"uv": [10, 20], "uv_size": [0.5, 0.5]},
								"south": {"uv": [20, 7], "uv_size": [1, 0.5]},
								"west": {"uv": [20, 10], "uv_size": [0.5, 0.5]},
								"up": {"uv": [8, 20], "uv_size": [1, 0.5]},
								"down": {"uv": [20, 8.5], "uv_size": [1, -0.5]}
							}
						},
						{
							"origin": [-0.5625, -1.01297, 0.3263],
							"size": [1.12501, 0.21609, 0.39245],
							"uv": {
								"north": {"uv": [5, 20], "uv_size": [1, 0.5]},
								"east": {"uv": [9, 20], "uv_size": [0.5, 0.5]},
								"south": {"uv": [20, 5], "uv_size": [1, 0.5]},
								"west": {"uv": [20, 9], "uv_size": [0.5, 0.5]},
								"up": {"uv": [6, 20], "uv_size": [1, 0.5]},
								"down": {"uv": [20, 6.5], "uv_size": [1, -0.5]}
							}
						},
						{
							"origin": [-0.48438, -1.28125, -0.875],
							"size": [0.23438, 0.29688, 0.5625],
							"pivot": [-0.03125, -1.28125, -0.5],
							"rotation": [-55, 0, 0],
							"uv": {
								"north": {"uv": [21.5, 8.5], "uv_size": [-0.5, -0.5]},
								"east": {"uv": [10.5, 21.5], "uv_size": [-0.5, -0.5]},
								"south": {"uv": [21.5, 9.5], "uv_size": [-0.5, -0.5]},
								"west": {"uv": [9.5, 21.5], "uv_size": [-0.5, -0.5]},
								"up": {"uv": [11.5, 21], "uv_size": [-0.5, 0.5]},
								"down": {"uv": [21.5, 10.5], "uv_size": [-0.5, -0.5]}
							}
						},
						{
							"origin": [-0.25001, -1.28125, -0.4375],
							"size": [0.50001, 0.29688, 0.125],
							"pivot": [-0.03125, -1.28125, -0.5],
							"rotation": [-55, 0, 0],
							"uv": {
								"north": {"uv": [21.5, 8.5], "uv_size": [-0.5, -0.5]},
								"east": {"uv": [10.5, 21.5], "uv_size": [-0.5, -0.5]},
								"south": {"uv": [21.5, 9.5], "uv_size": [-0.5, -0.5]},
								"west": {"uv": [9.5, 21.5], "uv_size": [-0.5, -0.5]},
								"up": {"uv": [11.5, 21], "uv_size": [-0.5, 0.5]},
								"down": {"uv": [21.5, 10.5], "uv_size": [-0.5, -0.5]}
							}
						},
						{
							"origin": [-0.48438, -0.97407, -0.71509],
							"size": [0.23438, 0.13032, 0.90259],
							"uv": {
								"north": {"uv": [21.5, 5.5], "uv_size": [-0.5, -0.5]},
								"east": {"uv": [15.5, 7.5], "uv_size": [-1.5, -0.5]},
								"south": {"uv": [6.5, 21.5], "uv_size": [-0.5, -0.5]},
								"west": {"uv": [15.5, 5.5], "uv_size": [-1.5, -0.5]},
								"up": {"uv": [14.5, 9], "uv_size": [-0.5, 1.5]},
								"down": {"uv": [9.5, 15.5], "uv_size": [-0.5, -1.5]}
							}
						},
						{
							"origin": [-0.60715, -0.26179, -0.59471],
							"size": [1.21429, 0.08239, 0.19892],
							"pivot": [0.01635, 0.23438, -1.03727],
							"rotation": [22.5, 0, 0],
							"uv": {
								"north": {"uv": [20, 1], "uv_size": [1, 0.5]},
								"east": {"uv": [8, 26], "uv_size": [0.5, 0.5]},
								"south": {"uv": [2, 20], "uv_size": [1, 0.5]},
								"west": {"uv": [26, 8], "uv_size": [0.5, 0.5]},
								"up": {"uv": [20, 2], "uv_size": [1, 0.5]},
								"down": {"uv": [3, 20.5], "uv_size": [1, -0.5]}
							}
						},
						{
							"origin": [-0.60715, -0.32005, -0.53645],
							"size": [1.21429, 0.19892, 0.08239],
							"pivot": [0.01635, 0.23438, -1.03727],
							"rotation": [22.5, 0, 0],
							"uv": {
								"north": {"uv": [19, 19], "uv_size": [1, 0.5]},
								"east": {"uv": [7, 26], "uv_size": [0.5, 0.5]},
								"south": {"uv": [0, 20], "uv_size": [1, 0.5]},
								"west": {"uv": [26, 7], "uv_size": [0.5, 0.5]},
								"up": {"uv": [20, 0], "uv_size": [1, 0.5]},
								"down": {"uv": [1, 20.5], "uv_size": [1, -0.5]}
							}
						},
						{
							"origin": [-0.60715, 0.19646, -0.37349],
							"size": [1.21429, 0.19892, 0.08239],
							"pivot": [0.01635, 0.23438, -1.03727],
							"rotation": [-22.5, 0, 0],
							"uv": {
								"north": {"uv": [17, 19], "uv_size": [1, 0.5]},
								"east": {"uv": [6, 26], "uv_size": [0.5, 0.5]},
								"south": {"uv": [19, 17], "uv_size": [1, 0.5]},
								"west": {"uv": [26, 6], "uv_size": [0.5, 0.5]},
								"up": {"uv": [18, 19], "uv_size": [1, 0.5]},
								"down": {"uv": [19, 18.5], "uv_size": [1, -0.5]}
							}
						},
						{
							"origin": [-0.60715, 0.25473, -0.43175],
							"size": [1.21429, 0.08239, 0.19892],
							"pivot": [0.01635, 0.23438, -1.03727],
							"rotation": [-22.5, 0, 0],
							"uv": {
								"north": {"uv": [15, 19], "uv_size": [1, 0.5]},
								"east": {"uv": [5, 26], "uv_size": [0.5, 0.5]},
								"south": {"uv": [19, 15], "uv_size": [1, 0.5]},
								"west": {"uv": [26, 5], "uv_size": [0.5, 0.5]},
								"up": {"uv": [16, 19], "uv_size": [1, 0.5]},
								"down": {"uv": [19, 16.5], "uv_size": [1, -0.5]}
							}
						},
						{
							"origin": [-0.57812, -0.0625, -0.5],
							"size": [0.23438, 0.3125, 0.625],
							"uv": {
								"north": {"uv": [21, 15], "uv_size": [0.5, 0.5]},
								"east": {"uv": [15, 10], "uv_size": [1.5, 0.5]},
								"south": {"uv": [16, 21], "uv_size": [0.5, 0.5]},
								"west": {"uv": [15, 12], "uv_size": [1.5, 0.5]},
								"up": {"uv": [11, 15], "uv_size": [0.5, 1.5]},
								"down": {"uv": [14, 16.5], "uv_size": [0.5, -1.5]}
							}
						},
						{
							"origin": [-0.35937, -0.26562, -0.71875],
							"size": [0.71875, 0.20313, 1.71875],
							"uv": {
								"north": {"uv": [21, 3], "uv_size": [0.5, 0.5]},
								"east": {"uv": [12, 13], "uv_size": [1.5, 0.5]},
								"south": {"uv": [4, 21], "uv_size": [0.5, 0.5]},
								"west": {"uv": [13, 12], "uv_size": [1.5, 0.5]},
								"up": {"uv": [1, 14], "uv_size": [0.5, 1.5]},
								"down": {"uv": [2, 15.5], "uv_size": [0.5, -1.5]}
							}
						},
						{
							"origin": [-0.56249, -0.95312, -0.6875],
							"size": [1.125, 0.26563, 0.90625],
							"uv": {
								"north": {"uv": [21, 3], "uv_size": [0.5, 0.5]},
								"east": {"uv": [12, 13], "uv_size": [1.5, 0.5]},
								"south": {"uv": [4, 21], "uv_size": [0.5, 0.5]},
								"west": {"uv": [13, 12], "uv_size": [1.5, 0.5]},
								"up": {"uv": [1, 14], "uv_size": [0.5, 1.5]},
								"down": {"uv": [2, 15.5], "uv_size": [0.5, -1.5]}
							}
						},
						{
							"origin": [-0.56249, -0.70312, -0.6875],
							"size": [1.125, 0.39063, 0.09375],
							"uv": {
								"north": {"uv": [21, 3], "uv_size": [0.5, 0.5]},
								"east": {"uv": [12, 13], "uv_size": [1.5, 0.5]},
								"south": {"uv": [4, 21], "uv_size": [0.5, 0.5]},
								"west": {"uv": [13, 12], "uv_size": [1.5, 0.5]},
								"up": {"uv": [1, 14], "uv_size": [0.5, 1.5]},
								"down": {"uv": [2, 15.5], "uv_size": [0.5, -1.5]}
							}
						},
						{
							"origin": [-0.56249, -1.32812, -0.42187],
							"size": [1.125, 0.48438, 0.0625],
							"pivot": [0, -0.625, 0.48438],
							"rotation": [-35, 0, 0],
							"uv": {
								"north": {"uv": [21, 3], "uv_size": [0.5, 0.5]},
								"east": {"uv": [12, 13], "uv_size": [1.5, 0.5]},
								"south": {"uv": [4, 21], "uv_size": [0.5, 0.5]},
								"west": {"uv": [13, 12], "uv_size": [1.5, 0.5]},
								"up": {"uv": [1, 14], "uv_size": [0.5, 1.5]},
								"down": {"uv": [2, 15.5], "uv_size": [0.5, -1.5]}
							}
						},
						{
							"origin": [-0.56249, -1.35937, 0.25],
							"size": [1.125, 0.45313, 0.0625],
							"pivot": [0, -0.625, 1.15625],
							"rotation": [-35, 0, 0],
							"uv": {
								"north": {"uv": [21, 3], "uv_size": [0.5, 0.5]},
								"east": {"uv": [12, 13], "uv_size": [1.5, 0.5]},
								"south": {"uv": [4, 21], "uv_size": [0.5, 0.5]},
								"west": {"uv": [13, 12], "uv_size": [1.5, 0.5]},
								"up": {"uv": [1, 14], "uv_size": [0.5, 1.5]},
								"down": {"uv": [2, 15.5], "uv_size": [0.5, -1.5]}
							}
						},
						{
							"origin": [-0.56249, -1.35937, -0.21875],
							"size": [1.125, 0.39063, 0.0625],
							"pivot": [0, -0.625, 0.65625],
							"rotation": [-35, 0, 0],
							"uv": {
								"north": {"uv": [21, 3], "uv_size": [0.5, 0.5]},
								"east": {"uv": [12, 13], "uv_size": [1.5, 0.5]},
								"south": {"uv": [4, 21], "uv_size": [0.5, 0.5]},
								"west": {"uv": [13, 12], "uv_size": [1.5, 0.5]},
								"up": {"uv": [1, 14], "uv_size": [0.5, 1.5]},
								"down": {"uv": [2, 15.5], "uv_size": [0.5, -1.5]}
							}
						},
						{
							"origin": [-0.56249, -1.35937, 0.03125],
							"size": [1.125, 0.39063, 0.0625],
							"pivot": [0, -0.625, 0.90625],
							"rotation": [-35, 0, 0],
							"uv": {
								"north": {"uv": [21, 3], "uv_size": [0.5, 0.5]},
								"east": {"uv": [12, 13], "uv_size": [1.5, 0.5]},
								"south": {"uv": [4, 21], "uv_size": [0.5, 0.5]},
								"west": {"uv": [13, 12], "uv_size": [1.5, 0.5]},
								"up": {"uv": [1, 14], "uv_size": [0.5, 1.5]},
								"down": {"uv": [2, 15.5], "uv_size": [0.5, -1.5]}
							}
						},
						{
							"origin": [-0.56249, -1.32812, 0.3125],
							"size": [1.125, 0.29688, 0.125],
							"pivot": [0, -0.625, 1.15625],
							"rotation": [-35, 0, 0],
							"uv": {
								"north": {"uv": [21, 3], "uv_size": [0.5, 0.5]},
								"east": {"uv": [12, 13], "uv_size": [1.5, 0.5]},
								"south": {"uv": [4, 21], "uv_size": [0.5, 0.5]},
								"west": {"uv": [13, 12], "uv_size": [1.5, 0.5]},
								"up": {"uv": [1, 14], "uv_size": [0.5, 1.5]},
								"down": {"uv": [2, 15.5], "uv_size": [0.5, -1.5]}
							}
						},
						{
							"origin": [-0.56249, -1.21874, -0.5],
							"size": [1.125, 0.34375, 0.07813],
							"pivot": [0, -0.625, 0.48438],
							"rotation": [-35, 0, 0],
							"uv": {
								"north": {"uv": [21, 3], "uv_size": [0.5, 0.5]},
								"east": {"uv": [12, 13], "uv_size": [1.5, 0.5]},
								"south": {"uv": [4, 21], "uv_size": [0.5, 0.5]},
								"west": {"uv": [13, 12], "uv_size": [1.5, 0.5]},
								"up": {"uv": [1, 14], "uv_size": [0.5, 1.5]},
								"down": {"uv": [2, 15.5], "uv_size": [0.5, -1.5]}
							}
						},
						{
							"origin": [-0.56249, -1.12499, -0.5625],
							"size": [1.125, 0.20313, 0.0625],
							"pivot": [0, -0.625, 0.48438],
							"rotation": [-35, 0, 0],
							"uv": {
								"north": {"uv": [21, 3], "uv_size": [0.5, 0.5]},
								"east": {"uv": [12, 13], "uv_size": [1.5, 0.5]},
								"south": {"uv": [4, 21], "uv_size": [0.5, 0.5]},
								"west": {"uv": [13, 12], "uv_size": [1.5, 0.5]},
								"up": {"uv": [1, 14], "uv_size": [0.5, 1.5]},
								"down": {"uv": [2, 15.5], "uv_size": [0.5, -1.5]}
							}
						},
						{
							"origin": [-0.51562, -0.70312, -0.60937],
							"size": [1.03125, 0.39063, 0.82813],
							"uv": {
								"north": {"uv": [1, 0], "uv_size": [1, 0.5]},
								"east": {"uv": [1, 1], "uv_size": [1, 0.5]},
								"south": {"uv": [0, 2], "uv_size": [1, 0.5]},
								"west": {"uv": [2, 0], "uv_size": [1, 0.5]},
								"up": {"uv": [0, 0], "uv_size": [1, 1]},
								"down": {"uv": [0, 2], "uv_size": [1, -1]}
							}
						},
						{
							"origin": [-0.56249, -0.32812, -0.6875],
							"size": [1.125, 0.14063, 0.90625],
							"uv": {
								"north": {"uv": [21, 3], "uv_size": [0.5, 0.5]},
								"east": {"uv": [12, 13], "uv_size": [1.5, 0.5]},
								"south": {"uv": [4, 21], "uv_size": [0.5, 0.5]},
								"west": {"uv": [13, 12], "uv_size": [1.5, 0.5]},
								"up": {"uv": [1, 14], "uv_size": [0.5, 1.5]},
								"down": {"uv": [2, 15.5], "uv_size": [0.5, -1.5]}
							}
						},
						{
							"origin": [-0.56249, -0.4672, -0.25767],
							"size": [1.125, 0.0625, 0.25],
							"uv": {
								"north": {"uv": [21, 3], "uv_size": [0.5, 0.5]},
								"east": {"uv": [12, 13], "uv_size": [1.5, 0.5]},
								"south": {"uv": [4, 21], "uv_size": [0.5, 0.5]},
								"west": {"uv": [13, 12], "uv_size": [1.5, 0.5]},
								"up": {"uv": [1, 14], "uv_size": [0.5, 1.5]},
								"down": {"uv": [2, 15.5], "uv_size": [0.5, -1.5]}
							}
						},
						{
							"origin": [-0.56249, -0.71874, 0.21875],
							"size": [1.125, 0.53125, 0.78125],
							"uv": {
								"north": {"uv": [21, 3], "uv_size": [0.5, 0.5]},
								"east": {"uv": [12, 13], "uv_size": [1.5, 0.5]},
								"south": {"uv": [4, 21], "uv_size": [0.5, 0.5]},
								"west": {"uv": [13, 12], "uv_size": [1.5, 0.5]},
								"up": {"uv": [1, 14], "uv_size": [0.5, 1.5]},
								"down": {"uv": [2, 15.5], "uv_size": [0.5, -1.5]}
							}
						},
						{
							"origin": [-0.56249, -0.62499, 0.28125],
							"size": [1.125, 0.29688, 0.67188],
							"inflate": 0.002,
							"uv": {
								"east": {"uv": [79.5, 109.5], "uv_size": [97.5, 39]},
								"west": {"uv": [79.5, 109.5], "uv_size": [97.5, 39]}
							}
						},
						{
							"origin": [-0.56249, -1.45312, 0.90625],
							"size": [1.125, 0.73438, 0.09375],
							"uv": {
								"north": {"uv": [21, 3], "uv_size": [0.5, 0.5]},
								"east": {"uv": [12, 13], "uv_size": [1.5, 0.5]},
								"south": {"uv": [4, 21], "uv_size": [0.5, 0.5]},
								"west": {"uv": [13, 12], "uv_size": [1.5, 0.5]},
								"up": {"uv": [1, 14], "uv_size": [0.5, 1.5]},
								"down": {"uv": [2, 15.5], "uv_size": [0.5, -1.5]}
							}
						},
						{
							"origin": [-0.56249, -1.35937, 0.125],
							"size": [1.125, 0.40625, 0.09375],
							"uv": {
								"north": {"uv": [21, 3], "uv_size": [0.5, 0.5]},
								"east": {"uv": [12, 13], "uv_size": [1.5, 0.5]},
								"south": {"uv": [4, 21], "uv_size": [0.5, 0.5]},
								"west": {"uv": [13, 12], "uv_size": [1.5, 0.5]},
								"up": {"uv": [1, 14], "uv_size": [0.5, 1.5]},
								"down": {"uv": [2, 15.5], "uv_size": [0.5, -1.5]}
							}
						},
						{
							"origin": [-0.56249, -1.45312, 0.21875],
							"size": [1.125, 0.07813, 0.6875],
							"uv": {
								"north": {"uv": [21, 3], "uv_size": [0.5, 0.5]},
								"east": {"uv": [12, 13], "uv_size": [1.5, 0.5]},
								"south": {"uv": [4, 21], "uv_size": [0.5, 0.5]},
								"west": {"uv": [13, 12], "uv_size": [1.5, 0.5]},
								"up": {"uv": [1, 14], "uv_size": [0.5, 1.5]},
								"down": {"uv": [2, 15.5], "uv_size": [0.5, -1.5]}
							}
						},
						{
							"origin": [-0.56249, -0.86226, 1.53471],
							"size": [1.125, 0.07812, 0.13258],
							"pivot": [0, 0.59086, 0.2298],
							"rotation": [-45, 0, 0],
							"uv": {
								"north": {"uv": [21, 3], "uv_size": [0.5, 0.5]},
								"east": {"uv": [12, 13], "uv_size": [1.5, 0.5]},
								"south": {"uv": [4, 21], "uv_size": [0.5, 0.5]},
								"west": {"uv": [13, 12], "uv_size": [1.5, 0.5]},
								"up": {"uv": [1, 14], "uv_size": [0.5, 1.5]},
								"down": {"uv": [2, 15.5], "uv_size": [0.5, -1.5]}
							}
						},
						{
							"origin": [-0.53124, -1.01562, -0.3125],
							"size": [1.0625, 0.0625, 0.4375],
							"uv": {
								"north": {"uv": [13, 3], "uv_size": [1, 0.5]},
								"east": {"uv": [5, 17], "uv_size": [0.5, 0.5]},
								"south": {"uv": [14, 2], "uv_size": [1, 0.5]},
								"west": {"uv": [20, 3], "uv_size": [0.5, 0.5]},
								"up": {"uv": [14, 3], "uv_size": [1, 0.5]},
								"down": {"uv": [15, 2.5], "uv_size": [1, -0.5]}
							}
						},
						{
							"origin": [-0.53124, -1.32812, -0.3125],
							"size": [1.0625, 0.0625, 0.4375],
							"uv": {
								"north": {"uv": [2, 2], "uv_size": [1, 0.5]},
								"east": {"uv": [5, 16], "uv_size": [0.5, 0.5]},
								"south": {"uv": [2, 3], "uv_size": [1, 0.5]},
								"west": {"uv": [16, 5], "uv_size": [0.5, 0.5]},
								"up": {"uv": [2, 4], "uv_size": [1, 0.5]},
								"down": {"uv": [10, 9.5], "uv_size": [1, -0.5]}
							}
						},
						{
							"origin": [-0.53124, -1.26562, -0.3125],
							"size": [1.0625, 0.25, 0.0625],
							"uv": {
								"north": {"uv": [10, 10], "uv_size": [1, 0.5]},
								"east": {"uv": [17, 2], "uv_size": [0.5, 0.5]},
								"south": {"uv": [11, 0], "uv_size": [1, 0.5]},
								"west": {"uv": [17, 3], "uv_size": [0.5, 0.5]},
								"up": {"uv": [11, 1], "uv_size": [1, 0.5]},
								"down": {"uv": [13, 2.5], "uv_size": [1, -0.5]}
							}
						},
						{
							"origin": [-0.53124, -1.26562, 0.0625],
							"size": [1.0625, 0.25, 0.0625],
							"uv": {
								"north": {"uv": [15, 3], "uv_size": [1, 0.5]},
								"east": {"uv": [4, 20], "uv_size": [0.5, 0.5]},
								"south": {"uv": [16, 2], "uv_size": [1, 0.5]},
								"west": {"uv": [20, 4], "uv_size": [0.5, 0.5]},
								"up": {"uv": [16, 3], "uv_size": [1, 0.5]},
								"down": {"uv": [16, 4.5], "uv_size": [1, -0.5]}
							}
						},
						{
							"origin": [0.5625, -0.26562, 0.39063],
							"size": [0.0625, 0.23438, 0.59375],
							"uv": {
								"north": {"uv": [12, 0], "uv_size": [0.5, 0.5]},
								"east": {"uv": [12, 1], "uv_size": [0.5, 0.5]},
								"south": {"uv": [6, 12], "uv_size": [0.5, 0.5]},
								"west": {"uv": [12, 6], "uv_size": [0.5, 0.5]},
								"up": {"uv": [7, 12], "uv_size": [0.5, 0.5]},
								"down": {"uv": [12, 7.5], "uv_size": [0.5, -0.5]}
							}
						},
						{
							"origin": [0.625, -0.26562, 0.39063],
							"size": [0.01563, 0.23438, 0.07813],
							"uv": {
								"north": {"uv": [29, 10], "uv_size": [0.5, 0.5]},
								"east": {"uv": [11, 29], "uv_size": [0.5, 0.5]},
								"south": {"uv": [29, 11], "uv_size": [0.5, 0.5]},
								"west": {"uv": [12, 29], "uv_size": [0.5, 0.5]},
								"up": {"uv": [29, 12], "uv_size": [0.5, 0.5]},
								"down": {"uv": [13, 29.5], "uv_size": [0.5, -0.5]}
							}
						},
						{
							"origin": [0.625, -0.26562, 0.51563],
							"size": [0.01563, 0.23438, 0.07813],
							"uv": {
								"north": {"uv": [29, 13], "uv_size": [0.5, 0.5]},
								"east": {"uv": [14, 29], "uv_size": [0.5, 0.5]},
								"south": {"uv": [29, 14], "uv_size": [0.5, 0.5]},
								"west": {"uv": [15, 29], "uv_size": [0.5, 0.5]},
								"up": {"uv": [29, 15], "uv_size": [0.5, 0.5]},
								"down": {"uv": [16, 29.5], "uv_size": [0.5, -0.5]}
							}
						},
						{
							"origin": [0.625, -0.26562, 0.64063],
							"size": [0.01563, 0.23438, 0.07813],
							"uv": {
								"north": {"uv": [29, 16], "uv_size": [0.5, 0.5]},
								"east": {"uv": [17, 29], "uv_size": [0.5, 0.5]},
								"south": {"uv": [29, 17], "uv_size": [0.5, 0.5]},
								"west": {"uv": [18, 29], "uv_size": [0.5, 0.5]},
								"up": {"uv": [29, 18], "uv_size": [0.5, 0.5]},
								"down": {"uv": [19, 29.5], "uv_size": [0.5, -0.5]}
							}
						},
						{
							"origin": [0.625, -0.26562, 0.76563],
							"size": [0.01563, 0.23438, 0.07813],
							"uv": {
								"north": {"uv": [29, 19], "uv_size": [0.5, 0.5]},
								"east": {"uv": [20, 29], "uv_size": [0.5, 0.5]},
								"south": {"uv": [29, 20], "uv_size": [0.5, 0.5]},
								"west": {"uv": [21, 29], "uv_size": [0.5, 0.5]},
								"up": {"uv": [29, 21], "uv_size": [0.5, 0.5]},
								"down": {"uv": [22, 29.5], "uv_size": [0.5, -0.5]}
							}
						},
						{
							"origin": [0.625, -0.26562, 0.89063],
							"size": [0.01563, 0.23438, 0.07813],
							"uv": {
								"north": {"uv": [29, 22], "uv_size": [0.5, 0.5]},
								"east": {"uv": [23, 29], "uv_size": [0.5, 0.5]},
								"south": {"uv": [29, 23], "uv_size": [0.5, 0.5]},
								"west": {"uv": [24, 29], "uv_size": [0.5, 0.5]},
								"up": {"uv": [29, 24], "uv_size": [0.5, 0.5]},
								"down": {"uv": [25, 29.5], "uv_size": [0.5, -0.5]}
							}
						},
						{
							"origin": [-0.64064, -0.26562, 0.89063],
							"size": [0.01563, 0.23438, 0.07813],
							"uv": {
								"north": {"uv": [29.5, 22], "uv_size": [-0.5, 0.5]},
								"east": {"uv": [24.5, 29], "uv_size": [-0.5, 0.5]},
								"south": {"uv": [29.5, 23], "uv_size": [-0.5, 0.5]},
								"west": {"uv": [23.5, 29], "uv_size": [-0.5, 0.5]},
								"up": {"uv": [29.5, 24], "uv_size": [-0.5, 0.5]},
								"down": {"uv": [25.5, 29.5], "uv_size": [-0.5, -0.5]}
							}
						},
						{
							"origin": [-0.625, -0.26562, 0.39063],
							"size": [0.0625, 0.23438, 0.59375],
							"uv": {
								"north": {"uv": [10, 7], "uv_size": [0.5, 0.5]},
								"east": {"uv": [11, 7], "uv_size": [0.5, 0.5]},
								"south": {"uv": [11, 9], "uv_size": [0.5, 0.5]},
								"west": {"uv": [10, 11], "uv_size": [0.5, 0.5]},
								"up": {"uv": [11, 10], "uv_size": [0.5, 0.5]},
								"down": {"uv": [11, 11.5], "uv_size": [0.5, -0.5]}
							}
						},
						{
							"origin": [-0.64064, -0.26562, 0.76563],
							"size": [0.01563, 0.23438, 0.07813],
							"uv": {
								"north": {"uv": [29.5, 19], "uv_size": [-0.5, 0.5]},
								"east": {"uv": [21.5, 29], "uv_size": [-0.5, 0.5]},
								"south": {"uv": [29.5, 20], "uv_size": [-0.5, 0.5]},
								"west": {"uv": [20.5, 29], "uv_size": [-0.5, 0.5]},
								"up": {"uv": [29.5, 21], "uv_size": [-0.5, 0.5]},
								"down": {"uv": [22.5, 29.5], "uv_size": [-0.5, -0.5]}
							}
						},
						{
							"origin": [-0.64064, -0.26562, 0.64063],
							"size": [0.01563, 0.23438, 0.07813],
							"uv": {
								"north": {"uv": [29.5, 16], "uv_size": [-0.5, 0.5]},
								"east": {"uv": [18.5, 29], "uv_size": [-0.5, 0.5]},
								"south": {"uv": [29.5, 17], "uv_size": [-0.5, 0.5]},
								"west": {"uv": [17.5, 29], "uv_size": [-0.5, 0.5]},
								"up": {"uv": [29.5, 18], "uv_size": [-0.5, 0.5]},
								"down": {"uv": [19.5, 29.5], "uv_size": [-0.5, -0.5]}
							}
						},
						{
							"origin": [-0.64064, -0.26562, 0.51563],
							"size": [0.01563, 0.23438, 0.07813],
							"uv": {
								"north": {"uv": [29.5, 13], "uv_size": [-0.5, 0.5]},
								"east": {"uv": [15.5, 29], "uv_size": [-0.5, 0.5]},
								"south": {"uv": [29.5, 14], "uv_size": [-0.5, 0.5]},
								"west": {"uv": [14.5, 29], "uv_size": [-0.5, 0.5]},
								"up": {"uv": [29.5, 15], "uv_size": [-0.5, 0.5]},
								"down": {"uv": [16.5, 29.5], "uv_size": [-0.5, -0.5]}
							}
						},
						{
							"origin": [-0.64064, -0.26562, 0.39063],
							"size": [0.01563, 0.23438, 0.07813],
							"uv": {
								"north": {"uv": [29.5, 10], "uv_size": [-0.5, 0.5]},
								"east": {"uv": [12.5, 29], "uv_size": [-0.5, 0.5]},
								"south": {"uv": [29.5, 11], "uv_size": [-0.5, 0.5]},
								"west": {"uv": [11.5, 29], "uv_size": [-0.5, 0.5]},
								"up": {"uv": [29.5, 12], "uv_size": [-0.5, 0.5]},
								"down": {"uv": [13.5, 29.5], "uv_size": [-0.5, -0.5]}
							}
						}
					]
				},
				{
					"name": "be4_illuminated",
					"parent": "bone2",
					"pivot": [0.95313, -0.5, 0.09375],
					"cubes": [
						{
							"origin": [-0.57031, -0.26562, 0.04688],
							"size": [1.14063, 0.04688, 0.28125],
							"inflate": 0.002,
							"uv": {
								"east": {"uv": [14, 30], "uv_size": [0.5, 0.5]},
								"west": {"uv": [30, 14], "uv_size": [0.5, 0.5]}
							}
						},
						{
							"origin": [-0.57031, -0.26562, -0.29687],
							"size": [1.14063, 0.04688, 0.28125],
							"inflate": 0.002,
							"uv": {
								"east": {"uv": [14, 30], "uv_size": [0.5, 0.5]},
								"west": {"uv": [30, 14], "uv_size": [0.5, 0.5]}
							}
						},
						{
							"origin": [-0.5625, -1.27859, 0.4513],
							"size": [1.12501, 0.12234, 0.14245],
							"inflate": 0.002,
							"uv": {
								"east": {"uv": [54, 99], "uv_size": [6.5, 6.5]},
								"west": {"uv": [54, 99], "uv_size": [6.5, 6.5]}
							}
						},
						{
							"origin": [-0.5625, -0.96609, 0.4513],
							"size": [1.12501, 0.12234, 0.2362],
							"inflate": 0.002,
							"uv": {
								"east": {"uv": [61.5, 90.5], "uv_size": [-8.5, 6.5]},
								"west": {"uv": [53, 90.5], "uv_size": [8.5, 6.5]}
							}
						},
						{
							"origin": [-0.57031, -0.26562, -0.64062],
							"size": [1.14063, 0.04688, 0.28125],
							"inflate": 0.002,
							"uv": {
								"east": {"uv": [14, 30], "uv_size": [0.5, 0.5]},
								"west": {"uv": [30, 14], "uv_size": [0.5, 0.5]}
							}
						},
						{
							"origin": [-0.06982, -1.34662, -0.54953],
							"size": [0.13945, 0.1813, 0.03984],
							"uv": {
								"north": {"uv": [1, 26], "uv_size": [0.5, 0.5]},
								"east": {"uv": [26, 1], "uv_size": [0.5, 0.5]},
								"south": {"uv": [2, 26], "uv_size": [0.5, 0.5]},
								"west": {"uv": [26, 2], "uv_size": [0.5, 0.5]},
								"up": {"uv": [3, 26], "uv_size": [0.5, 0.5]},
								"down": {"uv": [26, 3.5], "uv_size": [0.5, -0.5]}
							}
						}
					]
				},
				{
					"name": "bone10",
					"parent": "bone2",
					"pivot": [-0.04687, -5.125, 13.25]
				},
				{
					"name": "bone",
					"parent": "bone10",
					"pivot": [0.7539, 0.7991, -2.375],
					"cubes": [
						{
							"origin": [-0.27831, -0.89356, -0.79687],
							"size": [0.64453, 0.53323, 0.07813],
							"uv": {
								"north": {"uv": [25, 23], "uv_size": [0.5, 0.5]},
								"east": {"uv": [24, 25], "uv_size": [0.5, 0.5]},
								"south": {"uv": [25, 24], "uv_size": [0.5, 0.5]},
								"west": {"uv": [25, 25], "uv_size": [0.5, 0.5]},
								"up": {"uv": [0, 26], "uv_size": [0.5, 0.5]},
								"down": {"uv": [26, 0.5], "uv_size": [0.5, -0.5]}
							}
						}
					]
				},
				{
					"name": "octagon",
					"parent": "bone10",
					"pivot": [2.53125, -0.78125, -0.5625],
					"cubes": [
						{
							"origin": [-0.20711, -1.10938, -0.875],
							"size": [0.41421, 0.25, 0.5625],
							"pivot": [0, -0.60937, 1.4375],
							"rotation": [0, 0, -45],
							"uv": {
								"north": {"uv": [21, 16], "uv_size": [0.5, 0.5]},
								"east": {"uv": [17, 21], "uv_size": [0.5, 0.5]},
								"south": {"uv": [21, 17], "uv_size": [0.5, 0.5]},
								"west": {"uv": [18, 21], "uv_size": [0.5, 0.5]},
								"up": {"uv": [21, 18], "uv_size": [0.5, 0.5]},
								"down": {"uv": [19, 21.5], "uv_size": [0.5, -0.5]}
							}
						},
						{
							"origin": [-0.20711, -1.10938, -0.875],
							"size": [0.41421, 0.25, 0.5625],
							"uv": {
								"north": {"uv": [21, 19], "uv_size": [0.5, 0.5]},
								"east": {"uv": [20, 21], "uv_size": [0.5, 0.5]},
								"south": {"uv": [21, 20], "uv_size": [0.5, 0.5]},
								"west": {"uv": [21, 21], "uv_size": [0.5, 0.5]},
								"up": {"uv": [0, 22], "uv_size": [0.5, 0.5]},
								"down": {"uv": [22, 0.5], "uv_size": [0.5, -0.5]}
							}
						},
						{
							"origin": [-0.20711, -0.35937, -0.875],
							"size": [0.41421, 0.25, 0.5625],
							"pivot": [0, -0.60937, 1.4375],
							"rotation": [0, 0, -45],
							"uv": {
								"north": {"uv": [1, 22], "uv_size": [0.5, 0.5]},
								"east": {"uv": [22, 1], "uv_size": [0.5, 0.5]},
								"south": {"uv": [2, 22], "uv_size": [0.5, 0.5]},
								"west": {"uv": [22, 2], "uv_size": [0.5, 0.5]},
								"up": {"uv": [3, 22], "uv_size": [0.5, 0.5]},
								"down": {"uv": [22, 3.5], "uv_size": [0.5, -0.5]}
							}
						},
						{
							"origin": [-0.20711, -0.35937, -0.875],
							"size": [0.41421, 0.25, 0.5625],
							"uv": {
								"north": {"uv": [4, 22], "uv_size": [0.5, 0.5]},
								"east": {"uv": [22, 4], "uv_size": [0.5, 0.5]},
								"south": {"uv": [5, 22], "uv_size": [0.5, 0.5]},
								"west": {"uv": [22, 5], "uv_size": [0.5, 0.5]},
								"up": {"uv": [6, 22], "uv_size": [0.5, 0.5]},
								"down": {"uv": [22, 6.5], "uv_size": [0.5, -0.5]}
							}
						},
						{
							"origin": [-0.5, -0.81648, -0.875],
							"size": [0.25, 0.41421, 0.5625],
							"pivot": [0, -0.60937, 1.4375],
							"rotation": [0, 0, -45],
							"uv": {
								"north": {"uv": [7, 22], "uv_size": [0.5, 0.5]},
								"east": {"uv": [22, 7], "uv_size": [0.5, 0.5]},
								"south": {"uv": [8, 22], "uv_size": [0.5, 0.5]},
								"west": {"uv": [22, 8], "uv_size": [0.5, 0.5]},
								"up": {"uv": [9, 22], "uv_size": [0.5, 0.5]},
								"down": {"uv": [22, 9.5], "uv_size": [0.5, -0.5]}
							}
						},
						{
							"origin": [-0.5, -0.81648, -0.875],
							"size": [0.25, 0.41421, 0.5625],
							"uv": {
								"north": {"uv": [10, 22], "uv_size": [0.5, 0.5]},
								"east": {"uv": [22, 10], "uv_size": [0.5, 0.5]},
								"south": {"uv": [11, 22], "uv_size": [0.5, 0.5]},
								"west": {"uv": [22, 11], "uv_size": [0.5, 0.5]},
								"up": {"uv": [12, 22], "uv_size": [0.5, 0.5]},
								"down": {"uv": [22, 12.5], "uv_size": [0.5, -0.5]}
							}
						},
						{
							"origin": [0.25, -0.81648, -0.875],
							"size": [0.25, 0.41421, 0.5625],
							"pivot": [0, -0.60937, 1.4375],
							"rotation": [0, 0, -45],
							"uv": {
								"north": {"uv": [13, 22], "uv_size": [0.5, 0.5]},
								"east": {"uv": [22, 13], "uv_size": [0.5, 0.5]},
								"south": {"uv": [14, 22], "uv_size": [0.5, 0.5]},
								"west": {"uv": [22, 14], "uv_size": [0.5, 0.5]},
								"up": {"uv": [15, 22], "uv_size": [0.5, 0.5]},
								"down": {"uv": [22, 15.5], "uv_size": [0.5, -0.5]}
							}
						},
						{
							"origin": [0.25, -0.81648, -0.875],
							"size": [0.25, 0.41421, 0.5625],
							"uv": {
								"north": {"uv": [16, 22], "uv_size": [0.5, 0.5]},
								"east": {"uv": [22, 16], "uv_size": [0.5, 0.5]},
								"south": {"uv": [17, 22], "uv_size": [0.5, 0.5]},
								"west": {"uv": [22, 17], "uv_size": [0.5, 0.5]},
								"up": {"uv": [18, 22], "uv_size": [0.5, 0.5]},
								"down": {"uv": [22, 18.5], "uv_size": [0.5, -0.5]}
							}
						}
					]
				},
				{
					"name": "octagon2",
					"parent": "bone10",
					"pivot": [-2.625, -0.90625, -1.75]
				},
				{
					"name": "octagon3",
					"parent": "bone10",
					"pivot": [-2.15625, -0.4375, -1.75],
					"cubes": [
						{
							"origin": [-0.05387, -1.38047, -0.56441],
							"size": [0.10774, 0.06502, 1.31293],
							"pivot": [0, -1.25042, 0.03708],
							"rotation": [0, 0, 45],
							"uv": {
								"north": {"uv": [23, 4], "uv_size": [0.5, 0.5]},
								"east": {"uv": [3, 0], "uv_size": [4, 0.5]},
								"south": {"uv": [5, 23], "uv_size": [0.5, 0.5]},
								"west": {"uv": [3, 1], "uv_size": [4, 0.5]},
								"up": {"uv": [3, 2], "uv_size": [0.5, 4]},
								"down": {"uv": [4, 6], "uv_size": [0.5, -4]}
							}
						},
						{
							"origin": [-0.05387, -1.38047, -0.56441],
							"size": [0.10774, 0.06502, 1.31293],
							"uv": {
								"north": {"uv": [23, 5], "uv_size": [0.5, 0.5]},
								"east": {"uv": [5, 2], "uv_size": [4, 0.5]},
								"south": {"uv": [6, 23], "uv_size": [0.5, 0.5]},
								"west": {"uv": [5, 3], "uv_size": [4, 0.5]},
								"up": {"uv": [0, 5], "uv_size": [0.5, 4]},
								"down": {"uv": [1, 9], "uv_size": [0.5, -4]}
							}
						},
						{
							"origin": [-0.05387, -1.1854, -0.56441],
							"size": [0.10774, 0.06502, 1.31293],
							"pivot": [0, -1.25042, 0.03708],
							"rotation": [0, 0, 45],
							"uv": {
								"north": {"uv": [23, 6], "uv_size": [0.5, 0.5]},
								"east": {"uv": [5, 4], "uv_size": [4, 0.5]},
								"south": {"uv": [7, 23], "uv_size": [0.5, 0.5]},
								"west": {"uv": [5, 5], "uv_size": [4, 0.5]},
								"up": {"uv": [2, 5], "uv_size": [0.5, 4]},
								"down": {"uv": [3, 10], "uv_size": [0.5, -4]}
							}
						},
						{
							"origin": [-0.05387, -1.1854, -0.56441],
							"size": [0.10774, 0.06502, 1.31293],
							"uv": {
								"north": {"uv": [23, 7], "uv_size": [0.5, 0.5]},
								"east": {"uv": [4, 6], "uv_size": [4, 0.5]},
								"south": {"uv": [8, 23], "uv_size": [0.5, 0.5]},
								"west": {"uv": [7, 0], "uv_size": [4, 0.5]},
								"up": {"uv": [4, 7], "uv_size": [0.5, 4]},
								"down": {"uv": [5, 11], "uv_size": [0.5, -4]}
							}
						},
						{
							"origin": [0.06503, -1.30429, -0.56441],
							"size": [0.06503, 0.10774, 1.31293],
							"pivot": [0, -1.25042, 0.03708],
							"rotation": [0, 0, 45],
							"uv": {
								"north": {"uv": [23, 8], "uv_size": [0.5, 0.5]},
								"east": {"uv": [7, 1], "uv_size": [4, 0.5]},
								"south": {"uv": [9, 23], "uv_size": [0.5, 0.5]},
								"west": {"uv": [6, 7], "uv_size": [4, 0.5]},
								"up": {"uv": [6, 8], "uv_size": [0.5, 4]},
								"down": {"uv": [7, 12], "uv_size": [0.5, -4]}
							}
						},
						{
							"origin": [0.06503, -1.30429, -0.56441],
							"size": [0.06503, 0.10774, 1.31293],
							"uv": {
								"north": {"uv": [23, 9], "uv_size": [0.5, 0.5]},
								"east": {"uv": [8, 6], "uv_size": [4, 0.5]},
								"south": {"uv": [10, 23], "uv_size": [0.5, 0.5]},
								"west": {"uv": [8, 8], "uv_size": [4, 0.5]},
								"up": {"uv": [0, 9], "uv_size": [0.5, 4]},
								"down": {"uv": [1, 13], "uv_size": [0.5, -4]}
							}
						},
						{
							"origin": [-0.13005, -1.30429, -0.56441],
							"size": [0.06503, 0.10774, 1.31293],
							"pivot": [0, -1.25042, 0.03708],
							"rotation": [0, 0, 45],
							"uv": {
								"north": {"uv": [23, 10], "uv_size": [0.5, 0.5]},
								"east": {"uv": [9, 2], "uv_size": [4, 0.5]},
								"south": {"uv": [11, 23], "uv_size": [0.5, 0.5]},
								"west": {"uv": [9, 3], "uv_size": [4, 0.5]},
								"up": {"uv": [2, 9], "uv_size": [0.5, 4]},
								"down": {"uv": [8, 13], "uv_size": [0.5, -4]}
							}
						},
						{
							"origin": [-0.09021, -1.27109, 0.45559],
							"size": [0.18456, 0.04133, 0.29293],
							"pivot": [0, -1.25042, 0.03708],
							"rotation": [0, 0, 45],
							"uv": {
								"north": {"uv": [4, 26], "uv_size": [0.5, 0.5]},
								"east": {"uv": [13, 19], "uv_size": [1, 0.5]},
								"south": {"uv": [26, 4], "uv_size": [0.5, 0.5]},
								"west": {"uv": [19, 13], "uv_size": [1, 0.5]},
								"up": {"uv": [14, 19], "uv_size": [0.5, 1]},
								"down": {"uv": [19, 15], "uv_size": [0.5, -1]}
							}
						},
						{
							"origin": [-0.13005, -1.30429, -0.56441],
							"size": [0.06503, 0.10774, 1.31293],
							"uv": {
								"north": {"uv": [23, 11], "uv_size": [0.5, 0.5]},
								"east": {"uv": [9, 4], "uv_size": [4, 0.5]},
								"south": {"uv": [12, 23], "uv_size": [0.5, 0.5]},
								"west": {"uv": [9, 5], "uv_size": [4, 0.5]},
								"up": {"uv": [9, 9], "uv_size": [0.5, 4]},
								"down": {"uv": [3, 14], "uv_size": [0.5, -4]}
							}
						}
					]
				},
				{
					"name": "bone11_illuminated",
					"parent": "bone10",
					"pivot": [-0.04687, -5.125, 13.25]
				},
				{
					"name": "octagon4",
					"parent": "bone10",
					"pivot": [0.03906, 0.15625, -0.95312],
					"rotation": [0, 0, 90],
					"cubes": [
						{
							"origin": [0.10818, 0.63281, -0.50312],
							"size": [0.12426, 0.21563, 0.075],
							"pivot": [0.17031, 1.225, -0.35312],
							"rotation": [0, 45, 0],
							"uv": {
								"north": {"uv": [18, 11], "uv_size": [0.5, 1]},
								"east": {"uv": [12, 18], "uv_size": [0.5, 1]},
								"south": {"uv": [18, 12], "uv_size": [0.5, 1]},
								"west": {"uv": [13, 18], "uv_size": [0.5, 1]},
								"up": {"uv": [23, 19], "uv_size": [0.5, 0.5]},
								"down": {"uv": [20, 23.5], "uv_size": [0.5, -0.5]}
							}
						},
						{
							"origin": [0.10818, 0.63281, -0.50312],
							"size": [0.12426, 0.21563, 0.075],
							"uv": {
								"north": {"uv": [18, 13], "uv_size": [0.5, 1]},
								"east": {"uv": [14, 18], "uv_size": [0.5, 1]},
								"south": {"uv": [18, 14], "uv_size": [0.5, 1]},
								"west": {"uv": [15, 18], "uv_size": [0.5, 1]},
								"up": {"uv": [23, 20], "uv_size": [0.5, 0.5]},
								"down": {"uv": [21, 23.5], "uv_size": [0.5, -0.5]}
							}
						},
						{
							"origin": [0.10818, 0.63281, -0.27812],
							"size": [0.12426, 0.21563, 0.075],
							"pivot": [0.17031, 1.225, -0.35312],
							"rotation": [0, 45, 0],
							"uv": {
								"north": {"uv": [18, 15], "uv_size": [0.5, 1]},
								"east": {"uv": [16, 18], "uv_size": [0.5, 1]},
								"south": {"uv": [18, 16], "uv_size": [0.5, 1]},
								"west": {"uv": [17, 18], "uv_size": [0.5, 1]},
								"up": {"uv": [23, 21], "uv_size": [0.5, 0.5]},
								"down": {"uv": [22, 23.5], "uv_size": [0.5, -0.5]}
							}
						},
						{
							"origin": [0.10818, 0.63281, -0.27812],
							"size": [0.12426, 0.21563, 0.075],
							"uv": {
								"north": {"uv": [18, 17], "uv_size": [0.5, 1]},
								"east": {"uv": [18, 18], "uv_size": [0.5, 1]},
								"south": {"uv": [0, 19], "uv_size": [0.5, 1]},
								"west": {"uv": [19, 0], "uv_size": [0.5, 1]},
								"up": {"uv": [23, 22], "uv_size": [0.5, 0.5]},
								"down": {"uv": [23, 23.5], "uv_size": [0.5, -0.5]}
							}
						},
						{
							"origin": [0.02031, 0.63281, -0.41526],
							"size": [0.075, 0.21563, 0.12426],
							"pivot": [0.17031, 1.225, -0.35312],
							"rotation": [0, 45, 0],
							"uv": {
								"north": {"uv": [1, 19], "uv_size": [0.5, 1]},
								"east": {"uv": [19, 1], "uv_size": [0.5, 1]},
								"south": {"uv": [2, 19], "uv_size": [0.5, 1]},
								"west": {"uv": [19, 2], "uv_size": [0.5, 1]},
								"up": {"uv": [0, 24], "uv_size": [0.5, 0.5]},
								"down": {"uv": [24, 0.5], "uv_size": [0.5, -0.5]}
							}
						},
						{
							"origin": [0.02031, 0.63281, -0.41526],
							"size": [0.075, 0.21563, 0.12426],
							"uv": {
								"north": {"uv": [3, 19], "uv_size": [0.5, 1]},
								"east": {"uv": [19, 3], "uv_size": [0.5, 1]},
								"south": {"uv": [4, 19], "uv_size": [0.5, 1]},
								"west": {"uv": [19, 4], "uv_size": [0.5, 1]},
								"up": {"uv": [1, 24], "uv_size": [0.5, 0.5]},
								"down": {"uv": [24, 1.5], "uv_size": [0.5, -0.5]}
							}
						},
						{
							"origin": [0.24531, 0.63281, -0.41526],
							"size": [0.075, 0.21563, 0.12426],
							"pivot": [0.17031, 1.225, -0.35312],
							"rotation": [0, 45, 0],
							"uv": {
								"north": {"uv": [5, 19], "uv_size": [0.5, 1]},
								"east": {"uv": [19, 5], "uv_size": [0.5, 1]},
								"south": {"uv": [6, 19], "uv_size": [0.5, 1]},
								"west": {"uv": [19, 6], "uv_size": [0.5, 1]},
								"up": {"uv": [2, 24], "uv_size": [0.5, 0.5]},
								"down": {"uv": [24, 2.5], "uv_size": [0.5, -0.5]}
							}
						},
						{
							"origin": [0.08906, 0.63281, -0.37619],
							"size": [0.16875, 0.21563, 0.04614],
							"pivot": [0.17031, 1.225, -0.35312],
							"rotation": [0, 45, 0],
							"uv": {
								"north": {"uv": [9, 19], "uv_size": [0.5, 1]},
								"east": {"uv": [19, 9], "uv_size": [0.5, 1]},
								"south": {"uv": [10, 19], "uv_size": [0.5, 1]},
								"west": {"uv": [19, 10], "uv_size": [0.5, 1]},
								"up": {"uv": [4, 24], "uv_size": [0.5, 0.5]},
								"down": {"uv": [24, 4.5], "uv_size": [0.5, -0.5]}
							}
						},
						{
							"origin": [0.24531, 0.63281, -0.41526],
							"size": [0.075, 0.21563, 0.12426],
							"uv": {
								"north": {"uv": [7, 19], "uv_size": [0.5, 1]},
								"east": {"uv": [19, 7], "uv_size": [0.5, 1]},
								"south": {"uv": [8, 19], "uv_size": [0.5, 1]},
								"west": {"uv": [19, 8], "uv_size": [0.5, 1]},
								"up": {"uv": [3, 24], "uv_size": [0.5, 0.5]},
								"down": {"uv": [24, 3.5], "uv_size": [0.5, -0.5]}
							}
						}
					]
				},
				{
					"name": "octagon5",
					"parent": "bone10",
					"pivot": [-0.16312, -1.05937, -0.45312],
					"rotation": [0, 0, 90],
					"cubes": [
						{
							"origin": [-0.12165, -1.43281, -0.18313],
							"size": [0.07456, 1.07313, 0.045],
							"pivot": [-0.08437, -0.41812, -0.09312],
							"rotation": [0, 45, 0],
							"uv": {
								"north": {"uv": [18, 11], "uv_size": [0.5, 1]},
								"east": {"uv": [12, 18], "uv_size": [0.5, 1]},
								"south": {"uv": [18, 12], "uv_size": [0.5, 1]},
								"west": {"uv": [13, 18], "uv_size": [0.5, 1]},
								"up": {"uv": [23, 19], "uv_size": [0.5, 0.5]},
								"down": {"uv": [20, 23.5], "uv_size": [0.5, -0.5]}
							}
						},
						{
							"origin": [-0.12165, -1.43281, -0.18313],
							"size": [0.07456, 1.07313, 0.045],
							"uv": {
								"north": {"uv": [18, 13], "uv_size": [0.5, 1]},
								"east": {"uv": [14, 18], "uv_size": [0.5, 1]},
								"south": {"uv": [18, 14], "uv_size": [0.5, 1]},
								"west": {"uv": [15, 18], "uv_size": [0.5, 1]},
								"up": {"uv": [23, 20], "uv_size": [0.5, 0.5]},
								"down": {"uv": [21, 23.5], "uv_size": [0.5, -0.5]}
							}
						},
						{
							"origin": [-0.12165, -1.43281, -0.04812],
							"size": [0.07456, 1.07313, 0.045],
							"pivot": [-0.08437, -0.41812, -0.09312],
							"rotation": [0, 45, 0],
							"uv": {
								"north": {"uv": [18, 15], "uv_size": [0.5, 1]},
								"east": {"uv": [16, 18], "uv_size": [0.5, 1]},
								"south": {"uv": [18, 16], "uv_size": [0.5, 1]},
								"west": {"uv": [17, 18], "uv_size": [0.5, 1]},
								"up": {"uv": [23, 21], "uv_size": [0.5, 0.5]},
								"down": {"uv": [22, 23.5], "uv_size": [0.5, -0.5]}
							}
						},
						{
							"origin": [-0.12165, -1.43281, -0.04812],
							"size": [0.07456, 1.07313, 0.045],
							"uv": {
								"north": {"uv": [18, 17], "uv_size": [0.5, 1]},
								"east": {"uv": [18, 18], "uv_size": [0.5, 1]},
								"south": {"uv": [0, 19], "uv_size": [0.5, 1]},
								"west": {"uv": [19, 0], "uv_size": [0.5, 1]},
								"up": {"uv": [23, 22], "uv_size": [0.5, 0.5]},
								"down": {"uv": [23, 23.5], "uv_size": [0.5, -0.5]}
							}
						},
						{
							"origin": [-0.17437, -1.43281, -0.1304],
							"size": [0.045, 1.07313, 0.07456],
							"pivot": [-0.08437, -0.41812, -0.09312],
							"rotation": [0, 45, 0],
							"uv": {
								"north": {"uv": [1, 19], "uv_size": [0.5, 1]},
								"east": {"uv": [19, 1], "uv_size": [0.5, 1]},
								"south": {"uv": [2, 19], "uv_size": [0.5, 1]},
								"west": {"uv": [19, 2], "uv_size": [0.5, 1]},
								"up": {"uv": [0, 24], "uv_size": [0.5, 0.5]},
								"down": {"uv": [24, 0.5], "uv_size": [0.5, -0.5]}
							}
						},
						{
							"origin": [-0.17437, -1.43281, -0.1304],
							"size": [0.045, 1.07313, 0.07456],
							"uv": {
								"north": {"uv": [3, 19], "uv_size": [0.5, 1]},
								"east": {"uv": [19, 3], "uv_size": [0.5, 1]},
								"south": {"uv": [4, 19], "uv_size": [0.5, 1]},
								"west": {"uv": [19, 4], "uv_size": [0.5, 1]},
								"up": {"uv": [1, 24], "uv_size": [0.5, 0.5]},
								"down": {"uv": [24, 1.5], "uv_size": [0.5, -0.5]}
							}
						},
						{
							"origin": [-0.03937, -1.43281, -0.1304],
							"size": [0.045, 1.07313, 0.07456],
							"pivot": [-0.08437, -0.41812, -0.09312],
							"rotation": [0, 45, 0],
							"uv": {
								"north": {"uv": [5, 19], "uv_size": [0.5, 1]},
								"east": {"uv": [19, 5], "uv_size": [0.5, 1]},
								"south": {"uv": [6, 19], "uv_size": [0.5, 1]},
								"west": {"uv": [19, 6], "uv_size": [0.5, 1]},
								"up": {"uv": [2, 24], "uv_size": [0.5, 0.5]},
								"down": {"uv": [24, 2.5], "uv_size": [0.5, -0.5]}
							}
						},
						{
							"origin": [-0.13313, -1.43281, -0.10697],
							"size": [0.10125, 1.07313, 0.02768],
							"pivot": [-0.08437, -0.41812, -0.09312],
							"rotation": [0, 45, 0],
							"uv": {
								"north": {"uv": [9, 19], "uv_size": [0.5, 1]},
								"east": {"uv": [19, 9], "uv_size": [0.5, 1]},
								"south": {"uv": [10, 19], "uv_size": [0.5, 1]},
								"west": {"uv": [19, 10], "uv_size": [0.5, 1]},
								"up": {"uv": [4, 24], "uv_size": [0.5, 0.5]},
								"down": {"uv": [24, 4.5], "uv_size": [0.5, -0.5]}
							}
						},
						{
							"origin": [-0.03937, -1.43281, -0.1304],
							"size": [0.045, 1.07313, 0.07456],
							"uv": {
								"north": {"uv": [7, 19], "uv_size": [0.5, 1]},
								"east": {"uv": [19, 7], "uv_size": [0.5, 1]},
								"south": {"uv": [8, 19], "uv_size": [0.5, 1]},
								"west": {"uv": [19, 8], "uv_size": [0.5, 1]},
								"up": {"uv": [3, 24], "uv_size": [0.5, 0.5]},
								"down": {"uv": [24, 3.5], "uv_size": [0.5, -0.5]}
							}
						}
					]
				},
				{
					"name": "octagon6",
					"parent": "bone10",
					"pivot": [1.1, -3.32812, -1.1875],
					"cubes": [
						{
							"origin": [-0.11391, -1.45312, -0.3625],
							"size": [0.22782, 0.325, 0.55],
							"pivot": [0, -2.22813, -0.0875],
							"rotation": [0, -45, 0],
							"uv": {
								"north": {"uv": [21, 24], "uv_size": [0.5, 0.5]},
								"east": {"uv": [24, 21], "uv_size": [0.5, 0.5]},
								"south": {"uv": [22, 24], "uv_size": [0.5, 0.5]},
								"west": {"uv": [24, 22], "uv_size": [0.5, 0.5]},
								"up": {"uv": [23, 24], "uv_size": [0.5, 0.5]},
								"down": {"uv": [24, 23.5], "uv_size": [0.5, -0.5]}
							}
						},
						{
							"origin": [-0.05531, -1.49219, -0.40156],
							"size": [0.11063, 0.36406, 0.62813],
							"pivot": [0, -2.22813, -0.0875],
							"rotation": [0, -45, 0],
							"uv": {
								"north": {"uv": [25, 8], "uv_size": [0.5, 0.5]},
								"east": {"uv": [9, 25], "uv_size": [0.5, 0.5]},
								"south": {"uv": [25, 9], "uv_size": [0.5, 0.5]},
								"west": {"uv": [10, 25], "uv_size": [0.5, 0.5]},
								"up": {"uv": [25, 10], "uv_size": [0.5, 0.5]},
								"down": {"uv": [11, 25.5], "uv_size": [0.5, -0.5]}
							}
						},
						{
							"origin": [-0.11391, -1.45312, -0.3625],
							"size": [0.22782, 0.325, 0.55],
							"uv": {
								"north": {"uv": [24, 24], "uv_size": [0.5, 0.5]},
								"east": {"uv": [0, 25], "uv_size": [0.5, 0.5]},
								"south": {"uv": [25, 0], "uv_size": [0.5, 0.5]},
								"west": {"uv": [1, 25], "uv_size": [0.5, 0.5]},
								"up": {"uv": [25, 1], "uv_size": [0.5, 0.5]},
								"down": {"uv": [2, 25.5], "uv_size": [0.5, -0.5]}
							}
						},
						{
							"origin": [-0.275, -1.45312, -0.20141],
							"size": [0.55, 0.325, 0.22782],
							"pivot": [0, -2.22813, -0.0875],
							"rotation": [0, -45, 0],
							"uv": {
								"north": {"uv": [25, 2], "uv_size": [0.5, 0.5]},
								"east": {"uv": [3, 25], "uv_size": [0.5, 0.5]},
								"south": {"uv": [25, 3], "uv_size": [0.5, 0.5]},
								"west": {"uv": [4, 25], "uv_size": [0.5, 0.5]},
								"up": {"uv": [25, 4], "uv_size": [0.5, 0.5]},
								"down": {"uv": [5, 25.5], "uv_size": [0.5, -0.5]}
							}
						},
						{
							"origin": [-0.275, -1.45312, -0.20141],
							"size": [0.55, 0.325, 0.22782],
							"uv": {
								"north": {"uv": [25, 5], "uv_size": [0.5, 0.5]},
								"east": {"uv": [6, 25], "uv_size": [0.5, 0.5]},
								"south": {"uv": [25, 6], "uv_size": [0.5, 0.5]},
								"west": {"uv": [7, 25], "uv_size": [0.5, 0.5]},
								"up": {"uv": [25, 7], "uv_size": [0.5, 0.5]},
								"down": {"uv": [8, 25.5], "uv_size": [0.5, -0.5]}
							}
						}
					]
				},
				{
					"name": "octagon7",
					"parent": "bone10",
					"pivot": [0.375, 0.10938, -0.09375],
					"rotation": [0, -27.5, 0]
				},
				{
					"name": "bone3",
					"parent": "bone2",
					"pivot": [0.08711, -0.4045, 0.25002],
					"rotation": [0, 0, 90]
				},
				{
					"name": "laser_beam",
					"pivot": [0, -1.24999, -0.3125]
				}
			]
		}
	]
}