{
	"format_version": "1.12.0",
	"minecraft:geometry": [
		{
			"description": {
				"identifier": "geometry.unknown",
				"texture_width": 256,
				"texture_height": 256,
				"visible_bounds_width": 21,
				"visible_bounds_height": 1.5,
				"visible_bounds_offset": [0, 0.25, 0]
			},
			"bones": [
				{
					"name": "416d_tac_grip",
					"pivot": [-0.36601, -0.37325, 0.75002],
					"cubes": [
						{
							"origin": [-1.11591, -0.83584, 0.08752],
							"size": [0.26517, 0.15625, 1.825],
							"pivot": [0, -1.15624, 0.99999],
							"rotation": [0, 0, 45],
							"uv": {
								"north": {"uv": [6, 18], "uv_size": [0.5, 0.5]},
								"south": {"uv": [18, 6], "uv_size": [0.5, 0.5]},
								"down": {"uv": [10, 10], "uv_size": [0.5, -2]}
							}
						},
						{
							"origin": [0.85074, -0.83584, 0.08752],
							"size": [0.26517, 0.15625, 1.825],
							"pivot": [0, -1.15624, 0.99999],
							"rotation": [0, 0, -45],
							"uv": {
								"north": {"uv": [7, 18], "uv_size": [0.5, 0.5]},
								"south": {"uv": [18, 7], "uv_size": [0.5, 0.5]},
								"down": {"uv": [10, 12], "uv_size": [0.5, -2]}
							}
						},
						{
							"origin": [-0.5625, -0.14062, 0.08752],
							"size": [1.125, 0.15, 1.825],
							"uv": {
								"north": {"uv": [15, 10], "uv_size": [1, 0.5]},
								"east": {"uv": [11, 2], "uv_size": [2, 0.5]},
								"south": {"uv": [13, 15], "uv_size": [1, 0.5]},
								"west": {"uv": [11, 3], "uv_size": [2, 0.5]},
								"up": {"uv": [4, 5], "uv_size": [1, 2]}
							}
						},
						{
							"origin": [-0.5625, 0.00938, 0.08752],
							"size": [0.325, 0.2, 1.825],
							"uv": {
								"north": {"uv": [8, 18], "uv_size": [0.5, 0.5]},
								"east": {"uv": [11, 4], "uv_size": [2, 0.5]},
								"south": {"uv": [18, 8], "uv_size": [0.5, 0.5]},
								"west": {"uv": [11, 5], "uv_size": [2, 0.5]},
								"up": {"uv": [11, 6], "uv_size": [0.5, 2]}
							}
						},
						{
							"origin": [0.2375, 0.00938, 0.08752],
							"size": [0.325, 0.2, 1.825],
							"uv": {
								"north": {"uv": [9, 18], "uv_size": [0.5, 0.5]},
								"east": {"uv": [7, 11], "uv_size": [2, 0.5]},
								"south": {"uv": [18, 9], "uv_size": [0.5, 0.5]},
								"west": {"uv": [11, 8], "uv_size": [2, 0.5]},
								"up": {"uv": [9, 11], "uv_size": [0.5, 2]}
							}
						},
						{
							"origin": [-0.375, -1.17187, 0.31252],
							"size": [0.75, 0.875, 1.375],
							"uv": {
								"north": {"uv": [11, 9], "uv_size": [1, 1]},
								"east": {"uv": [7, 6], "uv_size": [1.5, 1]},
								"south": {"uv": [11, 10], "uv_size": [1, 1]},
								"west": {"uv": [7, 7], "uv_size": [1.5, 1]}
							}
						},
						{
							"origin": [-0.375, -0.32812, 0.08752],
							"size": [0.75, 0.1875, 1.825],
							"uv": {
								"north": {"uv": [14, 15], "uv_size": [1, 0.5]},
								"south": {"uv": [15, 14], "uv_size": [1, 0.5]},
								"down": {"uv": [5, 7], "uv_size": [1, -2]}
							}
						},
						{
							"origin": [-0.375, -0.58024, 0.56628],
							"size": [0.75, 0.5, 0.1875],
							"pivot": [0, -1.15624, 0.99999],
							"rotation": [22.5, 0, 0],
							"uv": {
								"north": {"uv": [15, 15], "uv_size": [1, 0.5]},
								"east": {"uv": [10, 18], "uv_size": [0.5, 0.5]},
								"west": {"uv": [18, 10], "uv_size": [0.5, 0.5]}
							}
						},
						{
							"origin": [-0.375, -0.45522, 1.24626],
							"size": [0.75, 0.375, 0.1875],
							"pivot": [0, -1.15624, 0.99999],
							"rotation": [-22.5, 0, 0],
							"uv": {
								"east": {"uv": [11, 18], "uv_size": [0.5, 0.5]},
								"south": {"uv": [2, 16], "uv_size": [1, 0.5]},
								"west": {"uv": [18, 11], "uv_size": [0.5, 0.5]}
							}
						},
						{
							"origin": [-0.5, -3.17187, 1.31252],
							"size": [1, 2, 0.375],
							"uv": {
								"north": {"uv": [6, 2], "uv_size": [1, 2]},
								"east": {"uv": [11, 11], "uv_size": [0.5, 2]},
								"west": {"uv": [4, 12], "uv_size": [0.5, 2]},
								"up": {"uv": [16, 2], "uv_size": [1, 0.5]},
								"down": {"uv": [3, 16.5], "uv_size": [1, -0.5]}
							}
						},
						{
							"origin": [-0.5, -1.23437, 0.68752],
							"size": [1, 0.0625, 0.625],
							"uv": {
								"north": {"uv": [16, 3], "uv_size": [1, 0.5]},
								"east": {"uv": [12, 18], "uv_size": [0.5, 0.5]},
								"west": {"uv": [18, 12], "uv_size": [0.5, 0.5]},
								"up": {"uv": [4, 16], "uv_size": [1, 0.5]},
								"down": {"uv": [16, 4.5], "uv_size": [1, -0.5]}
							}
						},
						{
							"origin": [-0.5, -3.17187, 0.31252],
							"size": [1, 2, 0.375],
							"uv": {
								"north": {"uv": [6, 4], "uv_size": [1, 2]},
								"east": {"uv": [5, 12], "uv_size": [0.5, 2]},
								"south": {"uv": [6, 6], "uv_size": [1, 2]},
								"west": {"uv": [12, 6], "uv_size": [0.5, 2]},
								"up": {"uv": [5, 16], "uv_size": [1, 0.5]},
								"down": {"uv": [16, 5.5], "uv_size": [1, -0.5]}
							}
						},
						{
							"origin": [-0.5, -3.67187, 0.31252],
							"size": [1, 0.5, 1.375],
							"uv": {
								"north": {"uv": [6, 16], "uv_size": [1, 0.5]},
								"east": {"uv": [12, 10], "uv_size": [1.5, 0.5]},
								"west": {"uv": [12, 11], "uv_size": [1.5, 0.5]},
								"up": {"uv": [5, 7], "uv_size": [1, 1.5]},
								"down": {"uv": [2, 9.5], "uv_size": [1, -1.5]}
							}
						},
						{
							"origin": [-0.83971, -3.67187, 1.1326],
							"size": [0.125, 2.5, 0.1767],
							"pivot": [0, -1.15624, 0.99999],
							"rotation": [0, 45, 0],
							"uv": {
								"east": {"uv": [7, 8], "uv_size": [0.5, 2.5]},
								"south": {"uv": [8, 8], "uv_size": [0.5, 2.5]},
								"up": {"uv": [13, 18], "uv_size": [0.5, 0.5]},
								"down": {"uv": [18, 13.5], "uv_size": [0.5, -0.5]}
							}
						},
						{
							"origin": [-0.83971, -3.67187, 0.1326],
							"size": [0.70711, 2.5, 0.7071],
							"pivot": [0, -1.15624, -0.00001],
							"rotation": [0, 45, 0],
							"uv": {
								"east": {"uv": [9, 2], "uv_size": [0.5, 2.5]},
								"south": {"uv": [4, 9], "uv_size": [0.5, 2.5]},
								"up": {"uv": [14, 18], "uv_size": [0.5, 0.5]},
								"down": {"uv": [18, 14.5], "uv_size": [0.5, -0.5]}
							}
						},
						{
							"origin": [-0.83971, -3.67187, 1.1603],
							"size": [0.70711, 2.5, 0.7071],
							"pivot": [0, -1.15624, 2.00001],
							"rotation": [0, -45, 0],
							"uv": {
								"north": {"uv": [5, 9], "uv_size": [0.5, 2.5]},
								"east": {"uv": [9, 5], "uv_size": [0.5, 2.5]},
								"up": {"uv": [15, 18], "uv_size": [0.5, 0.5]},
								"down": {"uv": [18, 15.5], "uv_size": [0.5, -0.5]}
							}
						},
						{
							"origin": [0.71471, -3.67187, 1.1326],
							"size": [0.125, 2.5, 0.1767],
							"pivot": [0, -1.15624, 0.99999],
							"rotation": [0, -45, 0],
							"uv": {
								"south": {"uv": [9, 8], "uv_size": [0.5, 2.5]},
								"west": {"uv": [2, 10], "uv_size": [0.5, 2.5]},
								"up": {"uv": [16, 18], "uv_size": [0.5, 0.5]},
								"down": {"uv": [18, 16.5], "uv_size": [0.5, -0.5]}
							}
						},
						{
							"origin": [-0.83967, -3.67187, 0.69066],
							"size": [0.125, 2.5, 0.1767],
							"pivot": [0, -1.15624, 0.99999],
							"rotation": [0, -45, 0],
							"uv": {
								"east": {"uv": [10, 2], "uv_size": [0.5, 2.5]},
								"south": {"uv": [3, 10], "uv_size": [0.5, 2.5]},
								"up": {"uv": [17, 18], "uv_size": [0.5, 0.5]},
								"down": {"uv": [18, 17.5], "uv_size": [0.5, -0.5]}
							}
						},
						{
							"origin": [0.71467, -3.67187, 0.69066],
							"size": [0.125, 2.5, 0.1767],
							"pivot": [0, -1.15624, 0.99999],
							"rotation": [0, 45, 0],
							"uv": {
								"south": {"uv": [10, 5], "uv_size": [0.5, 2.5]},
								"west": {"uv": [6, 10], "uv_size": [0.5, 2.5]},
								"up": {"uv": [18, 18], "uv_size": [0.5, 0.5]},
								"down": {"uv": [2, 19.5], "uv_size": [0.5, -0.5]}
							}
						},
						{
							"origin": [-0.45596, -1.36202, 1.31252],
							"size": [0.1875, 0.3125, 0.375],
							"pivot": [0, -1.15624, 0.99999],
							"rotation": [0, 0, 22.5],
							"uv": {
								"north": {"uv": [19, 2], "uv_size": [0.5, 0.5]},
								"east": {"uv": [3, 19], "uv_size": [0.5, 0.5]},
								"south": {"uv": [19, 3], "uv_size": [0.5, 0.5]},
								"up": {"uv": [4, 19], "uv_size": [0.5, 0.5]}
							}
						},
						{
							"origin": [0.26846, -1.36202, 0.68752],
							"size": [0.17188, 0.3125, 0.625],
							"pivot": [0, -1.15624, 0.62499],
							"rotation": [0, 0, -22.5],
							"uv": {
								"north": {"uv": [19, 4], "uv_size": [0.5, 0.5]},
								"south": {"uv": [5, 19], "uv_size": [0.5, 0.5]},
								"west": {"uv": [19, 5], "uv_size": [0.5, 0.5]},
								"up": {"uv": [6, 19], "uv_size": [0.5, 0.5]}
							}
						},
						{
							"origin": [-0.44033, -1.36202, 0.68752],
							"size": [0.17188, 0.3125, 0.625],
							"pivot": [0, -1.15624, 0.62499],
							"rotation": [0, 0, 22.5],
							"uv": {
								"north": {"uv": [19, 6], "uv_size": [0.5, 0.5]},
								"east": {"uv": [7, 19], "uv_size": [0.5, 0.5]},
								"south": {"uv": [19, 7], "uv_size": [0.5, 0.5]},
								"up": {"uv": [8, 19], "uv_size": [0.5, 0.5]}
							}
						},
						{
							"origin": [0.26846, -1.36202, 1.31252],
							"size": [0.1875, 0.3125, 0.375],
							"pivot": [0, -1.15624, 0.99999],
							"rotation": [0, 0, -22.5],
							"uv": {
								"north": {"uv": [19, 8], "uv_size": [0.5, 0.5]},
								"south": {"uv": [9, 19], "uv_size": [0.5, 0.5]},
								"west": {"uv": [19, 9], "uv_size": [0.5, 0.5]},
								"up": {"uv": [10, 19], "uv_size": [0.5, 0.5]}
							}
						},
						{
							"origin": [-0.45596, -1.36202, 0.31252],
							"size": [0.1875, 0.3125, 0.375],
							"pivot": [0, -1.15624, -0.00001],
							"rotation": [0, 0, 22.5],
							"uv": {
								"north": {"uv": [19, 10], "uv_size": [0.5, 0.5]},
								"east": {"uv": [11, 19], "uv_size": [0.5, 0.5]},
								"south": {"uv": [19, 11], "uv_size": [0.5, 0.5]},
								"up": {"uv": [12, 19], "uv_size": [0.5, 0.5]}
							}
						},
						{
							"origin": [0.26846, -1.36202, 0.31252],
							"size": [0.1875, 0.3125, 0.375],
							"pivot": [0, -1.15624, -0.00001],
							"rotation": [0, 0, -22.5],
							"uv": {
								"north": {"uv": [19, 12], "uv_size": [0.5, 0.5]},
								"south": {"uv": [13, 19], "uv_size": [0.5, 0.5]},
								"west": {"uv": [19, 13], "uv_size": [0.5, 0.5]},
								"up": {"uv": [14, 19], "uv_size": [0.5, 0.5]}
							}
						},
						{
							"origin": [-0.375, -3.67187, 0.18752],
							"size": [0.75, 2.5, 1.625],
							"uv": {
								"north": {"uv": [2, 5], "uv_size": [1, 2.5]},
								"east": {"uv": [2, 2], "uv_size": [1.5, 2.5]},
								"south": {"uv": [3, 5], "uv_size": [1, 2.5]},
								"west": {"uv": [4, 2], "uv_size": [1.5, 2.5]},
								"up": {"uv": [8, 2], "uv_size": [1, 1.5]},
								"down": {"uv": [3, 9.5], "uv_size": [1, -1.5]}
							}
						},
						{
							"origin": [-0.375, -1.4816, 0.25534],
							"size": [0.75, 0.4375, 0.125],
							"inflate": -0.001,
							"pivot": [0, -1.15624, 0.99999],
							"rotation": [-22.5, 0, 0],
							"uv": {
								"north": {"uv": [16, 6], "uv_size": [1, 0.5]},
								"east": {"uv": [19, 14], "uv_size": [0.5, 0.5]},
								"west": {"uv": [15, 19], "uv_size": [0.5, 0.5]}
							}
						},
						{
							"origin": [-0.375, -1.48162, 1.61969],
							"size": [0.75, 0.4375, 0.125],
							"inflate": -0.001,
							"pivot": [0, -1.15624, 0.99999],
							"rotation": [22.5, 0, 0],
							"uv": {
								"east": {"uv": [19, 15], "uv_size": [0.5, 0.5]},
								"south": {"uv": [7, 16], "uv_size": [1, 0.5]},
								"west": {"uv": [16, 19], "uv_size": [0.5, 0.5]}
							}
						}
					]
				},
				{
					"name": "bone_illuminated",
					"parent": "416d_tac_grip",
					"pivot": [-0.36601, -0.37325, 0.75002],
					"cubes": [
						{
							"origin": [-0.575, -0.12188, 0.06252],
							"size": [1.15, 0.05, 0.775],
							"uv": {
								"north": {"uv": [16, 7], "uv_size": [1, 0.5]},
								"east": {"uv": [8, 16], "uv_size": [1, 0.5]},
								"south": {"uv": [16, 8], "uv_size": [1, 0.5]},
								"west": {"uv": [9, 16], "uv_size": [1, 0.5]}
							}
						},
						{
							"origin": [-0.575, -0.12188, 1.16252],
							"size": [1.15, 0.05, 0.775],
							"uv": {
								"north": {"uv": [16, 9], "uv_size": [1, 0.5]},
								"east": {"uv": [10, 16], "uv_size": [1, 0.5]},
								"south": {"uv": [16, 10], "uv_size": [1, 0.5]},
								"west": {"uv": [16, 11], "uv_size": [1, 0.5]}
							}
						}
					]
				},
				{
					"name": "bone10",
					"parent": "416d_tac_grip",
					"pivot": [0, -6.51562, 10.1875],
					"cubes": [
						{
							"origin": [-0.35937, -0.54687, -1.78125],
							"size": [0.71875, 0.26563, 1.71875],
							"uv": {
								"north": {"uv": [19, 16], "uv_size": [0.5, 0.5]},
								"east": {"uv": [12, 12], "uv_size": [1.5, 0.5]},
								"south": {"uv": [17, 19], "uv_size": [0.5, 0.5]},
								"west": {"uv": [2, 13], "uv_size": [1.5, 0.5]},
								"up": {"uv": [10, 12], "uv_size": [0.5, 1.5]},
								"down": {"uv": [13, 3.5], "uv_size": [0.5, -1.5]}
							}
						},
						{
							"origin": [-0.35937, -0.28125, -1.78125],
							"size": [0.71875, 0.25, 1.71875],
							"uv": {
								"north": {"uv": [19, 17], "uv_size": [0.5, 0.5]},
								"east": {"uv": [13, 4], "uv_size": [1.5, 0.5]},
								"south": {"uv": [18, 19], "uv_size": [0.5, 0.5]},
								"west": {"uv": [13, 5], "uv_size": [1.5, 0.5]},
								"up": {"uv": [6, 13], "uv_size": [0.5, 1.5]},
								"down": {"uv": [13, 7.5], "uv_size": [0.5, -1.5]}
							}
						},
						{
							"origin": [-0.096, -0.36788, -1.80625],
							"size": [0.048, 0.07953, 0.03962],
							"uv": {
								"north": {"uv": [19, 18], "uv_size": [0.5, 0.5]},
								"east": {"uv": [19, 19], "uv_size": [0.5, 0.5]},
								"south": {"uv": [2, 20], "uv_size": [0.5, 0.5]},
								"west": {"uv": [20, 2], "uv_size": [0.5, 0.5]},
								"up": {"uv": [3, 20], "uv_size": [0.5, 0.5]},
								"down": {"uv": [20, 3.5], "uv_size": [0.5, -0.5]}
							}
						},
						{
							"origin": [-0.096, -0.36788, -1.80625],
							"size": [0.048, 0.07953, 0.03962],
							"pivot": [0, -0.32812, -1.77862],
							"rotation": [0, 0, 45],
							"uv": {
								"north": {"uv": [4, 20], "uv_size": [0.5, 0.5]},
								"east": {"uv": [20, 4], "uv_size": [0.5, 0.5]},
								"south": {"uv": [5, 20], "uv_size": [0.5, 0.5]},
								"west": {"uv": [20, 5], "uv_size": [0.5, 0.5]},
								"up": {"uv": [6, 20], "uv_size": [0.5, 0.5]},
								"down": {"uv": [20, 6.5], "uv_size": [0.5, -0.5]}
							}
						},
						{
							"origin": [0.048, -0.36788, -1.80625],
							"size": [0.048, 0.07953, 0.03962],
							"uv": {
								"north": {"uv": [7, 20], "uv_size": [0.5, 0.5]},
								"east": {"uv": [20, 7], "uv_size": [0.5, 0.5]},
								"south": {"uv": [8, 20], "uv_size": [0.5, 0.5]},
								"west": {"uv": [20, 8], "uv_size": [0.5, 0.5]},
								"up": {"uv": [9, 20], "uv_size": [0.5, 0.5]},
								"down": {"uv": [20, 9.5], "uv_size": [0.5, -0.5]}
							}
						},
						{
							"origin": [0.048, -0.36788, -1.80625],
							"size": [0.048, 0.07953, 0.03962],
							"pivot": [0, -0.32812, -1.77862],
							"rotation": [0, 0, 45],
							"uv": {
								"north": {"uv": [10, 20], "uv_size": [0.5, 0.5]},
								"east": {"uv": [20, 10], "uv_size": [0.5, 0.5]},
								"south": {"uv": [11, 20], "uv_size": [0.5, 0.5]},
								"west": {"uv": [20, 11], "uv_size": [0.5, 0.5]},
								"up": {"uv": [12, 20], "uv_size": [0.5, 0.5]},
								"down": {"uv": [20, 12.5], "uv_size": [0.5, -0.5]}
							}
						},
						{
							"origin": [-0.03976, -0.28012, -1.80625],
							"size": [0.07953, 0.048, 0.03962],
							"uv": {
								"north": {"uv": [13, 20], "uv_size": [0.5, 0.5]},
								"east": {"uv": [20, 13], "uv_size": [0.5, 0.5]},
								"south": {"uv": [14, 20], "uv_size": [0.5, 0.5]},
								"west": {"uv": [20, 14], "uv_size": [0.5, 0.5]},
								"up": {"uv": [15, 20], "uv_size": [0.5, 0.5]},
								"down": {"uv": [20, 15.5], "uv_size": [0.5, -0.5]}
							}
						},
						{
							"origin": [-0.03976, -0.28012, -1.80625],
							"size": [0.07953, 0.048, 0.03962],
							"pivot": [0, -0.32812, -1.77862],
							"rotation": [0, 0, 45],
							"uv": {
								"north": {"uv": [16, 20], "uv_size": [0.5, 0.5]},
								"east": {"uv": [20, 16], "uv_size": [0.5, 0.5]},
								"south": {"uv": [17, 20], "uv_size": [0.5, 0.5]},
								"west": {"uv": [20, 17], "uv_size": [0.5, 0.5]},
								"up": {"uv": [18, 20], "uv_size": [0.5, 0.5]},
								"down": {"uv": [20, 18.5], "uv_size": [0.5, -0.5]}
							}
						},
						{
							"origin": [-0.03976, -0.42412, -1.80625],
							"size": [0.07953, 0.048, 0.03962],
							"uv": {
								"north": {"uv": [19, 20], "uv_size": [0.5, 0.5]},
								"east": {"uv": [20, 19], "uv_size": [0.5, 0.5]},
								"south": {"uv": [20, 20], "uv_size": [0.5, 0.5]},
								"west": {"uv": [2, 21], "uv_size": [0.5, 0.5]},
								"up": {"uv": [21, 2], "uv_size": [0.5, 0.5]},
								"down": {"uv": [3, 21.5], "uv_size": [0.5, -0.5]}
							}
						},
						{
							"origin": [-0.03976, -0.42412, -1.80625],
							"size": [0.07953, 0.048, 0.03962],
							"pivot": [0, -0.32812, -1.77862],
							"rotation": [0, 0, 45],
							"uv": {
								"north": {"uv": [21, 3], "uv_size": [0.5, 0.5]},
								"east": {"uv": [4, 21], "uv_size": [0.5, 0.5]},
								"south": {"uv": [21, 4], "uv_size": [0.5, 0.5]},
								"west": {"uv": [5, 21], "uv_size": [0.5, 0.5]},
								"up": {"uv": [21, 5], "uv_size": [0.5, 0.5]},
								"down": {"uv": [6, 21.5], "uv_size": [0.5, -0.5]}
							}
						},
						{
							"origin": [-0.35937, -0.54687, -0.0625],
							"size": [0.71875, 0.39063, 0.25],
							"uv": {
								"north": {"uv": [21, 6], "uv_size": [0.5, 0.5]},
								"east": {"uv": [7, 21], "uv_size": [0.5, 0.5]},
								"south": {"uv": [21, 7], "uv_size": [0.5, 0.5]},
								"west": {"uv": [8, 21], "uv_size": [0.5, 0.5]},
								"up": {"uv": [21, 8], "uv_size": [0.5, 0.5]},
								"down": {"uv": [9, 21.5], "uv_size": [0.5, -0.5]}
							}
						},
						{
							"origin": [0.35938, -0.51562, 0.07813],
							"size": [0.0625, 0.23438, 0.59375],
							"uv": {
								"north": {"uv": [21, 9], "uv_size": [0.5, 0.5]},
								"east": {"uv": [10, 21], "uv_size": [0.5, 0.5]},
								"south": {"uv": [21, 10], "uv_size": [0.5, 0.5]},
								"west": {"uv": [11, 21], "uv_size": [0.5, 0.5]},
								"up": {"uv": [21, 11], "uv_size": [0.5, 0.5]},
								"down": {"uv": [12, 21.5], "uv_size": [0.5, -0.5]}
							}
						},
						{
							"origin": [0.42188, -0.51562, 0.07813],
							"size": [0.01563, 0.23438, 0.07813],
							"uv": {
								"north": {"uv": [21, 12], "uv_size": [0.5, 0.5]},
								"east": {"uv": [13, 21], "uv_size": [0.5, 0.5]},
								"south": {"uv": [21, 13], "uv_size": [0.5, 0.5]},
								"west": {"uv": [14, 21], "uv_size": [0.5, 0.5]},
								"up": {"uv": [21, 14], "uv_size": [0.5, 0.5]},
								"down": {"uv": [15, 21.5], "uv_size": [0.5, -0.5]}
							}
						},
						{
							"origin": [0.42188, -0.51562, 0.20313],
							"size": [0.01563, 0.23438, 0.07813],
							"uv": {
								"north": {"uv": [21, 15], "uv_size": [0.5, 0.5]},
								"east": {"uv": [16, 21], "uv_size": [0.5, 0.5]},
								"south": {"uv": [21, 16], "uv_size": [0.5, 0.5]},
								"west": {"uv": [17, 21], "uv_size": [0.5, 0.5]},
								"up": {"uv": [21, 17], "uv_size": [0.5, 0.5]},
								"down": {"uv": [18, 21.5], "uv_size": [0.5, -0.5]}
							}
						},
						{
							"origin": [0.42188, -0.51562, 0.32813],
							"size": [0.01563, 0.23438, 0.07813],
							"uv": {
								"north": {"uv": [21, 18], "uv_size": [0.5, 0.5]},
								"east": {"uv": [19, 21], "uv_size": [0.5, 0.5]},
								"south": {"uv": [21, 19], "uv_size": [0.5, 0.5]},
								"west": {"uv": [20, 21], "uv_size": [0.5, 0.5]},
								"up": {"uv": [21, 20], "uv_size": [0.5, 0.5]},
								"down": {"uv": [21, 21.5], "uv_size": [0.5, -0.5]}
							}
						},
						{
							"origin": [0.42188, -0.51562, 0.45313],
							"size": [0.01563, 0.23438, 0.07813],
							"uv": {
								"north": {"uv": [2, 22], "uv_size": [0.5, 0.5]},
								"east": {"uv": [22, 2], "uv_size": [0.5, 0.5]},
								"south": {"uv": [3, 22], "uv_size": [0.5, 0.5]},
								"west": {"uv": [22, 3], "uv_size": [0.5, 0.5]},
								"up": {"uv": [4, 22], "uv_size": [0.5, 0.5]},
								"down": {"uv": [22, 4.5], "uv_size": [0.5, -0.5]}
							}
						},
						{
							"origin": [0.42188, -0.51562, 0.57813],
							"size": [0.01563, 0.23438, 0.07813],
							"uv": {
								"north": {"uv": [5, 22], "uv_size": [0.5, 0.5]},
								"east": {"uv": [22, 5], "uv_size": [0.5, 0.5]},
								"south": {"uv": [6, 22], "uv_size": [0.5, 0.5]},
								"west": {"uv": [22, 6], "uv_size": [0.5, 0.5]},
								"up": {"uv": [7, 22], "uv_size": [0.5, 0.5]},
								"down": {"uv": [22, 7.5], "uv_size": [0.5, -0.5]}
							}
						},
						{
							"origin": [-0.42187, -0.51562, 0.07813],
							"size": [0.0625, 0.23438, 0.59375],
							"uv": {
								"north": {"uv": [8, 22], "uv_size": [0.5, 0.5]},
								"east": {"uv": [22, 8], "uv_size": [0.5, 0.5]},
								"south": {"uv": [9, 22], "uv_size": [0.5, 0.5]},
								"west": {"uv": [22, 9], "uv_size": [0.5, 0.5]},
								"up": {"uv": [10, 22], "uv_size": [0.5, 0.5]},
								"down": {"uv": [22, 10.5], "uv_size": [0.5, -0.5]}
							}
						},
						{
							"origin": [-0.4375, -0.51562, 0.07813],
							"size": [0.01563, 0.23438, 0.07813],
							"uv": {
								"north": {"uv": [11, 22], "uv_size": [0.5, 0.5]},
								"east": {"uv": [22, 11], "uv_size": [0.5, 0.5]},
								"south": {"uv": [12, 22], "uv_size": [0.5, 0.5]},
								"west": {"uv": [22, 12], "uv_size": [0.5, 0.5]},
								"up": {"uv": [13, 22], "uv_size": [0.5, 0.5]},
								"down": {"uv": [22, 13.5], "uv_size": [0.5, -0.5]}
							}
						},
						{
							"origin": [-0.4375, -0.51562, 0.20313],
							"size": [0.01563, 0.23438, 0.07813],
							"uv": {
								"north": {"uv": [14, 22], "uv_size": [0.5, 0.5]},
								"east": {"uv": [22, 14], "uv_size": [0.5, 0.5]},
								"south": {"uv": [15, 22], "uv_size": [0.5, 0.5]},
								"west": {"uv": [22, 15], "uv_size": [0.5, 0.5]},
								"up": {"uv": [16, 22], "uv_size": [0.5, 0.5]},
								"down": {"uv": [22, 16.5], "uv_size": [0.5, -0.5]}
							}
						},
						{
							"origin": [-0.4375, -0.51562, 0.32813],
							"size": [0.01563, 0.23438, 0.07813],
							"uv": {
								"north": {"uv": [17, 22], "uv_size": [0.5, 0.5]},
								"east": {"uv": [22, 17], "uv_size": [0.5, 0.5]},
								"south": {"uv": [18, 22], "uv_size": [0.5, 0.5]},
								"west": {"uv": [22, 18], "uv_size": [0.5, 0.5]},
								"up": {"uv": [19, 22], "uv_size": [0.5, 0.5]},
								"down": {"uv": [22, 19.5], "uv_size": [0.5, -0.5]}
							}
						},
						{
							"origin": [-0.4375, -0.51562, 0.45313],
							"size": [0.01563, 0.23438, 0.07813],
							"uv": {
								"north": {"uv": [20, 22], "uv_size": [0.5, 0.5]},
								"east": {"uv": [22, 20], "uv_size": [0.5, 0.5]},
								"south": {"uv": [21, 22], "uv_size": [0.5, 0.5]},
								"west": {"uv": [22, 21], "uv_size": [0.5, 0.5]},
								"up": {"uv": [22, 22], "uv_size": [0.5, 0.5]},
								"down": {"uv": [2, 23.5], "uv_size": [0.5, -0.5]}
							}
						},
						{
							"origin": [-0.4375, -0.51562, 0.57813],
							"size": [0.01563, 0.23438, 0.07813],
							"uv": {
								"north": {"uv": [23, 2], "uv_size": [0.5, 0.5]},
								"east": {"uv": [3, 23], "uv_size": [0.5, 0.5]},
								"south": {"uv": [23, 3], "uv_size": [0.5, 0.5]},
								"west": {"uv": [4, 23], "uv_size": [0.5, 0.5]},
								"up": {"uv": [23, 4], "uv_size": [0.5, 0.5]},
								"down": {"uv": [5, 23.5], "uv_size": [0.5, -0.5]}
							}
						},
						{
							"origin": [0.34375, -0.07812, -1.5625],
							"size": [0.23438, 0.3125, 1.5],
							"uv": {
								"north": {"uv": [23, 5], "uv_size": [0.5, 0.5]},
								"east": {"uv": [7, 13], "uv_size": [1.5, 0.5]},
								"south": {"uv": [6, 23], "uv_size": [0.5, 0.5]},
								"west": {"uv": [13, 8], "uv_size": [1.5, 0.5]},
								"up": {"uv": [9, 13], "uv_size": [0.5, 1.5]},
								"down": {"uv": [11, 14.5], "uv_size": [0.5, -1.5]}
							}
						},
						{
							"origin": [-0.60715, -0.27742, -0.53221],
							"size": [1.21429, 0.08239, 0.19892],
							"pivot": [0.01635, 0.21876, -0.97477],
							"rotation": [22.5, 0, 0],
							"uv": {
								"north": {"uv": [12, 16], "uv_size": [1, 0.5]},
								"east": {"uv": [23, 6], "uv_size": [0.5, 0.5]},
								"south": {"uv": [16, 12], "uv_size": [1, 0.5]},
								"west": {"uv": [7, 23], "uv_size": [0.5, 0.5]},
								"up": {"uv": [13, 16], "uv_size": [1, 0.5]},
								"down": {"uv": [16, 13.5], "uv_size": [1, -0.5]}
							}
						},
						{
							"origin": [-0.60715, 0.23911, -0.36925],
							"size": [1.21429, 0.08239, 0.19892],
							"pivot": [0.01635, 0.21876, -0.97477],
							"rotation": [-22.5, 0, 0],
							"uv": {
								"north": {"uv": [14, 16], "uv_size": [1, 0.5]},
								"east": {"uv": [23, 7], "uv_size": [0.5, 0.5]},
								"south": {"uv": [16, 14], "uv_size": [1, 0.5]},
								"west": {"uv": [8, 23], "uv_size": [0.5, 0.5]},
								"up": {"uv": [15, 16], "uv_size": [1, 0.5]},
								"down": {"uv": [16, 15.5], "uv_size": [1, -0.5]}
							}
						},
						{
							"origin": [-0.60715, -0.33567, -0.47395],
							"size": [1.21429, 0.19892, 0.08239],
							"pivot": [0.01635, 0.21876, -0.97477],
							"rotation": [22.5, 0, 0],
							"uv": {
								"north": {"uv": [16, 16], "uv_size": [1, 0.5]},
								"east": {"uv": [23, 8], "uv_size": [0.5, 0.5]},
								"south": {"uv": [2, 17], "uv_size": [1, 0.5]},
								"west": {"uv": [9, 23], "uv_size": [0.5, 0.5]},
								"up": {"uv": [17, 2], "uv_size": [1, 0.5]},
								"down": {"uv": [3, 17.5], "uv_size": [1, -0.5]}
							}
						},
						{
							"origin": [-0.60715, 0.18084, -0.31099],
							"size": [1.21429, 0.19892, 0.08239],
							"pivot": [0.01635, 0.21876, -0.97477],
							"rotation": [-22.5, 0, 0],
							"uv": {
								"north": {"uv": [17, 3], "uv_size": [1, 0.5]},
								"east": {"uv": [23, 9], "uv_size": [0.5, 0.5]},
								"south": {"uv": [4, 17], "uv_size": [1, 0.5]},
								"west": {"uv": [10, 23], "uv_size": [0.5, 0.5]},
								"up": {"uv": [17, 4], "uv_size": [1, 0.5]},
								"down": {"uv": [5, 17.5], "uv_size": [1, -0.5]}
							}
						},
						{
							"origin": [-0.60715, 0.23911, -1.49425],
							"size": [1.21429, 0.08239, 0.19892],
							"pivot": [0.01635, 0.21876, -2.09977],
							"rotation": [-22.5, 0, 0],
							"uv": {
								"north": {"uv": [17, 5], "uv_size": [1, 0.5]},
								"east": {"uv": [23, 10], "uv_size": [0.5, 0.5]},
								"south": {"uv": [6, 17], "uv_size": [1, 0.5]},
								"west": {"uv": [11, 23], "uv_size": [0.5, 0.5]},
								"up": {"uv": [17, 6], "uv_size": [1, 0.5]},
								"down": {"uv": [7, 17.5], "uv_size": [1, -0.5]}
							}
						},
						{
							"origin": [-0.60715, -0.27742, -1.65721],
							"size": [1.21429, 0.08239, 0.19892],
							"pivot": [0.01635, 0.21876, -2.09977],
							"rotation": [22.5, 0, 0],
							"uv": {
								"north": {"uv": [17, 7], "uv_size": [1, 0.5]},
								"east": {"uv": [23, 11], "uv_size": [0.5, 0.5]},
								"south": {"uv": [8, 17], "uv_size": [1, 0.5]},
								"west": {"uv": [12, 23], "uv_size": [0.5, 0.5]},
								"up": {"uv": [17, 8], "uv_size": [1, 0.5]},
								"down": {"uv": [9, 17.5], "uv_size": [1, -0.5]}
							}
						},
						{
							"origin": [-0.60715, 0.18084, -1.43599],
							"size": [1.21429, 0.19892, 0.08239],
							"pivot": [0.01635, 0.21876, -2.09977],
							"rotation": [-22.5, 0, 0],
							"uv": {
								"north": {"uv": [17, 9], "uv_size": [1, 0.5]},
								"east": {"uv": [23, 12], "uv_size": [0.5, 0.5]},
								"south": {"uv": [10, 17], "uv_size": [1, 0.5]},
								"west": {"uv": [13, 23], "uv_size": [0.5, 0.5]},
								"up": {"uv": [17, 10], "uv_size": [1, 0.5]},
								"down": {"uv": [11, 17.5], "uv_size": [1, -0.5]}
							}
						},
						{
							"origin": [-0.60715, -0.33567, -1.59895],
							"size": [1.21429, 0.19892, 0.08239],
							"pivot": [0.01635, 0.21876, -2.09977],
							"rotation": [22.5, 0, 0],
							"uv": {
								"north": {"uv": [17, 11], "uv_size": [1, 0.5]},
								"east": {"uv": [23, 13], "uv_size": [0.5, 0.5]},
								"south": {"uv": [12, 17], "uv_size": [1, 0.5]},
								"west": {"uv": [14, 23], "uv_size": [0.5, 0.5]},
								"up": {"uv": [17, 12], "uv_size": [1, 0.5]},
								"down": {"uv": [13, 17.5], "uv_size": [1, -0.5]}
							}
						},
						{
							"origin": [0.34375, -0.20312, -1.77759],
							"size": [0.23438, 0.13032, 1.71509],
							"uv": {
								"north": {"uv": [23, 14], "uv_size": [0.5, 0.5]},
								"east": {"uv": [12, 13], "uv_size": [1.5, 0.5]},
								"south": {"uv": [15, 23], "uv_size": [0.5, 0.5]},
								"west": {"uv": [2, 14], "uv_size": [1.5, 0.5]},
								"up": {"uv": [14, 2], "uv_size": [0.5, 1.5]},
								"down": {"uv": [4, 15.5], "uv_size": [0.5, -1.5]}
							}
						},
						{
							"origin": [-0.74374, 0.55332, -1.77759],
							"size": [0.125, 0.11469, 1.71509],
							"pivot": [-1.07187, -1.2123, -0.8125],
							"rotation": [0, 0, 45],
							"uv": {
								"north": {"uv": [23, 15], "uv_size": [0.5, 0.5]},
								"east": {"uv": [14, 6], "uv_size": [1.5, 0.5]},
								"south": {"uv": [16, 23], "uv_size": [0.5, 0.5]},
								"west": {"uv": [7, 14], "uv_size": [1.5, 0.5]},
								"up": {"uv": [5, 14], "uv_size": [0.5, 1.5]},
								"down": {"uv": [14, 10.5], "uv_size": [0.5, -1.5]}
							}
						},
						{
							"origin": [0.61874, 0.55332, -1.77759],
							"size": [0.125, 0.11469, 1.71509],
							"pivot": [1.07187, -1.2123, -0.8125],
							"rotation": [0, 0, -45],
							"uv": {
								"north": {"uv": [23, 16], "uv_size": [0.5, 0.5]},
								"east": {"uv": [14, 7], "uv_size": [1.5, 0.5]},
								"south": {"uv": [17, 23], "uv_size": [0.5, 0.5]},
								"west": {"uv": [14, 11], "uv_size": [1.5, 0.5]},
								"up": {"uv": [10, 14], "uv_size": [0.5, 1.5]},
								"down": {"uv": [12, 15.5], "uv_size": [0.5, -1.5]}
							}
						},
						{
							"origin": [-0.49702, -0.28422, -1.77759],
							"size": [0.99405, 0.0811, 1.71509],
							"uv": {
								"north": {"uv": [17, 13], "uv_size": [1, 0.5]},
								"east": {"uv": [14, 12], "uv_size": [1.5, 0.5]},
								"south": {"uv": [14, 17], "uv_size": [1, 0.5]},
								"west": {"uv": [13, 14], "uv_size": [1.5, 0.5]},
								"up": {"uv": [8, 4], "uv_size": [1, 1.5]},
								"down": {"uv": [6, 9.5], "uv_size": [1, -1.5]}
							}
						},
						{
							"origin": [0.34375, 0.01563, -1.9375],
							"size": [0.23438, 0.21875, 0.375],
							"pivot": [0.125, 0.23438, -1.5625],
							"rotation": [55, 0, 0],
							"uv": {
								"north": {"uv": [23, 17], "uv_size": [0.5, 0.5]},
								"east": {"uv": [18, 23], "uv_size": [0.5, 0.5]},
								"south": {"uv": [23, 18], "uv_size": [0.5, 0.5]},
								"west": {"uv": [19, 23], "uv_size": [0.5, 0.5]},
								"up": {"uv": [23, 19], "uv_size": [0.5, 0.5]},
								"down": {"uv": [20, 23.5], "uv_size": [0.5, -0.5]}
							}
						},
						{
							"origin": [-0.57812, -0.20312, -1.77759],
							"size": [0.23438, 0.13032, 1.71509],
							"uv": {
								"north": {"uv": [23, 20], "uv_size": [0.5, 0.5]},
								"east": {"uv": [14, 13], "uv_size": [1.5, 0.5]},
								"south": {"uv": [21, 23], "uv_size": [0.5, 0.5]},
								"west": {"uv": [2, 15], "uv_size": [1.5, 0.5]},
								"up": {"uv": [15, 2], "uv_size": [0.5, 1.5]},
								"down": {"uv": [15, 5.5], "uv_size": [0.5, -1.5]}
							}
						},
						{
							"origin": [-0.57812, 0.01563, -1.9375],
							"size": [0.23438, 0.21875, 0.375],
							"pivot": [-0.125, 0.23438, -1.5625],
							"rotation": [55, 0, 0],
							"uv": {
								"north": {"uv": [23, 21], "uv_size": [0.5, 0.5]},
								"east": {"uv": [22, 23], "uv_size": [0.5, 0.5]},
								"south": {"uv": [23, 22], "uv_size": [0.5, 0.5]},
								"west": {"uv": [23, 23], "uv_size": [0.5, 0.5]},
								"up": {"uv": [2, 24], "uv_size": [0.5, 0.5]},
								"down": {"uv": [24, 2.5], "uv_size": [0.5, -0.5]}
							}
						},
						{
							"origin": [-0.57812, -0.07812, -1.5625],
							"size": [0.23438, 0.3125, 1.5],
							"uv": {
								"north": {"uv": [3, 24], "uv_size": [0.5, 0.5]},
								"east": {"uv": [6, 15], "uv_size": [1.5, 0.5]},
								"south": {"uv": [24, 3], "uv_size": [0.5, 0.5]},
								"west": {"uv": [8, 15], "uv_size": [1.5, 0.5]},
								"up": {"uv": [15, 8], "uv_size": [0.5, 1.5]},
								"down": {"uv": [11, 16.5], "uv_size": [0.5, -1.5]}
							}
						},
						{
							"origin": [-0.375, -0.79687, -1.78124],
							"size": [0.75, 0.125, 0.46875],
							"uv": {
								"north": {"uv": [17, 14], "uv_size": [1, 0.5]},
								"south": {"uv": [15, 17], "uv_size": [1, 0.5]},
								"down": {"uv": [17, 15.5], "uv_size": [1, -0.5]}
							}
						},
						{
							"origin": [-0.3643, -0.71912, -1.78124],
							"size": [0.177, 0.177, 0.46875],
							"pivot": [-0.375, -0.53143, -4.68749],
							"rotation": [0, 0, 45],
							"uv": {
								"north": {"uv": [4, 24], "uv_size": [0.5, 0.5]},
								"east": {"uv": [24, 4], "uv_size": [0.5, 0.5]},
								"south": {"uv": [5, 24], "uv_size": [0.5, 0.5]},
								"down": {"uv": [24, 5.5], "uv_size": [0.5, -0.5]}
							}
						},
						{
							"origin": [0.1873, -0.71912, -1.78124],
							"size": [0.177, 0.177, 0.46875],
							"pivot": [0.375, -0.53143, -4.68749],
							"rotation": [0, 0, -45],
							"uv": {
								"north": {"uv": [6, 24], "uv_size": [0.5, 0.5]},
								"south": {"uv": [24, 6], "uv_size": [0.5, 0.5]},
								"west": {"uv": [7, 24], "uv_size": [0.5, 0.5]},
								"down": {"uv": [24, 7.5], "uv_size": [0.5, -0.5]}
							}
						},
						{
							"origin": [-0.375, -0.79687, -1.06249],
							"size": [0.75, 0.125, 0.25],
							"uv": {
								"north": {"uv": [16, 17], "uv_size": [1, 0.5]},
								"south": {"uv": [17, 16], "uv_size": [1, 0.5]},
								"down": {"uv": [17, 17.5], "uv_size": [1, -0.5]}
							}
						},
						{
							"origin": [-0.3643, -0.71912, -1.06249],
							"size": [0.177, 0.177, 0.25],
							"pivot": [-0.375, -0.53143, -4.18749],
							"rotation": [0, 0, 45],
							"uv": {
								"north": {"uv": [8, 24], "uv_size": [0.5, 0.5]},
								"east": {"uv": [24, 8], "uv_size": [0.5, 0.5]},
								"south": {"uv": [9, 24], "uv_size": [0.5, 0.5]},
								"down": {"uv": [24, 9.5], "uv_size": [0.5, -0.5]}
							}
						},
						{
							"origin": [0.1873, -0.71912, -1.06249],
							"size": [0.177, 0.177, 0.25],
							"pivot": [0.375, -0.53143, -4.18749],
							"rotation": [0, 0, -45],
							"uv": {
								"north": {"uv": [10, 24], "uv_size": [0.5, 0.5]},
								"south": {"uv": [24, 10], "uv_size": [0.5, 0.5]},
								"west": {"uv": [11, 24], "uv_size": [0.5, 0.5]},
								"down": {"uv": [24, 11.5], "uv_size": [0.5, -0.5]}
							}
						},
						{
							"origin": [-0.375, -0.79687, -0.56249],
							"size": [0.75, 0.125, 0.25],
							"uv": {
								"north": {"uv": [2, 18], "uv_size": [1, 0.5]},
								"south": {"uv": [18, 2], "uv_size": [1, 0.5]},
								"down": {"uv": [3, 18.5], "uv_size": [1, -0.5]}
							}
						},
						{
							"origin": [-0.3643, -0.71912, -0.56249],
							"size": [0.177, 0.177, 0.25],
							"pivot": [-0.375, -0.53143, -3.68749],
							"rotation": [0, 0, 45],
							"uv": {
								"north": {"uv": [12, 24], "uv_size": [0.5, 0.5]},
								"east": {"uv": [24, 12], "uv_size": [0.5, 0.5]},
								"south": {"uv": [13, 24], "uv_size": [0.5, 0.5]},
								"down": {"uv": [24, 13.5], "uv_size": [0.5, -0.5]}
							}
						},
						{
							"origin": [0.1873, -0.71912, -0.56249],
							"size": [0.177, 0.177, 0.25],
							"pivot": [0.375, -0.53143, -3.68749],
							"rotation": [0, 0, -45],
							"uv": {
								"north": {"uv": [14, 24], "uv_size": [0.5, 0.5]},
								"south": {"uv": [24, 14], "uv_size": [0.5, 0.5]},
								"west": {"uv": [15, 24], "uv_size": [0.5, 0.5]},
								"down": {"uv": [24, 15.5], "uv_size": [0.5, -0.5]}
							}
						},
						{
							"origin": [-0.375, -0.79687, -0.06249],
							"size": [0.75, 0.125, 0.25],
							"uv": {
								"north": {"uv": [18, 3], "uv_size": [1, 0.5]},
								"south": {"uv": [4, 18], "uv_size": [1, 0.5]},
								"down": {"uv": [18, 4.5], "uv_size": [1, -0.5]}
							}
						},
						{
							"origin": [-0.3643, -0.71912, -0.06249],
							"size": [0.177, 0.177, 0.25],
							"pivot": [-0.375, -0.53143, -3.18749],
							"rotation": [0, 0, 45],
							"uv": {
								"north": {"uv": [16, 24], "uv_size": [0.5, 0.5]},
								"east": {"uv": [24, 16], "uv_size": [0.5, 0.5]},
								"south": {"uv": [17, 24], "uv_size": [0.5, 0.5]},
								"down": {"uv": [24, 17.5], "uv_size": [0.5, -0.5]}
							}
						},
						{
							"origin": [0.1873, -0.71912, -0.06249],
							"size": [0.177, 0.177, 0.25],
							"pivot": [0.375, -0.53143, -3.18749],
							"rotation": [0, 0, -45],
							"uv": {
								"north": {"uv": [18, 24], "uv_size": [0.5, 0.5]},
								"south": {"uv": [24, 18], "uv_size": [0.5, 0.5]},
								"west": {"uv": [19, 24], "uv_size": [0.5, 0.5]},
								"down": {"uv": [24, 19.5], "uv_size": [0.5, -0.5]}
							}
						},
						{
							"origin": [-0.5, -0.67287, -1.78124],
							"size": [1, 0.001, 1.96875],
							"uv": {
								"north": {"uv": [0, 0], "uv_size": [1, 0]},
								"east": {"uv": [0, 0], "uv_size": [2, 0]},
								"south": {"uv": [0, 0], "uv_size": [1, 0]},
								"west": {"uv": [0, 0], "uv_size": [2, 0]},
								"up": {"uv": [7, 2], "uv_size": [1, 2]},
								"down": {"uv": [4, 9], "uv_size": [1, -2]}
							}
						},
						{
							"origin": [-0.375, -0.67187, -1.78124],
							"size": [0.75, 0.125, 1.96875],
							"uv": {
								"north": {"uv": [5, 18], "uv_size": [1, 0.5]},
								"east": {"uv": [7, 12], "uv_size": [2, 0.5]},
								"south": {"uv": [18, 5], "uv_size": [1, 0.5]},
								"west": {"uv": [12, 9], "uv_size": [2, 0.5]},
								"up": {"uv": [7, 4], "uv_size": [1, 2]}
							}
						}
					]
				},
				{
					"name": "bone11_illuminated",
					"parent": "bone10",
					"pivot": [0, -6.51562, 10.1875],
					"cubes": [
						{
							"origin": [-0.36719, -0.35937, -1.78125],
							"size": [0.73438, 0.07813, 0.46875],
							"uv": {
								"east": {"uv": [20, 24], "uv_size": [0.5, 0.5]},
								"west": {"uv": [24, 20], "uv_size": [0.5, 0.5]}
							}
						},
						{
							"origin": [-0.36719, -0.35937, -0.53125],
							"size": [0.73438, 0.07813, 0.46875],
							"uv": {
								"east": {"uv": [21, 24], "uv_size": [0.5, 0.5]},
								"west": {"uv": [24, 21], "uv_size": [0.5, 0.5]}
							}
						},
						{
							"origin": [-0.36719, -0.35937, -1.15625],
							"size": [0.73438, 0.07813, 0.46875],
							"uv": {
								"east": {"uv": [22, 24], "uv_size": [0.5, 0.5]},
								"west": {"uv": [24, 22], "uv_size": [0.5, 0.5]}
							}
						}
					]
				},
				{
					"name": "laser_beam",
					"pivot": [0, -0.32812, -1.5]
				}
			]
		}
	]
}