{
	"format_version": "1.12.0",
	"minecraft:geometry": [
		{
			"description": {
				"identifier": "geometry.unknown",
				"texture_width": 256,
				"texture_height": 256,
				"visible_bounds_width": 36,
				"visible_bounds_height": 7,
				"visible_bounds_offset": [0, 0.5, 0]
			},
			"bones": [
				{
					"name": "emx_tac_grip",
					"pivot": [0.36601, -1.26388, 0.75002]
				},
				{
					"name": "bone2",
					"parent": "emx_tac_grip",
					"pivot": [0, 0, 0],
					"cubes": [
						{
							"origin": [-0.57813, -0.1875, -0.96509],
							"size": [0.23438, 0.13032, 1.71509],
							"uv": {
								"north": {"uv": [21.5, 5], "uv_size": [-0.5, 0.5]},
								"east": {"uv": [15.5, 7], "uv_size": [-1.5, 0.5]},
								"south": {"uv": [6.5, 21], "uv_size": [-0.5, 0.5]},
								"west": {"uv": [15.5, 5], "uv_size": [-1.5, 0.5]},
								"up": {"uv": [9.5, 14], "uv_size": [-0.5, 1.5]},
								"down": {"uv": [14.5, 10.5], "uv_size": [-0.5, -1.5]}
							}
						},
						{
							"origin": [0.61874, 0.56895, -0.96509],
							"size": [0.125, 0.11469, 1.71509],
							"pivot": [1.07187, -1.19668, 0],
							"rotation": [0, 0, -45],
							"uv": {
								"north": {"uv": [21.5, 6], "uv_size": [-0.5, 0.5]},
								"east": {"uv": [15.5, 11], "uv_size": [-1.5, 0.5]},
								"south": {"uv": [7.5, 21], "uv_size": [-0.5, 0.5]},
								"west": {"uv": [11.5, 14], "uv_size": [-1.5, 0.5]},
								"up": {"uv": [12.5, 14], "uv_size": [-0.5, 1.5]},
								"down": {"uv": [13.5, 15.5], "uv_size": [-0.5, -1.5]}
							}
						},
						{
							"origin": [-0.49703, -0.2686, -0.96509],
							"size": [0.99405, 0.0811, 1.71509],
							"uv": {
								"north": {"uv": [7, 16], "uv_size": [-1, 0.5]},
								"east": {"uv": [16.5, 6], "uv_size": [-1.5, 0.5]},
								"south": {"uv": [8, 16], "uv_size": [-1, 0.5]},
								"west": {"uv": [7.5, 15], "uv_size": [-1.5, 0.5]},
								"up": {"uv": [5, 11], "uv_size": [-1, 1.5]},
								"down": {"uv": [6, 12.5], "uv_size": [-1, -1.5]}
							}
						},
						{
							"origin": [-0.74374, 0.56895, -0.96509],
							"size": [0.125, 0.11469, 1.71509],
							"pivot": [-1.07187, -1.19668, 0],
							"rotation": [0, 0, 45],
							"uv": {
								"north": {"uv": [21.5, 7], "uv_size": [-0.5, 0.5]},
								"east": {"uv": [15.5, 14], "uv_size": [-1.5, 0.5]},
								"south": {"uv": [8.5, 21], "uv_size": [-0.5, 0.5]},
								"west": {"uv": [15.5, 13], "uv_size": [-1.5, 0.5]},
								"up": {"uv": [15.5, 0], "uv_size": [-0.5, 1.5]},
								"down": {"uv": [3.5, 16.5], "uv_size": [-0.5, -1.5]}
							}
						},
						{
							"origin": [0.34374, -0.1875, -0.96509],
							"size": [0.23438, 0.13032, 1.71509],
							"uv": {
								"north": {"uv": [21.5, 11], "uv_size": [-0.5, 0.5]},
								"east": {"uv": [16.5, 9], "uv_size": [-1.5, 0.5]},
								"south": {"uv": [12.5, 21], "uv_size": [-0.5, 0.5]},
								"west": {"uv": [16.5, 8], "uv_size": [-1.5, 0.5]},
								"up": {"uv": [4.5, 15], "uv_size": [-0.5, 1.5]},
								"down": {"uv": [10.5, 16.5], "uv_size": [-0.5, -1.5]}
							}
						},
						{
							"origin": [0.34374, 0.03125, -1.125],
							"size": [0.23438, 0.21875, 0.375],
							"pivot": [0.125, 0.25, -0.75],
							"rotation": [55, 0, 0],
							"uv": {
								"north": {"uv": [21.5, 12], "uv_size": [-0.5, 0.5]},
								"east": {"uv": [14.5, 21], "uv_size": [-0.5, 0.5]},
								"south": {"uv": [21.5, 13], "uv_size": [-0.5, 0.5]},
								"west": {"uv": [13.5, 21], "uv_size": [-0.5, 0.5]},
								"up": {"uv": [21.5, 14], "uv_size": [-0.5, 0.5]},
								"down": {"uv": [15.5, 21.5], "uv_size": [-0.5, -0.5]}
							}
						},
						{
							"origin": [-0.57813, 0.03125, -1.125],
							"size": [0.23438, 0.21875, 0.375],
							"pivot": [-0.125, 0.25, -0.75],
							"rotation": [55, 0, 0],
							"uv": {
								"north": {"uv": [21.5, 8], "uv_size": [-0.5, 0.5]},
								"east": {"uv": [10.5, 21], "uv_size": [-0.5, 0.5]},
								"south": {"uv": [21.5, 9], "uv_size": [-0.5, 0.5]},
								"west": {"uv": [9.5, 21], "uv_size": [-0.5, 0.5]},
								"up": {"uv": [21.5, 10], "uv_size": [-0.5, 0.5]},
								"down": {"uv": [11.5, 21.5], "uv_size": [-0.5, -0.5]}
							}
						},
						{
							"origin": [-0.57813, -0.0625, -0.75],
							"size": [0.23438, 0.3125, 1.5],
							"uv": {
								"north": {"uv": [21.5, 4], "uv_size": [-0.5, 0.5]},
								"east": {"uv": [15.5, 4], "uv_size": [-1.5, 0.5]},
								"south": {"uv": [5.5, 21], "uv_size": [-0.5, 0.5]},
								"west": {"uv": [4.5, 14], "uv_size": [-1.5, 0.5]},
								"up": {"uv": [5.5, 14], "uv_size": [-0.5, 1.5]},
								"down": {"uv": [8.5, 15.5], "uv_size": [-0.5, -1.5]}
							}
						},
						{
							"origin": [-0.60714, -0.32005, 0.33855],
							"size": [1.21429, 0.19892, 0.08239],
							"pivot": [-0.01635, 0.23438, -0.16227],
							"rotation": [22.5, 0, 0],
							"uv": {
								"north": {"uv": [21, 9], "uv_size": [-1, 0.5]},
								"east": {"uv": [26.5, 12], "uv_size": [-0.5, 0.5]},
								"south": {"uv": [11, 20], "uv_size": [-1, 0.5]},
								"west": {"uv": [12.5, 26], "uv_size": [-0.5, 0.5]},
								"up": {"uv": [21, 10], "uv_size": [-1, 0.5]},
								"down": {"uv": [12, 20.5], "uv_size": [-1, -0.5]}
							}
						},
						{
							"origin": [-0.60714, 0.25473, 0.44325],
							"size": [1.21429, 0.08239, 0.19892],
							"pivot": [-0.01635, 0.23438, -0.16227],
							"rotation": [-22.5, 0, 0],
							"uv": {
								"north": {"uv": [21, 7], "uv_size": [-1, 0.5]},
								"east": {"uv": [26.5, 11], "uv_size": [-0.5, 0.5]},
								"south": {"uv": [9, 20], "uv_size": [-1, 0.5]},
								"west": {"uv": [11.5, 26], "uv_size": [-0.5, 0.5]},
								"up": {"uv": [21, 8], "uv_size": [-1, 0.5]},
								"down": {"uv": [10, 20.5], "uv_size": [-1, -0.5]}
							}
						},
						{
							"origin": [-0.60714, -0.26179, 0.28029],
							"size": [1.21429, 0.08239, 0.19892],
							"pivot": [-0.01635, 0.23438, -0.16227],
							"rotation": [22.5, 0, 0],
							"uv": {
								"north": {"uv": [21, 5], "uv_size": [-1, 0.5]},
								"east": {"uv": [26.5, 10], "uv_size": [-0.5, 0.5]},
								"south": {"uv": [7, 20], "uv_size": [-1, 0.5]},
								"west": {"uv": [10.5, 26], "uv_size": [-0.5, 0.5]},
								"up": {"uv": [21, 6], "uv_size": [-1, 0.5]},
								"down": {"uv": [8, 20.5], "uv_size": [-1, -0.5]}
							}
						},
						{
							"origin": [-0.60714, 0.19646, 0.50151],
							"size": [1.21429, 0.19892, 0.08239],
							"pivot": [-0.01635, 0.23438, -0.16227],
							"rotation": [-22.5, 0, 0],
							"uv": {
								"north": {"uv": [21, 3], "uv_size": [-1, 0.5]},
								"east": {"uv": [26.5, 9], "uv_size": [-0.5, 0.5]},
								"south": {"uv": [5, 20], "uv_size": [-1, 0.5]},
								"west": {"uv": [9.5, 26], "uv_size": [-0.5, 0.5]},
								"up": {"uv": [21, 4], "uv_size": [-1, 0.5]},
								"down": {"uv": [6, 20.5], "uv_size": [-1, -0.5]}
							}
						},
						{
							"origin": [-0.60714, -0.26179, -0.84471],
							"size": [1.21429, 0.08239, 0.19892],
							"pivot": [-0.01635, 0.23438, -1.28727],
							"rotation": [22.5, 0, 0],
							"uv": {
								"north": {"uv": [21, 1], "uv_size": [-1, 0.5]},
								"east": {"uv": [26.5, 8], "uv_size": [-0.5, 0.5]},
								"south": {"uv": [3, 20], "uv_size": [-1, 0.5]},
								"west": {"uv": [8.5, 26], "uv_size": [-0.5, 0.5]},
								"up": {"uv": [21, 2], "uv_size": [-1, 0.5]},
								"down": {"uv": [4, 20.5], "uv_size": [-1, -0.5]}
							}
						},
						{
							"origin": [-0.60714, -0.32005, -0.78645],
							"size": [1.21429, 0.19892, 0.08239],
							"pivot": [-0.01635, 0.23438, -1.28727],
							"rotation": [22.5, 0, 0],
							"uv": {
								"north": {"uv": [20, 19], "uv_size": [-1, 0.5]},
								"east": {"uv": [26.5, 7], "uv_size": [-0.5, 0.5]},
								"south": {"uv": [1, 20], "uv_size": [-1, 0.5]},
								"west": {"uv": [7.5, 26], "uv_size": [-0.5, 0.5]},
								"up": {"uv": [21, 0], "uv_size": [-1, 0.5]},
								"down": {"uv": [2, 20.5], "uv_size": [-1, -0.5]}
							}
						},
						{
							"origin": [-0.60714, 0.19646, -0.62349],
							"size": [1.21429, 0.19892, 0.08239],
							"pivot": [-0.01635, 0.23438, -1.28727],
							"rotation": [-22.5, 0, 0],
							"uv": {
								"north": {"uv": [18, 19], "uv_size": [-1, 0.5]},
								"east": {"uv": [26.5, 6], "uv_size": [-0.5, 0.5]},
								"south": {"uv": [20, 17], "uv_size": [-1, 0.5]},
								"west": {"uv": [6.5, 26], "uv_size": [-0.5, 0.5]},
								"up": {"uv": [19, 19], "uv_size": [-1, 0.5]},
								"down": {"uv": [20, 18.5], "uv_size": [-1, -0.5]}
							}
						},
						{
							"origin": [-0.60714, 0.25473, -0.68175],
							"size": [1.21429, 0.08239, 0.19892],
							"pivot": [-0.01635, 0.23438, -1.28727],
							"rotation": [-22.5, 0, 0],
							"uv": {
								"north": {"uv": [16, 19], "uv_size": [-1, 0.5]},
								"east": {"uv": [26.5, 5], "uv_size": [-0.5, 0.5]},
								"south": {"uv": [20, 15], "uv_size": [-1, 0.5]},
								"west": {"uv": [5.5, 26], "uv_size": [-0.5, 0.5]},
								"up": {"uv": [17, 19], "uv_size": [-1, 0.5]},
								"down": {"uv": [20, 16.5], "uv_size": [-1, -0.5]}
							}
						},
						{
							"origin": [0.34374, -0.0625, -0.75],
							"size": [0.23438, 0.3125, 1.5],
							"uv": {
								"north": {"uv": [21.5, 15], "uv_size": [-0.5, 0.5]},
								"east": {"uv": [16.5, 12], "uv_size": [-1.5, 0.5]},
								"south": {"uv": [16.5, 21], "uv_size": [-0.5, 0.5]},
								"west": {"uv": [16.5, 10], "uv_size": [-1.5, 0.5]},
								"up": {"uv": [11.5, 15], "uv_size": [-0.5, 1.5]},
								"down": {"uv": [14.5, 16.5], "uv_size": [-0.5, -1.5]}
							}
						},
						{
							"origin": [-0.35938, -0.26562, -0.96875],
							"size": [0.71875, 0.25, 1.71875],
							"uv": {
								"north": {"uv": [21.5, 3], "uv_size": [-0.5, 0.5]},
								"east": {"uv": [14.5, 12], "uv_size": [-1.5, 0.5]},
								"south": {"uv": [4.5, 21], "uv_size": [-0.5, 0.5]},
								"west": {"uv": [13.5, 13], "uv_size": [-1.5, 0.5]},
								"up": {"uv": [1.5, 14], "uv_size": [-0.5, 1.5]},
								"down": {"uv": [2.5, 15.5], "uv_size": [-0.5, -1.5]}
							}
						},
						{
							"origin": [-0.48438, -0.39062, -0.96875],
							"size": [0.09375, 0.125, 1.71875],
							"uv": {
								"north": {"uv": [21.5, 3], "uv_size": [-0.5, 0.5]},
								"east": {"uv": [14.5, 12], "uv_size": [-1.5, 0.5]},
								"south": {"uv": [4.5, 21], "uv_size": [-0.5, 0.5]},
								"west": {"uv": [13.5, 13], "uv_size": [-1.5, 0.5]},
								"up": {"uv": [1.5, 14], "uv_size": [-0.5, 1.5]},
								"down": {"uv": [2.5, 15.5], "uv_size": [-0.5, -1.5]}
							}
						},
						{
							"origin": [-0.2538, -0.75444, -0.96875],
							"size": [0.1875, 0.125, 1.71875],
							"uv": {
								"north": {"uv": [21.5, 3], "uv_size": [-0.5, 0.5]},
								"east": {"uv": [14.5, 12], "uv_size": [-1.5, 0.5]},
								"south": {"uv": [4.5, 21], "uv_size": [-0.5, 0.5]},
								"west": {"uv": [13.5, 13], "uv_size": [-1.5, 0.5]},
								"up": {"uv": [1.5, 14], "uv_size": [-0.5, 1.5]},
								"down": {"uv": [2.5, 15.5], "uv_size": [-0.5, -1.5]}
							}
						},
						{
							"origin": [0.14062, -0.57812, -0.96875],
							"size": [0.21875, 0.1875, 1.71875],
							"pivot": [0, -0.3125, 0],
							"rotation": [0, 0, -45],
							"uv": {
								"north": {"uv": [21.5, 3], "uv_size": [-0.5, 0.5]},
								"east": {"uv": [14.5, 12], "uv_size": [-1.5, 0.5]},
								"south": {"uv": [4.5, 21], "uv_size": [-0.5, 0.5]},
								"west": {"uv": [13.5, 13], "uv_size": [-1.5, 0.5]},
								"up": {"uv": [1.5, 14], "uv_size": [-0.5, 1.5]},
								"down": {"uv": [2.5, 15.5], "uv_size": [-0.5, -1.5]}
							}
						},
						{
							"origin": [0.01562, -0.57812, -0.96875],
							"size": [0.125, 0.09375, 1.71875],
							"pivot": [0, -0.3125, 0],
							"rotation": [0, 0, -45],
							"uv": {
								"north": {"uv": [21.5, 3], "uv_size": [-0.5, 0.5]},
								"east": {"uv": [14.5, 12], "uv_size": [-1.5, 0.5]},
								"south": {"uv": [4.5, 21], "uv_size": [-0.5, 0.5]},
								"west": {"uv": [13.5, 13], "uv_size": [-1.5, 0.5]},
								"up": {"uv": [1.5, 14], "uv_size": [-0.5, 1.5]},
								"down": {"uv": [2.5, 15.5], "uv_size": [-0.5, -1.5]}
							}
						},
						{
							"origin": [-0.68751, -0.57812, -0.96875],
							"size": [0.17188, 0.09375, 1.71875],
							"pivot": [-0.65625, -0.3125, 0],
							"rotation": [0, 0, -45],
							"uv": {
								"north": {"uv": [21.5, 3], "uv_size": [-0.5, 0.5]},
								"east": {"uv": [14.5, 12], "uv_size": [-1.5, 0.5]},
								"south": {"uv": [4.5, 21], "uv_size": [-0.5, 0.5]},
								"west": {"uv": [13.5, 13], "uv_size": [-1.5, 0.5]},
								"up": {"uv": [1.5, 14], "uv_size": [-0.5, 1.5]},
								"down": {"uv": [2.5, 15.5], "uv_size": [-0.5, -1.5]}
							}
						},
						{
							"origin": [-0.68417, -0.90958, -0.96875],
							"size": [0.16854, 0.42521, 1.71875],
							"pivot": [-0.65625, -0.3125, 0],
							"rotation": [0, 0, -45],
							"uv": {
								"north": {"uv": [21.5, 3], "uv_size": [-0.5, 0.5]},
								"east": {"uv": [14.5, 12], "uv_size": [-1.5, 0.5]},
								"south": {"uv": [4.5, 21], "uv_size": [-0.5, 0.5]},
								"west": {"uv": [13.5, 13], "uv_size": [-1.5, 0.5]},
								"up": {"uv": [1.5, 14], "uv_size": [-0.5, 1.5]},
								"down": {"uv": [2.5, 15.5], "uv_size": [-0.5, -1.5]}
							}
						},
						{
							"origin": [-0.51563, -0.57812, -0.96875],
							"size": [0.21875, 0.1875, 1.71875],
							"pivot": [-0.65625, -0.3125, 0],
							"rotation": [0, 0, -45],
							"uv": {
								"north": {"uv": [21.5, 3], "uv_size": [-0.5, 0.5]},
								"east": {"uv": [14.5, 12], "uv_size": [-1.5, 0.5]},
								"south": {"uv": [4.5, 21], "uv_size": [-0.5, 0.5]},
								"west": {"uv": [13.5, 13], "uv_size": [-1.5, 0.5]},
								"up": {"uv": [1.5, 14], "uv_size": [-0.5, 1.5]},
								"down": {"uv": [2.5, 15.5], "uv_size": [-0.5, -1.5]}
							}
						},
						{
							"origin": [-0.23438, -0.57812, -0.96875],
							"size": [0.25, 0.09375, 0.125],
							"pivot": [0, -0.3125, 0],
							"rotation": [0, 0, -45],
							"uv": {
								"north": {"uv": [21.5, 3], "uv_size": [-0.5, 0.5]},
								"east": {"uv": [14.5, 12], "uv_size": [-1.5, 0.5]},
								"south": {"uv": [4.5, 21], "uv_size": [-0.5, 0.5]},
								"west": {"uv": [13.5, 13], "uv_size": [-1.5, 0.5]},
								"up": {"uv": [1.5, 14], "uv_size": [-0.5, 1.5]},
								"down": {"uv": [2.5, 15.5], "uv_size": [-0.5, -1.5]}
							}
						},
						{
							"origin": [-0.23438, -0.57812, 0.625],
							"size": [0.25, 0.09375, 0.125],
							"pivot": [0, -0.3125, -0.21875],
							"rotation": [0, 0, -45],
							"uv": {
								"north": {"uv": [4, 21], "uv_size": [0.5, 0.5]},
								"east": {"uv": [13, 12], "uv_size": [1.5, 0.5]},
								"south": {"uv": [21, 3], "uv_size": [0.5, 0.5]},
								"west": {"uv": [12, 13], "uv_size": [1.5, 0.5]},
								"up": {"uv": [1.5, 15.5], "uv_size": [-0.5, -1.5]},
								"down": {"uv": [2.5, 14], "uv_size": [-0.5, 1.5]}
							}
						},
						{
							"origin": [-0.23438, -0.57812, 0.10938],
							"size": [0.25, 0.09375, 0.125],
							"pivot": [0, -0.3125, -0.73437],
							"rotation": [0, 0, -45],
							"uv": {
								"north": {"uv": [4, 21], "uv_size": [0.5, 0.5]},
								"east": {"uv": [13, 12], "uv_size": [1.5, 0.5]},
								"south": {"uv": [21, 3], "uv_size": [0.5, 0.5]},
								"west": {"uv": [12, 13], "uv_size": [1.5, 0.5]},
								"up": {"uv": [1.5, 15.5], "uv_size": [-0.5, -1.5]},
								"down": {"uv": [2.5, 14], "uv_size": [-0.5, 1.5]}
							}
						},
						{
							"origin": [-0.23438, -0.57812, -0.42187],
							"size": [0.25, 0.09375, 0.125],
							"pivot": [0, -0.3125, -1.26562],
							"rotation": [0, 0, -45],
							"uv": {
								"north": {"uv": [4, 21], "uv_size": [0.5, 0.5]},
								"east": {"uv": [13, 12], "uv_size": [1.5, 0.5]},
								"south": {"uv": [21, 3], "uv_size": [0.5, 0.5]},
								"west": {"uv": [12, 13], "uv_size": [1.5, 0.5]},
								"up": {"uv": [1.5, 15.5], "uv_size": [-0.5, -1.5]},
								"down": {"uv": [2.5, 14], "uv_size": [-0.5, 1.5]}
							}
						},
						{
							"origin": [-0.35938, -0.57812, -0.96875],
							"size": [0.125, 0.09375, 1.71875],
							"pivot": [0, -0.3125, 0],
							"rotation": [0, 0, -45],
							"uv": {
								"north": {"uv": [21.5, 3], "uv_size": [-0.5, 0.5]},
								"east": {"uv": [14.5, 12], "uv_size": [-1.5, 0.5]},
								"south": {"uv": [4.5, 21], "uv_size": [-0.5, 0.5]},
								"west": {"uv": [13.5, 13], "uv_size": [-1.5, 0.5]},
								"up": {"uv": [1.5, 14], "uv_size": [-0.5, 1.5]},
								"down": {"uv": [2.5, 15.5], "uv_size": [-0.5, -1.5]}
							}
						},
						{
							"origin": [-1.46875, -0.95312, 0.68751],
							"size": [0.0625, 0.23438, 0.59375],
							"uv": {
								"north": {"uv": [29.5, 7], "uv_size": [-0.5, 0.5]},
								"east": {"uv": [9.5, 29], "uv_size": [-0.5, 0.5]},
								"south": {"uv": [29.5, 8], "uv_size": [-0.5, 0.5]},
								"west": {"uv": [8.5, 29], "uv_size": [-0.5, 0.5]},
								"up": {"uv": [29.5, 9], "uv_size": [-0.5, 0.5]},
								"down": {"uv": [10.5, 29.5], "uv_size": [-0.5, -0.5]}
							}
						},
						{
							"origin": [-1.48438, -0.95312, 0.68751],
							"size": [0.01563, 0.23438, 0.07813],
							"uv": {
								"north": {"uv": [29.5, 10], "uv_size": [-0.5, 0.5]},
								"east": {"uv": [12.5, 29], "uv_size": [-0.5, 0.5]},
								"south": {"uv": [29.5, 11], "uv_size": [-0.5, 0.5]},
								"west": {"uv": [11.5, 29], "uv_size": [-0.5, 0.5]},
								"up": {"uv": [29.5, 12], "uv_size": [-0.5, 0.5]},
								"down": {"uv": [13.5, 29.5], "uv_size": [-0.5, -0.5]}
							}
						},
						{
							"origin": [-1.48438, -0.95312, 0.81251],
							"size": [0.01563, 0.23438, 0.07813],
							"uv": {
								"north": {"uv": [29.5, 13], "uv_size": [-0.5, 0.5]},
								"east": {"uv": [15.5, 29], "uv_size": [-0.5, 0.5]},
								"south": {"uv": [29.5, 14], "uv_size": [-0.5, 0.5]},
								"west": {"uv": [14.5, 29], "uv_size": [-0.5, 0.5]},
								"up": {"uv": [29.5, 15], "uv_size": [-0.5, 0.5]},
								"down": {"uv": [16.5, 29.5], "uv_size": [-0.5, -0.5]}
							}
						},
						{
							"origin": [-1.48438, -0.95312, 0.93751],
							"size": [0.01563, 0.23438, 0.07813],
							"uv": {
								"north": {"uv": [29.5, 16], "uv_size": [-0.5, 0.5]},
								"east": {"uv": [18.5, 29], "uv_size": [-0.5, 0.5]},
								"south": {"uv": [29.5, 17], "uv_size": [-0.5, 0.5]},
								"west": {"uv": [17.5, 29], "uv_size": [-0.5, 0.5]},
								"up": {"uv": [29.5, 18], "uv_size": [-0.5, 0.5]},
								"down": {"uv": [19.5, 29.5], "uv_size": [-0.5, -0.5]}
							}
						},
						{
							"origin": [-1.48438, -0.95312, 1.06251],
							"size": [0.01563, 0.23438, 0.07813],
							"uv": {
								"north": {"uv": [29.5, 19], "uv_size": [-0.5, 0.5]},
								"east": {"uv": [21.5, 29], "uv_size": [-0.5, 0.5]},
								"south": {"uv": [29.5, 20], "uv_size": [-0.5, 0.5]},
								"west": {"uv": [20.5, 29], "uv_size": [-0.5, 0.5]},
								"up": {"uv": [29.5, 21], "uv_size": [-0.5, 0.5]},
								"down": {"uv": [22.5, 29.5], "uv_size": [-0.5, -0.5]}
							}
						},
						{
							"origin": [-1.48438, -0.95312, 1.18751],
							"size": [0.01563, 0.23438, 0.07813],
							"uv": {
								"north": {"uv": [29.5, 22], "uv_size": [-0.5, 0.5]},
								"east": {"uv": [24.5, 29], "uv_size": [-0.5, 0.5]},
								"south": {"uv": [29.5, 23], "uv_size": [-0.5, 0.5]},
								"west": {"uv": [23.5, 29], "uv_size": [-0.5, 0.5]},
								"up": {"uv": [29.5, 24], "uv_size": [-0.5, 0.5]},
								"down": {"uv": [25.5, 29.5], "uv_size": [-0.5, -0.5]}
							}
						},
						{
							"origin": [-0.65625, -0.95312, 0.68751],
							"size": [0.0625, 0.23438, 0.59375],
							"uv": {
								"north": {"uv": [29, 7], "uv_size": [0.5, 0.5]},
								"east": {"uv": [8, 29], "uv_size": [0.5, 0.5]},
								"south": {"uv": [29, 8], "uv_size": [0.5, 0.5]},
								"west": {"uv": [9, 29], "uv_size": [0.5, 0.5]},
								"up": {"uv": [29, 9], "uv_size": [0.5, 0.5]},
								"down": {"uv": [10, 29.5], "uv_size": [0.5, -0.5]}
							}
						},
						{
							"origin": [-0.59374, -0.95312, 0.68751],
							"size": [0.01563, 0.23438, 0.07813],
							"uv": {
								"north": {"uv": [29, 10], "uv_size": [0.5, 0.5]},
								"east": {"uv": [11, 29], "uv_size": [0.5, 0.5]},
								"south": {"uv": [29, 11], "uv_size": [0.5, 0.5]},
								"west": {"uv": [12, 29], "uv_size": [0.5, 0.5]},
								"up": {"uv": [29, 12], "uv_size": [0.5, 0.5]},
								"down": {"uv": [13, 29.5], "uv_size": [0.5, -0.5]}
							}
						},
						{
							"origin": [-0.59374, -0.95312, 0.81251],
							"size": [0.01563, 0.23438, 0.07813],
							"uv": {
								"north": {"uv": [29, 13], "uv_size": [0.5, 0.5]},
								"east": {"uv": [14, 29], "uv_size": [0.5, 0.5]},
								"south": {"uv": [29, 14], "uv_size": [0.5, 0.5]},
								"west": {"uv": [15, 29], "uv_size": [0.5, 0.5]},
								"up": {"uv": [29, 15], "uv_size": [0.5, 0.5]},
								"down": {"uv": [16, 29.5], "uv_size": [0.5, -0.5]}
							}
						},
						{
							"origin": [-0.59374, -0.95312, 0.93751],
							"size": [0.01563, 0.23438, 0.07813],
							"uv": {
								"north": {"uv": [29, 16], "uv_size": [0.5, 0.5]},
								"east": {"uv": [17, 29], "uv_size": [0.5, 0.5]},
								"south": {"uv": [29, 17], "uv_size": [0.5, 0.5]},
								"west": {"uv": [18, 29], "uv_size": [0.5, 0.5]},
								"up": {"uv": [29, 18], "uv_size": [0.5, 0.5]},
								"down": {"uv": [19, 29.5], "uv_size": [0.5, -0.5]}
							}
						},
						{
							"origin": [-0.59374, -0.95312, 1.06251],
							"size": [0.01563, 0.23438, 0.07813],
							"uv": {
								"north": {"uv": [29, 19], "uv_size": [0.5, 0.5]},
								"east": {"uv": [20, 29], "uv_size": [0.5, 0.5]},
								"south": {"uv": [29, 20], "uv_size": [0.5, 0.5]},
								"west": {"uv": [21, 29], "uv_size": [0.5, 0.5]},
								"up": {"uv": [29, 21], "uv_size": [0.5, 0.5]},
								"down": {"uv": [22, 29.5], "uv_size": [0.5, -0.5]}
							}
						},
						{
							"origin": [-0.59374, -0.95312, 1.18751],
							"size": [0.01563, 0.23438, 0.07813],
							"uv": {
								"north": {"uv": [29, 22], "uv_size": [0.5, 0.5]},
								"east": {"uv": [23, 29], "uv_size": [0.5, 0.5]},
								"south": {"uv": [29, 23], "uv_size": [0.5, 0.5]},
								"west": {"uv": [24, 29], "uv_size": [0.5, 0.5]},
								"up": {"uv": [29, 24], "uv_size": [0.5, 0.5]},
								"down": {"uv": [25, 29.5], "uv_size": [0.5, -0.5]}
							}
						}
					]
				},
				{
					"name": "be4_illuminated",
					"parent": "bone2",
					"pivot": [-0.95313, -0.5, -0.15625],
					"cubes": [
						{
							"origin": [-1.19531, -0.95312, -2.125],
							"size": [0.78125, 0.07813, 0.46875],
							"inflate": 0.002,
							"pivot": [-0.82813, -0.60937, -0.71875],
							"rotation": [0, 0, 45],
							"uv": {
								"east": {"uv": [30.5, 14], "uv_size": [-0.5, 0.5]},
								"west": {"uv": [14.5, 30], "uv_size": [-0.5, 0.5]}
							}
						},
						{
							"origin": [-1.23732, -1.12794, -2.19531],
							"size": [0.41016, 0.53323, 0.11719],
							"uv": {
								"north": {"uv": [1.5, 26], "uv_size": [-0.5, 0.5]},
								"east": {"uv": [26.5, 2], "uv_size": [-0.5, 0.5]},
								"south": {"uv": [2.5, 26], "uv_size": [-0.5, 0.5]},
								"west": {"uv": [26.5, 1], "uv_size": [-0.5, 0.5]},
								"up": {"uv": [3.5, 26], "uv_size": [-0.5, 0.5]},
								"down": {"uv": [26.5, 3.5], "uv_size": [-0.5, -0.5]}
							}
						},
						{
							"origin": [-1.19531, -0.95312, -1.5],
							"size": [0.78125, 0.07813, 0.46875],
							"inflate": 0.002,
							"pivot": [-0.82813, -0.60937, -0.09375],
							"rotation": [0, 0, 45],
							"uv": {
								"east": {"uv": [30.5, 21], "uv_size": [-0.5, 0.5]},
								"west": {"uv": [21.5, 30], "uv_size": [-0.5, 0.5]}
							}
						}
					]
				},
				{
					"name": "bone10",
					"parent": "bone2",
					"pivot": [0.17187, -8.23437, 13]
				},
				{
					"name": "bone",
					"parent": "bone10",
					"pivot": [-0.6289, 1.68973, -2.625]
				},
				{
					"name": "octagon",
					"parent": "bone10",
					"pivot": [-2.40625, -0.01562, -2]
				},
				{
					"name": "octagon2",
					"parent": "bone10",
					"pivot": [2.75, -4.01562, -1.95312],
					"cubes": [
						{
							"origin": [-1.0821, -1.34375, -0.90625],
							"size": [0.85171, 0.25, 1.59375],
							"pivot": [-0.875, -0.84375, 0.04688],
							"rotation": [0, 0, -45],
							"uv": {
								"north": {"uv": [19.5, 22], "uv_size": [-0.5, 0.5]},
								"east": {"uv": [9, 16], "uv_size": [-1, 0.5]},
								"south": {"uv": [22.5, 19], "uv_size": [-0.5, 0.5]},
								"west": {"uv": [17, 7], "uv_size": [-1, 0.5]},
								"up": {"uv": [9.5, 16], "uv_size": [-0.5, 1]},
								"down": {"uv": [16.5, 12], "uv_size": [-0.5, -1]}
							}
						},
						{
							"origin": [-1.23835, -1.34375, -0.90625],
							"size": [0.57046, 0.25, 1.59375],
							"uv": {
								"north": {"uv": [20.5, 22], "uv_size": [-0.5, 0.5]},
								"east": {"uv": [14, 16], "uv_size": [-1, 0.5]},
								"south": {"uv": [22.5, 20], "uv_size": [-0.5, 0.5]},
								"west": {"uv": [13, 16], "uv_size": [-1, 0.5]},
								"up": {"uv": [16.5, 13], "uv_size": [-0.5, 1]},
								"down": {"uv": [16.5, 15], "uv_size": [-0.5, -1]}
							}
						},
						{
							"origin": [-1.23835, -0.59375, -0.90625],
							"size": [0.41421, 0.25, 1.59375],
							"pivot": [-1.03125, -0.84375, 0.04688],
							"rotation": [0, 0, -45],
							"uv": {
								"north": {"uv": [21.5, 22], "uv_size": [-0.5, 0.5]},
								"east": {"uv": [17, 16], "uv_size": [-1, 0.5]},
								"south": {"uv": [22.5, 21], "uv_size": [-0.5, 0.5]},
								"west": {"uv": [16, 16], "uv_size": [-1, 0.5]},
								"up": {"uv": [0.5, 17], "uv_size": [-0.5, 1]},
								"down": {"uv": [17.5, 1], "uv_size": [-0.5, -1]}
							}
						},
						{
							"origin": [-1.23835, -0.59375, -0.90625],
							"size": [0.57046, 0.25, 1.59375],
							"uv": {
								"north": {"uv": [22.5, 22], "uv_size": [-0.5, 0.5]},
								"east": {"uv": [18, 1], "uv_size": [-1, 0.5]},
								"south": {"uv": [0.5, 23], "uv_size": [-0.5, 0.5]},
								"west": {"uv": [2, 17], "uv_size": [-1, 0.5]},
								"up": {"uv": [3.5, 17], "uv_size": [-0.5, 1]},
								"down": {"uv": [4.5, 18], "uv_size": [-0.5, -1]}
							}
						},
						{
							"origin": [-1.53125, -1.05086, -0.90625],
							"size": [0.25, 0.41421, 1.59375],
							"pivot": [-1.03125, -0.84375, 0.04688],
							"rotation": [0, 0, -45],
							"uv": {
								"north": {"uv": [23.5, 0], "uv_size": [-0.5, 0.5]},
								"east": {"uv": [18, 5], "uv_size": [-1, 0.5]},
								"south": {"uv": [1.5, 23], "uv_size": [-0.5, 0.5]},
								"west": {"uv": [18, 4], "uv_size": [-1, 0.5]},
								"up": {"uv": [6.5, 17], "uv_size": [-0.5, 1]},
								"down": {"uv": [17.5, 7], "uv_size": [-0.5, -1]}
							}
						},
						{
							"origin": [-1.53125, -1.05086, -0.90625],
							"size": [0.25, 0.41421, 1.59375],
							"uv": {
								"north": {"uv": [23.5, 1], "uv_size": [-0.5, 0.5]},
								"east": {"uv": [18, 7], "uv_size": [-1, 0.5]},
								"south": {"uv": [2.5, 23], "uv_size": [-0.5, 0.5]},
								"west": {"uv": [8, 17], "uv_size": [-1, 0.5]},
								"up": {"uv": [8.5, 17], "uv_size": [-0.5, 1]},
								"down": {"uv": [17.5, 9], "uv_size": [-0.5, -1]}
							}
						},
						{
							"origin": [-1.53125, -1.05086, -0.90625],
							"size": [0.25, 0.41421, 1.59375],
							"uv": {
								"north": {"uv": [23.5, 1], "uv_size": [-0.5, 0.5]},
								"east": {"uv": [18, 7], "uv_size": [-1, 0.5]},
								"south": {"uv": [2.5, 23], "uv_size": [-0.5, 0.5]},
								"west": {"uv": [8, 17], "uv_size": [-1, 0.5]},
								"up": {"uv": [8.5, 17], "uv_size": [-0.5, 1]},
								"down": {"uv": [17.5, 9], "uv_size": [-0.5, -1]}
							}
						},
						{
							"origin": [-0.64063, -1.11336, -0.90625],
							"size": [0.26563, 0.47671, 1.59375],
							"pivot": [-0.875, -0.84375, 0.04688],
							"rotation": [0, 0, -45],
							"uv": {
								"north": {"uv": [23.5, 2], "uv_size": [-0.5, 0.5]},
								"east": {"uv": [18, 9], "uv_size": [-1, 0.5]},
								"south": {"uv": [3.5, 23], "uv_size": [-0.5, 0.5]},
								"west": {"uv": [10, 17], "uv_size": [-1, 0.5]},
								"up": {"uv": [10.5, 17], "uv_size": [-0.5, 1]},
								"down": {"uv": [17.5, 11], "uv_size": [-0.5, -1]}
							}
						},
						{
							"origin": [-0.78125, -1.05086, -0.90625],
							"size": [0.25, 0.41421, 1.59375],
							"uv": {
								"north": {"uv": [23.5, 3], "uv_size": [-0.5, 0.5]},
								"east": {"uv": [18, 11], "uv_size": [-1, 0.5]},
								"south": {"uv": [4.5, 23], "uv_size": [-0.5, 0.5]},
								"west": {"uv": [12, 17], "uv_size": [-1, 0.5]},
								"up": {"uv": [12.5, 17], "uv_size": [-0.5, 1]},
								"down": {"uv": [17.5, 13], "uv_size": [-0.5, -1]}
							}
						}
					]
				},
				{
					"name": "octagon3",
					"parent": "bone10",
					"pivot": [2.28125, -3.54687, -2],
					"cubes": [
						{
							"origin": [-1.19093, -1.2275, -2.23906],
							"size": [0.31687, 0.19125, 3.86156],
							"pivot": [-1.0325, -0.845, -0.47],
							"rotation": [0, 0, -45],
							"uv": {
								"north": {"uv": [23.5, 4], "uv_size": [-0.5, 0.5]},
								"east": {"uv": [7, 1], "uv_size": [-4, 0.5]},
								"south": {"uv": [5.5, 23], "uv_size": [-0.5, 0.5]},
								"west": {"uv": [7, 0], "uv_size": [-4, 0.5]},
								"up": {"uv": [3.5, 2], "uv_size": [-0.5, 4]},
								"down": {"uv": [4.5, 6], "uv_size": [-0.5, -4]}
							}
						},
						{
							"origin": [-1.19093, -1.2275, -2.23906],
							"size": [0.31687, 0.19125, 3.86156],
							"uv": {
								"north": {"uv": [23.5, 5], "uv_size": [-0.5, 0.5]},
								"east": {"uv": [9, 3], "uv_size": [-4, 0.5]},
								"south": {"uv": [6.5, 23], "uv_size": [-0.5, 0.5]},
								"west": {"uv": [9, 2], "uv_size": [-4, 0.5]},
								"up": {"uv": [0.5, 5], "uv_size": [-0.5, 4]},
								"down": {"uv": [1.5, 9], "uv_size": [-0.5, -4]}
							}
						},
						{
							"origin": [-1.19093, -0.65375, -2.23906],
							"size": [0.31687, 0.19125, 3.86156],
							"pivot": [-1.0325, -0.845, -0.47],
							"rotation": [0, 0, -45],
							"uv": {
								"north": {"uv": [23.5, 6], "uv_size": [-0.5, 0.5]},
								"east": {"uv": [9, 5], "uv_size": [-4, 0.5]},
								"south": {"uv": [7.5, 23], "uv_size": [-0.5, 0.5]},
								"west": {"uv": [9, 4], "uv_size": [-4, 0.5]},
								"up": {"uv": [2.5, 5], "uv_size": [-0.5, 4]},
								"down": {"uv": [3.5, 10], "uv_size": [-0.5, -4]}
							}
						},
						{
							"origin": [-1.19093, -0.65375, -2.23906],
							"size": [0.31687, 0.19125, 3.86156],
							"uv": {
								"north": {"uv": [23.5, 7], "uv_size": [-0.5, 0.5]},
								"east": {"uv": [11, 0], "uv_size": [-4, 0.5]},
								"south": {"uv": [8.5, 23], "uv_size": [-0.5, 0.5]},
								"west": {"uv": [8, 6], "uv_size": [-4, 0.5]},
								"up": {"uv": [4.5, 7], "uv_size": [-0.5, 4]},
								"down": {"uv": [5.5, 11], "uv_size": [-0.5, -4]}
							}
						},
						{
							"origin": [-1.415, -1.00344, -2.23906],
							"size": [0.19125, 0.31687, 3.86156],
							"pivot": [-1.0325, -0.845, -0.47],
							"rotation": [0, 0, -45],
							"uv": {
								"north": {"uv": [23.5, 8], "uv_size": [-0.5, 0.5]},
								"east": {"uv": [10, 7], "uv_size": [-4, 0.5]},
								"south": {"uv": [9.5, 23], "uv_size": [-0.5, 0.5]},
								"west": {"uv": [11, 1], "uv_size": [-4, 0.5]},
								"up": {"uv": [6.5, 8], "uv_size": [-0.5, 4]},
								"down": {"uv": [7.5, 12], "uv_size": [-0.5, -4]}
							}
						},
						{
							"origin": [-1.415, -1.00344, -2.23906],
							"size": [0.19125, 0.31687, 3.86156],
							"uv": {
								"north": {"uv": [23.5, 9], "uv_size": [-0.5, 0.5]},
								"east": {"uv": [12, 8], "uv_size": [-4, 0.5]},
								"south": {"uv": [10.5, 23], "uv_size": [-0.5, 0.5]},
								"west": {"uv": [12, 6], "uv_size": [-4, 0.5]},
								"up": {"uv": [0.5, 9], "uv_size": [-0.5, 4]},
								"down": {"uv": [1.5, 13], "uv_size": [-0.5, -4]}
							}
						},
						{
							"origin": [-1.415, -0.94094, -2.17656],
							"size": [0.06625, 0.19187, 0.98656],
							"inflate": 0.002,
							"uv": {
								"east": {"uv": [231.5, 51.5], "uv_size": [-28.5, 6]}
							}
						},
						{
							"origin": [-0.84125, -1.00344, -2.23906],
							"size": [0.19125, 0.31687, 3.86156],
							"pivot": [-1.0325, -0.845, -0.47],
							"rotation": [0, 0, -45],
							"uv": {
								"north": {"uv": [23.5, 10], "uv_size": [-0.5, 0.5]},
								"east": {"uv": [13, 3], "uv_size": [-4, 0.5]},
								"south": {"uv": [11.5, 23], "uv_size": [-0.5, 0.5]},
								"west": {"uv": [13, 2], "uv_size": [-4, 0.5]},
								"up": {"uv": [2.5, 9], "uv_size": [-0.5, 4]},
								"down": {"uv": [8.5, 13], "uv_size": [-0.5, -4]}
							}
						},
						{
							"origin": [-1.31, -0.90578, 0.76094],
							"size": [0.54281, 0.12156, 0.86156],
							"pivot": [-1.0325, -0.845, -0.47],
							"rotation": [0, 0, -45],
							"uv": {
								"north": {"uv": [4.5, 26], "uv_size": [-0.5, 0.5]},
								"east": {"uv": [20, 13], "uv_size": [-1, 0.5]},
								"south": {"uv": [26.5, 4], "uv_size": [-0.5, 0.5]},
								"west": {"uv": [14, 19], "uv_size": [-1, 0.5]},
								"up": {"uv": [14.5, 19], "uv_size": [-0.5, 1]},
								"down": {"uv": [19.5, 15], "uv_size": [-0.5, -1]}
							}
						},
						{
							"origin": [-0.84125, -1.00344, -2.23906],
							"size": [0.19125, 0.31687, 3.86156],
							"uv": {
								"north": {"uv": [23.5, 11], "uv_size": [-0.5, 0.5]},
								"east": {"uv": [13, 5], "uv_size": [-4, 0.5]},
								"south": {"uv": [12.5, 23], "uv_size": [-0.5, 0.5]},
								"west": {"uv": [13, 4], "uv_size": [-4, 0.5]},
								"up": {"uv": [9.5, 9], "uv_size": [-0.5, 4]},
								"down": {"uv": [3.5, 14], "uv_size": [-0.5, -4]}
							}
						}
					]
				},
				{
					"name": "bone11_illuminated",
					"parent": "bone10",
					"pivot": [0.17187, -8.23437, 13]
				},
				{
					"name": "octagon4",
					"parent": "bone10",
					"pivot": [-0.72656, -2.60937, -1.45312],
					"cubes": [
						{
							"origin": [-1.21002, -1.41797, -0.32812],
							"size": [0.31066, 1.16406, 0.1875],
							"pivot": [-1.05469, 0.0625, 0.04688],
							"rotation": [0, -45, 0],
							"uv": {
								"north": {"uv": [18.5, 11], "uv_size": [-0.5, 1]},
								"east": {"uv": [13.5, 18], "uv_size": [-0.5, 1]},
								"south": {"uv": [18.5, 12], "uv_size": [-0.5, 1]},
								"west": {"uv": [12.5, 18], "uv_size": [-0.5, 1]},
								"up": {"uv": [23.5, 19], "uv_size": [-0.5, 0.5]},
								"down": {"uv": [20.5, 23.5], "uv_size": [-0.5, -0.5]}
							}
						},
						{
							"origin": [-1.21002, -1.41797, -0.32812],
							"size": [0.31066, 1.16406, 0.1875],
							"uv": {
								"north": {"uv": [18.5, 13], "uv_size": [-0.5, 1]},
								"east": {"uv": [15.5, 18], "uv_size": [-0.5, 1]},
								"south": {"uv": [18.5, 14], "uv_size": [-0.5, 1]},
								"west": {"uv": [14.5, 18], "uv_size": [-0.5, 1]},
								"up": {"uv": [23.5, 20], "uv_size": [-0.5, 0.5]},
								"down": {"uv": [21.5, 23.5], "uv_size": [-0.5, -0.5]}
							}
						},
						{
							"origin": [-1.21002, -1.41797, 0.23438],
							"size": [0.31066, 1.16406, 0.1875],
							"pivot": [-1.05469, 0.0625, 0.04688],
							"rotation": [0, -45, 0],
							"uv": {
								"north": {"uv": [18.5, 15], "uv_size": [-0.5, 1]},
								"east": {"uv": [17.5, 18], "uv_size": [-0.5, 1]},
								"south": {"uv": [18.5, 16], "uv_size": [-0.5, 1]},
								"west": {"uv": [16.5, 18], "uv_size": [-0.5, 1]},
								"up": {"uv": [23.5, 21], "uv_size": [-0.5, 0.5]},
								"down": {"uv": [22.5, 23.5], "uv_size": [-0.5, -0.5]}
							}
						},
						{
							"origin": [-1.21002, -1.41797, 0.23438],
							"size": [0.31066, 1.16406, 0.1875],
							"uv": {
								"north": {"uv": [18.5, 17], "uv_size": [-0.5, 1]},
								"east": {"uv": [19.5, 0], "uv_size": [-0.5, 1]},
								"south": {"uv": [0.5, 19], "uv_size": [-0.5, 1]},
								"west": {"uv": [18.5, 18], "uv_size": [-0.5, 1]},
								"up": {"uv": [23.5, 22], "uv_size": [-0.5, 0.5]},
								"down": {"uv": [23.5, 23.5], "uv_size": [-0.5, -0.5]}
							}
						},
						{
							"origin": [-0.86719, -1.41797, -0.10846],
							"size": [0.1875, 1.16406, 0.31066],
							"pivot": [-1.05469, 0.0625, 0.04688],
							"rotation": [0, -45, 0],
							"uv": {
								"north": {"uv": [1.5, 19], "uv_size": [-0.5, 1]},
								"east": {"uv": [19.5, 2], "uv_size": [-0.5, 1]},
								"south": {"uv": [2.5, 19], "uv_size": [-0.5, 1]},
								"west": {"uv": [19.5, 1], "uv_size": [-0.5, 1]},
								"up": {"uv": [0.5, 24], "uv_size": [-0.5, 0.5]},
								"down": {"uv": [24.5, 0.5], "uv_size": [-0.5, -0.5]}
							}
						},
						{
							"origin": [-0.86719, -1.41797, -0.10846],
							"size": [0.1875, 1.16406, 0.31066],
							"uv": {
								"north": {"uv": [3.5, 19], "uv_size": [-0.5, 1]},
								"east": {"uv": [19.5, 4], "uv_size": [-0.5, 1]},
								"south": {"uv": [4.5, 19], "uv_size": [-0.5, 1]},
								"west": {"uv": [19.5, 3], "uv_size": [-0.5, 1]},
								"up": {"uv": [1.5, 24], "uv_size": [-0.5, 0.5]},
								"down": {"uv": [24.5, 1.5], "uv_size": [-0.5, -0.5]}
							}
						},
						{
							"origin": [-1.42969, -1.41797, -0.10846],
							"size": [0.1875, 1.16406, 0.31066],
							"pivot": [-1.05469, 0.0625, 0.04688],
							"rotation": [0, -45, 0],
							"uv": {
								"north": {"uv": [5.5, 19], "uv_size": [-0.5, 1]},
								"east": {"uv": [19.5, 6], "uv_size": [-0.5, 1]},
								"south": {"uv": [6.5, 19], "uv_size": [-0.5, 1]},
								"west": {"uv": [19.5, 5], "uv_size": [-0.5, 1]},
								"up": {"uv": [2.5, 24], "uv_size": [-0.5, 0.5]},
								"down": {"uv": [24.5, 2.5], "uv_size": [-0.5, -0.5]}
							}
						},
						{
							"origin": [-1.27344, -1.41797, -0.0108],
							"size": [0.42188, 1.16406, 0.11535],
							"pivot": [-1.05469, 0.0625, 0.04688],
							"rotation": [0, -45, 0],
							"uv": {
								"north": {"uv": [9.5, 19], "uv_size": [-0.5, 1]},
								"east": {"uv": [19.5, 10], "uv_size": [-0.5, 1]},
								"south": {"uv": [10.5, 19], "uv_size": [-0.5, 1]},
								"west": {"uv": [19.5, 9], "uv_size": [-0.5, 1]},
								"up": {"uv": [4.5, 24], "uv_size": [-0.5, 0.5]},
								"down": {"uv": [24.5, 4.5], "uv_size": [-0.5, -0.5]}
							}
						},
						{
							"origin": [-1.42969, -1.41797, -0.10846],
							"size": [0.1875, 1.16406, 0.31066],
							"uv": {
								"north": {"uv": [7.5, 19], "uv_size": [-0.5, 1]},
								"east": {"uv": [19.5, 8], "uv_size": [-0.5, 1]},
								"south": {"uv": [8.5, 19], "uv_size": [-0.5, 1]},
								"west": {"uv": [19.5, 7], "uv_size": [-0.5, 1]},
								"up": {"uv": [3.5, 24], "uv_size": [-0.5, 0.5]},
								"down": {"uv": [24.5, 3.5], "uv_size": [-0.5, -0.5]}
							}
						}
					]
				},
				{
					"name": "octagon5",
					"parent": "bone10",
					"pivot": [-0.47656, -0.57812, -1.14062],
					"rotation": [0, 0, -90],
					"cubes": [
						{
							"origin": [-0.86333, 0.375, -0.24062],
							"size": [0.24853, 0.18125, 0.15],
							"pivot": [-0.73906, 1.55938, 0.05938],
							"rotation": [0, -45, 0],
							"uv": {
								"north": {"uv": [18.5, 11], "uv_size": [-0.5, 1]},
								"east": {"uv": [13.5, 18], "uv_size": [-0.5, 1]},
								"south": {"uv": [18.5, 12], "uv_size": [-0.5, 1]},
								"west": {"uv": [12.5, 18], "uv_size": [-0.5, 1]},
								"up": {"uv": [23.5, 19], "uv_size": [-0.5, 0.5]},
								"down": {"uv": [20.5, 23.5], "uv_size": [-0.5, -0.5]}
							}
						},
						{
							"origin": [-0.86333, 0.375, -0.24062],
							"size": [0.24853, 0.18125, 0.15],
							"uv": {
								"north": {"uv": [18.5, 13], "uv_size": [-0.5, 1]},
								"east": {"uv": [15.5, 18], "uv_size": [-0.5, 1]},
								"south": {"uv": [18.5, 14], "uv_size": [-0.5, 1]},
								"west": {"uv": [14.5, 18], "uv_size": [-0.5, 1]},
								"up": {"uv": [23.5, 20], "uv_size": [-0.5, 0.5]},
								"down": {"uv": [21.5, 23.5], "uv_size": [-0.5, -0.5]}
							}
						},
						{
							"origin": [-0.86333, 0.375, 0.20938],
							"size": [0.24853, 0.18125, 0.15],
							"pivot": [-0.73906, 1.55938, 0.05938],
							"rotation": [0, -45, 0],
							"uv": {
								"north": {"uv": [18.5, 15], "uv_size": [-0.5, 1]},
								"east": {"uv": [17.5, 18], "uv_size": [-0.5, 1]},
								"south": {"uv": [18.5, 16], "uv_size": [-0.5, 1]},
								"west": {"uv": [16.5, 18], "uv_size": [-0.5, 1]},
								"up": {"uv": [23.5, 21], "uv_size": [-0.5, 0.5]},
								"down": {"uv": [22.5, 23.5], "uv_size": [-0.5, -0.5]}
							}
						},
						{
							"origin": [-0.86333, 0.375, 0.20938],
							"size": [0.24853, 0.18125, 0.15],
							"uv": {
								"north": {"uv": [18.5, 17], "uv_size": [-0.5, 1]},
								"east": {"uv": [19.5, 0], "uv_size": [-0.5, 1]},
								"south": {"uv": [0.5, 19], "uv_size": [-0.5, 1]},
								"west": {"uv": [18.5, 18], "uv_size": [-0.5, 1]},
								"up": {"uv": [23.5, 22], "uv_size": [-0.5, 0.5]},
								"down": {"uv": [23.5, 23.5], "uv_size": [-0.5, -0.5]}
							}
						},
						{
							"origin": [-0.58906, 0.375, -0.06489],
							"size": [0.15, 0.18125, 0.24853],
							"pivot": [-0.73906, 1.55938, 0.05938],
							"rotation": [0, -45, 0],
							"uv": {
								"north": {"uv": [1.5, 19], "uv_size": [-0.5, 1]},
								"east": {"uv": [19.5, 2], "uv_size": [-0.5, 1]},
								"south": {"uv": [2.5, 19], "uv_size": [-0.5, 1]},
								"west": {"uv": [19.5, 1], "uv_size": [-0.5, 1]},
								"up": {"uv": [0.5, 24], "uv_size": [-0.5, 0.5]},
								"down": {"uv": [24.5, 0.5], "uv_size": [-0.5, -0.5]}
							}
						},
						{
							"origin": [-0.58906, 0.375, -0.06489],
							"size": [0.15, 0.18125, 0.24853],
							"uv": {
								"north": {"uv": [3.5, 19], "uv_size": [-0.5, 1]},
								"east": {"uv": [19.5, 4], "uv_size": [-0.5, 1]},
								"south": {"uv": [4.5, 19], "uv_size": [-0.5, 1]},
								"west": {"uv": [19.5, 3], "uv_size": [-0.5, 1]},
								"up": {"uv": [1.5, 24], "uv_size": [-0.5, 0.5]},
								"down": {"uv": [24.5, 1.5], "uv_size": [-0.5, -0.5]}
							}
						},
						{
							"origin": [-1.03906, 0.375, -0.06489],
							"size": [0.15, 0.18125, 0.24853],
							"pivot": [-0.73906, 1.55938, 0.05938],
							"rotation": [0, -45, 0],
							"uv": {
								"north": {"uv": [5.5, 19], "uv_size": [-0.5, 1]},
								"east": {"uv": [19.5, 6], "uv_size": [-0.5, 1]},
								"south": {"uv": [6.5, 19], "uv_size": [-0.5, 1]},
								"west": {"uv": [19.5, 5], "uv_size": [-0.5, 1]},
								"up": {"uv": [2.5, 24], "uv_size": [-0.5, 0.5]},
								"down": {"uv": [24.5, 2.5], "uv_size": [-0.5, -0.5]}
							}
						},
						{
							"origin": [-0.91406, 0.375, 0.01324],
							"size": [0.3375, 0.18125, 0.09228],
							"pivot": [-0.73906, 1.55938, 0.05938],
							"rotation": [0, -45, 0],
							"uv": {
								"north": {"uv": [9.5, 19], "uv_size": [-0.5, 1]},
								"east": {"uv": [19.5, 10], "uv_size": [-0.5, 1]},
								"south": {"uv": [10.5, 19], "uv_size": [-0.5, 1]},
								"west": {"uv": [19.5, 9], "uv_size": [-0.5, 1]},
								"up": {"uv": [4.5, 24], "uv_size": [-0.5, 0.5]},
								"down": {"uv": [24.5, 4.5], "uv_size": [-0.5, -0.5]}
							}
						},
						{
							"origin": [-1.03906, 0.375, -0.06489],
							"size": [0.15, 0.18125, 0.24853],
							"uv": {
								"north": {"uv": [7.5, 19], "uv_size": [-0.5, 1]},
								"east": {"uv": [19.5, 8], "uv_size": [-0.5, 1]},
								"south": {"uv": [8.5, 19], "uv_size": [-0.5, 1]},
								"west": {"uv": [19.5, 7], "uv_size": [-0.5, 1]},
								"up": {"uv": [3.5, 24], "uv_size": [-0.5, 0.5]},
								"down": {"uv": [24.5, 3.5], "uv_size": [-0.5, -0.5]}
							}
						}
					]
				},
				{
					"name": "bone3",
					"parent": "bone2",
					"pivot": [-1.96211, 1.0955, -0.49998],
					"rotation": [0, 0, -45],
					"cubes": [
						{
							"origin": [-2.6875, -1.73437, -0.84375],
							"size": [0.71875, 0.39063, 1.46875],
							"uv": {
								"north": {"uv": [13.5, 26], "uv_size": [-0.5, 0.5]},
								"east": {"uv": [17.5, 3], "uv_size": [-1.5, 0.5]},
								"south": {"uv": [26.5, 13], "uv_size": [-0.5, 0.5]},
								"west": {"uv": [17.5, 2], "uv_size": [-1.5, 0.5]},
								"up": {"uv": [16.5, 4], "uv_size": [-0.5, 1.5]},
								"down": {"uv": [5.5, 17.5], "uv_size": [-0.5, -1.5]}
							}
						},
						{
							"origin": [-2.6875, -1.73437, 0.625],
							"size": [0.71875, 0.07813, 0.375],
							"uv": {
								"north": {"uv": [27.5, 21], "uv_size": [-0.5, 0.5]},
								"east": {"uv": [23.5, 27], "uv_size": [-0.5, 0.5]},
								"south": {"uv": [27.5, 22], "uv_size": [-0.5, 0.5]},
								"west": {"uv": [22.5, 27], "uv_size": [-0.5, 0.5]},
								"up": {"uv": [27.5, 23], "uv_size": [-0.5, 0.5]},
								"down": {"uv": [24.5, 27.5], "uv_size": [-0.5, -0.5]}
							}
						},
						{
							"origin": [-2.6875, -1.73437, -1.20312],
							"size": [0.71875, 0.07813, 0.35938],
							"uv": {
								"north": {"uv": [1.5, 28], "uv_size": [-0.5, 0.5]},
								"east": {"uv": [28.5, 2], "uv_size": [-0.5, 0.5]},
								"south": {"uv": [2.5, 28], "uv_size": [-0.5, 0.5]},
								"west": {"uv": [28.5, 1], "uv_size": [-0.5, 0.5]},
								"up": {"uv": [3.5, 28], "uv_size": [-0.5, 0.5]},
								"down": {"uv": [28.5, 3.5], "uv_size": [-0.5, -0.5]}
							}
						},
						{
							"origin": [-2.70313, -1.98437, -1.21874],
							"size": [0.75, 0.125, 0.46875],
							"uv": {
								"north": {"uv": [21, 11], "uv_size": [-1, 0.5]},
								"south": {"uv": [13, 20], "uv_size": [-1, 0.5]},
								"down": {"uv": [21, 12.5], "uv_size": [-1, -0.5]}
							}
						},
						{
							"origin": [-2.14083, -1.90662, -1.21874],
							"size": [0.177, 0.177, 0.46875],
							"pivot": [-1.95313, -1.71893, -4.12499],
							"rotation": [0, 0, -45],
							"uv": {
								"north": {"uv": [17.5, 26], "uv_size": [-0.5, 0.5]},
								"south": {"uv": [18.5, 26], "uv_size": [-0.5, 0.5]},
								"west": {"uv": [26.5, 17], "uv_size": [-0.5, 0.5]},
								"down": {"uv": [26.5, 18.5], "uv_size": [-0.5, -0.5]}
							}
						},
						{
							"origin": [-2.69243, -1.90662, -1.21874],
							"size": [0.177, 0.177, 0.46875],
							"pivot": [-2.70313, -1.71893, -4.12499],
							"rotation": [0, 0, 45],
							"uv": {
								"north": {"uv": [19.5, 26], "uv_size": [-0.5, 0.5]},
								"east": {"uv": [20.5, 26], "uv_size": [-0.5, 0.5]},
								"south": {"uv": [26.5, 19], "uv_size": [-0.5, 0.5]},
								"down": {"uv": [26.5, 20.5], "uv_size": [-0.5, -0.5]}
							}
						},
						{
							"origin": [-2.70313, -1.98437, -0.49999],
							"size": [0.75, 0.125, 0.25],
							"uv": {
								"north": {"uv": [14, 20], "uv_size": [-1, 0.5]},
								"south": {"uv": [21, 13], "uv_size": [-1, 0.5]},
								"down": {"uv": [15, 20.5], "uv_size": [-1, -0.5]}
							}
						},
						{
							"origin": [-2.14083, -1.90662, -0.49999],
							"size": [0.177, 0.177, 0.25],
							"pivot": [-1.95313, -1.71893, -3.62499],
							"rotation": [0, 0, -45],
							"uv": {
								"north": {"uv": [21.5, 26], "uv_size": [-0.5, 0.5]},
								"south": {"uv": [22.5, 26], "uv_size": [-0.5, 0.5]},
								"west": {"uv": [26.5, 21], "uv_size": [-0.5, 0.5]},
								"down": {"uv": [26.5, 22.5], "uv_size": [-0.5, -0.5]}
							}
						},
						{
							"origin": [-2.69243, -1.90662, -0.49999],
							"size": [0.177, 0.177, 0.25],
							"pivot": [-2.70313, -1.71893, -3.62499],
							"rotation": [0, 0, 45],
							"uv": {
								"north": {"uv": [23.5, 26], "uv_size": [-0.5, 0.5]},
								"east": {"uv": [24.5, 26], "uv_size": [-0.5, 0.5]},
								"south": {"uv": [26.5, 23], "uv_size": [-0.5, 0.5]},
								"down": {"uv": [26.5, 24.5], "uv_size": [-0.5, -0.5]}
							}
						},
						{
							"origin": [-2.70313, -1.98437, 0.00001],
							"size": [0.75, 0.125, 0.25],
							"uv": {
								"north": {"uv": [21, 14], "uv_size": [-1, 0.5]},
								"south": {"uv": [16, 20], "uv_size": [-1, 0.5]},
								"down": {"uv": [21, 15.5], "uv_size": [-1, -0.5]}
							}
						},
						{
							"origin": [-2.14083, -1.90662, 0.00001],
							"size": [0.177, 0.177, 0.25],
							"pivot": [-1.95313, -1.71893, -3.12499],
							"rotation": [0, 0, -45],
							"uv": {
								"north": {"uv": [25.5, 26], "uv_size": [-0.5, 0.5]},
								"south": {"uv": [26.5, 26], "uv_size": [-0.5, 0.5]},
								"west": {"uv": [26.5, 25], "uv_size": [-0.5, 0.5]},
								"down": {"uv": [0.5, 27.5], "uv_size": [-0.5, -0.5]}
							}
						},
						{
							"origin": [-2.69243, -1.90662, 0.00001],
							"size": [0.177, 0.177, 0.25],
							"pivot": [-2.70313, -1.71893, -3.12499],
							"rotation": [0, 0, 45],
							"uv": {
								"north": {"uv": [27.5, 0], "uv_size": [-0.5, 0.5]},
								"east": {"uv": [27.5, 1], "uv_size": [-0.5, 0.5]},
								"south": {"uv": [1.5, 27], "uv_size": [-0.5, 0.5]},
								"down": {"uv": [2.5, 27.5], "uv_size": [-0.5, -0.5]}
							}
						},
						{
							"origin": [-2.70313, -1.98437, 0.50001],
							"size": [0.75, 0.125, 0.5],
							"uv": {
								"north": {"uv": [17, 20], "uv_size": [-1, 0.5]},
								"south": {"uv": [21, 16], "uv_size": [-1, 0.5]},
								"down": {"uv": [18, 20.5], "uv_size": [-1, -0.5]}
							}
						},
						{
							"origin": [-2.14083, -1.90662, 0.50001],
							"size": [0.177, 0.177, 0.5],
							"pivot": [-1.95313, -1.71893, -2.62499],
							"rotation": [0, 0, -45],
							"uv": {
								"north": {"uv": [27.5, 2], "uv_size": [-0.5, 0.5]},
								"south": {"uv": [27.5, 3], "uv_size": [-0.5, 0.5]},
								"west": {"uv": [3.5, 27], "uv_size": [-0.5, 0.5]},
								"down": {"uv": [4.5, 27.5], "uv_size": [-0.5, -0.5]}
							}
						},
						{
							"origin": [-2.69243, -1.90662, 0.50001],
							"size": [0.177, 0.177, 0.5],
							"pivot": [-2.70313, -1.71893, -2.62499],
							"rotation": [0, 0, 45],
							"uv": {
								"north": {"uv": [27.5, 4], "uv_size": [-0.5, 0.5]},
								"east": {"uv": [27.5, 5], "uv_size": [-0.5, 0.5]},
								"south": {"uv": [5.5, 27], "uv_size": [-0.5, 0.5]},
								"down": {"uv": [6.5, 27.5], "uv_size": [-0.5, -0.5]}
							}
						},
						{
							"origin": [-2.82813, -1.86037, -0.96874],
							"size": [1, 0.001, 1.46875],
							"uv": {
								"north": {"uv": [1, 0], "uv_size": [-1, 0]},
								"east": {"uv": [2, 0], "uv_size": [-2, 0]},
								"south": {"uv": [1, 0], "uv_size": [-1, 0]},
								"west": {"uv": [2, 0], "uv_size": [-2, 0]},
								"up": {"uv": [11, 9], "uv_size": [-1, 2]},
								"down": {"uv": [12, 2], "uv_size": [-1, -2]}
							}
						},
						{
							"origin": [-2.70313, -1.85937, -1.21874],
							"size": [0.75, 0.125, 2.21875],
							"uv": {
								"north": {"uv": [21, 17], "uv_size": [-1, 0.5]},
								"east": {"uv": [15.5, 3], "uv_size": [-2.5, 0.5]},
								"south": {"uv": [19, 20], "uv_size": [-1, 0.5]},
								"west": {"uv": [15.5, 2], "uv_size": [-2.5, 0.5]},
								"up": {"uv": [3, 2], "uv_size": [-1, 2.5]}
							}
						}
					]
				},
				{
					"name": "emx_tac_grip2",
					"parent": "bone3",
					"pivot": [-2.67851, -2.23263, 0.75002]
				},
				{
					"name": "bone4",
					"parent": "emx_tac_grip2",
					"pivot": [-2.3125, -8.46875, 11],
					"cubes": [
						{
							"origin": [-2.67187, -2.5, -0.96875],
							"size": [0.71875, 0.26563, 1.71875],
							"uv": {
								"north": {"uv": [15, 25], "uv_size": [0.5, 0.5]},
								"east": {"uv": [17, 21], "uv_size": [1.5, 0.5]},
								"south": {"uv": [25, 15], "uv_size": [0.5, 0.5]},
								"west": {"uv": [21, 17], "uv_size": [1.5, 0.5]},
								"up": {"uv": [21, 18], "uv_size": [0.5, 1.5]},
								"down": {"uv": [21, 21.5], "uv_size": [0.5, -1.5]}
							}
						},
						{
							"origin": [-2.67187, -2.23437, -0.96875],
							"size": [0.71875, 0.25, 1.71875],
							"uv": {
								"north": {"uv": [16, 25], "uv_size": [0.5, 0.5]},
								"east": {"uv": [4, 22], "uv_size": [1.5, 0.5]},
								"south": {"uv": [25, 16], "uv_size": [0.5, 0.5]},
								"west": {"uv": [6, 22], "uv_size": [1.5, 0.5]},
								"up": {"uv": [22, 3], "uv_size": [0.5, 1.5]},
								"down": {"uv": [22, 6.5], "uv_size": [0.5, -1.5]}
							}
						},
						{
							"origin": [-2.4085, -2.32101, -0.99375],
							"size": [0.048, 0.07953, 0.03962],
							"uv": {
								"north": {"uv": [17, 25], "uv_size": [0.5, 0.5]},
								"east": {"uv": [25, 17], "uv_size": [0.5, 0.5]},
								"south": {"uv": [18, 25], "uv_size": [0.5, 0.5]},
								"west": {"uv": [25, 18], "uv_size": [0.5, 0.5]},
								"up": {"uv": [19, 25], "uv_size": [0.5, 0.5]},
								"down": {"uv": [25, 19.5], "uv_size": [0.5, -0.5]}
							}
						},
						{
							"origin": [-2.4085, -2.32101, -0.99375],
							"size": [0.048, 0.07953, 0.03962],
							"pivot": [-2.3125, -2.28125, -0.96612],
							"rotation": [0, 0, 45],
							"uv": {
								"north": {"uv": [20, 25], "uv_size": [0.5, 0.5]},
								"east": {"uv": [25, 20], "uv_size": [0.5, 0.5]},
								"south": {"uv": [21, 25], "uv_size": [0.5, 0.5]},
								"west": {"uv": [25, 21], "uv_size": [0.5, 0.5]},
								"up": {"uv": [22, 25], "uv_size": [0.5, 0.5]},
								"down": {"uv": [25, 22.5], "uv_size": [0.5, -0.5]}
							}
						},
						{
							"origin": [-2.2645, -2.32101, -0.99375],
							"size": [0.048, 0.07953, 0.03962],
							"uv": {
								"north": {"uv": [23, 25], "uv_size": [0.5, 0.5]},
								"east": {"uv": [25, 23], "uv_size": [0.5, 0.5]},
								"south": {"uv": [24, 25], "uv_size": [0.5, 0.5]},
								"west": {"uv": [25, 24], "uv_size": [0.5, 0.5]},
								"up": {"uv": [25, 25], "uv_size": [0.5, 0.5]},
								"down": {"uv": [14, 26.5], "uv_size": [0.5, -0.5]}
							}
						},
						{
							"origin": [-2.2645, -2.32101, -0.99375],
							"size": [0.048, 0.07953, 0.03962],
							"pivot": [-2.3125, -2.28125, -0.96612],
							"rotation": [0, 0, 45],
							"uv": {
								"north": {"uv": [26, 14], "uv_size": [0.5, 0.5]},
								"east": {"uv": [15, 26], "uv_size": [0.5, 0.5]},
								"south": {"uv": [26, 15], "uv_size": [0.5, 0.5]},
								"west": {"uv": [16, 26], "uv_size": [0.5, 0.5]},
								"up": {"uv": [26, 16], "uv_size": [0.5, 0.5]},
								"down": {"uv": [27, 7.5], "uv_size": [0.5, -0.5]}
							}
						},
						{
							"origin": [-2.35226, -2.23325, -0.99375],
							"size": [0.07953, 0.048, 0.03962],
							"uv": {
								"north": {"uv": [8, 27], "uv_size": [0.5, 0.5]},
								"east": {"uv": [27, 8], "uv_size": [0.5, 0.5]},
								"south": {"uv": [9, 27], "uv_size": [0.5, 0.5]},
								"west": {"uv": [27, 9], "uv_size": [0.5, 0.5]},
								"up": {"uv": [10, 27], "uv_size": [0.5, 0.5]},
								"down": {"uv": [27, 10.5], "uv_size": [0.5, -0.5]}
							}
						},
						{
							"origin": [-2.35226, -2.23325, -0.99375],
							"size": [0.07953, 0.048, 0.03962],
							"pivot": [-2.3125, -2.28125, -0.96612],
							"rotation": [0, 0, 45],
							"uv": {
								"north": {"uv": [11, 27], "uv_size": [0.5, 0.5]},
								"east": {"uv": [27, 11], "uv_size": [0.5, 0.5]},
								"south": {"uv": [12, 27], "uv_size": [0.5, 0.5]},
								"west": {"uv": [27, 12], "uv_size": [0.5, 0.5]},
								"up": {"uv": [13, 27], "uv_size": [0.5, 0.5]},
								"down": {"uv": [27, 13.5], "uv_size": [0.5, -0.5]}
							}
						},
						{
							"origin": [-2.35226, -2.37725, -0.99375],
							"size": [0.07953, 0.048, 0.03962],
							"uv": {
								"north": {"uv": [14, 27], "uv_size": [0.5, 0.5]},
								"east": {"uv": [27, 14], "uv_size": [0.5, 0.5]},
								"south": {"uv": [15, 27], "uv_size": [0.5, 0.5]},
								"west": {"uv": [27, 15], "uv_size": [0.5, 0.5]},
								"up": {"uv": [16, 27], "uv_size": [0.5, 0.5]},
								"down": {"uv": [27, 16.5], "uv_size": [0.5, -0.5]}
							}
						},
						{
							"origin": [-2.35226, -2.37725, -0.99375],
							"size": [0.07953, 0.048, 0.03962],
							"pivot": [-2.3125, -2.28125, -0.96612],
							"rotation": [0, 0, 45],
							"uv": {
								"north": {"uv": [17, 27], "uv_size": [0.5, 0.5]},
								"east": {"uv": [27, 17], "uv_size": [0.5, 0.5]},
								"south": {"uv": [18, 27], "uv_size": [0.5, 0.5]},
								"west": {"uv": [27, 18], "uv_size": [0.5, 0.5]},
								"up": {"uv": [19, 27], "uv_size": [0.5, 0.5]},
								"down": {"uv": [27, 19.5], "uv_size": [0.5, -0.5]}
							}
						},
						{
							"origin": [-2.67187, -2.5, 0.75],
							"size": [0.71875, 0.39063, 0.25],
							"uv": {
								"north": {"uv": [20, 27], "uv_size": [0.5, 0.5]},
								"east": {"uv": [27, 20], "uv_size": [0.5, 0.5]},
								"south": {"uv": [21, 27], "uv_size": [0.5, 0.5]},
								"west": {"uv": [27, 24], "uv_size": [0.5, 0.5]},
								"up": {"uv": [27, 25], "uv_size": [0.5, 0.5]},
								"down": {"uv": [27, 26.5], "uv_size": [0.5, -0.5]}
							}
						},
						{
							"origin": [-1.95312, -2.46875, 0.89063],
							"size": [0.0625, 0.23438, 0.59375],
							"uv": {
								"north": {"uv": [28, 4], "uv_size": [0.5, 0.5]},
								"east": {"uv": [5, 28], "uv_size": [0.5, 0.5]},
								"south": {"uv": [28, 5], "uv_size": [0.5, 0.5]},
								"west": {"uv": [6, 28], "uv_size": [0.5, 0.5]},
								"up": {"uv": [28, 7], "uv_size": [0.5, 0.5]},
								"down": {"uv": [8, 28.5], "uv_size": [0.5, -0.5]}
							}
						},
						{
							"origin": [-1.89062, -2.46875, 0.89063],
							"size": [0.01563, 0.23438, 0.07813],
							"uv": {
								"north": {"uv": [28, 8], "uv_size": [0.5, 0.5]},
								"east": {"uv": [9, 28], "uv_size": [0.5, 0.5]},
								"south": {"uv": [28, 9], "uv_size": [0.5, 0.5]},
								"west": {"uv": [10, 28], "uv_size": [0.5, 0.5]},
								"up": {"uv": [28, 10], "uv_size": [0.5, 0.5]},
								"down": {"uv": [11, 28.5], "uv_size": [0.5, -0.5]}
							}
						},
						{
							"origin": [-1.89062, -2.46875, 1.01563],
							"size": [0.01563, 0.23438, 0.07813],
							"uv": {
								"north": {"uv": [28, 11], "uv_size": [0.5, 0.5]},
								"east": {"uv": [12, 28], "uv_size": [0.5, 0.5]},
								"south": {"uv": [28, 12], "uv_size": [0.5, 0.5]},
								"west": {"uv": [13, 28], "uv_size": [0.5, 0.5]},
								"up": {"uv": [28, 13], "uv_size": [0.5, 0.5]},
								"down": {"uv": [14, 28.5], "uv_size": [0.5, -0.5]}
							}
						},
						{
							"origin": [-1.89062, -2.46875, 1.14063],
							"size": [0.01563, 0.23438, 0.07813],
							"uv": {
								"north": {"uv": [28, 14], "uv_size": [0.5, 0.5]},
								"east": {"uv": [15, 28], "uv_size": [0.5, 0.5]},
								"south": {"uv": [28, 15], "uv_size": [0.5, 0.5]},
								"west": {"uv": [16, 28], "uv_size": [0.5, 0.5]},
								"up": {"uv": [28, 16], "uv_size": [0.5, 0.5]},
								"down": {"uv": [17, 28.5], "uv_size": [0.5, -0.5]}
							}
						},
						{
							"origin": [-1.89062, -2.46875, 1.26563],
							"size": [0.01563, 0.23438, 0.07813],
							"uv": {
								"north": {"uv": [28, 17], "uv_size": [0.5, 0.5]},
								"east": {"uv": [18, 28], "uv_size": [0.5, 0.5]},
								"south": {"uv": [28, 18], "uv_size": [0.5, 0.5]},
								"west": {"uv": [19, 28], "uv_size": [0.5, 0.5]},
								"up": {"uv": [28, 19], "uv_size": [0.5, 0.5]},
								"down": {"uv": [20, 28.5], "uv_size": [0.5, -0.5]}
							}
						},
						{
							"origin": [-1.89062, -2.46875, 1.39063],
							"size": [0.01563, 0.23438, 0.07813],
							"uv": {
								"north": {"uv": [28, 20], "uv_size": [0.5, 0.5]},
								"east": {"uv": [21, 28], "uv_size": [0.5, 0.5]},
								"south": {"uv": [28, 21], "uv_size": [0.5, 0.5]},
								"west": {"uv": [22, 28], "uv_size": [0.5, 0.5]},
								"up": {"uv": [28, 22], "uv_size": [0.5, 0.5]},
								"down": {"uv": [23, 28.5], "uv_size": [0.5, -0.5]}
							}
						},
						{
							"origin": [-2.73437, -2.46875, 0.89063],
							"size": [0.0625, 0.23438, 0.59375],
							"uv": {
								"north": {"uv": [28, 23], "uv_size": [0.5, 0.5]},
								"east": {"uv": [24, 28], "uv_size": [0.5, 0.5]},
								"south": {"uv": [28, 24], "uv_size": [0.5, 0.5]},
								"west": {"uv": [25, 28], "uv_size": [0.5, 0.5]},
								"up": {"uv": [28, 25], "uv_size": [0.5, 0.5]},
								"down": {"uv": [26, 28.5], "uv_size": [0.5, -0.5]}
							}
						},
						{
							"origin": [-2.75, -2.46875, 0.89063],
							"size": [0.01563, 0.23438, 0.07813],
							"uv": {
								"north": {"uv": [28, 26], "uv_size": [0.5, 0.5]},
								"east": {"uv": [27, 28], "uv_size": [0.5, 0.5]},
								"south": {"uv": [28, 28], "uv_size": [0.5, 0.5]},
								"west": {"uv": [2, 29], "uv_size": [0.5, 0.5]},
								"up": {"uv": [29, 2], "uv_size": [0.5, 0.5]},
								"down": {"uv": [3, 29.5], "uv_size": [0.5, -0.5]}
							}
						},
						{
							"origin": [-2.75, -2.46875, 1.01563],
							"size": [0.01563, 0.23438, 0.07813],
							"uv": {
								"north": {"uv": [29, 3], "uv_size": [0.5, 0.5]},
								"east": {"uv": [29, 4], "uv_size": [0.5, 0.5]},
								"south": {"uv": [5, 29], "uv_size": [0.5, 0.5]},
								"west": {"uv": [29, 5], "uv_size": [0.5, 0.5]},
								"up": {"uv": [6, 29], "uv_size": [0.5, 0.5]},
								"down": {"uv": [29, 25.5], "uv_size": [0.5, -0.5]}
							}
						},
						{
							"origin": [-2.75, -2.46875, 1.14063],
							"size": [0.01563, 0.23438, 0.07813],
							"uv": {
								"north": {"uv": [26, 29], "uv_size": [0.5, 0.5]},
								"east": {"uv": [29, 26], "uv_size": [0.5, 0.5]},
								"south": {"uv": [27, 29], "uv_size": [0.5, 0.5]},
								"west": {"uv": [28, 29], "uv_size": [0.5, 0.5]},
								"up": {"uv": [29, 28], "uv_size": [0.5, 0.5]},
								"down": {"uv": [29, 29.5], "uv_size": [0.5, -0.5]}
							}
						},
						{
							"origin": [-2.75, -2.46875, 1.26563],
							"size": [0.01563, 0.23438, 0.07813],
							"uv": {
								"north": {"uv": [2, 30], "uv_size": [0.5, 0.5]},
								"east": {"uv": [30, 2], "uv_size": [0.5, 0.5]},
								"south": {"uv": [3, 30], "uv_size": [0.5, 0.5]},
								"west": {"uv": [30, 3], "uv_size": [0.5, 0.5]},
								"up": {"uv": [30, 4], "uv_size": [0.5, 0.5]},
								"down": {"uv": [5, 30.5], "uv_size": [0.5, -0.5]}
							}
						},
						{
							"origin": [-2.75, -2.46875, 1.39063],
							"size": [0.01563, 0.23438, 0.07813],
							"uv": {
								"north": {"uv": [30, 5], "uv_size": [0.5, 0.5]},
								"east": {"uv": [6, 30], "uv_size": [0.5, 0.5]},
								"south": {"uv": [30, 7], "uv_size": [0.5, 0.5]},
								"west": {"uv": [8, 30], "uv_size": [0.5, 0.5]},
								"up": {"uv": [30, 8], "uv_size": [0.5, 0.5]},
								"down": {"uv": [9, 30.5], "uv_size": [0.5, -0.5]}
							}
						},
						{
							"origin": [-1.96875, -2.03125, -0.75],
							"size": [0.23438, 0.3125, 1.5],
							"uv": {
								"north": {"uv": [30, 9], "uv_size": [0.5, 0.5]},
								"east": {"uv": [8, 22], "uv_size": [1.5, 0.5]},
								"south": {"uv": [10, 30], "uv_size": [0.5, 0.5]},
								"west": {"uv": [10, 22], "uv_size": [1.5, 0.5]},
								"up": {"uv": [22, 7], "uv_size": [0.5, 1.5]},
								"down": {"uv": [22, 10.5], "uv_size": [0.5, -1.5]}
							}
						},
						{
							"origin": [-2.91965, -2.23054, 0.28029],
							"size": [1.21429, 0.08239, 0.19892],
							"pivot": [-2.29615, -1.73437, -0.16227],
							"rotation": [22.5, 0, 0],
							"uv": {
								"north": {"uv": [22, 11], "uv_size": [1, 0.5]},
								"east": {"uv": [30, 10], "uv_size": [0.5, 0.5]},
								"south": {"uv": [8, 24], "uv_size": [1, 0.5]},
								"west": {"uv": [11, 30], "uv_size": [0.5, 0.5]},
								"up": {"uv": [9, 24], "uv_size": [1, 0.5]},
								"down": {"uv": [24, 9.5], "uv_size": [1, -0.5]}
							}
						},
						{
							"origin": [-2.91965, -1.71402, 0.44325],
							"size": [1.21429, 0.08239, 0.19892],
							"pivot": [-2.29615, -1.73437, -0.16227],
							"rotation": [-22.5, 0, 0],
							"uv": {
								"north": {"uv": [10, 24], "uv_size": [1, 0.5]},
								"east": {"uv": [30, 11], "uv_size": [0.5, 0.5]},
								"south": {"uv": [24, 10], "uv_size": [1, 0.5]},
								"west": {"uv": [12, 30], "uv_size": [0.5, 0.5]},
								"up": {"uv": [11, 24], "uv_size": [1, 0.5]},
								"down": {"uv": [24, 11.5], "uv_size": [1, -0.5]}
							}
						},
						{
							"origin": [-2.91965, -2.2888, 0.33855],
							"size": [1.21429, 0.19892, 0.08239],
							"pivot": [-2.29615, -1.73437, -0.16227],
							"rotation": [22.5, 0, 0],
							"uv": {
								"north": {"uv": [12, 24], "uv_size": [1, 0.5]},
								"east": {"uv": [30, 12], "uv_size": [0.5, 0.5]},
								"south": {"uv": [24, 12], "uv_size": [1, 0.5]},
								"west": {"uv": [13, 30], "uv_size": [0.5, 0.5]},
								"up": {"uv": [14, 24], "uv_size": [1, 0.5]},
								"down": {"uv": [24, 15.5], "uv_size": [1, -0.5]}
							}
						},
						{
							"origin": [-2.91965, -1.77229, 0.50151],
							"size": [1.21429, 0.19892, 0.08239],
							"pivot": [-2.29615, -1.73437, -0.16227],
							"rotation": [-22.5, 0, 0],
							"uv": {
								"north": {"uv": [17, 24], "uv_size": [1, 0.5]},
								"east": {"uv": [30, 13], "uv_size": [0.5, 0.5]},
								"south": {"uv": [18, 24], "uv_size": [1, 0.5]},
								"west": {"uv": [15, 30], "uv_size": [0.5, 0.5]},
								"up": {"uv": [24, 18], "uv_size": [1, 0.5]},
								"down": {"uv": [24, 19.5], "uv_size": [1, -0.5]}
							}
						},
						{
							"origin": [-2.91965, -1.71402, -0.68175],
							"size": [1.21429, 0.08239, 0.19892],
							"pivot": [-2.29615, -1.73437, -1.28727],
							"rotation": [-22.5, 0, 0],
							"uv": {
								"north": {"uv": [20, 24], "uv_size": [1, 0.5]},
								"east": {"uv": [30, 15], "uv_size": [0.5, 0.5]},
								"south": {"uv": [24, 20], "uv_size": [1, 0.5]},
								"west": {"uv": [16, 30], "uv_size": [0.5, 0.5]},
								"up": {"uv": [21, 24], "uv_size": [1, 0.5]},
								"down": {"uv": [24, 21.5], "uv_size": [1, -0.5]}
							}
						},
						{
							"origin": [-2.91965, -2.23054, -0.84471],
							"size": [1.21429, 0.08239, 0.19892],
							"pivot": [-2.29615, -1.73437, -1.28727],
							"rotation": [22.5, 0, 0],
							"uv": {
								"north": {"uv": [22, 24], "uv_size": [1, 0.5]},
								"east": {"uv": [30, 16], "uv_size": [0.5, 0.5]},
								"south": {"uv": [24, 22], "uv_size": [1, 0.5]},
								"west": {"uv": [17, 30], "uv_size": [0.5, 0.5]},
								"up": {"uv": [23, 24], "uv_size": [1, 0.5]},
								"down": {"uv": [24, 23.5], "uv_size": [1, -0.5]}
							}
						},
						{
							"origin": [-2.91965, -1.77229, -0.62349],
							"size": [1.21429, 0.19892, 0.08239],
							"pivot": [-2.29615, -1.73437, -1.28727],
							"rotation": [-22.5, 0, 0],
							"uv": {
								"north": {"uv": [24, 24], "uv_size": [1, 0.5]},
								"east": {"uv": [30, 17], "uv_size": [0.5, 0.5]},
								"south": {"uv": [2, 25], "uv_size": [1, 0.5]},
								"west": {"uv": [18, 30], "uv_size": [0.5, 0.5]},
								"up": {"uv": [25, 2], "uv_size": [1, 0.5]},
								"down": {"uv": [3, 25.5], "uv_size": [1, -0.5]}
							}
						},
						{
							"origin": [-2.91965, -2.2888, -0.78645],
							"size": [1.21429, 0.19892, 0.08239],
							"pivot": [-2.29615, -1.73437, -1.28727],
							"rotation": [22.5, 0, 0],
							"uv": {
								"north": {"uv": [25, 3], "uv_size": [1, 0.5]},
								"east": {"uv": [30, 18], "uv_size": [0.5, 0.5]},
								"south": {"uv": [4, 25], "uv_size": [1, 0.5]},
								"west": {"uv": [19, 30], "uv_size": [0.5, 0.5]},
								"up": {"uv": [25, 4], "uv_size": [1, 0.5]},
								"down": {"uv": [5, 25.5], "uv_size": [1, -0.5]}
							}
						},
						{
							"origin": [-1.96875, -2.15625, -0.96509],
							"size": [0.23438, 0.13032, 1.71509],
							"uv": {
								"north": {"uv": [30, 19], "uv_size": [0.5, 0.5]},
								"east": {"uv": [12, 22], "uv_size": [1.5, 0.5]},
								"south": {"uv": [20, 30], "uv_size": [0.5, 0.5]},
								"west": {"uv": [22, 12], "uv_size": [1.5, 0.5]},
								"up": {"uv": [22, 13], "uv_size": [0.5, 1.5]},
								"down": {"uv": [14, 23.5], "uv_size": [0.5, -1.5]}
							}
						},
						{
							"origin": [-3.05624, -1.3998, -0.96509],
							"size": [0.125, 0.11469, 1.71509],
							"pivot": [-3.38437, -3.16543, 0],
							"rotation": [0, 0, 45],
							"uv": {
								"north": {"uv": [30, 20], "uv_size": [0.5, 0.5]},
								"east": {"uv": [15, 22], "uv_size": [1.5, 0.5]},
								"south": {"uv": [22, 30], "uv_size": [0.5, 0.5]},
								"west": {"uv": [22, 15], "uv_size": [1.5, 0.5]},
								"up": {"uv": [17, 22], "uv_size": [0.5, 1.5]},
								"down": {"uv": [18, 23.5], "uv_size": [0.5, -1.5]}
							}
						},
						{
							"origin": [-1.69376, -1.3998, -0.96509],
							"size": [0.125, 0.11469, 1.71509],
							"pivot": [-1.24063, -3.16543, 0],
							"rotation": [0, 0, -45],
							"uv": {
								"north": {"uv": [30, 22], "uv_size": [0.5, 0.5]},
								"east": {"uv": [22, 18], "uv_size": [1.5, 0.5]},
								"south": {"uv": [23, 30], "uv_size": [0.5, 0.5]},
								"west": {"uv": [23, 13], "uv_size": [1.5, 0.5]},
								"up": {"uv": [13, 23], "uv_size": [0.5, 1.5]},
								"down": {"uv": [15, 24.5], "uv_size": [0.5, -1.5]}
							}
						},
						{
							"origin": [-2.80952, -2.23735, -0.96509],
							"size": [0.99405, 0.0811, 1.71509],
							"uv": {
								"north": {"uv": [6, 25], "uv_size": [1, 0.5]},
								"east": {"uv": [23, 14], "uv_size": [1.5, 0.5]},
								"south": {"uv": [25, 7], "uv_size": [1, 0.5]},
								"west": {"uv": [23, 16], "uv_size": [1.5, 0.5]},
								"up": {"uv": [2, 21], "uv_size": [1, 1.5]},
								"down": {"uv": [3, 22.5], "uv_size": [1, -1.5]}
							}
						},
						{
							"origin": [-1.96875, -1.9375, -1.125],
							"size": [0.23438, 0.21875, 0.375],
							"pivot": [-2.1875, -1.71875, -0.75],
							"rotation": [55, 0, 0],
							"uv": {
								"north": {"uv": [30, 23], "uv_size": [0.5, 0.5]},
								"east": {"uv": [24, 30], "uv_size": [0.5, 0.5]},
								"south": {"uv": [30, 24], "uv_size": [0.5, 0.5]},
								"west": {"uv": [25, 30], "uv_size": [0.5, 0.5]},
								"up": {"uv": [30, 25], "uv_size": [0.5, 0.5]},
								"down": {"uv": [26, 30.5], "uv_size": [0.5, -0.5]}
							}
						},
						{
							"origin": [-2.89062, -2.15625, -0.96509],
							"size": [0.23438, 0.13032, 1.71509],
							"uv": {
								"north": {"uv": [30, 26], "uv_size": [0.5, 0.5]},
								"east": {"uv": [23, 17], "uv_size": [1.5, 0.5]},
								"south": {"uv": [27, 30], "uv_size": [0.5, 0.5]},
								"west": {"uv": [5, 24], "uv_size": [1.5, 0.5]},
								"up": {"uv": [16, 23], "uv_size": [0.5, 1.5]},
								"down": {"uv": [19, 24.5], "uv_size": [0.5, -1.5]}
							}
						},
						{
							"origin": [-2.89062, -1.9375, -1.125],
							"size": [0.23438, 0.21875, 0.375],
							"pivot": [-2.4375, -1.71875, -0.75],
							"rotation": [55, 0, 0],
							"uv": {
								"north": {"uv": [28, 30], "uv_size": [0.5, 0.5]},
								"east": {"uv": [30, 28], "uv_size": [0.5, 0.5]},
								"south": {"uv": [29, 30], "uv_size": [0.5, 0.5]},
								"west": {"uv": [30, 29], "uv_size": [0.5, 0.5]},
								"up": {"uv": [30, 30], "uv_size": [0.5, 0.5]},
								"down": {"uv": [2, 31.5], "uv_size": [0.5, -0.5]}
							}
						},
						{
							"origin": [-2.89062, -2.03125, -0.75],
							"size": [0.23438, 0.3125, 1.5],
							"uv": {
								"north": {"uv": [31, 2], "uv_size": [0.5, 0.5]},
								"east": {"uv": [24, 5], "uv_size": [1.5, 0.5]},
								"south": {"uv": [3, 31], "uv_size": [0.5, 0.5]},
								"west": {"uv": [24, 6], "uv_size": [1.5, 0.5]},
								"up": {"uv": [7, 24], "uv_size": [0.5, 1.5]},
								"down": {"uv": [24, 8.5], "uv_size": [0.5, -1.5]}
							}
						},
						{
							"origin": [-2.6875, -2.75, -0.96874],
							"size": [0.75, 0.125, 0.46875],
							"uv": {
								"north": {"uv": [8, 25], "uv_size": [1, 0.5]},
								"south": {"uv": [25, 8], "uv_size": [1, 0.5]},
								"down": {"uv": [9, 25.5], "uv_size": [1, -0.5]}
							}
						},
						{
							"origin": [-2.6768, -2.67225, -0.96874],
							"size": [0.177, 0.177, 0.46875],
							"pivot": [-2.6875, -2.48456, -3.87499],
							"rotation": [0, 0, 45],
							"uv": {
								"north": {"uv": [31, 3], "uv_size": [0.5, 0.5]},
								"east": {"uv": [31, 4], "uv_size": [0.5, 0.5]},
								"south": {"uv": [5, 31], "uv_size": [0.5, 0.5]},
								"down": {"uv": [31, 5.5], "uv_size": [0.5, -0.5]}
							}
						},
						{
							"origin": [-2.1252, -2.67225, -0.96874],
							"size": [0.177, 0.177, 0.46875],
							"pivot": [-1.9375, -2.48456, -3.87499],
							"rotation": [0, 0, -45],
							"uv": {
								"north": {"uv": [6, 31], "uv_size": [0.5, 0.5]},
								"south": {"uv": [31, 7], "uv_size": [0.5, 0.5]},
								"west": {"uv": [8, 31], "uv_size": [0.5, 0.5]},
								"down": {"uv": [31, 8.5], "uv_size": [0.5, -0.5]}
							}
						},
						{
							"origin": [-2.6875, -2.75, -0.24999],
							"size": [0.75, 0.125, 0.25],
							"uv": {
								"north": {"uv": [25, 9], "uv_size": [1, 0.5]},
								"south": {"uv": [10, 25], "uv_size": [1, 0.5]},
								"down": {"uv": [25, 10.5], "uv_size": [1, -0.5]}
							}
						},
						{
							"origin": [-2.6768, -2.67225, -0.24999],
							"size": [0.177, 0.177, 0.25],
							"pivot": [-2.6875, -2.48456, -3.37499],
							"rotation": [0, 0, 45],
							"uv": {
								"north": {"uv": [9, 31], "uv_size": [0.5, 0.5]},
								"east": {"uv": [31, 9], "uv_size": [0.5, 0.5]},
								"south": {"uv": [10, 31], "uv_size": [0.5, 0.5]},
								"down": {"uv": [31, 10.5], "uv_size": [0.5, -0.5]}
							}
						},
						{
							"origin": [-2.1252, -2.67225, -0.24999],
							"size": [0.177, 0.177, 0.25],
							"pivot": [-1.9375, -2.48456, -3.37499],
							"rotation": [0, 0, -45],
							"uv": {
								"north": {"uv": [11, 31], "uv_size": [0.5, 0.5]},
								"south": {"uv": [31, 11], "uv_size": [0.5, 0.5]},
								"west": {"uv": [12, 31], "uv_size": [0.5, 0.5]},
								"down": {"uv": [31, 12.5], "uv_size": [0.5, -0.5]}
							}
						},
						{
							"origin": [-2.6875, -2.75, 0.25001],
							"size": [0.75, 0.125, 0.25],
							"uv": {
								"north": {"uv": [11, 25], "uv_size": [1, 0.5]},
								"south": {"uv": [25, 11], "uv_size": [1, 0.5]},
								"down": {"uv": [12, 25.5], "uv_size": [1, -0.5]}
							}
						},
						{
							"origin": [-2.6768, -2.67225, 0.25001],
							"size": [0.177, 0.177, 0.25],
							"pivot": [-2.6875, -2.48456, -2.87499],
							"rotation": [0, 0, 45],
							"uv": {
								"north": {"uv": [13, 31], "uv_size": [0.5, 0.5]},
								"east": {"uv": [31, 13], "uv_size": [0.5, 0.5]},
								"south": {"uv": [14, 31], "uv_size": [0.5, 0.5]},
								"down": {"uv": [31, 14.5], "uv_size": [0.5, -0.5]}
							}
						},
						{
							"origin": [-2.1252, -2.67225, 0.25001],
							"size": [0.177, 0.177, 0.25],
							"pivot": [-1.9375, -2.48456, -2.87499],
							"rotation": [0, 0, -45],
							"uv": {
								"north": {"uv": [15, 31], "uv_size": [0.5, 0.5]},
								"south": {"uv": [31, 15], "uv_size": [0.5, 0.5]},
								"west": {"uv": [16, 31], "uv_size": [0.5, 0.5]},
								"down": {"uv": [31, 16.5], "uv_size": [0.5, -0.5]}
							}
						},
						{
							"origin": [-2.6875, -2.75, 0.75001],
							"size": [0.75, 0.125, 0.25],
							"uv": {
								"north": {"uv": [25, 12], "uv_size": [1, 0.5]},
								"south": {"uv": [13, 25], "uv_size": [1, 0.5]},
								"down": {"uv": [25, 13.5], "uv_size": [1, -0.5]}
							}
						},
						{
							"origin": [-2.6768, -2.67225, 0.75001],
							"size": [0.177, 0.177, 0.25],
							"pivot": [-2.6875, -2.48456, -2.37499],
							"rotation": [0, 0, 45],
							"uv": {
								"north": {"uv": [17, 31], "uv_size": [0.5, 0.5]},
								"east": {"uv": [31, 17], "uv_size": [0.5, 0.5]},
								"south": {"uv": [18, 31], "uv_size": [0.5, 0.5]},
								"down": {"uv": [31, 18.5], "uv_size": [0.5, -0.5]}
							}
						},
						{
							"origin": [-2.1252, -2.67225, 0.75001],
							"size": [0.177, 0.177, 0.25],
							"pivot": [-1.9375, -2.48456, -2.37499],
							"rotation": [0, 0, -45],
							"uv": {
								"north": {"uv": [19, 31], "uv_size": [0.5, 0.5]},
								"south": {"uv": [31, 19], "uv_size": [0.5, 0.5]},
								"west": {"uv": [20, 31], "uv_size": [0.5, 0.5]},
								"down": {"uv": [31, 20.5], "uv_size": [0.5, -0.5]}
							}
						},
						{
							"origin": [-2.8125, -2.626, -0.96874],
							"size": [1, 0.001, 1.96875],
							"uv": {
								"north": {"uv": [0, 0], "uv_size": [1, 0]},
								"east": {"uv": [0, 0], "uv_size": [2, 0]},
								"south": {"uv": [0, 0], "uv_size": [1, 0]},
								"west": {"uv": [0, 0], "uv_size": [2, 0]},
								"up": {"uv": [20, 18], "uv_size": [1, 2]},
								"down": {"uv": [19, 22], "uv_size": [1, -2]}
							}
						},
						{
							"origin": [-2.6875, -2.625, -0.96874],
							"size": [0.75, 0.125, 1.96875],
							"uv": {
								"north": {"uv": [14, 25], "uv_size": [1, 0.5]},
								"east": {"uv": [21, 2], "uv_size": [2, 0.5]},
								"south": {"uv": [25, 14], "uv_size": [1, 0.5]},
								"west": {"uv": [21, 16], "uv_size": [2, 0.5]},
								"up": {"uv": [20, 20], "uv_size": [1, 2]}
							}
						}
					]
				},
				{
					"name": "ne11_illuminated",
					"parent": "bone4",
					"pivot": [-2.3125, -8.46875, 11],
					"cubes": [
						{
							"origin": [-2.67969, -2.3125, -0.96875],
							"size": [0.73438, 0.07813, 0.46875],
							"uv": {
								"east": {"uv": [21, 31], "uv_size": [0.5, 0.5]},
								"west": {"uv": [31, 21], "uv_size": [0.5, 0.5]}
							}
						},
						{
							"origin": [-2.67969, -2.3125, 0.28125],
							"size": [0.73438, 0.07813, 0.46875],
							"uv": {
								"east": {"uv": [22, 31], "uv_size": [0.5, 0.5]},
								"west": {"uv": [31, 22], "uv_size": [0.5, 0.5]}
							}
						},
						{
							"origin": [-2.67969, -2.3125, -0.34375],
							"size": [0.73438, 0.07813, 0.46875],
							"uv": {
								"east": {"uv": [23, 31], "uv_size": [0.5, 0.5]},
								"west": {"uv": [31, 23], "uv_size": [0.5, 0.5]}
							}
						},
						{
							"origin": [-2.33594, -2.30475, -286.40625],
							"size": [0.04688, 0.04688, 285.40625],
							"uv": {
								"north": {"uv": [24, 31], "uv_size": [0.5, 0.5]},
								"east": {"uv": [27, 6], "uv_size": [166.5, 0.5]},
								"south": {"uv": [31, 24], "uv_size": [0.5, 0.5]},
								"west": {"uv": [25, 27], "uv_size": [166.5, 0.5]},
								"up": {"uv": [7, 27], "uv_size": [0.5, 166.5]},
								"down": {"uv": [4, 194.5], "uv_size": [0.5, -166.5]}
							}
						}
					]
				},
				{
					"name": "laser_beam",
					"pivot": [-1.03125, -0.84374, -1.6875]
				}
			]
		}
	]
}