{
	"format_version": "1.12.0",
	"minecraft:geometry": [
		{
			"description": {
				"identifier": "geometry.unknown",
				"texture_width": 256,
				"texture_height": 256,
				"visible_bounds_width": 36,
				"visible_bounds_height": 7,
				"visible_bounds_offset": [0, 0.5, 0]
			},
			"bones": [
				{
					"name": "emx_tac_grip",
					"pivot": [-0.36601, -1.26388, 0.75002]
				},
				{
					"name": "bone2",
					"parent": "emx_tac_grip",
					"pivot": [0, 0, 0],
					"cubes": [
						{
							"origin": [0.34375, -0.1875, -0.96509],
							"size": [0.23438, 0.13032, 1.71509],
							"uv": {
								"north": {"uv": [21, 5], "uv_size": [0.5, 0.5]},
								"east": {"uv": [14, 5], "uv_size": [1.5, 0.5]},
								"south": {"uv": [6, 21], "uv_size": [0.5, 0.5]},
								"west": {"uv": [14, 7], "uv_size": [1.5, 0.5]},
								"up": {"uv": [9, 14], "uv_size": [0.5, 1.5]},
								"down": {"uv": [14, 10.5], "uv_size": [0.5, -1.5]}
							}
						},
						{
							"origin": [-0.74374, 0.56895, -0.96509],
							"size": [0.125, 0.11469, 1.71509],
							"pivot": [-1.07187, -1.19668, 0],
							"rotation": [0, 0, 45],
							"uv": {
								"north": {"uv": [21, 6], "uv_size": [0.5, 0.5]},
								"east": {"uv": [10, 14], "uv_size": [1.5, 0.5]},
								"south": {"uv": [7, 21], "uv_size": [0.5, 0.5]},
								"west": {"uv": [14, 11], "uv_size": [1.5, 0.5]},
								"up": {"uv": [12, 14], "uv_size": [0.5, 1.5]},
								"down": {"uv": [13, 15.5], "uv_size": [0.5, -1.5]}
							}
						},
						{
							"origin": [-0.49702, -0.2686, -0.96509],
							"size": [0.99405, 0.0811, 1.71509],
							"uv": {
								"north": {"uv": [6, 16], "uv_size": [1, 0.5]},
								"east": {"uv": [6, 15], "uv_size": [1.5, 0.5]},
								"south": {"uv": [7, 16], "uv_size": [1, 0.5]},
								"west": {"uv": [15, 6], "uv_size": [1.5, 0.5]},
								"up": {"uv": [4, 11], "uv_size": [1, 1.5]},
								"down": {"uv": [5, 12.5], "uv_size": [1, -1.5]}
							}
						},
						{
							"origin": [0.61874, 0.56895, -0.96509],
							"size": [0.125, 0.11469, 1.71509],
							"pivot": [1.07187, -1.19668, 0],
							"rotation": [0, 0, -45],
							"uv": {
								"north": {"uv": [21, 7], "uv_size": [0.5, 0.5]},
								"east": {"uv": [14, 13], "uv_size": [1.5, 0.5]},
								"south": {"uv": [8, 21], "uv_size": [0.5, 0.5]},
								"west": {"uv": [14, 14], "uv_size": [1.5, 0.5]},
								"up": {"uv": [15, 0], "uv_size": [0.5, 1.5]},
								"down": {"uv": [3, 16.5], "uv_size": [0.5, -1.5]}
							}
						},
						{
							"origin": [-0.57812, -0.1875, -0.96509],
							"size": [0.23438, 0.13032, 1.71509],
							"uv": {
								"north": {"uv": [21, 11], "uv_size": [0.5, 0.5]},
								"east": {"uv": [15, 8], "uv_size": [1.5, 0.5]},
								"south": {"uv": [12, 21], "uv_size": [0.5, 0.5]},
								"west": {"uv": [15, 9], "uv_size": [1.5, 0.5]},
								"up": {"uv": [4, 15], "uv_size": [0.5, 1.5]},
								"down": {"uv": [10, 16.5], "uv_size": [0.5, -1.5]}
							}
						},
						{
							"origin": [-0.57812, 0.03125, -1.125],
							"size": [0.23438, 0.21875, 0.375],
							"pivot": [-0.125, 0.25, -0.75],
							"rotation": [55, 0, 0],
							"uv": {
								"north": {"uv": [21, 12], "uv_size": [0.5, 0.5]},
								"east": {"uv": [13, 21], "uv_size": [0.5, 0.5]},
								"south": {"uv": [21, 13], "uv_size": [0.5, 0.5]},
								"west": {"uv": [14, 21], "uv_size": [0.5, 0.5]},
								"up": {"uv": [21, 14], "uv_size": [0.5, 0.5]},
								"down": {"uv": [15, 21.5], "uv_size": [0.5, -0.5]}
							}
						},
						{
							"origin": [0.34375, 0.03125, -1.125],
							"size": [0.23438, 0.21875, 0.375],
							"pivot": [0.125, 0.25, -0.75],
							"rotation": [55, 0, 0],
							"uv": {
								"north": {"uv": [21, 8], "uv_size": [0.5, 0.5]},
								"east": {"uv": [9, 21], "uv_size": [0.5, 0.5]},
								"south": {"uv": [21, 9], "uv_size": [0.5, 0.5]},
								"west": {"uv": [10, 21], "uv_size": [0.5, 0.5]},
								"up": {"uv": [21, 10], "uv_size": [0.5, 0.5]},
								"down": {"uv": [11, 21.5], "uv_size": [0.5, -0.5]}
							}
						},
						{
							"origin": [0.34375, -0.0625, -0.75],
							"size": [0.23438, 0.3125, 1.5],
							"uv": {
								"north": {"uv": [21, 4], "uv_size": [0.5, 0.5]},
								"east": {"uv": [3, 14], "uv_size": [1.5, 0.5]},
								"south": {"uv": [5, 21], "uv_size": [0.5, 0.5]},
								"west": {"uv": [14, 4], "uv_size": [1.5, 0.5]},
								"up": {"uv": [5, 14], "uv_size": [0.5, 1.5]},
								"down": {"uv": [8, 15.5], "uv_size": [0.5, -1.5]}
							}
						},
						{
							"origin": [-0.60715, -0.32005, 0.33855],
							"size": [1.21429, 0.19892, 0.08239],
							"pivot": [0.01635, 0.23438, -0.16227],
							"rotation": [22.5, 0, 0],
							"uv": {
								"north": {"uv": [20, 9], "uv_size": [1, 0.5]},
								"east": {"uv": [12, 26], "uv_size": [0.5, 0.5]},
								"south": {"uv": [10, 20], "uv_size": [1, 0.5]},
								"west": {"uv": [26, 12], "uv_size": [0.5, 0.5]},
								"up": {"uv": [20, 10], "uv_size": [1, 0.5]},
								"down": {"uv": [11, 20.5], "uv_size": [1, -0.5]}
							}
						},
						{
							"origin": [-0.60715, 0.25473, 0.44325],
							"size": [1.21429, 0.08239, 0.19892],
							"pivot": [0.01635, 0.23438, -0.16227],
							"rotation": [-22.5, 0, 0],
							"uv": {
								"north": {"uv": [20, 7], "uv_size": [1, 0.5]},
								"east": {"uv": [11, 26], "uv_size": [0.5, 0.5]},
								"south": {"uv": [8, 20], "uv_size": [1, 0.5]},
								"west": {"uv": [26, 11], "uv_size": [0.5, 0.5]},
								"up": {"uv": [20, 8], "uv_size": [1, 0.5]},
								"down": {"uv": [9, 20.5], "uv_size": [1, -0.5]}
							}
						},
						{
							"origin": [-0.60715, -0.26179, 0.28029],
							"size": [1.21429, 0.08239, 0.19892],
							"pivot": [0.01635, 0.23438, -0.16227],
							"rotation": [22.5, 0, 0],
							"uv": {
								"north": {"uv": [20, 5], "uv_size": [1, 0.5]},
								"east": {"uv": [10, 26], "uv_size": [0.5, 0.5]},
								"south": {"uv": [6, 20], "uv_size": [1, 0.5]},
								"west": {"uv": [26, 10], "uv_size": [0.5, 0.5]},
								"up": {"uv": [20, 6], "uv_size": [1, 0.5]},
								"down": {"uv": [7, 20.5], "uv_size": [1, -0.5]}
							}
						},
						{
							"origin": [-0.60715, 0.19646, 0.50151],
							"size": [1.21429, 0.19892, 0.08239],
							"pivot": [0.01635, 0.23438, -0.16227],
							"rotation": [-22.5, 0, 0],
							"uv": {
								"north": {"uv": [20, 3], "uv_size": [1, 0.5]},
								"east": {"uv": [9, 26], "uv_size": [0.5, 0.5]},
								"south": {"uv": [4, 20], "uv_size": [1, 0.5]},
								"west": {"uv": [26, 9], "uv_size": [0.5, 0.5]},
								"up": {"uv": [20, 4], "uv_size": [1, 0.5]},
								"down": {"uv": [5, 20.5], "uv_size": [1, -0.5]}
							}
						},
						{
							"origin": [-0.60715, -0.26179, -0.84471],
							"size": [1.21429, 0.08239, 0.19892],
							"pivot": [0.01635, 0.23438, -1.28727],
							"rotation": [22.5, 0, 0],
							"uv": {
								"north": {"uv": [20, 1], "uv_size": [1, 0.5]},
								"east": {"uv": [8, 26], "uv_size": [0.5, 0.5]},
								"south": {"uv": [2, 20], "uv_size": [1, 0.5]},
								"west": {"uv": [26, 8], "uv_size": [0.5, 0.5]},
								"up": {"uv": [20, 2], "uv_size": [1, 0.5]},
								"down": {"uv": [3, 20.5], "uv_size": [1, -0.5]}
							}
						},
						{
							"origin": [-0.60715, -0.32005, -0.78645],
							"size": [1.21429, 0.19892, 0.08239],
							"pivot": [0.01635, 0.23438, -1.28727],
							"rotation": [22.5, 0, 0],
							"uv": {
								"north": {"uv": [19, 19], "uv_size": [1, 0.5]},
								"east": {"uv": [7, 26], "uv_size": [0.5, 0.5]},
								"south": {"uv": [0, 20], "uv_size": [1, 0.5]},
								"west": {"uv": [26, 7], "uv_size": [0.5, 0.5]},
								"up": {"uv": [20, 0], "uv_size": [1, 0.5]},
								"down": {"uv": [1, 20.5], "uv_size": [1, -0.5]}
							}
						},
						{
							"origin": [-0.60715, 0.19646, -0.62349],
							"size": [1.21429, 0.19892, 0.08239],
							"pivot": [0.01635, 0.23438, -1.28727],
							"rotation": [-22.5, 0, 0],
							"uv": {
								"north": {"uv": [17, 19], "uv_size": [1, 0.5]},
								"east": {"uv": [6, 26], "uv_size": [0.5, 0.5]},
								"south": {"uv": [19, 17], "uv_size": [1, 0.5]},
								"west": {"uv": [26, 6], "uv_size": [0.5, 0.5]},
								"up": {"uv": [18, 19], "uv_size": [1, 0.5]},
								"down": {"uv": [19, 18.5], "uv_size": [1, -0.5]}
							}
						},
						{
							"origin": [-0.60715, 0.25473, -0.68175],
							"size": [1.21429, 0.08239, 0.19892],
							"pivot": [0.01635, 0.23438, -1.28727],
							"rotation": [-22.5, 0, 0],
							"uv": {
								"north": {"uv": [15, 19], "uv_size": [1, 0.5]},
								"east": {"uv": [5, 26], "uv_size": [0.5, 0.5]},
								"south": {"uv": [19, 15], "uv_size": [1, 0.5]},
								"west": {"uv": [26, 5], "uv_size": [0.5, 0.5]},
								"up": {"uv": [16, 19], "uv_size": [1, 0.5]},
								"down": {"uv": [19, 16.5], "uv_size": [1, -0.5]}
							}
						},
						{
							"origin": [-0.57812, -0.0625, -0.75],
							"size": [0.23438, 0.3125, 1.5],
							"uv": {
								"north": {"uv": [21, 15], "uv_size": [0.5, 0.5]},
								"east": {"uv": [15, 10], "uv_size": [1.5, 0.5]},
								"south": {"uv": [16, 21], "uv_size": [0.5, 0.5]},
								"west": {"uv": [15, 12], "uv_size": [1.5, 0.5]},
								"up": {"uv": [11, 15], "uv_size": [0.5, 1.5]},
								"down": {"uv": [14, 16.5], "uv_size": [0.5, -1.5]}
							}
						},
						{
							"origin": [-0.35937, -0.26562, -0.96875],
							"size": [0.71875, 0.25, 1.71875],
							"uv": {
								"north": {"uv": [21, 3], "uv_size": [0.5, 0.5]},
								"east": {"uv": [12, 13], "uv_size": [1.5, 0.5]},
								"south": {"uv": [4, 21], "uv_size": [0.5, 0.5]},
								"west": {"uv": [13, 12], "uv_size": [1.5, 0.5]},
								"up": {"uv": [1, 14], "uv_size": [0.5, 1.5]},
								"down": {"uv": [2, 15.5], "uv_size": [0.5, -1.5]}
							}
						},
						{
							"origin": [0.39063, -0.39062, -0.96875],
							"size": [0.09375, 0.125, 1.71875],
							"uv": {
								"north": {"uv": [21, 3], "uv_size": [0.5, 0.5]},
								"east": {"uv": [12, 13], "uv_size": [1.5, 0.5]},
								"south": {"uv": [4, 21], "uv_size": [0.5, 0.5]},
								"west": {"uv": [13, 12], "uv_size": [1.5, 0.5]},
								"up": {"uv": [1, 14], "uv_size": [0.5, 1.5]},
								"down": {"uv": [2, 15.5], "uv_size": [0.5, -1.5]}
							}
						},
						{
							"origin": [0.0663, -0.75444, -0.96875],
							"size": [0.1875, 0.125, 1.71875],
							"uv": {
								"north": {"uv": [21, 3], "uv_size": [0.5, 0.5]},
								"east": {"uv": [12, 13], "uv_size": [1.5, 0.5]},
								"south": {"uv": [4, 21], "uv_size": [0.5, 0.5]},
								"west": {"uv": [13, 12], "uv_size": [1.5, 0.5]},
								"up": {"uv": [1, 14], "uv_size": [0.5, 1.5]},
								"down": {"uv": [2, 15.5], "uv_size": [0.5, -1.5]}
							}
						},
						{
							"origin": [-0.35937, -0.57812, -0.96875],
							"size": [0.21875, 0.1875, 1.71875],
							"pivot": [0, -0.3125, 0],
							"rotation": [0, 0, 45],
							"uv": {
								"north": {"uv": [21, 3], "uv_size": [0.5, 0.5]},
								"east": {"uv": [12, 13], "uv_size": [1.5, 0.5]},
								"south": {"uv": [4, 21], "uv_size": [0.5, 0.5]},
								"west": {"uv": [13, 12], "uv_size": [1.5, 0.5]},
								"up": {"uv": [1, 14], "uv_size": [0.5, 1.5]},
								"down": {"uv": [2, 15.5], "uv_size": [0.5, -1.5]}
							}
						},
						{
							"origin": [-0.14062, -0.57812, -0.96875],
							"size": [0.125, 0.09375, 1.71875],
							"pivot": [0, -0.3125, 0],
							"rotation": [0, 0, 45],
							"uv": {
								"north": {"uv": [21, 3], "uv_size": [0.5, 0.5]},
								"east": {"uv": [12, 13], "uv_size": [1.5, 0.5]},
								"south": {"uv": [4, 21], "uv_size": [0.5, 0.5]},
								"west": {"uv": [13, 12], "uv_size": [1.5, 0.5]},
								"up": {"uv": [1, 14], "uv_size": [0.5, 1.5]},
								"down": {"uv": [2, 15.5], "uv_size": [0.5, -1.5]}
							}
						},
						{
							"origin": [0.51563, -0.57812, -0.96875],
							"size": [0.17188, 0.09375, 1.71875],
							"pivot": [0.65625, -0.3125, 0],
							"rotation": [0, 0, 45],
							"uv": {
								"north": {"uv": [21, 3], "uv_size": [0.5, 0.5]},
								"east": {"uv": [12, 13], "uv_size": [1.5, 0.5]},
								"south": {"uv": [4, 21], "uv_size": [0.5, 0.5]},
								"west": {"uv": [13, 12], "uv_size": [1.5, 0.5]},
								"up": {"uv": [1, 14], "uv_size": [0.5, 1.5]},
								"down": {"uv": [2, 15.5], "uv_size": [0.5, -1.5]}
							}
						},
						{
							"origin": [0.51563, -0.90958, -0.96875],
							"size": [0.16854, 0.42521, 1.71875],
							"pivot": [0.65625, -0.3125, 0],
							"rotation": [0, 0, 45],
							"uv": {
								"north": {"uv": [21, 3], "uv_size": [0.5, 0.5]},
								"east": {"uv": [12, 13], "uv_size": [1.5, 0.5]},
								"south": {"uv": [4, 21], "uv_size": [0.5, 0.5]},
								"west": {"uv": [13, 12], "uv_size": [1.5, 0.5]},
								"up": {"uv": [1, 14], "uv_size": [0.5, 1.5]},
								"down": {"uv": [2, 15.5], "uv_size": [0.5, -1.5]}
							}
						},
						{
							"origin": [0.29688, -0.57812, -0.96875],
							"size": [0.21875, 0.1875, 1.71875],
							"pivot": [0.65625, -0.3125, 0],
							"rotation": [0, 0, 45],
							"uv": {
								"north": {"uv": [21, 3], "uv_size": [0.5, 0.5]},
								"east": {"uv": [12, 13], "uv_size": [1.5, 0.5]},
								"south": {"uv": [4, 21], "uv_size": [0.5, 0.5]},
								"west": {"uv": [13, 12], "uv_size": [1.5, 0.5]},
								"up": {"uv": [1, 14], "uv_size": [0.5, 1.5]},
								"down": {"uv": [2, 15.5], "uv_size": [0.5, -1.5]}
							}
						},
						{
							"origin": [-0.01562, -0.57812, -0.96875],
							"size": [0.25, 0.09375, 0.125],
							"pivot": [0, -0.3125, 0],
							"rotation": [0, 0, 45],
							"uv": {
								"north": {"uv": [21, 3], "uv_size": [0.5, 0.5]},
								"east": {"uv": [12, 13], "uv_size": [1.5, 0.5]},
								"south": {"uv": [4, 21], "uv_size": [0.5, 0.5]},
								"west": {"uv": [13, 12], "uv_size": [1.5, 0.5]},
								"up": {"uv": [1, 14], "uv_size": [0.5, 1.5]},
								"down": {"uv": [2, 15.5], "uv_size": [0.5, -1.5]}
							}
						},
						{
							"origin": [-0.01562, -0.57812, 0.625],
							"size": [0.25, 0.09375, 0.125],
							"pivot": [0, -0.3125, -0.21875],
							"rotation": [0, 0, 45],
							"uv": {
								"north": {"uv": [4.5, 21], "uv_size": [-0.5, 0.5]},
								"east": {"uv": [13.5, 13], "uv_size": [-1.5, 0.5]},
								"south": {"uv": [21.5, 3], "uv_size": [-0.5, 0.5]},
								"west": {"uv": [14.5, 12], "uv_size": [-1.5, 0.5]},
								"up": {"uv": [1, 15.5], "uv_size": [0.5, -1.5]},
								"down": {"uv": [2, 14], "uv_size": [0.5, 1.5]}
							}
						},
						{
							"origin": [-0.01562, -0.57812, 0.10938],
							"size": [0.25, 0.09375, 0.125],
							"pivot": [0, -0.3125, -0.73437],
							"rotation": [0, 0, 45],
							"uv": {
								"north": {"uv": [4.5, 21], "uv_size": [-0.5, 0.5]},
								"east": {"uv": [13.5, 13], "uv_size": [-1.5, 0.5]},
								"south": {"uv": [21.5, 3], "uv_size": [-0.5, 0.5]},
								"west": {"uv": [14.5, 12], "uv_size": [-1.5, 0.5]},
								"up": {"uv": [1, 15.5], "uv_size": [0.5, -1.5]},
								"down": {"uv": [2, 14], "uv_size": [0.5, 1.5]}
							}
						},
						{
							"origin": [-0.01562, -0.57812, -0.42187],
							"size": [0.25, 0.09375, 0.125],
							"pivot": [0, -0.3125, -1.26562],
							"rotation": [0, 0, 45],
							"uv": {
								"north": {"uv": [4.5, 21], "uv_size": [-0.5, 0.5]},
								"east": {"uv": [13.5, 13], "uv_size": [-1.5, 0.5]},
								"south": {"uv": [21.5, 3], "uv_size": [-0.5, 0.5]},
								"west": {"uv": [14.5, 12], "uv_size": [-1.5, 0.5]},
								"up": {"uv": [1, 15.5], "uv_size": [0.5, -1.5]},
								"down": {"uv": [2, 14], "uv_size": [0.5, 1.5]}
							}
						},
						{
							"origin": [0.23438, -0.57812, -0.96875],
							"size": [0.125, 0.09375, 1.71875],
							"pivot": [0, -0.3125, 0],
							"rotation": [0, 0, 45],
							"uv": {
								"north": {"uv": [21, 3], "uv_size": [0.5, 0.5]},
								"east": {"uv": [12, 13], "uv_size": [1.5, 0.5]},
								"south": {"uv": [4, 21], "uv_size": [0.5, 0.5]},
								"west": {"uv": [13, 12], "uv_size": [1.5, 0.5]},
								"up": {"uv": [1, 14], "uv_size": [0.5, 1.5]},
								"down": {"uv": [2, 15.5], "uv_size": [0.5, -1.5]}
							}
						},
						{
							"origin": [1.40625, -0.95312, 0.68751],
							"size": [0.0625, 0.23438, 0.59375],
							"uv": {
								"north": {"uv": [29, 7], "uv_size": [0.5, 0.5]},
								"east": {"uv": [8, 29], "uv_size": [0.5, 0.5]},
								"south": {"uv": [29, 8], "uv_size": [0.5, 0.5]},
								"west": {"uv": [9, 29], "uv_size": [0.5, 0.5]},
								"up": {"uv": [29, 9], "uv_size": [0.5, 0.5]},
								"down": {"uv": [10, 29.5], "uv_size": [0.5, -0.5]}
							}
						},
						{
							"origin": [1.46875, -0.95312, 0.68751],
							"size": [0.01563, 0.23438, 0.07813],
							"uv": {
								"north": {"uv": [29, 10], "uv_size": [0.5, 0.5]},
								"east": {"uv": [11, 29], "uv_size": [0.5, 0.5]},
								"south": {"uv": [29, 11], "uv_size": [0.5, 0.5]},
								"west": {"uv": [12, 29], "uv_size": [0.5, 0.5]},
								"up": {"uv": [29, 12], "uv_size": [0.5, 0.5]},
								"down": {"uv": [13, 29.5], "uv_size": [0.5, -0.5]}
							}
						},
						{
							"origin": [1.46875, -0.95312, 0.81251],
							"size": [0.01563, 0.23438, 0.07813],
							"uv": {
								"north": {"uv": [29, 13], "uv_size": [0.5, 0.5]},
								"east": {"uv": [14, 29], "uv_size": [0.5, 0.5]},
								"south": {"uv": [29, 14], "uv_size": [0.5, 0.5]},
								"west": {"uv": [15, 29], "uv_size": [0.5, 0.5]},
								"up": {"uv": [29, 15], "uv_size": [0.5, 0.5]},
								"down": {"uv": [16, 29.5], "uv_size": [0.5, -0.5]}
							}
						},
						{
							"origin": [1.46875, -0.95312, 0.93751],
							"size": [0.01563, 0.23438, 0.07813],
							"uv": {
								"north": {"uv": [29, 16], "uv_size": [0.5, 0.5]},
								"east": {"uv": [17, 29], "uv_size": [0.5, 0.5]},
								"south": {"uv": [29, 17], "uv_size": [0.5, 0.5]},
								"west": {"uv": [18, 29], "uv_size": [0.5, 0.5]},
								"up": {"uv": [29, 18], "uv_size": [0.5, 0.5]},
								"down": {"uv": [19, 29.5], "uv_size": [0.5, -0.5]}
							}
						},
						{
							"origin": [1.46875, -0.95312, 1.06251],
							"size": [0.01563, 0.23438, 0.07813],
							"uv": {
								"north": {"uv": [29, 19], "uv_size": [0.5, 0.5]},
								"east": {"uv": [20, 29], "uv_size": [0.5, 0.5]},
								"south": {"uv": [29, 20], "uv_size": [0.5, 0.5]},
								"west": {"uv": [21, 29], "uv_size": [0.5, 0.5]},
								"up": {"uv": [29, 21], "uv_size": [0.5, 0.5]},
								"down": {"uv": [22, 29.5], "uv_size": [0.5, -0.5]}
							}
						},
						{
							"origin": [1.46875, -0.95312, 1.18751],
							"size": [0.01563, 0.23438, 0.07813],
							"uv": {
								"north": {"uv": [29, 22], "uv_size": [0.5, 0.5]},
								"east": {"uv": [23, 29], "uv_size": [0.5, 0.5]},
								"south": {"uv": [29, 23], "uv_size": [0.5, 0.5]},
								"west": {"uv": [24, 29], "uv_size": [0.5, 0.5]},
								"up": {"uv": [29, 24], "uv_size": [0.5, 0.5]},
								"down": {"uv": [25, 29.5], "uv_size": [0.5, -0.5]}
							}
						},
						{
							"origin": [0.59375, -0.95312, 0.68751],
							"size": [0.0625, 0.23438, 0.59375],
							"uv": {
								"north": {"uv": [29.5, 7], "uv_size": [-0.5, 0.5]},
								"east": {"uv": [9.5, 29], "uv_size": [-0.5, 0.5]},
								"south": {"uv": [29.5, 8], "uv_size": [-0.5, 0.5]},
								"west": {"uv": [8.5, 29], "uv_size": [-0.5, 0.5]},
								"up": {"uv": [29.5, 9], "uv_size": [-0.5, 0.5]},
								"down": {"uv": [10.5, 29.5], "uv_size": [-0.5, -0.5]}
							}
						},
						{
							"origin": [0.57811, -0.95312, 0.68751],
							"size": [0.01563, 0.23438, 0.07813],
							"uv": {
								"north": {"uv": [29.5, 10], "uv_size": [-0.5, 0.5]},
								"east": {"uv": [12.5, 29], "uv_size": [-0.5, 0.5]},
								"south": {"uv": [29.5, 11], "uv_size": [-0.5, 0.5]},
								"west": {"uv": [11.5, 29], "uv_size": [-0.5, 0.5]},
								"up": {"uv": [29.5, 12], "uv_size": [-0.5, 0.5]},
								"down": {"uv": [13.5, 29.5], "uv_size": [-0.5, -0.5]}
							}
						},
						{
							"origin": [0.57811, -0.95312, 0.81251],
							"size": [0.01563, 0.23438, 0.07813],
							"uv": {
								"north": {"uv": [29.5, 13], "uv_size": [-0.5, 0.5]},
								"east": {"uv": [15.5, 29], "uv_size": [-0.5, 0.5]},
								"south": {"uv": [29.5, 14], "uv_size": [-0.5, 0.5]},
								"west": {"uv": [14.5, 29], "uv_size": [-0.5, 0.5]},
								"up": {"uv": [29.5, 15], "uv_size": [-0.5, 0.5]},
								"down": {"uv": [16.5, 29.5], "uv_size": [-0.5, -0.5]}
							}
						},
						{
							"origin": [0.57811, -0.95312, 0.93751],
							"size": [0.01563, 0.23438, 0.07813],
							"uv": {
								"north": {"uv": [29.5, 16], "uv_size": [-0.5, 0.5]},
								"east": {"uv": [18.5, 29], "uv_size": [-0.5, 0.5]},
								"south": {"uv": [29.5, 17], "uv_size": [-0.5, 0.5]},
								"west": {"uv": [17.5, 29], "uv_size": [-0.5, 0.5]},
								"up": {"uv": [29.5, 18], "uv_size": [-0.5, 0.5]},
								"down": {"uv": [19.5, 29.5], "uv_size": [-0.5, -0.5]}
							}
						},
						{
							"origin": [0.57811, -0.95312, 1.06251],
							"size": [0.01563, 0.23438, 0.07813],
							"uv": {
								"north": {"uv": [29.5, 19], "uv_size": [-0.5, 0.5]},
								"east": {"uv": [21.5, 29], "uv_size": [-0.5, 0.5]},
								"south": {"uv": [29.5, 20], "uv_size": [-0.5, 0.5]},
								"west": {"uv": [20.5, 29], "uv_size": [-0.5, 0.5]},
								"up": {"uv": [29.5, 21], "uv_size": [-0.5, 0.5]},
								"down": {"uv": [22.5, 29.5], "uv_size": [-0.5, -0.5]}
							}
						},
						{
							"origin": [0.57811, -0.95312, 1.18751],
							"size": [0.01563, 0.23438, 0.07813],
							"uv": {
								"north": {"uv": [29.5, 22], "uv_size": [-0.5, 0.5]},
								"east": {"uv": [24.5, 29], "uv_size": [-0.5, 0.5]},
								"south": {"uv": [29.5, 23], "uv_size": [-0.5, 0.5]},
								"west": {"uv": [23.5, 29], "uv_size": [-0.5, 0.5]},
								"up": {"uv": [29.5, 24], "uv_size": [-0.5, 0.5]},
								"down": {"uv": [25.5, 29.5], "uv_size": [-0.5, -0.5]}
							}
						}
					]
				},
				{
					"name": "be4_illuminated",
					"parent": "bone2",
					"pivot": [0.95313, -0.5, -0.15625],
					"cubes": [
						{
							"origin": [0.41406, -0.95312, -2.125],
							"size": [0.78125, 0.07813, 0.46875],
							"inflate": 0.002,
							"pivot": [0.82813, -0.60937, -0.71875],
							"rotation": [0, 0, -45],
							"uv": {
								"east": {"uv": [14, 30], "uv_size": [0.5, 0.5]},
								"west": {"uv": [30, 14], "uv_size": [0.5, 0.5]}
							}
						},
						{
							"origin": [0.82716, -1.12794, -2.19531],
							"size": [0.41016, 0.53323, 0.11719],
							"uv": {
								"north": {"uv": [1, 26], "uv_size": [0.5, 0.5]},
								"east": {"uv": [26, 1], "uv_size": [0.5, 0.5]},
								"south": {"uv": [2, 26], "uv_size": [0.5, 0.5]},
								"west": {"uv": [26, 2], "uv_size": [0.5, 0.5]},
								"up": {"uv": [3, 26], "uv_size": [0.5, 0.5]},
								"down": {"uv": [26, 3.5], "uv_size": [0.5, -0.5]}
							}
						},
						{
							"origin": [0.41406, -0.95312, -1.5],
							"size": [0.78125, 0.07813, 0.46875],
							"inflate": 0.002,
							"pivot": [0.82813, -0.60937, -0.09375],
							"rotation": [0, 0, -45],
							"uv": {
								"east": {"uv": [21, 30], "uv_size": [0.5, 0.5]},
								"west": {"uv": [30, 21], "uv_size": [0.5, 0.5]}
							}
						}
					]
				},
				{
					"name": "bone10",
					"parent": "bone2",
					"pivot": [-0.17187, -8.23437, 13]
				},
				{
					"name": "bone",
					"parent": "bone10",
					"pivot": [0.6289, 1.68973, -2.625]
				},
				{
					"name": "octagon",
					"parent": "bone10",
					"pivot": [2.40625, -0.01562, -2]
				},
				{
					"name": "octagon2",
					"parent": "bone10",
					"pivot": [-2.75, -4.01562, -1.95312],
					"cubes": [
						{
							"origin": [0.23039, -1.34375, -0.90625],
							"size": [0.85171, 0.25, 1.59375],
							"pivot": [0.875, -0.84375, 0.04688],
							"rotation": [0, 0, 45],
							"uv": {
								"north": {"uv": [19, 22], "uv_size": [0.5, 0.5]},
								"east": {"uv": [16, 7], "uv_size": [1, 0.5]},
								"south": {"uv": [22, 19], "uv_size": [0.5, 0.5]},
								"west": {"uv": [8, 16], "uv_size": [1, 0.5]},
								"up": {"uv": [9, 16], "uv_size": [0.5, 1]},
								"down": {"uv": [16, 12], "uv_size": [0.5, -1]}
							}
						},
						{
							"origin": [0.66789, -1.34375, -0.90625],
							"size": [0.57046, 0.25, 1.59375],
							"uv": {
								"north": {"uv": [20, 22], "uv_size": [0.5, 0.5]},
								"east": {"uv": [12, 16], "uv_size": [1, 0.5]},
								"south": {"uv": [22, 20], "uv_size": [0.5, 0.5]},
								"west": {"uv": [13, 16], "uv_size": [1, 0.5]},
								"up": {"uv": [16, 13], "uv_size": [0.5, 1]},
								"down": {"uv": [16, 15], "uv_size": [0.5, -1]}
							}
						},
						{
							"origin": [0.82414, -0.59375, -0.90625],
							"size": [0.41421, 0.25, 1.59375],
							"pivot": [1.03125, -0.84375, 0.04688],
							"rotation": [0, 0, 45],
							"uv": {
								"north": {"uv": [21, 22], "uv_size": [0.5, 0.5]},
								"east": {"uv": [15, 16], "uv_size": [1, 0.5]},
								"south": {"uv": [22, 21], "uv_size": [0.5, 0.5]},
								"west": {"uv": [16, 16], "uv_size": [1, 0.5]},
								"up": {"uv": [0, 17], "uv_size": [0.5, 1]},
								"down": {"uv": [17, 1], "uv_size": [0.5, -1]}
							}
						},
						{
							"origin": [0.66789, -0.59375, -0.90625],
							"size": [0.57046, 0.25, 1.59375],
							"uv": {
								"north": {"uv": [22, 22], "uv_size": [0.5, 0.5]},
								"east": {"uv": [1, 17], "uv_size": [1, 0.5]},
								"south": {"uv": [0, 23], "uv_size": [0.5, 0.5]},
								"west": {"uv": [17, 1], "uv_size": [1, 0.5]},
								"up": {"uv": [3, 17], "uv_size": [0.5, 1]},
								"down": {"uv": [4, 18], "uv_size": [0.5, -1]}
							}
						},
						{
							"origin": [1.28125, -1.05086, -0.90625],
							"size": [0.25, 0.41421, 1.59375],
							"pivot": [1.03125, -0.84375, 0.04688],
							"rotation": [0, 0, 45],
							"uv": {
								"north": {"uv": [23, 0], "uv_size": [0.5, 0.5]},
								"east": {"uv": [17, 4], "uv_size": [1, 0.5]},
								"south": {"uv": [1, 23], "uv_size": [0.5, 0.5]},
								"west": {"uv": [17, 5], "uv_size": [1, 0.5]},
								"up": {"uv": [6, 17], "uv_size": [0.5, 1]},
								"down": {"uv": [17, 7], "uv_size": [0.5, -1]}
							}
						},
						{
							"origin": [1.28125, -1.05086, -0.90625],
							"size": [0.25, 0.41421, 1.59375],
							"uv": {
								"north": {"uv": [23, 1], "uv_size": [0.5, 0.5]},
								"east": {"uv": [7, 17], "uv_size": [1, 0.5]},
								"south": {"uv": [2, 23], "uv_size": [0.5, 0.5]},
								"west": {"uv": [17, 7], "uv_size": [1, 0.5]},
								"up": {"uv": [8, 17], "uv_size": [0.5, 1]},
								"down": {"uv": [17, 9], "uv_size": [0.5, -1]}
							}
						},
						{
							"origin": [1.28125, -1.05086, -0.90625],
							"size": [0.25, 0.41421, 1.59375],
							"uv": {
								"north": {"uv": [23, 1], "uv_size": [0.5, 0.5]},
								"east": {"uv": [7, 17], "uv_size": [1, 0.5]},
								"south": {"uv": [2, 23], "uv_size": [0.5, 0.5]},
								"west": {"uv": [17, 7], "uv_size": [1, 0.5]},
								"up": {"uv": [8, 17], "uv_size": [0.5, 1]},
								"down": {"uv": [17, 9], "uv_size": [0.5, -1]}
							}
						},
						{
							"origin": [0.375, -1.11336, -0.90625],
							"size": [0.26563, 0.47671, 1.59375],
							"pivot": [0.875, -0.84375, 0.04688],
							"rotation": [0, 0, 45],
							"uv": {
								"north": {"uv": [23, 2], "uv_size": [0.5, 0.5]},
								"east": {"uv": [9, 17], "uv_size": [1, 0.5]},
								"south": {"uv": [3, 23], "uv_size": [0.5, 0.5]},
								"west": {"uv": [17, 9], "uv_size": [1, 0.5]},
								"up": {"uv": [10, 17], "uv_size": [0.5, 1]},
								"down": {"uv": [17, 11], "uv_size": [0.5, -1]}
							}
						},
						{
							"origin": [0.53125, -1.05086, -0.90625],
							"size": [0.25, 0.41421, 1.59375],
							"uv": {
								"north": {"uv": [23, 3], "uv_size": [0.5, 0.5]},
								"east": {"uv": [11, 17], "uv_size": [1, 0.5]},
								"south": {"uv": [4, 23], "uv_size": [0.5, 0.5]},
								"west": {"uv": [17, 11], "uv_size": [1, 0.5]},
								"up": {"uv": [12, 17], "uv_size": [0.5, 1]},
								"down": {"uv": [17, 13], "uv_size": [0.5, -1]}
							}
						}
					]
				},
				{
					"name": "octagon3",
					"parent": "bone10",
					"pivot": [-2.28125, -3.54687, -2],
					"cubes": [
						{
							"origin": [0.87406, -1.2275, -2.23906],
							"size": [0.31687, 0.19125, 3.86156],
							"pivot": [1.0325, -0.845, -0.47],
							"rotation": [0, 0, 45],
							"uv": {
								"north": {"uv": [23, 4], "uv_size": [0.5, 0.5]},
								"east": {"uv": [3, 0], "uv_size": [4, 0.5]},
								"south": {"uv": [5, 23], "uv_size": [0.5, 0.5]},
								"west": {"uv": [3, 1], "uv_size": [4, 0.5]},
								"up": {"uv": [3, 2], "uv_size": [0.5, 4]},
								"down": {"uv": [4, 6], "uv_size": [0.5, -4]}
							}
						},
						{
							"origin": [0.87406, -1.2275, -2.23906],
							"size": [0.31687, 0.19125, 3.86156],
							"uv": {
								"north": {"uv": [23, 5], "uv_size": [0.5, 0.5]},
								"east": {"uv": [5, 2], "uv_size": [4, 0.5]},
								"south": {"uv": [6, 23], "uv_size": [0.5, 0.5]},
								"west": {"uv": [5, 3], "uv_size": [4, 0.5]},
								"up": {"uv": [0, 5], "uv_size": [0.5, 4]},
								"down": {"uv": [1, 9], "uv_size": [0.5, -4]}
							}
						},
						{
							"origin": [0.87406, -0.65375, -2.23906],
							"size": [0.31687, 0.19125, 3.86156],
							"pivot": [1.0325, -0.845, -0.47],
							"rotation": [0, 0, 45],
							"uv": {
								"north": {"uv": [23, 6], "uv_size": [0.5, 0.5]},
								"east": {"uv": [5, 4], "uv_size": [4, 0.5]},
								"south": {"uv": [7, 23], "uv_size": [0.5, 0.5]},
								"west": {"uv": [5, 5], "uv_size": [4, 0.5]},
								"up": {"uv": [2, 5], "uv_size": [0.5, 4]},
								"down": {"uv": [3, 10], "uv_size": [0.5, -4]}
							}
						},
						{
							"origin": [0.87406, -0.65375, -2.23906],
							"size": [0.31687, 0.19125, 3.86156],
							"uv": {
								"north": {"uv": [23, 7], "uv_size": [0.5, 0.5]},
								"east": {"uv": [4, 6], "uv_size": [4, 0.5]},
								"south": {"uv": [8, 23], "uv_size": [0.5, 0.5]},
								"west": {"uv": [7, 0], "uv_size": [4, 0.5]},
								"up": {"uv": [4, 7], "uv_size": [0.5, 4]},
								"down": {"uv": [5, 11], "uv_size": [0.5, -4]}
							}
						},
						{
							"origin": [1.22375, -1.00344, -2.23906],
							"size": [0.19125, 0.31687, 3.86156],
							"pivot": [1.0325, -0.845, -0.47],
							"rotation": [0, 0, 45],
							"uv": {
								"north": {"uv": [23, 8], "uv_size": [0.5, 0.5]},
								"east": {"uv": [7, 1], "uv_size": [4, 0.5]},
								"south": {"uv": [9, 23], "uv_size": [0.5, 0.5]},
								"west": {"uv": [6, 7], "uv_size": [4, 0.5]},
								"up": {"uv": [6, 8], "uv_size": [0.5, 4]},
								"down": {"uv": [7, 12], "uv_size": [0.5, -4]}
							}
						},
						{
							"origin": [1.22375, -1.00344, -2.23906],
							"size": [0.19125, 0.31687, 3.86156],
							"uv": {
								"north": {"uv": [23, 9], "uv_size": [0.5, 0.5]},
								"east": {"uv": [8, 6], "uv_size": [4, 0.5]},
								"south": {"uv": [10, 23], "uv_size": [0.5, 0.5]},
								"west": {"uv": [8, 8], "uv_size": [4, 0.5]},
								"up": {"uv": [0, 9], "uv_size": [0.5, 4]},
								"down": {"uv": [1, 13], "uv_size": [0.5, -4]}
							}
						},
						{
							"origin": [1.34875, -0.94094, -2.17656],
							"size": [0.06625, 0.19187, 0.98656],
							"inflate": 0.002,
							"uv": {
								"west": {"uv": [203, 51.5], "uv_size": [28.5, 6]}
							}
						},
						{
							"origin": [0.65, -1.00344, -2.23906],
							"size": [0.19125, 0.31687, 3.86156],
							"pivot": [1.0325, -0.845, -0.47],
							"rotation": [0, 0, 45],
							"uv": {
								"north": {"uv": [23, 10], "uv_size": [0.5, 0.5]},
								"east": {"uv": [9, 2], "uv_size": [4, 0.5]},
								"south": {"uv": [11, 23], "uv_size": [0.5, 0.5]},
								"west": {"uv": [9, 3], "uv_size": [4, 0.5]},
								"up": {"uv": [2, 9], "uv_size": [0.5, 4]},
								"down": {"uv": [8, 13], "uv_size": [0.5, -4]}
							}
						},
						{
							"origin": [0.76719, -0.90578, 0.76094],
							"size": [0.54281, 0.12156, 0.86156],
							"pivot": [1.0325, -0.845, -0.47],
							"rotation": [0, 0, 45],
							"uv": {
								"north": {"uv": [4, 26], "uv_size": [0.5, 0.5]},
								"east": {"uv": [13, 19], "uv_size": [1, 0.5]},
								"south": {"uv": [26, 4], "uv_size": [0.5, 0.5]},
								"west": {"uv": [19, 13], "uv_size": [1, 0.5]},
								"up": {"uv": [14, 19], "uv_size": [0.5, 1]},
								"down": {"uv": [19, 15], "uv_size": [0.5, -1]}
							}
						},
						{
							"origin": [0.65, -1.00344, -2.23906],
							"size": [0.19125, 0.31687, 3.86156],
							"uv": {
								"north": {"uv": [23, 11], "uv_size": [0.5, 0.5]},
								"east": {"uv": [9, 4], "uv_size": [4, 0.5]},
								"south": {"uv": [12, 23], "uv_size": [0.5, 0.5]},
								"west": {"uv": [9, 5], "uv_size": [4, 0.5]},
								"up": {"uv": [9, 9], "uv_size": [0.5, 4]},
								"down": {"uv": [3, 14], "uv_size": [0.5, -4]}
							}
						}
					]
				},
				{
					"name": "bone11_illuminated",
					"parent": "bone10",
					"pivot": [-0.17187, -8.23437, 13]
				},
				{
					"name": "octagon4",
					"parent": "bone10",
					"pivot": [0.72656, -2.60937, -1.45312],
					"cubes": [
						{
							"origin": [0.89936, -1.41797, -0.32812],
							"size": [0.31066, 1.16406, 0.1875],
							"pivot": [1.05469, 0.0625, 0.04688],
							"rotation": [0, 45, 0],
							"uv": {
								"north": {"uv": [18, 11], "uv_size": [0.5, 1]},
								"east": {"uv": [12, 18], "uv_size": [0.5, 1]},
								"south": {"uv": [18, 12], "uv_size": [0.5, 1]},
								"west": {"uv": [13, 18], "uv_size": [0.5, 1]},
								"up": {"uv": [23, 19], "uv_size": [0.5, 0.5]},
								"down": {"uv": [20, 23.5], "uv_size": [0.5, -0.5]}
							}
						},
						{
							"origin": [0.89936, -1.41797, -0.32812],
							"size": [0.31066, 1.16406, 0.1875],
							"uv": {
								"north": {"uv": [18, 13], "uv_size": [0.5, 1]},
								"east": {"uv": [14, 18], "uv_size": [0.5, 1]},
								"south": {"uv": [18, 14], "uv_size": [0.5, 1]},
								"west": {"uv": [15, 18], "uv_size": [0.5, 1]},
								"up": {"uv": [23, 20], "uv_size": [0.5, 0.5]},
								"down": {"uv": [21, 23.5], "uv_size": [0.5, -0.5]}
							}
						},
						{
							"origin": [0.89936, -1.41797, 0.23438],
							"size": [0.31066, 1.16406, 0.1875],
							"pivot": [1.05469, 0.0625, 0.04688],
							"rotation": [0, 45, 0],
							"uv": {
								"north": {"uv": [18, 15], "uv_size": [0.5, 1]},
								"east": {"uv": [16, 18], "uv_size": [0.5, 1]},
								"south": {"uv": [18, 16], "uv_size": [0.5, 1]},
								"west": {"uv": [17, 18], "uv_size": [0.5, 1]},
								"up": {"uv": [23, 21], "uv_size": [0.5, 0.5]},
								"down": {"uv": [22, 23.5], "uv_size": [0.5, -0.5]}
							}
						},
						{
							"origin": [0.89936, -1.41797, 0.23438],
							"size": [0.31066, 1.16406, 0.1875],
							"uv": {
								"north": {"uv": [18, 17], "uv_size": [0.5, 1]},
								"east": {"uv": [18, 18], "uv_size": [0.5, 1]},
								"south": {"uv": [0, 19], "uv_size": [0.5, 1]},
								"west": {"uv": [19, 0], "uv_size": [0.5, 1]},
								"up": {"uv": [23, 22], "uv_size": [0.5, 0.5]},
								"down": {"uv": [23, 23.5], "uv_size": [0.5, -0.5]}
							}
						},
						{
							"origin": [0.67969, -1.41797, -0.10846],
							"size": [0.1875, 1.16406, 0.31066],
							"pivot": [1.05469, 0.0625, 0.04688],
							"rotation": [0, 45, 0],
							"uv": {
								"north": {"uv": [1, 19], "uv_size": [0.5, 1]},
								"east": {"uv": [19, 1], "uv_size": [0.5, 1]},
								"south": {"uv": [2, 19], "uv_size": [0.5, 1]},
								"west": {"uv": [19, 2], "uv_size": [0.5, 1]},
								"up": {"uv": [0, 24], "uv_size": [0.5, 0.5]},
								"down": {"uv": [24, 0.5], "uv_size": [0.5, -0.5]}
							}
						},
						{
							"origin": [0.67969, -1.41797, -0.10846],
							"size": [0.1875, 1.16406, 0.31066],
							"uv": {
								"north": {"uv": [3, 19], "uv_size": [0.5, 1]},
								"east": {"uv": [19, 3], "uv_size": [0.5, 1]},
								"south": {"uv": [4, 19], "uv_size": [0.5, 1]},
								"west": {"uv": [19, 4], "uv_size": [0.5, 1]},
								"up": {"uv": [1, 24], "uv_size": [0.5, 0.5]},
								"down": {"uv": [24, 1.5], "uv_size": [0.5, -0.5]}
							}
						},
						{
							"origin": [1.24219, -1.41797, -0.10846],
							"size": [0.1875, 1.16406, 0.31066],
							"pivot": [1.05469, 0.0625, 0.04688],
							"rotation": [0, 45, 0],
							"uv": {
								"north": {"uv": [5, 19], "uv_size": [0.5, 1]},
								"east": {"uv": [19, 5], "uv_size": [0.5, 1]},
								"south": {"uv": [6, 19], "uv_size": [0.5, 1]},
								"west": {"uv": [19, 6], "uv_size": [0.5, 1]},
								"up": {"uv": [2, 24], "uv_size": [0.5, 0.5]},
								"down": {"uv": [24, 2.5], "uv_size": [0.5, -0.5]}
							}
						},
						{
							"origin": [0.85156, -1.41797, -0.0108],
							"size": [0.42188, 1.16406, 0.11535],
							"pivot": [1.05469, 0.0625, 0.04688],
							"rotation": [0, 45, 0],
							"uv": {
								"north": {"uv": [9, 19], "uv_size": [0.5, 1]},
								"east": {"uv": [19, 9], "uv_size": [0.5, 1]},
								"south": {"uv": [10, 19], "uv_size": [0.5, 1]},
								"west": {"uv": [19, 10], "uv_size": [0.5, 1]},
								"up": {"uv": [4, 24], "uv_size": [0.5, 0.5]},
								"down": {"uv": [24, 4.5], "uv_size": [0.5, -0.5]}
							}
						},
						{
							"origin": [1.24219, -1.41797, -0.10846],
							"size": [0.1875, 1.16406, 0.31066],
							"uv": {
								"north": {"uv": [7, 19], "uv_size": [0.5, 1]},
								"east": {"uv": [19, 7], "uv_size": [0.5, 1]},
								"south": {"uv": [8, 19], "uv_size": [0.5, 1]},
								"west": {"uv": [19, 8], "uv_size": [0.5, 1]},
								"up": {"uv": [3, 24], "uv_size": [0.5, 0.5]},
								"down": {"uv": [24, 3.5], "uv_size": [0.5, -0.5]}
							}
						}
					]
				},
				{
					"name": "octagon5",
					"parent": "bone10",
					"pivot": [0.47656, -0.57812, -1.14062],
					"rotation": [0, 0, 90],
					"cubes": [
						{
							"origin": [0.6148, 0.375, -0.24062],
							"size": [0.24853, 0.18125, 0.15],
							"pivot": [0.73906, 1.55938, 0.05938],
							"rotation": [0, 45, 0],
							"uv": {
								"north": {"uv": [18, 11], "uv_size": [0.5, 1]},
								"east": {"uv": [12, 18], "uv_size": [0.5, 1]},
								"south": {"uv": [18, 12], "uv_size": [0.5, 1]},
								"west": {"uv": [13, 18], "uv_size": [0.5, 1]},
								"up": {"uv": [23, 19], "uv_size": [0.5, 0.5]},
								"down": {"uv": [20, 23.5], "uv_size": [0.5, -0.5]}
							}
						},
						{
							"origin": [0.6148, 0.375, -0.24062],
							"size": [0.24853, 0.18125, 0.15],
							"uv": {
								"north": {"uv": [18, 13], "uv_size": [0.5, 1]},
								"east": {"uv": [14, 18], "uv_size": [0.5, 1]},
								"south": {"uv": [18, 14], "uv_size": [0.5, 1]},
								"west": {"uv": [15, 18], "uv_size": [0.5, 1]},
								"up": {"uv": [23, 20], "uv_size": [0.5, 0.5]},
								"down": {"uv": [21, 23.5], "uv_size": [0.5, -0.5]}
							}
						},
						{
							"origin": [0.6148, 0.375, 0.20938],
							"size": [0.24853, 0.18125, 0.15],
							"pivot": [0.73906, 1.55938, 0.05938],
							"rotation": [0, 45, 0],
							"uv": {
								"north": {"uv": [18, 15], "uv_size": [0.5, 1]},
								"east": {"uv": [16, 18], "uv_size": [0.5, 1]},
								"south": {"uv": [18, 16], "uv_size": [0.5, 1]},
								"west": {"uv": [17, 18], "uv_size": [0.5, 1]},
								"up": {"uv": [23, 21], "uv_size": [0.5, 0.5]},
								"down": {"uv": [22, 23.5], "uv_size": [0.5, -0.5]}
							}
						},
						{
							"origin": [0.6148, 0.375, 0.20938],
							"size": [0.24853, 0.18125, 0.15],
							"uv": {
								"north": {"uv": [18, 17], "uv_size": [0.5, 1]},
								"east": {"uv": [18, 18], "uv_size": [0.5, 1]},
								"south": {"uv": [0, 19], "uv_size": [0.5, 1]},
								"west": {"uv": [19, 0], "uv_size": [0.5, 1]},
								"up": {"uv": [23, 22], "uv_size": [0.5, 0.5]},
								"down": {"uv": [23, 23.5], "uv_size": [0.5, -0.5]}
							}
						},
						{
							"origin": [0.43906, 0.375, -0.06489],
							"size": [0.15, 0.18125, 0.24853],
							"pivot": [0.73906, 1.55938, 0.05938],
							"rotation": [0, 45, 0],
							"uv": {
								"north": {"uv": [1, 19], "uv_size": [0.5, 1]},
								"east": {"uv": [19, 1], "uv_size": [0.5, 1]},
								"south": {"uv": [2, 19], "uv_size": [0.5, 1]},
								"west": {"uv": [19, 2], "uv_size": [0.5, 1]},
								"up": {"uv": [0, 24], "uv_size": [0.5, 0.5]},
								"down": {"uv": [24, 0.5], "uv_size": [0.5, -0.5]}
							}
						},
						{
							"origin": [0.43906, 0.375, -0.06489],
							"size": [0.15, 0.18125, 0.24853],
							"uv": {
								"north": {"uv": [3, 19], "uv_size": [0.5, 1]},
								"east": {"uv": [19, 3], "uv_size": [0.5, 1]},
								"south": {"uv": [4, 19], "uv_size": [0.5, 1]},
								"west": {"uv": [19, 4], "uv_size": [0.5, 1]},
								"up": {"uv": [1, 24], "uv_size": [0.5, 0.5]},
								"down": {"uv": [24, 1.5], "uv_size": [0.5, -0.5]}
							}
						},
						{
							"origin": [0.88906, 0.375, -0.06489],
							"size": [0.15, 0.18125, 0.24853],
							"pivot": [0.73906, 1.55938, 0.05938],
							"rotation": [0, 45, 0],
							"uv": {
								"north": {"uv": [5, 19], "uv_size": [0.5, 1]},
								"east": {"uv": [19, 5], "uv_size": [0.5, 1]},
								"south": {"uv": [6, 19], "uv_size": [0.5, 1]},
								"west": {"uv": [19, 6], "uv_size": [0.5, 1]},
								"up": {"uv": [2, 24], "uv_size": [0.5, 0.5]},
								"down": {"uv": [24, 2.5], "uv_size": [0.5, -0.5]}
							}
						},
						{
							"origin": [0.57656, 0.375, 0.01324],
							"size": [0.3375, 0.18125, 0.09228],
							"pivot": [0.73906, 1.55938, 0.05938],
							"rotation": [0, 45, 0],
							"uv": {
								"north": {"uv": [9, 19], "uv_size": [0.5, 1]},
								"east": {"uv": [19, 9], "uv_size": [0.5, 1]},
								"south": {"uv": [10, 19], "uv_size": [0.5, 1]},
								"west": {"uv": [19, 10], "uv_size": [0.5, 1]},
								"up": {"uv": [4, 24], "uv_size": [0.5, 0.5]},
								"down": {"uv": [24, 4.5], "uv_size": [0.5, -0.5]}
							}
						},
						{
							"origin": [0.88906, 0.375, -0.06489],
							"size": [0.15, 0.18125, 0.24853],
							"uv": {
								"north": {"uv": [7, 19], "uv_size": [0.5, 1]},
								"east": {"uv": [19, 7], "uv_size": [0.5, 1]},
								"south": {"uv": [8, 19], "uv_size": [0.5, 1]},
								"west": {"uv": [19, 8], "uv_size": [0.5, 1]},
								"up": {"uv": [3, 24], "uv_size": [0.5, 0.5]},
								"down": {"uv": [24, 3.5], "uv_size": [0.5, -0.5]}
							}
						}
					]
				},
				{
					"name": "bone3",
					"parent": "bone2",
					"pivot": [1.96211, 1.0955, -0.49998],
					"rotation": [0, 0, 45],
					"cubes": [
						{
							"origin": [1.96875, -1.73437, -0.84375],
							"size": [0.71875, 0.39063, 1.46875],
							"uv": {
								"north": {"uv": [13, 26], "uv_size": [0.5, 0.5]},
								"east": {"uv": [16, 2], "uv_size": [1.5, 0.5]},
								"south": {"uv": [26, 13], "uv_size": [0.5, 0.5]},
								"west": {"uv": [16, 3], "uv_size": [1.5, 0.5]},
								"up": {"uv": [16, 4], "uv_size": [0.5, 1.5]},
								"down": {"uv": [5, 17.5], "uv_size": [0.5, -1.5]}
							}
						},
						{
							"origin": [1.96875, -1.73437, 0.625],
							"size": [0.71875, 0.07813, 0.375],
							"uv": {
								"north": {"uv": [27, 21], "uv_size": [0.5, 0.5]},
								"east": {"uv": [22, 27], "uv_size": [0.5, 0.5]},
								"south": {"uv": [27, 22], "uv_size": [0.5, 0.5]},
								"west": {"uv": [23, 27], "uv_size": [0.5, 0.5]},
								"up": {"uv": [27, 23], "uv_size": [0.5, 0.5]},
								"down": {"uv": [24, 27.5], "uv_size": [0.5, -0.5]}
							}
						},
						{
							"origin": [1.96875, -1.73437, -1.20312],
							"size": [0.71875, 0.07813, 0.35938],
							"uv": {
								"north": {"uv": [1, 28], "uv_size": [0.5, 0.5]},
								"east": {"uv": [28, 1], "uv_size": [0.5, 0.5]},
								"south": {"uv": [2, 28], "uv_size": [0.5, 0.5]},
								"west": {"uv": [28, 2], "uv_size": [0.5, 0.5]},
								"up": {"uv": [3, 28], "uv_size": [0.5, 0.5]},
								"down": {"uv": [28, 3.5], "uv_size": [0.5, -0.5]}
							}
						},
						{
							"origin": [1.95313, -1.98437, -1.21874],
							"size": [0.75, 0.125, 0.46875],
							"uv": {
								"north": {"uv": [20, 11], "uv_size": [1, 0.5]},
								"south": {"uv": [12, 20], "uv_size": [1, 0.5]},
								"down": {"uv": [20, 12.5], "uv_size": [1, -0.5]}
							}
						},
						{
							"origin": [1.96383, -1.90662, -1.21874],
							"size": [0.177, 0.177, 0.46875],
							"pivot": [1.95313, -1.71893, -4.12499],
							"rotation": [0, 0, 45],
							"uv": {
								"north": {"uv": [17, 26], "uv_size": [0.5, 0.5]},
								"east": {"uv": [26, 17], "uv_size": [0.5, 0.5]},
								"south": {"uv": [18, 26], "uv_size": [0.5, 0.5]},
								"down": {"uv": [26, 18.5], "uv_size": [0.5, -0.5]}
							}
						},
						{
							"origin": [2.51543, -1.90662, -1.21874],
							"size": [0.177, 0.177, 0.46875],
							"pivot": [2.70313, -1.71893, -4.12499],
							"rotation": [0, 0, -45],
							"uv": {
								"north": {"uv": [19, 26], "uv_size": [0.5, 0.5]},
								"south": {"uv": [26, 19], "uv_size": [0.5, 0.5]},
								"west": {"uv": [20, 26], "uv_size": [0.5, 0.5]},
								"down": {"uv": [26, 20.5], "uv_size": [0.5, -0.5]}
							}
						},
						{
							"origin": [1.95313, -1.98437, -0.49999],
							"size": [0.75, 0.125, 0.25],
							"uv": {
								"north": {"uv": [13, 20], "uv_size": [1, 0.5]},
								"south": {"uv": [20, 13], "uv_size": [1, 0.5]},
								"down": {"uv": [14, 20.5], "uv_size": [1, -0.5]}
							}
						},
						{
							"origin": [1.96383, -1.90662, -0.49999],
							"size": [0.177, 0.177, 0.25],
							"pivot": [1.95313, -1.71893, -3.62499],
							"rotation": [0, 0, 45],
							"uv": {
								"north": {"uv": [21, 26], "uv_size": [0.5, 0.5]},
								"east": {"uv": [26, 21], "uv_size": [0.5, 0.5]},
								"south": {"uv": [22, 26], "uv_size": [0.5, 0.5]},
								"down": {"uv": [26, 22.5], "uv_size": [0.5, -0.5]}
							}
						},
						{
							"origin": [2.51543, -1.90662, -0.49999],
							"size": [0.177, 0.177, 0.25],
							"pivot": [2.70313, -1.71893, -3.62499],
							"rotation": [0, 0, -45],
							"uv": {
								"north": {"uv": [23, 26], "uv_size": [0.5, 0.5]},
								"south": {"uv": [26, 23], "uv_size": [0.5, 0.5]},
								"west": {"uv": [24, 26], "uv_size": [0.5, 0.5]},
								"down": {"uv": [26, 24.5], "uv_size": [0.5, -0.5]}
							}
						},
						{
							"origin": [1.95313, -1.98437, 0.00001],
							"size": [0.75, 0.125, 0.25],
							"uv": {
								"north": {"uv": [20, 14], "uv_size": [1, 0.5]},
								"south": {"uv": [15, 20], "uv_size": [1, 0.5]},
								"down": {"uv": [20, 15.5], "uv_size": [1, -0.5]}
							}
						},
						{
							"origin": [1.96383, -1.90662, 0.00001],
							"size": [0.177, 0.177, 0.25],
							"pivot": [1.95313, -1.71893, -3.12499],
							"rotation": [0, 0, 45],
							"uv": {
								"north": {"uv": [25, 26], "uv_size": [0.5, 0.5]},
								"east": {"uv": [26, 25], "uv_size": [0.5, 0.5]},
								"south": {"uv": [26, 26], "uv_size": [0.5, 0.5]},
								"down": {"uv": [0, 27.5], "uv_size": [0.5, -0.5]}
							}
						},
						{
							"origin": [2.51543, -1.90662, 0.00001],
							"size": [0.177, 0.177, 0.25],
							"pivot": [2.70313, -1.71893, -3.12499],
							"rotation": [0, 0, -45],
							"uv": {
								"north": {"uv": [27, 0], "uv_size": [0.5, 0.5]},
								"south": {"uv": [1, 27], "uv_size": [0.5, 0.5]},
								"west": {"uv": [27, 1], "uv_size": [0.5, 0.5]},
								"down": {"uv": [2, 27.5], "uv_size": [0.5, -0.5]}
							}
						},
						{
							"origin": [1.95313, -1.98437, 0.50001],
							"size": [0.75, 0.125, 0.5],
							"uv": {
								"north": {"uv": [16, 20], "uv_size": [1, 0.5]},
								"south": {"uv": [20, 16], "uv_size": [1, 0.5]},
								"down": {"uv": [17, 20.5], "uv_size": [1, -0.5]}
							}
						},
						{
							"origin": [1.96383, -1.90662, 0.50001],
							"size": [0.177, 0.177, 0.5],
							"pivot": [1.95313, -1.71893, -2.62499],
							"rotation": [0, 0, 45],
							"uv": {
								"north": {"uv": [27, 2], "uv_size": [0.5, 0.5]},
								"east": {"uv": [3, 27], "uv_size": [0.5, 0.5]},
								"south": {"uv": [27, 3], "uv_size": [0.5, 0.5]},
								"down": {"uv": [4, 27.5], "uv_size": [0.5, -0.5]}
							}
						},
						{
							"origin": [2.51543, -1.90662, 0.50001],
							"size": [0.177, 0.177, 0.5],
							"pivot": [2.70313, -1.71893, -2.62499],
							"rotation": [0, 0, -45],
							"uv": {
								"north": {"uv": [27, 4], "uv_size": [0.5, 0.5]},
								"south": {"uv": [5, 27], "uv_size": [0.5, 0.5]},
								"west": {"uv": [27, 5], "uv_size": [0.5, 0.5]},
								"down": {"uv": [6, 27.5], "uv_size": [0.5, -0.5]}
							}
						},
						{
							"origin": [1.82813, -1.86037, -0.96874],
							"size": [1, 0.001, 1.46875],
							"uv": {
								"north": {"uv": [0, 0], "uv_size": [1, 0]},
								"east": {"uv": [0, 0], "uv_size": [2, 0]},
								"south": {"uv": [0, 0], "uv_size": [1, 0]},
								"west": {"uv": [0, 0], "uv_size": [2, 0]},
								"up": {"uv": [10, 9], "uv_size": [1, 2]},
								"down": {"uv": [11, 2], "uv_size": [1, -2]}
							}
						},
						{
							"origin": [1.95313, -1.85937, -1.21874],
							"size": [0.75, 0.125, 2.21875],
							"uv": {
								"north": {"uv": [20, 17], "uv_size": [1, 0.5]},
								"east": {"uv": [13, 2], "uv_size": [2.5, 0.5]},
								"south": {"uv": [18, 20], "uv_size": [1, 0.5]},
								"west": {"uv": [13, 3], "uv_size": [2.5, 0.5]},
								"up": {"uv": [2, 2], "uv_size": [1, 2.5]}
							}
						}
					]
				},
				{
					"name": "laser_beam",
					"pivot": [1.03125, -0.84374, -1.75]
				}
			]
		}
	]
}