{
	"format_version": "1.12.0",
	"minecraft:geometry": [
		{
			"description": {
				"identifier": "geometry.unknown",
				"texture_width": 256,
				"texture_height": 256,
				"visible_bounds_width": 36,
				"visible_bounds_height": 7,
				"visible_bounds_offset": [0, 0.5, 0]
			},
			"bones": [
				{
					"name": "emx_tac_grip",
					"pivot": [0.36601, -1.26388, 0.75002]
				},
				{
					"name": "bone2",
					"parent": "emx_tac_grip",
					"pivot": [0, 0, 0],
					"cubes": [
						{
							"origin": [-0.57813, -0.1875, -0.96509],
							"size": [0.23438, 0.13032, 1.71509],
							"uv": {
								"north": {"uv": [21.5, 5], "uv_size": [-0.5, 0.5]},
								"east": {"uv": [15.5, 7], "uv_size": [-1.5, 0.5]},
								"south": {"uv": [6.5, 21], "uv_size": [-0.5, 0.5]},
								"west": {"uv": [15.5, 5], "uv_size": [-1.5, 0.5]},
								"up": {"uv": [9.5, 14], "uv_size": [-0.5, 1.5]},
								"down": {"uv": [14.5, 10.5], "uv_size": [-0.5, -1.5]}
							}
						},
						{
							"origin": [0.61874, 0.56895, -0.96509],
							"size": [0.125, 0.11469, 1.71509],
							"pivot": [1.07187, -1.19668, 0],
							"rotation": [0, 0, -45],
							"uv": {
								"north": {"uv": [21.5, 6], "uv_size": [-0.5, 0.5]},
								"east": {"uv": [15.5, 11], "uv_size": [-1.5, 0.5]},
								"south": {"uv": [7.5, 21], "uv_size": [-0.5, 0.5]},
								"west": {"uv": [11.5, 14], "uv_size": [-1.5, 0.5]},
								"up": {"uv": [12.5, 14], "uv_size": [-0.5, 1.5]},
								"down": {"uv": [13.5, 15.5], "uv_size": [-0.5, -1.5]}
							}
						},
						{
							"origin": [-0.49703, -0.2686, -0.96509],
							"size": [0.99405, 0.0811, 1.71509],
							"uv": {
								"north": {"uv": [7, 16], "uv_size": [-1, 0.5]},
								"east": {"uv": [16.5, 6], "uv_size": [-1.5, 0.5]},
								"south": {"uv": [8, 16], "uv_size": [-1, 0.5]},
								"west": {"uv": [7.5, 15], "uv_size": [-1.5, 0.5]},
								"up": {"uv": [5, 11], "uv_size": [-1, 1.5]},
								"down": {"uv": [6, 12.5], "uv_size": [-1, -1.5]}
							}
						},
						{
							"origin": [-0.74374, 0.56895, -0.96509],
							"size": [0.125, 0.11469, 1.71509],
							"pivot": [-1.07187, -1.19668, 0],
							"rotation": [0, 0, 45],
							"uv": {
								"north": {"uv": [21.5, 7], "uv_size": [-0.5, 0.5]},
								"east": {"uv": [15.5, 14], "uv_size": [-1.5, 0.5]},
								"south": {"uv": [8.5, 21], "uv_size": [-0.5, 0.5]},
								"west": {"uv": [15.5, 13], "uv_size": [-1.5, 0.5]},
								"up": {"uv": [15.5, 0], "uv_size": [-0.5, 1.5]},
								"down": {"uv": [3.5, 16.5], "uv_size": [-0.5, -1.5]}
							}
						},
						{
							"origin": [0.34374, -0.1875, -0.96509],
							"size": [0.23438, 0.13032, 1.71509],
							"uv": {
								"north": {"uv": [21.5, 11], "uv_size": [-0.5, 0.5]},
								"east": {"uv": [16.5, 9], "uv_size": [-1.5, 0.5]},
								"south": {"uv": [12.5, 21], "uv_size": [-0.5, 0.5]},
								"west": {"uv": [16.5, 8], "uv_size": [-1.5, 0.5]},
								"up": {"uv": [4.5, 15], "uv_size": [-0.5, 1.5]},
								"down": {"uv": [10.5, 16.5], "uv_size": [-0.5, -1.5]}
							}
						},
						{
							"origin": [0.34374, 0.03125, -1.125],
							"size": [0.23438, 0.21875, 0.375],
							"pivot": [0.125, 0.25, -0.75],
							"rotation": [55, 0, 0],
							"uv": {
								"north": {"uv": [21.5, 12], "uv_size": [-0.5, 0.5]},
								"east": {"uv": [14.5, 21], "uv_size": [-0.5, 0.5]},
								"south": {"uv": [21.5, 13], "uv_size": [-0.5, 0.5]},
								"west": {"uv": [13.5, 21], "uv_size": [-0.5, 0.5]},
								"up": {"uv": [21.5, 14], "uv_size": [-0.5, 0.5]},
								"down": {"uv": [15.5, 21.5], "uv_size": [-0.5, -0.5]}
							}
						},
						{
							"origin": [-0.57813, 0.03125, -1.125],
							"size": [0.23438, 0.21875, 0.375],
							"pivot": [-0.125, 0.25, -0.75],
							"rotation": [55, 0, 0],
							"uv": {
								"north": {"uv": [21.5, 8], "uv_size": [-0.5, 0.5]},
								"east": {"uv": [10.5, 21], "uv_size": [-0.5, 0.5]},
								"south": {"uv": [21.5, 9], "uv_size": [-0.5, 0.5]},
								"west": {"uv": [9.5, 21], "uv_size": [-0.5, 0.5]},
								"up": {"uv": [21.5, 10], "uv_size": [-0.5, 0.5]},
								"down": {"uv": [11.5, 21.5], "uv_size": [-0.5, -0.5]}
							}
						},
						{
							"origin": [-0.57813, -0.0625, -0.75],
							"size": [0.23438, 0.3125, 1.5],
							"uv": {
								"north": {"uv": [21.5, 4], "uv_size": [-0.5, 0.5]},
								"east": {"uv": [15.5, 4], "uv_size": [-1.5, 0.5]},
								"south": {"uv": [5.5, 21], "uv_size": [-0.5, 0.5]},
								"west": {"uv": [4.5, 14], "uv_size": [-1.5, 0.5]},
								"up": {"uv": [5.5, 14], "uv_size": [-0.5, 1.5]},
								"down": {"uv": [8.5, 15.5], "uv_size": [-0.5, -1.5]}
							}
						},
						{
							"origin": [-0.60714, -0.32005, 0.33855],
							"size": [1.21429, 0.19892, 0.08239],
							"pivot": [-0.01635, 0.23438, -0.16227],
							"rotation": [22.5, 0, 0],
							"uv": {
								"north": {"uv": [21, 9], "uv_size": [-1, 0.5]},
								"east": {"uv": [26.5, 12], "uv_size": [-0.5, 0.5]},
								"south": {"uv": [11, 20], "uv_size": [-1, 0.5]},
								"west": {"uv": [12.5, 26], "uv_size": [-0.5, 0.5]},
								"up": {"uv": [21, 10], "uv_size": [-1, 0.5]},
								"down": {"uv": [12, 20.5], "uv_size": [-1, -0.5]}
							}
						},
						{
							"origin": [-0.60714, 0.25473, 0.44325],
							"size": [1.21429, 0.08239, 0.19892],
							"pivot": [-0.01635, 0.23438, -0.16227],
							"rotation": [-22.5, 0, 0],
							"uv": {
								"north": {"uv": [21, 7], "uv_size": [-1, 0.5]},
								"east": {"uv": [26.5, 11], "uv_size": [-0.5, 0.5]},
								"south": {"uv": [9, 20], "uv_size": [-1, 0.5]},
								"west": {"uv": [11.5, 26], "uv_size": [-0.5, 0.5]},
								"up": {"uv": [21, 8], "uv_size": [-1, 0.5]},
								"down": {"uv": [10, 20.5], "uv_size": [-1, -0.5]}
							}
						},
						{
							"origin": [-0.60714, -0.26179, 0.28029],
							"size": [1.21429, 0.08239, 0.19892],
							"pivot": [-0.01635, 0.23438, -0.16227],
							"rotation": [22.5, 0, 0],
							"uv": {
								"north": {"uv": [21, 5], "uv_size": [-1, 0.5]},
								"east": {"uv": [26.5, 10], "uv_size": [-0.5, 0.5]},
								"south": {"uv": [7, 20], "uv_size": [-1, 0.5]},
								"west": {"uv": [10.5, 26], "uv_size": [-0.5, 0.5]},
								"up": {"uv": [21, 6], "uv_size": [-1, 0.5]},
								"down": {"uv": [8, 20.5], "uv_size": [-1, -0.5]}
							}
						},
						{
							"origin": [-0.60714, 0.19646, 0.50151],
							"size": [1.21429, 0.19892, 0.08239],
							"pivot": [-0.01635, 0.23438, -0.16227],
							"rotation": [-22.5, 0, 0],
							"uv": {
								"north": {"uv": [21, 3], "uv_size": [-1, 0.5]},
								"east": {"uv": [26.5, 9], "uv_size": [-0.5, 0.5]},
								"south": {"uv": [5, 20], "uv_size": [-1, 0.5]},
								"west": {"uv": [9.5, 26], "uv_size": [-0.5, 0.5]},
								"up": {"uv": [21, 4], "uv_size": [-1, 0.5]},
								"down": {"uv": [6, 20.5], "uv_size": [-1, -0.5]}
							}
						},
						{
							"origin": [-0.60714, -0.26179, -0.84471],
							"size": [1.21429, 0.08239, 0.19892],
							"pivot": [-0.01635, 0.23438, -1.28727],
							"rotation": [22.5, 0, 0],
							"uv": {
								"north": {"uv": [21, 1], "uv_size": [-1, 0.5]},
								"east": {"uv": [26.5, 8], "uv_size": [-0.5, 0.5]},
								"south": {"uv": [3, 20], "uv_size": [-1, 0.5]},
								"west": {"uv": [8.5, 26], "uv_size": [-0.5, 0.5]},
								"up": {"uv": [21, 2], "uv_size": [-1, 0.5]},
								"down": {"uv": [4, 20.5], "uv_size": [-1, -0.5]}
							}
						},
						{
							"origin": [-0.60714, -0.32005, -0.78645],
							"size": [1.21429, 0.19892, 0.08239],
							"pivot": [-0.01635, 0.23438, -1.28727],
							"rotation": [22.5, 0, 0],
							"uv": {
								"north": {"uv": [20, 19], "uv_size": [-1, 0.5]},
								"east": {"uv": [26.5, 7], "uv_size": [-0.5, 0.5]},
								"south": {"uv": [1, 20], "uv_size": [-1, 0.5]},
								"west": {"uv": [7.5, 26], "uv_size": [-0.5, 0.5]},
								"up": {"uv": [21, 0], "uv_size": [-1, 0.5]},
								"down": {"uv": [2, 20.5], "uv_size": [-1, -0.5]}
							}
						},
						{
							"origin": [-0.60714, 0.19646, -0.62349],
							"size": [1.21429, 0.19892, 0.08239],
							"pivot": [-0.01635, 0.23438, -1.28727],
							"rotation": [-22.5, 0, 0],
							"uv": {
								"north": {"uv": [18, 19], "uv_size": [-1, 0.5]},
								"east": {"uv": [26.5, 6], "uv_size": [-0.5, 0.5]},
								"south": {"uv": [20, 17], "uv_size": [-1, 0.5]},
								"west": {"uv": [6.5, 26], "uv_size": [-0.5, 0.5]},
								"up": {"uv": [19, 19], "uv_size": [-1, 0.5]},
								"down": {"uv": [20, 18.5], "uv_size": [-1, -0.5]}
							}
						},
						{
							"origin": [-0.60714, 0.25473, -0.68175],
							"size": [1.21429, 0.08239, 0.19892],
							"pivot": [-0.01635, 0.23438, -1.28727],
							"rotation": [-22.5, 0, 0],
							"uv": {
								"north": {"uv": [16, 19], "uv_size": [-1, 0.5]},
								"east": {"uv": [26.5, 5], "uv_size": [-0.5, 0.5]},
								"south": {"uv": [20, 15], "uv_size": [-1, 0.5]},
								"west": {"uv": [5.5, 26], "uv_size": [-0.5, 0.5]},
								"up": {"uv": [17, 19], "uv_size": [-1, 0.5]},
								"down": {"uv": [20, 16.5], "uv_size": [-1, -0.5]}
							}
						},
						{
							"origin": [0.34374, -0.0625, -0.75],
							"size": [0.23438, 0.3125, 1.5],
							"uv": {
								"north": {"uv": [21.5, 15], "uv_size": [-0.5, 0.5]},
								"east": {"uv": [16.5, 12], "uv_size": [-1.5, 0.5]},
								"south": {"uv": [16.5, 21], "uv_size": [-0.5, 0.5]},
								"west": {"uv": [16.5, 10], "uv_size": [-1.5, 0.5]},
								"up": {"uv": [11.5, 15], "uv_size": [-0.5, 1.5]},
								"down": {"uv": [14.5, 16.5], "uv_size": [-0.5, -1.5]}
							}
						},
						{
							"origin": [-0.35938, -0.26562, -0.96875],
							"size": [0.71875, 0.25, 1.71875],
							"uv": {
								"north": {"uv": [21.5, 3], "uv_size": [-0.5, 0.5]},
								"east": {"uv": [14.5, 12], "uv_size": [-1.5, 0.5]},
								"south": {"uv": [4.5, 21], "uv_size": [-0.5, 0.5]},
								"west": {"uv": [13.5, 13], "uv_size": [-1.5, 0.5]},
								"up": {"uv": [1.5, 14], "uv_size": [-0.5, 1.5]},
								"down": {"uv": [2.5, 15.5], "uv_size": [-0.5, -1.5]}
							}
						},
						{
							"origin": [-0.48438, -0.39062, -0.96875],
							"size": [0.09375, 0.125, 1.71875],
							"uv": {
								"north": {"uv": [21.5, 3], "uv_size": [-0.5, 0.5]},
								"east": {"uv": [14.5, 12], "uv_size": [-1.5, 0.5]},
								"south": {"uv": [4.5, 21], "uv_size": [-0.5, 0.5]},
								"west": {"uv": [13.5, 13], "uv_size": [-1.5, 0.5]},
								"up": {"uv": [1.5, 14], "uv_size": [-0.5, 1.5]},
								"down": {"uv": [2.5, 15.5], "uv_size": [-0.5, -1.5]}
							}
						},
						{
							"origin": [-0.2538, -0.75444, -0.96875],
							"size": [0.1875, 0.125, 1.71875],
							"uv": {
								"north": {"uv": [21.5, 3], "uv_size": [-0.5, 0.5]},
								"east": {"uv": [14.5, 12], "uv_size": [-1.5, 0.5]},
								"south": {"uv": [4.5, 21], "uv_size": [-0.5, 0.5]},
								"west": {"uv": [13.5, 13], "uv_size": [-1.5, 0.5]},
								"up": {"uv": [1.5, 14], "uv_size": [-0.5, 1.5]},
								"down": {"uv": [2.5, 15.5], "uv_size": [-0.5, -1.5]}
							}
						},
						{
							"origin": [0.14062, -0.57812, -0.96875],
							"size": [0.21875, 0.1875, 1.71875],
							"pivot": [0, -0.3125, 0],
							"rotation": [0, 0, -45],
							"uv": {
								"north": {"uv": [21.5, 3], "uv_size": [-0.5, 0.5]},
								"east": {"uv": [14.5, 12], "uv_size": [-1.5, 0.5]},
								"south": {"uv": [4.5, 21], "uv_size": [-0.5, 0.5]},
								"west": {"uv": [13.5, 13], "uv_size": [-1.5, 0.5]},
								"up": {"uv": [1.5, 14], "uv_size": [-0.5, 1.5]},
								"down": {"uv": [2.5, 15.5], "uv_size": [-0.5, -1.5]}
							}
						},
						{
							"origin": [0.01562, -0.57812, -0.96875],
							"size": [0.125, 0.09375, 1.71875],
							"pivot": [0, -0.3125, 0],
							"rotation": [0, 0, -45],
							"uv": {
								"north": {"uv": [21.5, 3], "uv_size": [-0.5, 0.5]},
								"east": {"uv": [14.5, 12], "uv_size": [-1.5, 0.5]},
								"south": {"uv": [4.5, 21], "uv_size": [-0.5, 0.5]},
								"west": {"uv": [13.5, 13], "uv_size": [-1.5, 0.5]},
								"up": {"uv": [1.5, 14], "uv_size": [-0.5, 1.5]},
								"down": {"uv": [2.5, 15.5], "uv_size": [-0.5, -1.5]}
							}
						},
						{
							"origin": [-0.68751, -0.57812, -0.96875],
							"size": [0.17188, 0.09375, 1.71875],
							"pivot": [-0.65625, -0.3125, 0],
							"rotation": [0, 0, -45],
							"uv": {
								"north": {"uv": [21.5, 3], "uv_size": [-0.5, 0.5]},
								"east": {"uv": [14.5, 12], "uv_size": [-1.5, 0.5]},
								"south": {"uv": [4.5, 21], "uv_size": [-0.5, 0.5]},
								"west": {"uv": [13.5, 13], "uv_size": [-1.5, 0.5]},
								"up": {"uv": [1.5, 14], "uv_size": [-0.5, 1.5]},
								"down": {"uv": [2.5, 15.5], "uv_size": [-0.5, -1.5]}
							}
						},
						{
							"origin": [-0.68417, -0.90958, -0.96875],
							"size": [0.16854, 0.42521, 1.71875],
							"pivot": [-0.65625, -0.3125, 0],
							"rotation": [0, 0, -45],
							"uv": {
								"north": {"uv": [21.5, 3], "uv_size": [-0.5, 0.5]},
								"east": {"uv": [14.5, 12], "uv_size": [-1.5, 0.5]},
								"south": {"uv": [4.5, 21], "uv_size": [-0.5, 0.5]},
								"west": {"uv": [13.5, 13], "uv_size": [-1.5, 0.5]},
								"up": {"uv": [1.5, 14], "uv_size": [-0.5, 1.5]},
								"down": {"uv": [2.5, 15.5], "uv_size": [-0.5, -1.5]}
							}
						},
						{
							"origin": [-0.51563, -0.57812, -0.96875],
							"size": [0.21875, 0.1875, 1.71875],
							"pivot": [-0.65625, -0.3125, 0],
							"rotation": [0, 0, -45],
							"uv": {
								"north": {"uv": [21.5, 3], "uv_size": [-0.5, 0.5]},
								"east": {"uv": [14.5, 12], "uv_size": [-1.5, 0.5]},
								"south": {"uv": [4.5, 21], "uv_size": [-0.5, 0.5]},
								"west": {"uv": [13.5, 13], "uv_size": [-1.5, 0.5]},
								"up": {"uv": [1.5, 14], "uv_size": [-0.5, 1.5]},
								"down": {"uv": [2.5, 15.5], "uv_size": [-0.5, -1.5]}
							}
						},
						{
							"origin": [-0.23438, -0.57812, -0.96875],
							"size": [0.25, 0.09375, 0.125],
							"pivot": [0, -0.3125, 0],
							"rotation": [0, 0, -45],
							"uv": {
								"north": {"uv": [21.5, 3], "uv_size": [-0.5, 0.5]},
								"east": {"uv": [14.5, 12], "uv_size": [-1.5, 0.5]},
								"south": {"uv": [4.5, 21], "uv_size": [-0.5, 0.5]},
								"west": {"uv": [13.5, 13], "uv_size": [-1.5, 0.5]},
								"up": {"uv": [1.5, 14], "uv_size": [-0.5, 1.5]},
								"down": {"uv": [2.5, 15.5], "uv_size": [-0.5, -1.5]}
							}
						},
						{
							"origin": [-0.23438, -0.57812, 0.625],
							"size": [0.25, 0.09375, 0.125],
							"pivot": [0, -0.3125, -0.21875],
							"rotation": [0, 0, -45],
							"uv": {
								"north": {"uv": [4, 21], "uv_size": [0.5, 0.5]},
								"east": {"uv": [13, 12], "uv_size": [1.5, 0.5]},
								"south": {"uv": [21, 3], "uv_size": [0.5, 0.5]},
								"west": {"uv": [12, 13], "uv_size": [1.5, 0.5]},
								"up": {"uv": [1.5, 15.5], "uv_size": [-0.5, -1.5]},
								"down": {"uv": [2.5, 14], "uv_size": [-0.5, 1.5]}
							}
						},
						{
							"origin": [-0.23438, -0.57812, 0.10938],
							"size": [0.25, 0.09375, 0.125],
							"pivot": [0, -0.3125, -0.73437],
							"rotation": [0, 0, -45],
							"uv": {
								"north": {"uv": [4, 21], "uv_size": [0.5, 0.5]},
								"east": {"uv": [13, 12], "uv_size": [1.5, 0.5]},
								"south": {"uv": [21, 3], "uv_size": [0.5, 0.5]},
								"west": {"uv": [12, 13], "uv_size": [1.5, 0.5]},
								"up": {"uv": [1.5, 15.5], "uv_size": [-0.5, -1.5]},
								"down": {"uv": [2.5, 14], "uv_size": [-0.5, 1.5]}
							}
						},
						{
							"origin": [-0.23438, -0.57812, -0.42187],
							"size": [0.25, 0.09375, 0.125],
							"pivot": [0, -0.3125, -1.26562],
							"rotation": [0, 0, -45],
							"uv": {
								"north": {"uv": [4, 21], "uv_size": [0.5, 0.5]},
								"east": {"uv": [13, 12], "uv_size": [1.5, 0.5]},
								"south": {"uv": [21, 3], "uv_size": [0.5, 0.5]},
								"west": {"uv": [12, 13], "uv_size": [1.5, 0.5]},
								"up": {"uv": [1.5, 15.5], "uv_size": [-0.5, -1.5]},
								"down": {"uv": [2.5, 14], "uv_size": [-0.5, 1.5]}
							}
						},
						{
							"origin": [-0.35938, -0.57812, -0.96875],
							"size": [0.125, 0.09375, 1.71875],
							"pivot": [0, -0.3125, 0],
							"rotation": [0, 0, -45],
							"uv": {
								"north": {"uv": [21.5, 3], "uv_size": [-0.5, 0.5]},
								"east": {"uv": [14.5, 12], "uv_size": [-1.5, 0.5]},
								"south": {"uv": [4.5, 21], "uv_size": [-0.5, 0.5]},
								"west": {"uv": [13.5, 13], "uv_size": [-1.5, 0.5]},
								"up": {"uv": [1.5, 14], "uv_size": [-0.5, 1.5]},
								"down": {"uv": [2.5, 15.5], "uv_size": [-0.5, -1.5]}
							}
						},
						{
							"origin": [-1.46875, -0.95312, 0.68751],
							"size": [0.0625, 0.23438, 0.59375],
							"uv": {
								"north": {"uv": [29.5, 7], "uv_size": [-0.5, 0.5]},
								"east": {"uv": [9.5, 29], "uv_size": [-0.5, 0.5]},
								"south": {"uv": [29.5, 8], "uv_size": [-0.5, 0.5]},
								"west": {"uv": [8.5, 29], "uv_size": [-0.5, 0.5]},
								"up": {"uv": [29.5, 9], "uv_size": [-0.5, 0.5]},
								"down": {"uv": [10.5, 29.5], "uv_size": [-0.5, -0.5]}
							}
						},
						{
							"origin": [-1.48438, -0.95312, 0.68751],
							"size": [0.01563, 0.23438, 0.07813],
							"uv": {
								"north": {"uv": [29.5, 10], "uv_size": [-0.5, 0.5]},
								"east": {"uv": [12.5, 29], "uv_size": [-0.5, 0.5]},
								"south": {"uv": [29.5, 11], "uv_size": [-0.5, 0.5]},
								"west": {"uv": [11.5, 29], "uv_size": [-0.5, 0.5]},
								"up": {"uv": [29.5, 12], "uv_size": [-0.5, 0.5]},
								"down": {"uv": [13.5, 29.5], "uv_size": [-0.5, -0.5]}
							}
						},
						{
							"origin": [-1.48438, -0.95312, 0.81251],
							"size": [0.01563, 0.23438, 0.07813],
							"uv": {
								"north": {"uv": [29.5, 13], "uv_size": [-0.5, 0.5]},
								"east": {"uv": [15.5, 29], "uv_size": [-0.5, 0.5]},
								"south": {"uv": [29.5, 14], "uv_size": [-0.5, 0.5]},
								"west": {"uv": [14.5, 29], "uv_size": [-0.5, 0.5]},
								"up": {"uv": [29.5, 15], "uv_size": [-0.5, 0.5]},
								"down": {"uv": [16.5, 29.5], "uv_size": [-0.5, -0.5]}
							}
						},
						{
							"origin": [-1.48438, -0.95312, 0.93751],
							"size": [0.01563, 0.23438, 0.07813],
							"uv": {
								"north": {"uv": [29.5, 16], "uv_size": [-0.5, 0.5]},
								"east": {"uv": [18.5, 29], "uv_size": [-0.5, 0.5]},
								"south": {"uv": [29.5, 17], "uv_size": [-0.5, 0.5]},
								"west": {"uv": [17.5, 29], "uv_size": [-0.5, 0.5]},
								"up": {"uv": [29.5, 18], "uv_size": [-0.5, 0.5]},
								"down": {"uv": [19.5, 29.5], "uv_size": [-0.5, -0.5]}
							}
						},
						{
							"origin": [-1.48438, -0.95312, 1.06251],
							"size": [0.01563, 0.23438, 0.07813],
							"uv": {
								"north": {"uv": [29.5, 19], "uv_size": [-0.5, 0.5]},
								"east": {"uv": [21.5, 29], "uv_size": [-0.5, 0.5]},
								"south": {"uv": [29.5, 20], "uv_size": [-0.5, 0.5]},
								"west": {"uv": [20.5, 29], "uv_size": [-0.5, 0.5]},
								"up": {"uv": [29.5, 21], "uv_size": [-0.5, 0.5]},
								"down": {"uv": [22.5, 29.5], "uv_size": [-0.5, -0.5]}
							}
						},
						{
							"origin": [-1.48438, -0.95312, 1.18751],
							"size": [0.01563, 0.23438, 0.07813],
							"uv": {
								"north": {"uv": [29.5, 22], "uv_size": [-0.5, 0.5]},
								"east": {"uv": [24.5, 29], "uv_size": [-0.5, 0.5]},
								"south": {"uv": [29.5, 23], "uv_size": [-0.5, 0.5]},
								"west": {"uv": [23.5, 29], "uv_size": [-0.5, 0.5]},
								"up": {"uv": [29.5, 24], "uv_size": [-0.5, 0.5]},
								"down": {"uv": [25.5, 29.5], "uv_size": [-0.5, -0.5]}
							}
						},
						{
							"origin": [-0.65625, -0.95312, 0.68751],
							"size": [0.0625, 0.23438, 0.59375],
							"uv": {
								"north": {"uv": [29, 7], "uv_size": [0.5, 0.5]},
								"east": {"uv": [8, 29], "uv_size": [0.5, 0.5]},
								"south": {"uv": [29, 8], "uv_size": [0.5, 0.5]},
								"west": {"uv": [9, 29], "uv_size": [0.5, 0.5]},
								"up": {"uv": [29, 9], "uv_size": [0.5, 0.5]},
								"down": {"uv": [10, 29.5], "uv_size": [0.5, -0.5]}
							}
						},
						{
							"origin": [-0.59374, -0.95312, 0.68751],
							"size": [0.01563, 0.23438, 0.07813],
							"uv": {
								"north": {"uv": [29, 10], "uv_size": [0.5, 0.5]},
								"east": {"uv": [11, 29], "uv_size": [0.5, 0.5]},
								"south": {"uv": [29, 11], "uv_size": [0.5, 0.5]},
								"west": {"uv": [12, 29], "uv_size": [0.5, 0.5]},
								"up": {"uv": [29, 12], "uv_size": [0.5, 0.5]},
								"down": {"uv": [13, 29.5], "uv_size": [0.5, -0.5]}
							}
						},
						{
							"origin": [-0.59374, -0.95312, 0.81251],
							"size": [0.01563, 0.23438, 0.07813],
							"uv": {
								"north": {"uv": [29, 13], "uv_size": [0.5, 0.5]},
								"east": {"uv": [14, 29], "uv_size": [0.5, 0.5]},
								"south": {"uv": [29, 14], "uv_size": [0.5, 0.5]},
								"west": {"uv": [15, 29], "uv_size": [0.5, 0.5]},
								"up": {"uv": [29, 15], "uv_size": [0.5, 0.5]},
								"down": {"uv": [16, 29.5], "uv_size": [0.5, -0.5]}
							}
						},
						{
							"origin": [-0.59374, -0.95312, 0.93751],
							"size": [0.01563, 0.23438, 0.07813],
							"uv": {
								"north": {"uv": [29, 16], "uv_size": [0.5, 0.5]},
								"east": {"uv": [17, 29], "uv_size": [0.5, 0.5]},
								"south": {"uv": [29, 17], "uv_size": [0.5, 0.5]},
								"west": {"uv": [18, 29], "uv_size": [0.5, 0.5]},
								"up": {"uv": [29, 18], "uv_size": [0.5, 0.5]},
								"down": {"uv": [19, 29.5], "uv_size": [0.5, -0.5]}
							}
						},
						{
							"origin": [-0.59374, -0.95312, 1.06251],
							"size": [0.01563, 0.23438, 0.07813],
							"uv": {
								"north": {"uv": [29, 19], "uv_size": [0.5, 0.5]},
								"east": {"uv": [20, 29], "uv_size": [0.5, 0.5]},
								"south": {"uv": [29, 20], "uv_size": [0.5, 0.5]},
								"west": {"uv": [21, 29], "uv_size": [0.5, 0.5]},
								"up": {"uv": [29, 21], "uv_size": [0.5, 0.5]},
								"down": {"uv": [22, 29.5], "uv_size": [0.5, -0.5]}
							}
						},
						{
							"origin": [-0.59374, -0.95312, 1.18751],
							"size": [0.01563, 0.23438, 0.07813],
							"uv": {
								"north": {"uv": [29, 22], "uv_size": [0.5, 0.5]},
								"east": {"uv": [23, 29], "uv_size": [0.5, 0.5]},
								"south": {"uv": [29, 23], "uv_size": [0.5, 0.5]},
								"west": {"uv": [24, 29], "uv_size": [0.5, 0.5]},
								"up": {"uv": [29, 24], "uv_size": [0.5, 0.5]},
								"down": {"uv": [25, 29.5], "uv_size": [0.5, -0.5]}
							}
						}
					]
				},
				{
					"name": "be4_illuminated",
					"parent": "bone2",
					"pivot": [-0.95313, -0.5, -0.15625],
					"cubes": [
						{
							"origin": [-1.19531, -0.95312, -2.125],
							"size": [0.78125, 0.07813, 0.46875],
							"inflate": 0.002,
							"pivot": [-0.82813, -0.60937, -0.71875],
							"rotation": [0, 0, 45],
							"uv": {
								"east": {"uv": [30.5, 14], "uv_size": [-0.5, 0.5]},
								"west": {"uv": [14.5, 30], "uv_size": [-0.5, 0.5]}
							}
						},
						{
							"origin": [-1.23732, -1.12794, -2.19531],
							"size": [0.41016, 0.53323, 0.11719],
							"uv": {
								"north": {"uv": [1.5, 26], "uv_size": [-0.5, 0.5]},
								"east": {"uv": [26.5, 2], "uv_size": [-0.5, 0.5]},
								"south": {"uv": [2.5, 26], "uv_size": [-0.5, 0.5]},
								"west": {"uv": [26.5, 1], "uv_size": [-0.5, 0.5]},
								"up": {"uv": [3.5, 26], "uv_size": [-0.5, 0.5]},
								"down": {"uv": [26.5, 3.5], "uv_size": [-0.5, -0.5]}
							}
						},
						{
							"origin": [-1.19531, -0.95312, -1.5],
							"size": [0.78125, 0.07813, 0.46875],
							"inflate": 0.002,
							"pivot": [-0.82813, -0.60937, -0.09375],
							"rotation": [0, 0, 45],
							"uv": {
								"east": {"uv": [30.5, 21], "uv_size": [-0.5, 0.5]},
								"west": {"uv": [21.5, 30], "uv_size": [-0.5, 0.5]}
							}
						}
					]
				},
				{
					"name": "bone10",
					"parent": "bone2",
					"pivot": [0.17187, -8.23437, 13]
				},
				{
					"name": "bone",
					"parent": "bone10",
					"pivot": [-0.6289, 1.68973, -2.625]
				},
				{
					"name": "octagon",
					"parent": "bone10",
					"pivot": [-2.40625, -0.01562, -2]
				},
				{
					"name": "octagon2",
					"parent": "bone10",
					"pivot": [2.75, -4.01562, -1.95312],
					"cubes": [
						{
							"origin": [-1.0821, -1.34375, -0.90625],
							"size": [0.85171, 0.25, 1.59375],
							"pivot": [-0.875, -0.84375, 0.04688],
							"rotation": [0, 0, -45],
							"uv": {
								"north": {"uv": [19.5, 22], "uv_size": [-0.5, 0.5]},
								"east": {"uv": [9, 16], "uv_size": [-1, 0.5]},
								"south": {"uv": [22.5, 19], "uv_size": [-0.5, 0.5]},
								"west": {"uv": [17, 7], "uv_size": [-1, 0.5]},
								"up": {"uv": [9.5, 16], "uv_size": [-0.5, 1]},
								"down": {"uv": [16.5, 12], "uv_size": [-0.5, -1]}
							}
						},
						{
							"origin": [-1.23835, -1.34375, -0.90625],
							"size": [0.57046, 0.25, 1.59375],
							"uv": {
								"north": {"uv": [20.5, 22], "uv_size": [-0.5, 0.5]},
								"east": {"uv": [14, 16], "uv_size": [-1, 0.5]},
								"south": {"uv": [22.5, 20], "uv_size": [-0.5, 0.5]},
								"west": {"uv": [13, 16], "uv_size": [-1, 0.5]},
								"up": {"uv": [16.5, 13], "uv_size": [-0.5, 1]},
								"down": {"uv": [16.5, 15], "uv_size": [-0.5, -1]}
							}
						},
						{
							"origin": [-1.23835, -0.59375, -0.90625],
							"size": [0.41421, 0.25, 1.59375],
							"pivot": [-1.03125, -0.84375, 0.04688],
							"rotation": [0, 0, -45],
							"uv": {
								"north": {"uv": [21.5, 22], "uv_size": [-0.5, 0.5]},
								"east": {"uv": [17, 16], "uv_size": [-1, 0.5]},
								"south": {"uv": [22.5, 21], "uv_size": [-0.5, 0.5]},
								"west": {"uv": [16, 16], "uv_size": [-1, 0.5]},
								"up": {"uv": [0.5, 17], "uv_size": [-0.5, 1]},
								"down": {"uv": [17.5, 1], "uv_size": [-0.5, -1]}
							}
						},
						{
							"origin": [-1.23835, -0.59375, -0.90625],
							"size": [0.57046, 0.25, 1.59375],
							"uv": {
								"north": {"uv": [22.5, 22], "uv_size": [-0.5, 0.5]},
								"east": {"uv": [18, 1], "uv_size": [-1, 0.5]},
								"south": {"uv": [0.5, 23], "uv_size": [-0.5, 0.5]},
								"west": {"uv": [2, 17], "uv_size": [-1, 0.5]},
								"up": {"uv": [3.5, 17], "uv_size": [-0.5, 1]},
								"down": {"uv": [4.5, 18], "uv_size": [-0.5, -1]}
							}
						},
						{
							"origin": [-1.53125, -1.05086, -0.90625],
							"size": [0.25, 0.41421, 1.59375],
							"pivot": [-1.03125, -0.84375, 0.04688],
							"rotation": [0, 0, -45],
							"uv": {
								"north": {"uv": [23.5, 0], "uv_size": [-0.5, 0.5]},
								"east": {"uv": [18, 5], "uv_size": [-1, 0.5]},
								"south": {"uv": [1.5, 23], "uv_size": [-0.5, 0.5]},
								"west": {"uv": [18, 4], "uv_size": [-1, 0.5]},
								"up": {"uv": [6.5, 17], "uv_size": [-0.5, 1]},
								"down": {"uv": [17.5, 7], "uv_size": [-0.5, -1]}
							}
						},
						{
							"origin": [-1.53125, -1.05086, -0.90625],
							"size": [0.25, 0.41421, 1.59375],
							"uv": {
								"north": {"uv": [23.5, 1], "uv_size": [-0.5, 0.5]},
								"east": {"uv": [18, 7], "uv_size": [-1, 0.5]},
								"south": {"uv": [2.5, 23], "uv_size": [-0.5, 0.5]},
								"west": {"uv": [8, 17], "uv_size": [-1, 0.5]},
								"up": {"uv": [8.5, 17], "uv_size": [-0.5, 1]},
								"down": {"uv": [17.5, 9], "uv_size": [-0.5, -1]}
							}
						},
						{
							"origin": [-1.53125, -1.05086, -0.90625],
							"size": [0.25, 0.41421, 1.59375],
							"uv": {
								"north": {"uv": [23.5, 1], "uv_size": [-0.5, 0.5]},
								"east": {"uv": [18, 7], "uv_size": [-1, 0.5]},
								"south": {"uv": [2.5, 23], "uv_size": [-0.5, 0.5]},
								"west": {"uv": [8, 17], "uv_size": [-1, 0.5]},
								"up": {"uv": [8.5, 17], "uv_size": [-0.5, 1]},
								"down": {"uv": [17.5, 9], "uv_size": [-0.5, -1]}
							}
						},
						{
							"origin": [-0.64063, -1.11336, -0.90625],
							"size": [0.26563, 0.47671, 1.59375],
							"pivot": [-0.875, -0.84375, 0.04688],
							"rotation": [0, 0, -45],
							"uv": {
								"north": {"uv": [23.5, 2], "uv_size": [-0.5, 0.5]},
								"east": {"uv": [18, 9], "uv_size": [-1, 0.5]},
								"south": {"uv": [3.5, 23], "uv_size": [-0.5, 0.5]},
								"west": {"uv": [10, 17], "uv_size": [-1, 0.5]},
								"up": {"uv": [10.5, 17], "uv_size": [-0.5, 1]},
								"down": {"uv": [17.5, 11], "uv_size": [-0.5, -1]}
							}
						},
						{
							"origin": [-0.78125, -1.05086, -0.90625],
							"size": [0.25, 0.41421, 1.59375],
							"uv": {
								"north": {"uv": [23.5, 3], "uv_size": [-0.5, 0.5]},
								"east": {"uv": [18, 11], "uv_size": [-1, 0.5]},
								"south": {"uv": [4.5, 23], "uv_size": [-0.5, 0.5]},
								"west": {"uv": [12, 17], "uv_size": [-1, 0.5]},
								"up": {"uv": [12.5, 17], "uv_size": [-0.5, 1]},
								"down": {"uv": [17.5, 13], "uv_size": [-0.5, -1]}
							}
						}
					]
				},
				{
					"name": "octagon3",
					"parent": "bone10",
					"pivot": [2.28125, -3.54687, -2],
					"cubes": [
						{
							"origin": [-1.19093, -1.2275, -2.23906],
							"size": [0.31687, 0.19125, 3.86156],
							"pivot": [-1.0325, -0.845, -0.47],
							"rotation": [0, 0, -45],
							"uv": {
								"north": {"uv": [23.5, 4], "uv_size": [-0.5, 0.5]},
								"east": {"uv": [7, 1], "uv_size": [-4, 0.5]},
								"south": {"uv": [5.5, 23], "uv_size": [-0.5, 0.5]},
								"west": {"uv": [7, 0], "uv_size": [-4, 0.5]},
								"up": {"uv": [3.5, 2], "uv_size": [-0.5, 4]},
								"down": {"uv": [4.5, 6], "uv_size": [-0.5, -4]}
							}
						},
						{
							"origin": [-1.19093, -1.2275, -2.23906],
							"size": [0.31687, 0.19125, 3.86156],
							"uv": {
								"north": {"uv": [23.5, 5], "uv_size": [-0.5, 0.5]},
								"east": {"uv": [9, 3], "uv_size": [-4, 0.5]},
								"south": {"uv": [6.5, 23], "uv_size": [-0.5, 0.5]},
								"west": {"uv": [9, 2], "uv_size": [-4, 0.5]},
								"up": {"uv": [0.5, 5], "uv_size": [-0.5, 4]},
								"down": {"uv": [1.5, 9], "uv_size": [-0.5, -4]}
							}
						},
						{
							"origin": [-1.19093, -0.65375, -2.23906],
							"size": [0.31687, 0.19125, 3.86156],
							"pivot": [-1.0325, -0.845, -0.47],
							"rotation": [0, 0, -45],
							"uv": {
								"north": {"uv": [23.5, 6], "uv_size": [-0.5, 0.5]},
								"east": {"uv": [9, 5], "uv_size": [-4, 0.5]},
								"south": {"uv": [7.5, 23], "uv_size": [-0.5, 0.5]},
								"west": {"uv": [9, 4], "uv_size": [-4, 0.5]},
								"up": {"uv": [2.5, 5], "uv_size": [-0.5, 4]},
								"down": {"uv": [3.5, 10], "uv_size": [-0.5, -4]}
							}
						},
						{
							"origin": [-1.19093, -0.65375, -2.23906],
							"size": [0.31687, 0.19125, 3.86156],
							"uv": {
								"north": {"uv": [23.5, 7], "uv_size": [-0.5, 0.5]},
								"east": {"uv": [11, 0], "uv_size": [-4, 0.5]},
								"south": {"uv": [8.5, 23], "uv_size": [-0.5, 0.5]},
								"west": {"uv": [8, 6], "uv_size": [-4, 0.5]},
								"up": {"uv": [4.5, 7], "uv_size": [-0.5, 4]},
								"down": {"uv": [5.5, 11], "uv_size": [-0.5, -4]}
							}
						},
						{
							"origin": [-1.415, -1.00344, -2.23906],
							"size": [0.19125, 0.31687, 3.86156],
							"pivot": [-1.0325, -0.845, -0.47],
							"rotation": [0, 0, -45],
							"uv": {
								"north": {"uv": [23.5, 8], "uv_size": [-0.5, 0.5]},
								"east": {"uv": [10, 7], "uv_size": [-4, 0.5]},
								"south": {"uv": [9.5, 23], "uv_size": [-0.5, 0.5]},
								"west": {"uv": [11, 1], "uv_size": [-4, 0.5]},
								"up": {"uv": [6.5, 8], "uv_size": [-0.5, 4]},
								"down": {"uv": [7.5, 12], "uv_size": [-0.5, -4]}
							}
						},
						{
							"origin": [-1.415, -1.00344, -2.23906],
							"size": [0.19125, 0.31687, 3.86156],
							"uv": {
								"north": {"uv": [23.5, 9], "uv_size": [-0.5, 0.5]},
								"east": {"uv": [12, 8], "uv_size": [-4, 0.5]},
								"south": {"uv": [10.5, 23], "uv_size": [-0.5, 0.5]},
								"west": {"uv": [12, 6], "uv_size": [-4, 0.5]},
								"up": {"uv": [0.5, 9], "uv_size": [-0.5, 4]},
								"down": {"uv": [1.5, 13], "uv_size": [-0.5, -4]}
							}
						},
						{
							"origin": [-1.415, -0.94094, -2.17656],
							"size": [0.06625, 0.19187, 0.98656],
							"inflate": 0.002,
							"uv": {
								"east": {"uv": [231.5, 51.5], "uv_size": [-28.5, 6]}
							}
						},
						{
							"origin": [-0.71375, -0.94094, -2.17656],
							"size": [0.06625, 0.19187, 0.98656],
							"inflate": 0.002,
							"uv": {
								"west": {"uv": [203, 51.5], "uv_size": [28.5, 6]}
							}
						},
						{
							"origin": [-0.84125, -1.00344, -2.23906],
							"size": [0.19125, 0.31687, 3.86156],
							"pivot": [-1.0325, -0.845, -0.47],
							"rotation": [0, 0, -45],
							"uv": {
								"north": {"uv": [23.5, 10], "uv_size": [-0.5, 0.5]},
								"east": {"uv": [13, 3], "uv_size": [-4, 0.5]},
								"south": {"uv": [11.5, 23], "uv_size": [-0.5, 0.5]},
								"west": {"uv": [13, 2], "uv_size": [-4, 0.5]},
								"up": {"uv": [2.5, 9], "uv_size": [-0.5, 4]},
								"down": {"uv": [8.5, 13], "uv_size": [-0.5, -4]}
							}
						},
						{
							"origin": [-1.31, -0.90578, 0.76094],
							"size": [0.54281, 0.12156, 0.86156],
							"pivot": [-1.0325, -0.845, -0.47],
							"rotation": [0, 0, -45],
							"uv": {
								"north": {"uv": [4.5, 26], "uv_size": [-0.5, 0.5]},
								"east": {"uv": [20, 13], "uv_size": [-1, 0.5]},
								"south": {"uv": [26.5, 4], "uv_size": [-0.5, 0.5]},
								"west": {"uv": [14, 19], "uv_size": [-1, 0.5]},
								"up": {"uv": [14.5, 19], "uv_size": [-0.5, 1]},
								"down": {"uv": [19.5, 15], "uv_size": [-0.5, -1]}
							}
						},
						{
							"origin": [-0.84125, -1.00344, -2.23906],
							"size": [0.19125, 0.31687, 3.86156],
							"uv": {
								"north": {"uv": [23.5, 11], "uv_size": [-0.5, 0.5]},
								"east": {"uv": [13, 5], "uv_size": [-4, 0.5]},
								"south": {"uv": [12.5, 23], "uv_size": [-0.5, 0.5]},
								"west": {"uv": [13, 4], "uv_size": [-4, 0.5]},
								"up": {"uv": [9.5, 9], "uv_size": [-0.5, 4]},
								"down": {"uv": [3.5, 14], "uv_size": [-0.5, -4]}
							}
						}
					]
				},
				{
					"name": "bone11_illuminated",
					"parent": "bone10",
					"pivot": [0.17187, -8.23437, 13]
				},
				{
					"name": "octagon4",
					"parent": "bone10",
					"pivot": [-0.72656, -2.60937, -1.45312],
					"cubes": [
						{
							"origin": [-1.21002, -1.41797, -0.32812],
							"size": [0.31066, 1.16406, 0.1875],
							"pivot": [-1.05469, 0.0625, 0.04688],
							"rotation": [0, -45, 0],
							"uv": {
								"north": {"uv": [18.5, 11], "uv_size": [-0.5, 1]},
								"east": {"uv": [13.5, 18], "uv_size": [-0.5, 1]},
								"south": {"uv": [18.5, 12], "uv_size": [-0.5, 1]},
								"west": {"uv": [12.5, 18], "uv_size": [-0.5, 1]},
								"up": {"uv": [23.5, 19], "uv_size": [-0.5, 0.5]},
								"down": {"uv": [20.5, 23.5], "uv_size": [-0.5, -0.5]}
							}
						},
						{
							"origin": [-1.21002, -1.41797, -0.32812],
							"size": [0.31066, 1.16406, 0.1875],
							"uv": {
								"north": {"uv": [18.5, 13], "uv_size": [-0.5, 1]},
								"east": {"uv": [15.5, 18], "uv_size": [-0.5, 1]},
								"south": {"uv": [18.5, 14], "uv_size": [-0.5, 1]},
								"west": {"uv": [14.5, 18], "uv_size": [-0.5, 1]},
								"up": {"uv": [23.5, 20], "uv_size": [-0.5, 0.5]},
								"down": {"uv": [21.5, 23.5], "uv_size": [-0.5, -0.5]}
							}
						},
						{
							"origin": [-1.21002, -1.41797, 0.23438],
							"size": [0.31066, 1.16406, 0.1875],
							"pivot": [-1.05469, 0.0625, 0.04688],
							"rotation": [0, -45, 0],
							"uv": {
								"north": {"uv": [18.5, 15], "uv_size": [-0.5, 1]},
								"east": {"uv": [17.5, 18], "uv_size": [-0.5, 1]},
								"south": {"uv": [18.5, 16], "uv_size": [-0.5, 1]},
								"west": {"uv": [16.5, 18], "uv_size": [-0.5, 1]},
								"up": {"uv": [23.5, 21], "uv_size": [-0.5, 0.5]},
								"down": {"uv": [22.5, 23.5], "uv_size": [-0.5, -0.5]}
							}
						},
						{
							"origin": [-1.21002, -1.41797, 0.23438],
							"size": [0.31066, 1.16406, 0.1875],
							"uv": {
								"north": {"uv": [18.5, 17], "uv_size": [-0.5, 1]},
								"east": {"uv": [19.5, 0], "uv_size": [-0.5, 1]},
								"south": {"uv": [0.5, 19], "uv_size": [-0.5, 1]},
								"west": {"uv": [18.5, 18], "uv_size": [-0.5, 1]},
								"up": {"uv": [23.5, 22], "uv_size": [-0.5, 0.5]},
								"down": {"uv": [23.5, 23.5], "uv_size": [-0.5, -0.5]}
							}
						},
						{
							"origin": [-0.86719, -1.41797, -0.10846],
							"size": [0.1875, 1.16406, 0.31066],
							"pivot": [-1.05469, 0.0625, 0.04688],
							"rotation": [0, -45, 0],
							"uv": {
								"north": {"uv": [1.5, 19], "uv_size": [-0.5, 1]},
								"east": {"uv": [19.5, 2], "uv_size": [-0.5, 1]},
								"south": {"uv": [2.5, 19], "uv_size": [-0.5, 1]},
								"west": {"uv": [19.5, 1], "uv_size": [-0.5, 1]},
								"up": {"uv": [0.5, 24], "uv_size": [-0.5, 0.5]},
								"down": {"uv": [24.5, 0.5], "uv_size": [-0.5, -0.5]}
							}
						},
						{
							"origin": [-0.86719, -1.41797, -0.10846],
							"size": [0.1875, 1.16406, 0.31066],
							"uv": {
								"north": {"uv": [3.5, 19], "uv_size": [-0.5, 1]},
								"east": {"uv": [19.5, 4], "uv_size": [-0.5, 1]},
								"south": {"uv": [4.5, 19], "uv_size": [-0.5, 1]},
								"west": {"uv": [19.5, 3], "uv_size": [-0.5, 1]},
								"up": {"uv": [1.5, 24], "uv_size": [-0.5, 0.5]},
								"down": {"uv": [24.5, 1.5], "uv_size": [-0.5, -0.5]}
							}
						},
						{
							"origin": [-1.42969, -1.41797, -0.10846],
							"size": [0.1875, 1.16406, 0.31066],
							"pivot": [-1.05469, 0.0625, 0.04688],
							"rotation": [0, -45, 0],
							"uv": {
								"north": {"uv": [5.5, 19], "uv_size": [-0.5, 1]},
								"east": {"uv": [19.5, 6], "uv_size": [-0.5, 1]},
								"south": {"uv": [6.5, 19], "uv_size": [-0.5, 1]},
								"west": {"uv": [19.5, 5], "uv_size": [-0.5, 1]},
								"up": {"uv": [2.5, 24], "uv_size": [-0.5, 0.5]},
								"down": {"uv": [24.5, 2.5], "uv_size": [-0.5, -0.5]}
							}
						},
						{
							"origin": [-1.27344, -1.41797, -0.0108],
							"size": [0.42188, 1.16406, 0.11535],
							"pivot": [-1.05469, 0.0625, 0.04688],
							"rotation": [0, -45, 0],
							"uv": {
								"north": {"uv": [9.5, 19], "uv_size": [-0.5, 1]},
								"east": {"uv": [19.5, 10], "uv_size": [-0.5, 1]},
								"south": {"uv": [10.5, 19], "uv_size": [-0.5, 1]},
								"west": {"uv": [19.5, 9], "uv_size": [-0.5, 1]},
								"up": {"uv": [4.5, 24], "uv_size": [-0.5, 0.5]},
								"down": {"uv": [24.5, 4.5], "uv_size": [-0.5, -0.5]}
							}
						},
						{
							"origin": [-1.42969, -1.41797, -0.10846],
							"size": [0.1875, 1.16406, 0.31066],
							"uv": {
								"north": {"uv": [7.5, 19], "uv_size": [-0.5, 1]},
								"east": {"uv": [19.5, 8], "uv_size": [-0.5, 1]},
								"south": {"uv": [8.5, 19], "uv_size": [-0.5, 1]},
								"west": {"uv": [19.5, 7], "uv_size": [-0.5, 1]},
								"up": {"uv": [3.5, 24], "uv_size": [-0.5, 0.5]},
								"down": {"uv": [24.5, 3.5], "uv_size": [-0.5, -0.5]}
							}
						}
					]
				},
				{
					"name": "octagon5",
					"parent": "bone10",
					"pivot": [-0.47656, -0.57812, -1.14062],
					"rotation": [0, 0, -90],
					"cubes": [
						{
							"origin": [-0.86333, 0.375, -0.24062],
							"size": [0.24853, 0.18125, 0.15],
							"pivot": [-0.73906, 1.55938, 0.05938],
							"rotation": [0, -45, 0],
							"uv": {
								"north": {"uv": [18.5, 11], "uv_size": [-0.5, 1]},
								"east": {"uv": [13.5, 18], "uv_size": [-0.5, 1]},
								"south": {"uv": [18.5, 12], "uv_size": [-0.5, 1]},
								"west": {"uv": [12.5, 18], "uv_size": [-0.5, 1]},
								"up": {"uv": [23.5, 19], "uv_size": [-0.5, 0.5]},
								"down": {"uv": [20.5, 23.5], "uv_size": [-0.5, -0.5]}
							}
						},
						{
							"origin": [-0.86333, 0.375, -0.24062],
							"size": [0.24853, 0.18125, 0.15],
							"uv": {
								"north": {"uv": [18.5, 13], "uv_size": [-0.5, 1]},
								"east": {"uv": [15.5, 18], "uv_size": [-0.5, 1]},
								"south": {"uv": [18.5, 14], "uv_size": [-0.5, 1]},
								"west": {"uv": [14.5, 18], "uv_size": [-0.5, 1]},
								"up": {"uv": [23.5, 20], "uv_size": [-0.5, 0.5]},
								"down": {"uv": [21.5, 23.5], "uv_size": [-0.5, -0.5]}
							}
						},
						{
							"origin": [-0.86333, 0.375, 0.20938],
							"size": [0.24853, 0.18125, 0.15],
							"pivot": [-0.73906, 1.55938, 0.05938],
							"rotation": [0, -45, 0],
							"uv": {
								"north": {"uv": [18.5, 15], "uv_size": [-0.5, 1]},
								"east": {"uv": [17.5, 18], "uv_size": [-0.5, 1]},
								"south": {"uv": [18.5, 16], "uv_size": [-0.5, 1]},
								"west": {"uv": [16.5, 18], "uv_size": [-0.5, 1]},
								"up": {"uv": [23.5, 21], "uv_size": [-0.5, 0.5]},
								"down": {"uv": [22.5, 23.5], "uv_size": [-0.5, -0.5]}
							}
						},
						{
							"origin": [-0.86333, 0.375, 0.20938],
							"size": [0.24853, 0.18125, 0.15],
							"uv": {
								"north": {"uv": [18.5, 17], "uv_size": [-0.5, 1]},
								"east": {"uv": [19.5, 0], "uv_size": [-0.5, 1]},
								"south": {"uv": [0.5, 19], "uv_size": [-0.5, 1]},
								"west": {"uv": [18.5, 18], "uv_size": [-0.5, 1]},
								"up": {"uv": [23.5, 22], "uv_size": [-0.5, 0.5]},
								"down": {"uv": [23.5, 23.5], "uv_size": [-0.5, -0.5]}
							}
						},
						{
							"origin": [-0.58906, 0.375, -0.06489],
							"size": [0.15, 0.18125, 0.24853],
							"pivot": [-0.73906, 1.55938, 0.05938],
							"rotation": [0, -45, 0],
							"uv": {
								"north": {"uv": [1.5, 19], "uv_size": [-0.5, 1]},
								"east": {"uv": [19.5, 2], "uv_size": [-0.5, 1]},
								"south": {"uv": [2.5, 19], "uv_size": [-0.5, 1]},
								"west": {"uv": [19.5, 1], "uv_size": [-0.5, 1]},
								"up": {"uv": [0.5, 24], "uv_size": [-0.5, 0.5]},
								"down": {"uv": [24.5, 0.5], "uv_size": [-0.5, -0.5]}
							}
						},
						{
							"origin": [-0.58906, 0.375, -0.06489],
							"size": [0.15, 0.18125, 0.24853],
							"uv": {
								"north": {"uv": [3.5, 19], "uv_size": [-0.5, 1]},
								"east": {"uv": [19.5, 4], "uv_size": [-0.5, 1]},
								"south": {"uv": [4.5, 19], "uv_size": [-0.5, 1]},
								"west": {"uv": [19.5, 3], "uv_size": [-0.5, 1]},
								"up": {"uv": [1.5, 24], "uv_size": [-0.5, 0.5]},
								"down": {"uv": [24.5, 1.5], "uv_size": [-0.5, -0.5]}
							}
						},
						{
							"origin": [-1.03906, 0.375, -0.06489],
							"size": [0.15, 0.18125, 0.24853],
							"pivot": [-0.73906, 1.55938, 0.05938],
							"rotation": [0, -45, 0],
							"uv": {
								"north": {"uv": [5.5, 19], "uv_size": [-0.5, 1]},
								"east": {"uv": [19.5, 6], "uv_size": [-0.5, 1]},
								"south": {"uv": [6.5, 19], "uv_size": [-0.5, 1]},
								"west": {"uv": [19.5, 5], "uv_size": [-0.5, 1]},
								"up": {"uv": [2.5, 24], "uv_size": [-0.5, 0.5]},
								"down": {"uv": [24.5, 2.5], "uv_size": [-0.5, -0.5]}
							}
						},
						{
							"origin": [-0.91406, 0.375, 0.01324],
							"size": [0.3375, 0.18125, 0.09228],
							"pivot": [-0.73906, 1.55938, 0.05938],
							"rotation": [0, -45, 0],
							"uv": {
								"north": {"uv": [9.5, 19], "uv_size": [-0.5, 1]},
								"east": {"uv": [19.5, 10], "uv_size": [-0.5, 1]},
								"south": {"uv": [10.5, 19], "uv_size": [-0.5, 1]},
								"west": {"uv": [19.5, 9], "uv_size": [-0.5, 1]},
								"up": {"uv": [4.5, 24], "uv_size": [-0.5, 0.5]},
								"down": {"uv": [24.5, 4.5], "uv_size": [-0.5, -0.5]}
							}
						},
						{
							"origin": [-1.03906, 0.375, -0.06489],
							"size": [0.15, 0.18125, 0.24853],
							"uv": {
								"north": {"uv": [7.5, 19], "uv_size": [-0.5, 1]},
								"east": {"uv": [19.5, 8], "uv_size": [-0.5, 1]},
								"south": {"uv": [8.5, 19], "uv_size": [-0.5, 1]},
								"west": {"uv": [19.5, 7], "uv_size": [-0.5, 1]},
								"up": {"uv": [3.5, 24], "uv_size": [-0.5, 0.5]},
								"down": {"uv": [24.5, 3.5], "uv_size": [-0.5, -0.5]}
							}
						}
					]
				},
				{
					"name": "bone3",
					"parent": "bone2",
					"pivot": [-1.96211, 1.0955, -0.49998],
					"rotation": [0, 0, -45],
					"cubes": [
						{
							"origin": [-2.6875, -1.73437, -0.84375],
							"size": [0.71875, 0.39063, 1.46875],
							"uv": {
								"north": {"uv": [13.5, 26], "uv_size": [-0.5, 0.5]},
								"east": {"uv": [17.5, 3], "uv_size": [-1.5, 0.5]},
								"south": {"uv": [26.5, 13], "uv_size": [-0.5, 0.5]},
								"west": {"uv": [17.5, 2], "uv_size": [-1.5, 0.5]},
								"up": {"uv": [16.5, 4], "uv_size": [-0.5, 1.5]},
								"down": {"uv": [5.5, 17.5], "uv_size": [-0.5, -1.5]}
							}
						},
						{
							"origin": [-2.6875, -1.73437, 0.625],
							"size": [0.71875, 0.07813, 0.375],
							"uv": {
								"north": {"uv": [27.5, 21], "uv_size": [-0.5, 0.5]},
								"east": {"uv": [23.5, 27], "uv_size": [-0.5, 0.5]},
								"south": {"uv": [27.5, 22], "uv_size": [-0.5, 0.5]},
								"west": {"uv": [22.5, 27], "uv_size": [-0.5, 0.5]},
								"up": {"uv": [27.5, 23], "uv_size": [-0.5, 0.5]},
								"down": {"uv": [24.5, 27.5], "uv_size": [-0.5, -0.5]}
							}
						},
						{
							"origin": [-2.6875, -1.73437, -1.20312],
							"size": [0.71875, 0.07813, 0.35938],
							"uv": {
								"north": {"uv": [1.5, 28], "uv_size": [-0.5, 0.5]},
								"east": {"uv": [28.5, 2], "uv_size": [-0.5, 0.5]},
								"south": {"uv": [2.5, 28], "uv_size": [-0.5, 0.5]},
								"west": {"uv": [28.5, 1], "uv_size": [-0.5, 0.5]},
								"up": {"uv": [3.5, 28], "uv_size": [-0.5, 0.5]},
								"down": {"uv": [28.5, 3.5], "uv_size": [-0.5, -0.5]}
							}
						},
						{
							"origin": [-2.70313, -1.98437, -1.21874],
							"size": [0.75, 0.125, 0.46875],
							"uv": {
								"north": {"uv": [21, 11], "uv_size": [-1, 0.5]},
								"south": {"uv": [13, 20], "uv_size": [-1, 0.5]},
								"down": {"uv": [21, 12.5], "uv_size": [-1, -0.5]}
							}
						},
						{
							"origin": [-2.14083, -1.90662, -1.21874],
							"size": [0.177, 0.177, 0.46875],
							"pivot": [-1.95313, -1.71893, -4.12499],
							"rotation": [0, 0, -45],
							"uv": {
								"north": {"uv": [17.5, 26], "uv_size": [-0.5, 0.5]},
								"south": {"uv": [18.5, 26], "uv_size": [-0.5, 0.5]},
								"west": {"uv": [26.5, 17], "uv_size": [-0.5, 0.5]},
								"down": {"uv": [26.5, 18.5], "uv_size": [-0.5, -0.5]}
							}
						},
						{
							"origin": [-2.69243, -1.90662, -1.21874],
							"size": [0.177, 0.177, 0.46875],
							"pivot": [-2.70313, -1.71893, -4.12499],
							"rotation": [0, 0, 45],
							"uv": {
								"north": {"uv": [19.5, 26], "uv_size": [-0.5, 0.5]},
								"east": {"uv": [20.5, 26], "uv_size": [-0.5, 0.5]},
								"south": {"uv": [26.5, 19], "uv_size": [-0.5, 0.5]},
								"down": {"uv": [26.5, 20.5], "uv_size": [-0.5, -0.5]}
							}
						},
						{
							"origin": [-2.70313, -1.98437, -0.49999],
							"size": [0.75, 0.125, 0.25],
							"uv": {
								"north": {"uv": [14, 20], "uv_size": [-1, 0.5]},
								"south": {"uv": [21, 13], "uv_size": [-1, 0.5]},
								"down": {"uv": [15, 20.5], "uv_size": [-1, -0.5]}
							}
						},
						{
							"origin": [-2.14083, -1.90662, -0.49999],
							"size": [0.177, 0.177, 0.25],
							"pivot": [-1.95313, -1.71893, -3.62499],
							"rotation": [0, 0, -45],
							"uv": {
								"north": {"uv": [21.5, 26], "uv_size": [-0.5, 0.5]},
								"south": {"uv": [22.5, 26], "uv_size": [-0.5, 0.5]},
								"west": {"uv": [26.5, 21], "uv_size": [-0.5, 0.5]},
								"down": {"uv": [26.5, 22.5], "uv_size": [-0.5, -0.5]}
							}
						},
						{
							"origin": [-2.69243, -1.90662, -0.49999],
							"size": [0.177, 0.177, 0.25],
							"pivot": [-2.70313, -1.71893, -3.62499],
							"rotation": [0, 0, 45],
							"uv": {
								"north": {"uv": [23.5, 26], "uv_size": [-0.5, 0.5]},
								"east": {"uv": [24.5, 26], "uv_size": [-0.5, 0.5]},
								"south": {"uv": [26.5, 23], "uv_size": [-0.5, 0.5]},
								"down": {"uv": [26.5, 24.5], "uv_size": [-0.5, -0.5]}
							}
						},
						{
							"origin": [-2.70313, -1.98437, 0.00001],
							"size": [0.75, 0.125, 0.25],
							"uv": {
								"north": {"uv": [21, 14], "uv_size": [-1, 0.5]},
								"south": {"uv": [16, 20], "uv_size": [-1, 0.5]},
								"down": {"uv": [21, 15.5], "uv_size": [-1, -0.5]}
							}
						},
						{
							"origin": [-2.14083, -1.90662, 0.00001],
							"size": [0.177, 0.177, 0.25],
							"pivot": [-1.95313, -1.71893, -3.12499],
							"rotation": [0, 0, -45],
							"uv": {
								"north": {"uv": [25.5, 26], "uv_size": [-0.5, 0.5]},
								"south": {"uv": [26.5, 26], "uv_size": [-0.5, 0.5]},
								"west": {"uv": [26.5, 25], "uv_size": [-0.5, 0.5]},
								"down": {"uv": [0.5, 27.5], "uv_size": [-0.5, -0.5]}
							}
						},
						{
							"origin": [-2.69243, -1.90662, 0.00001],
							"size": [0.177, 0.177, 0.25],
							"pivot": [-2.70313, -1.71893, -3.12499],
							"rotation": [0, 0, 45],
							"uv": {
								"north": {"uv": [27.5, 0], "uv_size": [-0.5, 0.5]},
								"east": {"uv": [27.5, 1], "uv_size": [-0.5, 0.5]},
								"south": {"uv": [1.5, 27], "uv_size": [-0.5, 0.5]},
								"down": {"uv": [2.5, 27.5], "uv_size": [-0.5, -0.5]}
							}
						},
						{
							"origin": [-2.70313, -1.98437, 0.50001],
							"size": [0.75, 0.125, 0.5],
							"uv": {
								"north": {"uv": [17, 20], "uv_size": [-1, 0.5]},
								"south": {"uv": [21, 16], "uv_size": [-1, 0.5]},
								"down": {"uv": [18, 20.5], "uv_size": [-1, -0.5]}
							}
						},
						{
							"origin": [-2.14083, -1.90662, 0.50001],
							"size": [0.177, 0.177, 0.5],
							"pivot": [-1.95313, -1.71893, -2.62499],
							"rotation": [0, 0, -45],
							"uv": {
								"north": {"uv": [27.5, 2], "uv_size": [-0.5, 0.5]},
								"south": {"uv": [27.5, 3], "uv_size": [-0.5, 0.5]},
								"west": {"uv": [3.5, 27], "uv_size": [-0.5, 0.5]},
								"down": {"uv": [4.5, 27.5], "uv_size": [-0.5, -0.5]}
							}
						},
						{
							"origin": [-2.69243, -1.90662, 0.50001],
							"size": [0.177, 0.177, 0.5],
							"pivot": [-2.70313, -1.71893, -2.62499],
							"rotation": [0, 0, 45],
							"uv": {
								"north": {"uv": [27.5, 4], "uv_size": [-0.5, 0.5]},
								"east": {"uv": [27.5, 5], "uv_size": [-0.5, 0.5]},
								"south": {"uv": [5.5, 27], "uv_size": [-0.5, 0.5]},
								"down": {"uv": [6.5, 27.5], "uv_size": [-0.5, -0.5]}
							}
						},
						{
							"origin": [-2.82813, -1.86037, -0.96874],
							"size": [1, 0.001, 1.46875],
							"uv": {
								"north": {"uv": [1, 0], "uv_size": [-1, 0]},
								"east": {"uv": [2, 0], "uv_size": [-2, 0]},
								"south": {"uv": [1, 0], "uv_size": [-1, 0]},
								"west": {"uv": [2, 0], "uv_size": [-2, 0]},
								"up": {"uv": [11, 9], "uv_size": [-1, 2]},
								"down": {"uv": [12, 2], "uv_size": [-1, -2]}
							}
						},
						{
							"origin": [-2.70313, -1.85937, -1.21874],
							"size": [0.75, 0.125, 2.21875],
							"uv": {
								"north": {"uv": [21, 17], "uv_size": [-1, 0.5]},
								"east": {"uv": [15.5, 3], "uv_size": [-2.5, 0.5]},
								"south": {"uv": [19, 20], "uv_size": [-1, 0.5]},
								"west": {"uv": [15.5, 2], "uv_size": [-2.5, 0.5]},
								"up": {"uv": [3, 2], "uv_size": [-1, 2.5]}
							}
						}
					]
				},
				{
					"name": "416d_tac_grip",
					"parent": "bone3",
					"pivot": [-2.67851, -2.24825, -0.37498],
					"cubes": [
						{
							"origin": [-3.42841, -2.71084, -1.03748],
							"size": [0.26517, 0.15625, 1.825],
							"pivot": [-2.3125, -3.03124, -0.12501],
							"rotation": [0, 0, 45],
							"uv": {
								"north": {"uv": [5, 24], "uv_size": [0.5, 0.5]},
								"south": {"uv": [24, 5], "uv_size": [0.5, 0.5]},
								"down": {"uv": [11, 20], "uv_size": [0.5, -2]}
							}
						},
						{
							"origin": [-1.46176, -2.71084, -1.03748],
							"size": [0.26517, 0.15625, 1.825],
							"pivot": [-2.3125, -3.03124, -0.12501],
							"rotation": [0, 0, -45],
							"uv": {
								"north": {"uv": [6, 24], "uv_size": [0.5, 0.5]},
								"south": {"uv": [24, 6], "uv_size": [0.5, 0.5]},
								"down": {"uv": [19, 13], "uv_size": [0.5, -2]}
							}
						},
						{
							"origin": [-2.875, -2.01562, -1.03748],
							"size": [1.125, 0.15, 1.825],
							"uv": {
								"north": {"uv": [1, 16], "uv_size": [1, 0.5]},
								"east": {"uv": [15, 15], "uv_size": [2, 0.5]},
								"south": {"uv": [17, 17], "uv_size": [1, 0.5]},
								"west": {"uv": [13, 17], "uv_size": [2, 0.5]},
								"up": {"uv": [14, 0], "uv_size": [1, 2]}
							}
						},
						{
							"origin": [-2.875, -1.86562, -1.03748],
							"size": [0.325, 0.2, 1.825],
							"uv": {
								"north": {"uv": [7, 24], "uv_size": [0.5, 0.5]},
								"east": {"uv": [15, 17], "uv_size": [2, 0.5]},
								"south": {"uv": [24, 7], "uv_size": [0.5, 0.5]},
								"west": {"uv": [0, 18], "uv_size": [2, 0.5]},
								"up": {"uv": [19, 20], "uv_size": [0.5, 2]}
							}
						},
						{
							"origin": [-2.075, -1.86562, -1.03748],
							"size": [0.325, 0.2, 1.825],
							"uv": {
								"north": {"uv": [8, 24], "uv_size": [0.5, 0.5]},
								"east": {"uv": [2, 18], "uv_size": [2, 0.5]},
								"south": {"uv": [24, 8], "uv_size": [0.5, 0.5]},
								"west": {"uv": [4, 18], "uv_size": [2, 0.5]},
								"up": {"uv": [0, 21], "uv_size": [0.5, 2]}
							}
						},
						{
							"origin": [-2.6875, -3.04687, -0.81248],
							"size": [0.75, 0.875, 1.375],
							"uv": {
								"north": {"uv": [14, 6], "uv_size": [1, 1]},
								"east": {"uv": [10, 13], "uv_size": [1.5, 1]},
								"south": {"uv": [14, 8], "uv_size": [1, 1]},
								"west": {"uv": [6, 14], "uv_size": [1.5, 1]}
							}
						},
						{
							"origin": [-2.6875, -2.20312, -1.03748],
							"size": [0.75, 0.1875, 1.825],
							"uv": {
								"north": {"uv": [10, 18], "uv_size": [1, 0.5]},
								"south": {"uv": [12, 19], "uv_size": [1, 0.5]},
								"down": {"uv": [16, 2], "uv_size": [1, -2]}
							}
						},
						{
							"origin": [-2.6875, -2.45524, -0.55872],
							"size": [0.75, 0.5, 0.1875],
							"pivot": [-2.3125, -3.03124, -0.12501],
							"rotation": [22.5, 0, 0],
							"uv": {
								"north": {"uv": [20, 21], "uv_size": [1, 0.5]},
								"east": {"uv": [9, 24], "uv_size": [0.5, 0.5]},
								"west": {"uv": [24, 9], "uv_size": [0.5, 0.5]}
							}
						},
						{
							"origin": [-2.6875, -2.33022, 0.12126],
							"size": [0.75, 0.375, 0.1875],
							"pivot": [-2.3125, -3.03124, -0.12501],
							"rotation": [-22.5, 0, 0],
							"uv": {
								"east": {"uv": [10, 24], "uv_size": [0.5, 0.5]},
								"south": {"uv": [21, 21], "uv_size": [1, 0.5]},
								"west": {"uv": [24, 10], "uv_size": [0.5, 0.5]}
							}
						},
						{
							"origin": [-2.8125, -5.04687, 0.18752],
							"size": [1, 2, 0.375],
							"uv": {
								"north": {"uv": [2, 16], "uv_size": [1, 2]},
								"east": {"uv": [1, 21], "uv_size": [0.5, 2]},
								"west": {"uv": [2, 21], "uv_size": [0.5, 2]},
								"up": {"uv": [4, 22], "uv_size": [1, 0.5]},
								"down": {"uv": [5, 22.5], "uv_size": [1, -0.5]}
							}
						},
						{
							"origin": [-2.8125, -3.10937, -0.43748],
							"size": [1, 0.0625, 0.625],
							"uv": {
								"north": {"uv": [6, 22], "uv_size": [1, 0.5]},
								"east": {"uv": [11, 24], "uv_size": [0.5, 0.5]},
								"west": {"uv": [24, 11], "uv_size": [0.5, 0.5]},
								"up": {"uv": [7, 22], "uv_size": [1, 0.5]},
								"down": {"uv": [8, 22.5], "uv_size": [1, -0.5]}
							}
						},
						{
							"origin": [-2.8125, -5.04687, -0.81248],
							"size": [1, 2, 0.375],
							"uv": {
								"north": {"uv": [17, 13], "uv_size": [1, 2]},
								"east": {"uv": [3, 21], "uv_size": [0.5, 2]},
								"south": {"uv": [17, 15], "uv_size": [1, 2]},
								"west": {"uv": [21, 16], "uv_size": [0.5, 2]},
								"up": {"uv": [9, 22], "uv_size": [1, 0.5]},
								"down": {"uv": [10, 22.5], "uv_size": [1, -0.5]}
							}
						},
						{
							"origin": [-2.8125, -5.54687, -0.81248],
							"size": [1, 0.5, 1.375],
							"uv": {
								"north": {"uv": [11, 22], "uv_size": [1, 0.5]},
								"east": {"uv": [6, 18], "uv_size": [1.5, 0.5]},
								"west": {"uv": [8, 18], "uv_size": [1.5, 0.5]},
								"up": {"uv": [18, 4], "uv_size": [1, 1.5]},
								"down": {"uv": [18, 7.5], "uv_size": [1, -1.5]}
							}
						},
						{
							"origin": [-3.15221, -5.54687, 0.0076],
							"size": [0.125, 2.5, 0.1767],
							"pivot": [-2.3125, -3.03124, -0.12501],
							"rotation": [0, 45, 0],
							"uv": {
								"east": {"uv": [18, 8], "uv_size": [0.5, 2.5]},
								"south": {"uv": [17, 21], "uv_size": [0.5, 2.5]},
								"up": {"uv": [12, 24], "uv_size": [0.5, 0.5]},
								"down": {"uv": [24, 12.5], "uv_size": [0.5, -0.5]}
							}
						},
						{
							"origin": [-3.15221, -5.54687, -0.9924],
							"size": [0.70711, 2.5, 0.7071],
							"pivot": [-2.3125, -3.03124, -1.12501],
							"rotation": [0, 45, 0],
							"uv": {
								"east": {"uv": [18, 21], "uv_size": [0.5, 2.5]},
								"south": {"uv": [22, 3], "uv_size": [0.5, 2.5]},
								"up": {"uv": [24, 13], "uv_size": [0.5, 0.5]},
								"down": {"uv": [24, 14.5], "uv_size": [0.5, -0.5]}
							}
						},
						{
							"origin": [-3.15221, -5.54687, 0.0353],
							"size": [0.70711, 2.5, 0.7071],
							"pivot": [-2.3125, -3.03124, 0.87501],
							"rotation": [0, -45, 0],
							"uv": {
								"north": {"uv": [22, 6], "uv_size": [0.5, 2.5]},
								"east": {"uv": [22, 9], "uv_size": [0.5, 2.5]},
								"up": {"uv": [24, 15], "uv_size": [0.5, 0.5]},
								"down": {"uv": [24, 16.5], "uv_size": [0.5, -0.5]}
							}
						},
						{
							"origin": [-1.59779, -5.54687, 0.0076],
							"size": [0.125, 2.5, 0.1767],
							"pivot": [-2.3125, -3.03124, -0.12501],
							"rotation": [0, -45, 0],
							"uv": {
								"south": {"uv": [22, 12], "uv_size": [0.5, 2.5]},
								"west": {"uv": [13, 22], "uv_size": [0.5, 2.5]},
								"up": {"uv": [17, 24], "uv_size": [0.5, 0.5]},
								"down": {"uv": [24, 17.5], "uv_size": [0.5, -0.5]}
							}
						},
						{
							"origin": [-3.15217, -5.54687, -0.43434],
							"size": [0.125, 2.5, 0.1767],
							"pivot": [-2.3125, -3.03124, -0.12501],
							"rotation": [0, -45, 0],
							"uv": {
								"east": {"uv": [14, 22], "uv_size": [0.5, 2.5]},
								"south": {"uv": [15, 22], "uv_size": [0.5, 2.5]},
								"up": {"uv": [18, 24], "uv_size": [0.5, 0.5]},
								"down": {"uv": [24, 18.5], "uv_size": [0.5, -0.5]}
							}
						},
						{
							"origin": [-1.59783, -5.54687, -0.43434],
							"size": [0.125, 2.5, 0.1767],
							"pivot": [-2.3125, -3.03124, -0.12501],
							"rotation": [0, 45, 0],
							"uv": {
								"south": {"uv": [22, 15], "uv_size": [0.5, 2.5]},
								"west": {"uv": [16, 22], "uv_size": [0.5, 2.5]},
								"up": {"uv": [19, 24], "uv_size": [0.5, 0.5]},
								"down": {"uv": [24, 19.5], "uv_size": [0.5, -0.5]}
							}
						},
						{
							"origin": [-2.76846, -3.23702, 0.18752],
							"size": [0.1875, 0.3125, 0.375],
							"pivot": [-2.3125, -3.03124, -0.12501],
							"rotation": [0, 0, 22.5],
							"uv": {
								"north": {"uv": [20, 24], "uv_size": [0.5, 0.5]},
								"east": {"uv": [24, 20], "uv_size": [0.5, 0.5]},
								"south": {"uv": [21, 24], "uv_size": [0.5, 0.5]},
								"up": {"uv": [24, 21], "uv_size": [0.5, 0.5]}
							}
						},
						{
							"origin": [-2.04404, -3.23702, -0.43748],
							"size": [0.17188, 0.3125, 0.625],
							"pivot": [-2.3125, -3.03124, -0.50001],
							"rotation": [0, 0, -22.5],
							"uv": {
								"north": {"uv": [22, 24], "uv_size": [0.5, 0.5]},
								"south": {"uv": [24, 22], "uv_size": [0.5, 0.5]},
								"west": {"uv": [23, 24], "uv_size": [0.5, 0.5]},
								"up": {"uv": [24, 23], "uv_size": [0.5, 0.5]}
							}
						},
						{
							"origin": [-2.75283, -3.23702, -0.43748],
							"size": [0.17188, 0.3125, 0.625],
							"pivot": [-2.3125, -3.03124, -0.50001],
							"rotation": [0, 0, 22.5],
							"uv": {
								"north": {"uv": [24, 24], "uv_size": [0.5, 0.5]},
								"east": {"uv": [0, 25], "uv_size": [0.5, 0.5]},
								"south": {"uv": [25, 0], "uv_size": [0.5, 0.5]},
								"up": {"uv": [1, 25], "uv_size": [0.5, 0.5]}
							}
						},
						{
							"origin": [-2.04404, -3.23702, 0.18752],
							"size": [0.1875, 0.3125, 0.375],
							"pivot": [-2.3125, -3.03124, -0.12501],
							"rotation": [0, 0, -22.5],
							"uv": {
								"north": {"uv": [25, 1], "uv_size": [0.5, 0.5]},
								"south": {"uv": [2, 25], "uv_size": [0.5, 0.5]},
								"west": {"uv": [25, 2], "uv_size": [0.5, 0.5]},
								"up": {"uv": [3, 25], "uv_size": [0.5, 0.5]}
							}
						},
						{
							"origin": [-2.76846, -3.23702, -0.81248],
							"size": [0.1875, 0.3125, 0.375],
							"pivot": [-2.3125, -3.03124, -1.12501],
							"rotation": [0, 0, 22.5],
							"uv": {
								"north": {"uv": [25, 3], "uv_size": [0.5, 0.5]},
								"east": {"uv": [4, 25], "uv_size": [0.5, 0.5]},
								"south": {"uv": [25, 4], "uv_size": [0.5, 0.5]},
								"up": {"uv": [5, 25], "uv_size": [0.5, 0.5]}
							}
						},
						{
							"origin": [-2.04404, -3.23702, -0.81248],
							"size": [0.1875, 0.3125, 0.375],
							"pivot": [-2.3125, -3.03124, -1.12501],
							"rotation": [0, 0, -22.5],
							"uv": {
								"north": {"uv": [25, 5], "uv_size": [0.5, 0.5]},
								"south": {"uv": [6, 25], "uv_size": [0.5, 0.5]},
								"west": {"uv": [25, 6], "uv_size": [0.5, 0.5]},
								"up": {"uv": [7, 25], "uv_size": [0.5, 0.5]}
							}
						},
						{
							"origin": [-2.6875, -5.54687, -0.93748],
							"size": [0.75, 2.5, 1.625],
							"uv": {
								"north": {"uv": [13, 9], "uv_size": [1, 2.5]},
								"east": {"uv": [20, 18], "uv_size": [1.5, 2.5]},
								"south": {"uv": [0, 14], "uv_size": [1, 2.5]},
								"west": {"uv": [21, 0], "uv_size": [1.5, 2.5]},
								"up": {"uv": [18, 0], "uv_size": [1, 1.5]},
								"down": {"uv": [18, 3.5], "uv_size": [1, -1.5]}
							}
						},
						{
							"origin": [-2.6875, -3.3566, -0.86966],
							"size": [0.75, 0.4375, 0.125],
							"inflate": -0.001,
							"pivot": [-2.3125, -3.03124, -0.12501],
							"rotation": [-22.5, 0, 0],
							"uv": {
								"north": {"uv": [12, 22], "uv_size": [1, 0.5]},
								"east": {"uv": [25, 7], "uv_size": [0.5, 0.5]},
								"west": {"uv": [8, 25], "uv_size": [0.5, 0.5]}
							}
						},
						{
							"origin": [-2.6875, -3.35662, 0.49469],
							"size": [0.75, 0.4375, 0.125],
							"inflate": -0.001,
							"pivot": [-2.3125, -3.03124, -0.12501],
							"rotation": [22.5, 0, 0],
							"uv": {
								"east": {"uv": [25, 8], "uv_size": [0.5, 0.5]},
								"south": {"uv": [22, 18], "uv_size": [1, 0.5]},
								"west": {"uv": [9, 25], "uv_size": [0.5, 0.5]}
							}
						}
					]
				},
				{
					"name": "bone_illuminated",
					"parent": "416d_tac_grip",
					"pivot": [-2.67851, -2.24825, -0.37498],
					"cubes": [
						{
							"origin": [-2.8875, -1.99688, -1.0156],
							"size": [1.15, 0.05, 0.72812],
							"uv": {
								"north": {"uv": [23, 12], "uv_size": [1, 0.5]},
								"east": {"uv": [23, 13], "uv_size": [1, 0.5]},
								"south": {"uv": [23, 14], "uv_size": [1, 0.5]},
								"west": {"uv": [23, 15], "uv_size": [1, 0.5]}
							}
						},
						{
							"origin": [-2.8875, -1.99688, 0.03752],
							"size": [1.15, 0.05, 0.72813],
							"uv": {
								"north": {"uv": [23, 16], "uv_size": [1, 0.5]},
								"east": {"uv": [23, 17], "uv_size": [1, 0.5]},
								"south": {"uv": [23, 18], "uv_size": [1, 0.5]},
								"west": {"uv": [19, 23], "uv_size": [1, 0.5]}
							}
						}
					]
				},
				{
					"name": "laser_beam",
					"pivot": [-1.03125, -0.84374, -1.6875]
				}
			]
		}
	]
}