{
	"format_version": "1.12.0",
	"minecraft:geometry": [
		{
			"description": {
				"identifier": "geometry.unknown",
				"texture_width": 256,
				"texture_height": 256,
				"visible_bounds_width": 26,
				"visible_bounds_height": 3,
				"visible_bounds_offset": [0, 0.5, 0]
			},
			"bones": [
				{
					"name": "emx_tac_grip",
					"pivot": [-0.36601, -1.26388, 0.75002]
				},
				{
					"name": "bone2",
					"parent": "emx_tac_grip",
					"pivot": [0, 0, 0],
					"rotation": [0, 0, -180],
					"cubes": [
						{
							"origin": [0.34375, -0.1875, -0.96509],
							"size": [0.23438, 0.13032, 1.71509],
							"uv": {
								"north": {"uv": [21, 5], "uv_size": [0.5, 0.5]},
								"east": {"uv": [14, 5], "uv_size": [1.5, 0.5]},
								"south": {"uv": [6, 21], "uv_size": [0.5, 0.5]},
								"west": {"uv": [14, 7], "uv_size": [1.5, 0.5]},
								"up": {"uv": [9, 14], "uv_size": [0.5, 1.5]},
								"down": {"uv": [14, 10.5], "uv_size": [0.5, -1.5]}
							}
						},
						{
							"origin": [-0.74374, 0.56895, -0.96509],
							"size": [0.125, 0.11469, 1.71509],
							"pivot": [-1.07187, -1.19668, 0],
							"rotation": [0, 0, 45],
							"uv": {
								"north": {"uv": [21, 6], "uv_size": [0.5, 0.5]},
								"east": {"uv": [10, 14], "uv_size": [1.5, 0.5]},
								"south": {"uv": [7, 21], "uv_size": [0.5, 0.5]},
								"west": {"uv": [14, 11], "uv_size": [1.5, 0.5]},
								"up": {"uv": [12, 14], "uv_size": [0.5, 1.5]},
								"down": {"uv": [13, 15.5], "uv_size": [0.5, -1.5]}
							}
						},
						{
							"origin": [-0.49702, -0.2686, -0.96509],
							"size": [0.99405, 0.0811, 1.71509],
							"uv": {
								"north": {"uv": [6, 16], "uv_size": [1, 0.5]},
								"east": {"uv": [6, 15], "uv_size": [1.5, 0.5]},
								"south": {"uv": [7, 16], "uv_size": [1, 0.5]},
								"west": {"uv": [15, 6], "uv_size": [1.5, 0.5]},
								"up": {"uv": [4, 11], "uv_size": [1, 1.5]},
								"down": {"uv": [5, 12.5], "uv_size": [1, -1.5]}
							}
						},
						{
							"origin": [0.61874, 0.56895, -0.96509],
							"size": [0.125, 0.11469, 1.71509],
							"pivot": [1.07187, -1.19668, 0],
							"rotation": [0, 0, -45],
							"uv": {
								"north": {"uv": [21, 7], "uv_size": [0.5, 0.5]},
								"east": {"uv": [14, 13], "uv_size": [1.5, 0.5]},
								"south": {"uv": [8, 21], "uv_size": [0.5, 0.5]},
								"west": {"uv": [14, 14], "uv_size": [1.5, 0.5]},
								"up": {"uv": [15, 0], "uv_size": [0.5, 1.5]},
								"down": {"uv": [3, 16.5], "uv_size": [0.5, -1.5]}
							}
						},
						{
							"origin": [-0.57812, -0.1875, -0.96509],
							"size": [0.23438, 0.13032, 1.71509],
							"uv": {
								"north": {"uv": [21, 11], "uv_size": [0.5, 0.5]},
								"east": {"uv": [15, 8], "uv_size": [1.5, 0.5]},
								"south": {"uv": [12, 21], "uv_size": [0.5, 0.5]},
								"west": {"uv": [15, 9], "uv_size": [1.5, 0.5]},
								"up": {"uv": [4, 15], "uv_size": [0.5, 1.5]},
								"down": {"uv": [10, 16.5], "uv_size": [0.5, -1.5]}
							}
						},
						{
							"origin": [-0.57812, 0.03125, -1.125],
							"size": [0.23438, 0.21875, 0.375],
							"pivot": [-0.125, 0.25, -0.75],
							"rotation": [55, 0, 0],
							"uv": {
								"north": {"uv": [21, 12], "uv_size": [0.5, 0.5]},
								"east": {"uv": [13, 21], "uv_size": [0.5, 0.5]},
								"south": {"uv": [21, 13], "uv_size": [0.5, 0.5]},
								"west": {"uv": [14, 21], "uv_size": [0.5, 0.5]},
								"up": {"uv": [21, 14], "uv_size": [0.5, 0.5]},
								"down": {"uv": [15, 21.5], "uv_size": [0.5, -0.5]}
							}
						},
						{
							"origin": [0.34375, 0.03125, -1.125],
							"size": [0.23438, 0.21875, 0.375],
							"pivot": [0.125, 0.25, -0.75],
							"rotation": [55, 0, 0],
							"uv": {
								"north": {"uv": [21, 8], "uv_size": [0.5, 0.5]},
								"east": {"uv": [9, 21], "uv_size": [0.5, 0.5]},
								"south": {"uv": [21, 9], "uv_size": [0.5, 0.5]},
								"west": {"uv": [10, 21], "uv_size": [0.5, 0.5]},
								"up": {"uv": [21, 10], "uv_size": [0.5, 0.5]},
								"down": {"uv": [11, 21.5], "uv_size": [0.5, -0.5]}
							}
						},
						{
							"origin": [0.34375, -0.0625, -0.75],
							"size": [0.23438, 0.3125, 1.5],
							"uv": {
								"north": {"uv": [21, 4], "uv_size": [0.5, 0.5]},
								"east": {"uv": [3, 14], "uv_size": [1.5, 0.5]},
								"south": {"uv": [5, 21], "uv_size": [0.5, 0.5]},
								"west": {"uv": [14, 4], "uv_size": [1.5, 0.5]},
								"up": {"uv": [5, 14], "uv_size": [0.5, 1.5]},
								"down": {"uv": [8, 15.5], "uv_size": [0.5, -1.5]}
							}
						},
						{
							"origin": [-0.60715, -0.32005, 0.33855],
							"size": [1.21429, 0.19892, 0.08239],
							"pivot": [0.01635, 0.23438, -0.16227],
							"rotation": [22.5, 0, 0],
							"uv": {
								"north": {"uv": [20, 9], "uv_size": [1, 0.5]},
								"east": {"uv": [12, 26], "uv_size": [0.5, 0.5]},
								"south": {"uv": [10, 20], "uv_size": [1, 0.5]},
								"west": {"uv": [26, 12], "uv_size": [0.5, 0.5]},
								"up": {"uv": [20, 10], "uv_size": [1, 0.5]},
								"down": {"uv": [11, 20.5], "uv_size": [1, -0.5]}
							}
						},
						{
							"origin": [-0.60715, 0.25473, 0.44325],
							"size": [1.21429, 0.08239, 0.19892],
							"pivot": [0.01635, 0.23438, -0.16227],
							"rotation": [-22.5, 0, 0],
							"uv": {
								"north": {"uv": [20, 7], "uv_size": [1, 0.5]},
								"east": {"uv": [11, 26], "uv_size": [0.5, 0.5]},
								"south": {"uv": [8, 20], "uv_size": [1, 0.5]},
								"west": {"uv": [26, 11], "uv_size": [0.5, 0.5]},
								"up": {"uv": [20, 8], "uv_size": [1, 0.5]},
								"down": {"uv": [9, 20.5], "uv_size": [1, -0.5]}
							}
						},
						{
							"origin": [-0.60715, -0.26179, 0.28029],
							"size": [1.21429, 0.08239, 0.19892],
							"pivot": [0.01635, 0.23438, -0.16227],
							"rotation": [22.5, 0, 0],
							"uv": {
								"north": {"uv": [20, 5], "uv_size": [1, 0.5]},
								"east": {"uv": [10, 26], "uv_size": [0.5, 0.5]},
								"south": {"uv": [6, 20], "uv_size": [1, 0.5]},
								"west": {"uv": [26, 10], "uv_size": [0.5, 0.5]},
								"up": {"uv": [20, 6], "uv_size": [1, 0.5]},
								"down": {"uv": [7, 20.5], "uv_size": [1, -0.5]}
							}
						},
						{
							"origin": [-0.60715, 0.19646, 0.50151],
							"size": [1.21429, 0.19892, 0.08239],
							"pivot": [0.01635, 0.23438, -0.16227],
							"rotation": [-22.5, 0, 0],
							"uv": {
								"north": {"uv": [20, 3], "uv_size": [1, 0.5]},
								"east": {"uv": [9, 26], "uv_size": [0.5, 0.5]},
								"south": {"uv": [4, 20], "uv_size": [1, 0.5]},
								"west": {"uv": [26, 9], "uv_size": [0.5, 0.5]},
								"up": {"uv": [20, 4], "uv_size": [1, 0.5]},
								"down": {"uv": [5, 20.5], "uv_size": [1, -0.5]}
							}
						},
						{
							"origin": [-0.60715, -0.26179, -0.84471],
							"size": [1.21429, 0.08239, 0.19892],
							"pivot": [0.01635, 0.23438, -1.28727],
							"rotation": [22.5, 0, 0],
							"uv": {
								"north": {"uv": [20, 1], "uv_size": [1, 0.5]},
								"east": {"uv": [8, 26], "uv_size": [0.5, 0.5]},
								"south": {"uv": [2, 20], "uv_size": [1, 0.5]},
								"west": {"uv": [26, 8], "uv_size": [0.5, 0.5]},
								"up": {"uv": [20, 2], "uv_size": [1, 0.5]},
								"down": {"uv": [3, 20.5], "uv_size": [1, -0.5]}
							}
						},
						{
							"origin": [-0.60715, -0.32005, -0.78645],
							"size": [1.21429, 0.19892, 0.08239],
							"pivot": [0.01635, 0.23438, -1.28727],
							"rotation": [22.5, 0, 0],
							"uv": {
								"north": {"uv": [19, 19], "uv_size": [1, 0.5]},
								"east": {"uv": [7, 26], "uv_size": [0.5, 0.5]},
								"south": {"uv": [0, 20], "uv_size": [1, 0.5]},
								"west": {"uv": [26, 7], "uv_size": [0.5, 0.5]},
								"up": {"uv": [20, 0], "uv_size": [1, 0.5]},
								"down": {"uv": [1, 20.5], "uv_size": [1, -0.5]}
							}
						},
						{
							"origin": [-0.60715, 0.19646, -0.62349],
							"size": [1.21429, 0.19892, 0.08239],
							"pivot": [0.01635, 0.23438, -1.28727],
							"rotation": [-22.5, 0, 0],
							"uv": {
								"north": {"uv": [17, 19], "uv_size": [1, 0.5]},
								"east": {"uv": [6, 26], "uv_size": [0.5, 0.5]},
								"south": {"uv": [19, 17], "uv_size": [1, 0.5]},
								"west": {"uv": [26, 6], "uv_size": [0.5, 0.5]},
								"up": {"uv": [18, 19], "uv_size": [1, 0.5]},
								"down": {"uv": [19, 18.5], "uv_size": [1, -0.5]}
							}
						},
						{
							"origin": [-0.60715, 0.25473, -0.68175],
							"size": [1.21429, 0.08239, 0.19892],
							"pivot": [0.01635, 0.23438, -1.28727],
							"rotation": [-22.5, 0, 0],
							"uv": {
								"north": {"uv": [15, 19], "uv_size": [1, 0.5]},
								"east": {"uv": [5, 26], "uv_size": [0.5, 0.5]},
								"south": {"uv": [19, 15], "uv_size": [1, 0.5]},
								"west": {"uv": [26, 5], "uv_size": [0.5, 0.5]},
								"up": {"uv": [16, 19], "uv_size": [1, 0.5]},
								"down": {"uv": [19, 16.5], "uv_size": [1, -0.5]}
							}
						},
						{
							"origin": [-0.57812, -0.0625, -0.75],
							"size": [0.23438, 0.3125, 1.5],
							"uv": {
								"north": {"uv": [21, 15], "uv_size": [0.5, 0.5]},
								"east": {"uv": [15, 10], "uv_size": [1.5, 0.5]},
								"south": {"uv": [16, 21], "uv_size": [0.5, 0.5]},
								"west": {"uv": [15, 12], "uv_size": [1.5, 0.5]},
								"up": {"uv": [11, 15], "uv_size": [0.5, 1.5]},
								"down": {"uv": [14, 16.5], "uv_size": [0.5, -1.5]}
							}
						},
						{
							"origin": [-0.35937, -0.26562, -0.96875],
							"size": [0.71875, 0.25, 1.71875],
							"uv": {
								"north": {"uv": [21, 3], "uv_size": [0.5, 0.5]},
								"east": {"uv": [12, 13], "uv_size": [1.5, 0.5]},
								"south": {"uv": [4, 21], "uv_size": [0.5, 0.5]},
								"west": {"uv": [13, 12], "uv_size": [1.5, 0.5]},
								"up": {"uv": [1, 14], "uv_size": [0.5, 1.5]},
								"down": {"uv": [2, 15.5], "uv_size": [0.5, -1.5]}
							}
						},
						{
							"origin": [1.59375, -0.84375, 0.59376],
							"size": [0.0625, 0.23438, 0.59375],
							"uv": {
								"north": {"uv": [29, 7], "uv_size": [0.5, 0.5]},
								"east": {"uv": [8, 29], "uv_size": [0.5, 0.5]},
								"south": {"uv": [29, 8], "uv_size": [0.5, 0.5]},
								"west": {"uv": [9, 29], "uv_size": [0.5, 0.5]},
								"up": {"uv": [29, 9], "uv_size": [0.5, 0.5]},
								"down": {"uv": [10, 29.5], "uv_size": [0.5, -0.5]}
							}
						},
						{
							"origin": [1.65625, -0.84375, 0.59376],
							"size": [0.01563, 0.23438, 0.07813],
							"uv": {
								"north": {"uv": [29, 10], "uv_size": [0.5, 0.5]},
								"east": {"uv": [11, 29], "uv_size": [0.5, 0.5]},
								"south": {"uv": [29, 11], "uv_size": [0.5, 0.5]},
								"west": {"uv": [12, 29], "uv_size": [0.5, 0.5]},
								"up": {"uv": [29, 12], "uv_size": [0.5, 0.5]},
								"down": {"uv": [13, 29.5], "uv_size": [0.5, -0.5]}
							}
						},
						{
							"origin": [1.65625, -0.84375, 0.71876],
							"size": [0.01563, 0.23438, 0.07813],
							"uv": {
								"north": {"uv": [29, 13], "uv_size": [0.5, 0.5]},
								"east": {"uv": [14, 29], "uv_size": [0.5, 0.5]},
								"south": {"uv": [29, 14], "uv_size": [0.5, 0.5]},
								"west": {"uv": [15, 29], "uv_size": [0.5, 0.5]},
								"up": {"uv": [29, 15], "uv_size": [0.5, 0.5]},
								"down": {"uv": [16, 29.5], "uv_size": [0.5, -0.5]}
							}
						},
						{
							"origin": [1.65625, -0.84375, 0.84376],
							"size": [0.01563, 0.23438, 0.07813],
							"uv": {
								"north": {"uv": [29, 16], "uv_size": [0.5, 0.5]},
								"east": {"uv": [17, 29], "uv_size": [0.5, 0.5]},
								"south": {"uv": [29, 17], "uv_size": [0.5, 0.5]},
								"west": {"uv": [18, 29], "uv_size": [0.5, 0.5]},
								"up": {"uv": [29, 18], "uv_size": [0.5, 0.5]},
								"down": {"uv": [19, 29.5], "uv_size": [0.5, -0.5]}
							}
						},
						{
							"origin": [1.65625, -0.84375, 0.96876],
							"size": [0.01563, 0.23438, 0.07813],
							"uv": {
								"north": {"uv": [29, 19], "uv_size": [0.5, 0.5]},
								"east": {"uv": [20, 29], "uv_size": [0.5, 0.5]},
								"south": {"uv": [29, 20], "uv_size": [0.5, 0.5]},
								"west": {"uv": [21, 29], "uv_size": [0.5, 0.5]},
								"up": {"uv": [29, 21], "uv_size": [0.5, 0.5]},
								"down": {"uv": [22, 29.5], "uv_size": [0.5, -0.5]}
							}
						},
						{
							"origin": [1.65625, -0.84375, 1.09376],
							"size": [0.01563, 0.23438, 0.07813],
							"uv": {
								"north": {"uv": [29, 22], "uv_size": [0.5, 0.5]},
								"east": {"uv": [23, 29], "uv_size": [0.5, 0.5]},
								"south": {"uv": [29, 23], "uv_size": [0.5, 0.5]},
								"west": {"uv": [24, 29], "uv_size": [0.5, 0.5]},
								"up": {"uv": [29, 24], "uv_size": [0.5, 0.5]},
								"down": {"uv": [25, 29.5], "uv_size": [0.5, -0.5]}
							}
						},
						{
							"origin": [1.53125, -0.84375, -1.10937],
							"size": [0.0625, 0.23438, 0.59375],
							"uv": {
								"north": {"uv": [29, 25], "uv_size": [0.5, 0.5]},
								"east": {"uv": [26, 29], "uv_size": [0.5, 0.5]},
								"south": {"uv": [29, 26], "uv_size": [0.5, 0.5]},
								"west": {"uv": [27, 29], "uv_size": [0.5, 0.5]},
								"up": {"uv": [29, 27], "uv_size": [0.5, 0.5]},
								"down": {"uv": [28, 29.5], "uv_size": [0.5, -0.5]}
							}
						},
						{
							"origin": [1.59375, -0.84375, -1.10937],
							"size": [0.01563, 0.23438, 0.07813],
							"uv": {
								"north": {"uv": [29, 28], "uv_size": [0.5, 0.5]},
								"east": {"uv": [29, 29], "uv_size": [0.5, 0.5]},
								"south": {"uv": [0, 30], "uv_size": [0.5, 0.5]},
								"west": {"uv": [30, 0], "uv_size": [0.5, 0.5]},
								"up": {"uv": [1, 30], "uv_size": [0.5, 0.5]},
								"down": {"uv": [30, 1.5], "uv_size": [0.5, -0.5]}
							}
						},
						{
							"origin": [1.59375, -0.84375, -0.98437],
							"size": [0.01563, 0.23438, 0.07813],
							"uv": {
								"north": {"uv": [2, 30], "uv_size": [0.5, 0.5]},
								"east": {"uv": [30, 2], "uv_size": [0.5, 0.5]},
								"south": {"uv": [3, 30], "uv_size": [0.5, 0.5]},
								"west": {"uv": [30, 3], "uv_size": [0.5, 0.5]},
								"up": {"uv": [4, 30], "uv_size": [0.5, 0.5]},
								"down": {"uv": [30, 4.5], "uv_size": [0.5, -0.5]}
							}
						},
						{
							"origin": [1.59375, -0.84375, -0.85937],
							"size": [0.01563, 0.23438, 0.07813],
							"uv": {
								"north": {"uv": [5, 30], "uv_size": [0.5, 0.5]},
								"east": {"uv": [30, 5], "uv_size": [0.5, 0.5]},
								"south": {"uv": [6, 30], "uv_size": [0.5, 0.5]},
								"west": {"uv": [30, 6], "uv_size": [0.5, 0.5]},
								"up": {"uv": [7, 30], "uv_size": [0.5, 0.5]},
								"down": {"uv": [30, 7.5], "uv_size": [0.5, -0.5]}
							}
						},
						{
							"origin": [1.59375, -0.84375, -0.73437],
							"size": [0.01563, 0.23438, 0.07813],
							"uv": {
								"north": {"uv": [8, 30], "uv_size": [0.5, 0.5]},
								"east": {"uv": [30, 8], "uv_size": [0.5, 0.5]},
								"south": {"uv": [9, 30], "uv_size": [0.5, 0.5]},
								"west": {"uv": [30, 9], "uv_size": [0.5, 0.5]},
								"up": {"uv": [10, 30], "uv_size": [0.5, 0.5]},
								"down": {"uv": [30, 10.5], "uv_size": [0.5, -0.5]}
							}
						},
						{
							"origin": [1.59375, -0.84375, -0.60937],
							"size": [0.01563, 0.23438, 0.07813],
							"uv": {
								"north": {"uv": [11, 30], "uv_size": [0.5, 0.5]},
								"east": {"uv": [30, 11], "uv_size": [0.5, 0.5]},
								"south": {"uv": [12, 30], "uv_size": [0.5, 0.5]},
								"west": {"uv": [30, 12], "uv_size": [0.5, 0.5]},
								"up": {"uv": [13, 30], "uv_size": [0.5, 0.5]},
								"down": {"uv": [30, 13.5], "uv_size": [0.5, -0.5]}
							}
						}
					]
				},
				{
					"name": "be4_illuminated",
					"parent": "bone2",
					"pivot": [0.95313, -0.5, -0.15625],
					"cubes": [
						{
							"origin": [0.96094, -0.84375, -1.0625],
							"size": [0.35938, 0.07813, 0.34375],
							"inflate": 0.002,
							"pivot": [0.95313, -0.5, 0.34375],
							"rotation": [0, 0, -45],
							"uv": {
								"east": {"uv": [22, 30], "uv_size": [0.5, 0.5]},
								"west": {"uv": [30, 22], "uv_size": [0.5, 0.5]}
							}
						},
						{
							"origin": [0.96094, -0.84375, -2.0625],
							"size": [0.35938, 0.07813, 0.34375],
							"inflate": 0.002,
							"pivot": [0.95313, -0.5, -0.65625],
							"rotation": [0, 0, -45],
							"uv": {
								"east": {"uv": [14, 30], "uv_size": [0.5, 0.5]},
								"west": {"uv": [30, 14], "uv_size": [0.5, 0.5]}
							}
						},
						{
							"origin": [0.95216, -1.01856, -2.19531],
							"size": [0.41016, 0.53323, 0.11719],
							"uv": {
								"north": {"uv": [1, 26], "uv_size": [0.5, 0.5]},
								"east": {"uv": [26, 1], "uv_size": [0.5, 0.5]},
								"south": {"uv": [2, 26], "uv_size": [0.5, 0.5]},
								"west": {"uv": [26, 2], "uv_size": [0.5, 0.5]},
								"up": {"uv": [3, 26], "uv_size": [0.5, 0.5]},
								"down": {"uv": [26, 3.5], "uv_size": [0.5, -0.5]}
							}
						},
						{
							"origin": [0.96094, -0.84375, -1.5625],
							"size": [0.35938, 0.07813, 0.34375],
							"inflate": 0.002,
							"pivot": [0.95313, -0.5, -0.15625],
							"rotation": [0, 0, -45],
							"uv": {
								"east": {"uv": [21, 30], "uv_size": [0.5, 0.5]},
								"west": {"uv": [30, 21], "uv_size": [0.5, 0.5]}
							}
						}
					]
				},
				{
					"name": "bone10",
					"parent": "bone2",
					"pivot": [-0.04687, -8.125, 13]
				},
				{
					"name": "bone",
					"parent": "bone10",
					"pivot": [0.7539, -2.2009, -2.625],
					"cubes": [
						{
							"origin": [-0.51269, -0.95997, -1.76562],
							"size": [0.33203, 0.45511, 3.20313],
							"uv": {
								"north": {"uv": [23, 14], "uv_size": [0.5, 0.5]},
								"east": {"uv": [12, 6], "uv_size": [3, 0.5]},
								"south": {"uv": [15, 23], "uv_size": [0.5, 0.5]},
								"west": {"uv": [12, 8], "uv_size": [3, 0.5]},
								"up": {"uv": [12, 10], "uv_size": [0.5, 3]},
								"down": {"uv": [0, 16], "uv_size": [0.5, -3]}
							}
						},
						{
							"origin": [-0.27831, -1.01856, -2.23437],
							"size": [0.64453, 0.53323, 0.07813],
							"uv": {
								"north": {"uv": [25, 23], "uv_size": [0.5, 0.5]},
								"east": {"uv": [24, 25], "uv_size": [0.5, 0.5]},
								"south": {"uv": [25, 24], "uv_size": [0.5, 0.5]},
								"west": {"uv": [25, 25], "uv_size": [0.5, 0.5]},
								"up": {"uv": [0, 26], "uv_size": [0.5, 0.5]},
								"down": {"uv": [26, 0.5], "uv_size": [0.5, -0.5]}
							}
						},
						{
							"origin": [-0.47657, -0.70924, -1.76562],
							"size": [0.41016, 0.42969, 3.20313],
							"pivot": [-0.22265, -0.43581, -2.625],
							"rotation": [0, 0, -45],
							"uv": {
								"north": {"uv": [23, 12], "uv_size": [0.5, 0.5]},
								"east": {"uv": [10, 7], "uv_size": [3, 0.5]},
								"south": {"uv": [13, 23], "uv_size": [0.5, 0.5]},
								"west": {"uv": [11, 9], "uv_size": [3, 0.5]},
								"up": {"uv": [10, 11], "uv_size": [0.5, 3]},
								"down": {"uv": [11, 13], "uv_size": [0.5, -3]}
							}
						},
						{
							"origin": [-0.22266, -1.24999, -1.76562],
							"size": [0.95703, 1.03516, 3.20313],
							"uv": {
								"north": {"uv": [1, 13], "uv_size": [1, 1]},
								"east": {"uv": [0, 0], "uv_size": [3, 1]},
								"south": {"uv": [2, 13], "uv_size": [1, 1]},
								"west": {"uv": [0, 1], "uv_size": [3, 1]},
								"up": {"uv": [0, 2], "uv_size": [1, 3]},
								"down": {"uv": [1, 5], "uv_size": [1, -3]}
							}
						},
						{
							"origin": [-1.16016, -1.24999, -1],
							"size": [0.58203, 1.03516, 1],
							"inflate": 0.002,
							"pivot": [-0.73437, -0.39062, -1.5625],
							"rotation": [0, 90, 0],
							"uv": {
								"up": {"uv": [79, 108], "uv_size": [25, 40.5]}
							}
						},
						{
							"origin": [-0.08594, -1.32812, -1.58984],
							"size": [0.95703, 0.09766, 0.91797],
							"uv": {
								"north": {"uv": [11, 19], "uv_size": [1, 0.5]},
								"east": {"uv": [19, 11], "uv_size": [1, 0.5]},
								"south": {"uv": [12, 19], "uv_size": [1, 0.5]},
								"west": {"uv": [19, 12], "uv_size": [1, 0.5]},
								"up": {"uv": [11, 13], "uv_size": [1, 1]},
								"down": {"uv": [13, 12], "uv_size": [1, -1]}
							}
						},
						{
							"origin": [1.51782, -1.32812, -0.48489],
							"size": [0.11719, 0.09766, 0.23438],
							"pivot": [1.47876, -0.39062, -1.50051],
							"rotation": [0, -45, 0],
							"uv": {
								"north": {"uv": [18, 24], "uv_size": [0.5, 0.5]},
								"east": {"uv": [24, 18], "uv_size": [0.5, 0.5]},
								"south": {"uv": [19, 24], "uv_size": [0.5, 0.5]},
								"west": {"uv": [24, 19], "uv_size": [0.5, 0.5]},
								"up": {"uv": [20, 24], "uv_size": [0.5, 0.5]},
								"down": {"uv": [24, 20.5], "uv_size": [0.5, -0.5]}
							}
						},
						{
							"origin": [0.07031, -1.32812, -0.67187],
							"size": [0.64453, 0.09766, 1.26953],
							"uv": {
								"north": {"uv": [17, 24], "uv_size": [0.5, 0.5]},
								"east": {"uv": [15, 15], "uv_size": [1.5, 0.5]},
								"south": {"uv": [24, 17], "uv_size": [0.5, 0.5]},
								"west": {"uv": [0, 16], "uv_size": [1.5, 0.5]},
								"up": {"uv": [16, 0], "uv_size": [0.5, 1.5]},
								"down": {"uv": [2, 17.5], "uv_size": [0.5, -1.5]}
							}
						},
						{
							"origin": [-0.24219, -1.32812, -0.67187],
							"size": [0.33203, 0.09766, 0.48828],
							"uv": {
								"north": {"uv": [25, 11], "uv_size": [0.5, 0.5]},
								"east": {"uv": [12, 25], "uv_size": [0.5, 0.5]},
								"south": {"uv": [25, 12], "uv_size": [0.5, 0.5]},
								"west": {"uv": [13, 25], "uv_size": [0.5, 0.5]},
								"up": {"uv": [25, 13], "uv_size": [0.5, 0.5]},
								"down": {"uv": [14, 25.5], "uv_size": [0.5, -0.5]}
							}
						},
						{
							"origin": [-0.25063, -2.04465, -0.67187],
							"size": [0.48828, 0.09766, 0.48828],
							"pivot": [0.86266, -1.10716, -2.60547],
							"rotation": [0, 0, 45],
							"uv": {
								"north": {"uv": [25, 17], "uv_size": [0.5, 0.5]},
								"east": {"uv": [18, 25], "uv_size": [0.5, 0.5]},
								"south": {"uv": [25, 18], "uv_size": [0.5, 0.5]},
								"west": {"uv": [19, 25], "uv_size": [0.5, 0.5]},
								"up": {"uv": [25, 19], "uv_size": [0.5, 0.5]},
								"down": {"uv": [20, 25.5], "uv_size": [0.5, -0.5]}
							}
						},
						{
							"origin": [-0.24219, -1.32812, 0.59375],
							"size": [0.08203, 0.09766, 0.48828],
							"uv": {
								"north": {"uv": [19, 28], "uv_size": [0.5, 0.5]},
								"east": {"uv": [28, 19], "uv_size": [0.5, 0.5]},
								"south": {"uv": [20, 28], "uv_size": [0.5, 0.5]},
								"west": {"uv": [28, 20], "uv_size": [0.5, 0.5]},
								"up": {"uv": [21, 28], "uv_size": [0.5, 0.5]},
								"down": {"uv": [28, 21.5], "uv_size": [0.5, -0.5]}
							}
						},
						{
							"origin": [-0.19532, -1.35937, 0.59375],
							"size": [0.95703, 0.12891, 0.11328],
							"uv": {
								"north": {"uv": [20, 20], "uv_size": [1, 0.5]},
								"east": {"uv": [22, 28], "uv_size": [0.5, 0.5]},
								"south": {"uv": [0, 21], "uv_size": [1, 0.5]},
								"west": {"uv": [28, 22], "uv_size": [0.5, 0.5]},
								"up": {"uv": [21, 0], "uv_size": [1, 0.5]},
								"down": {"uv": [1, 21.5], "uv_size": [1, -0.5]}
							}
						},
						{
							"origin": [-0.19532, -1.35937, 0.98438],
							"size": [0.95703, 0.12891, 0.09766],
							"uv": {
								"north": {"uv": [21, 1], "uv_size": [1, 0.5]},
								"east": {"uv": [23, 28], "uv_size": [0.5, 0.5]},
								"south": {"uv": [2, 21], "uv_size": [1, 0.5]},
								"west": {"uv": [28, 23], "uv_size": [0.5, 0.5]},
								"up": {"uv": [21, 2], "uv_size": [1, 0.5]},
								"down": {"uv": [3, 21.5], "uv_size": [1, -0.5]}
							}
						},
						{
							"origin": [0.40765, -1.64311, 0.60938],
							"size": [0.08203, 0.12891, 0.09766],
							"pivot": [0.48969, -0.67437, -1.33984],
							"rotation": [0, 0, 45],
							"uv": {
								"north": {"uv": [27, 28], "uv_size": [0.5, 0.5]},
								"east": {"uv": [28, 27], "uv_size": [0.5, 0.5]},
								"south": {"uv": [28, 28], "uv_size": [0.5, 0.5]},
								"west": {"uv": [0, 29], "uv_size": [0.5, 0.5]},
								"up": {"uv": [29, 0], "uv_size": [0.5, 0.5]},
								"down": {"uv": [1, 29.5], "uv_size": [0.5, -0.5]}
							}
						},
						{
							"origin": [0.40765, -1.64311, 0.98438],
							"size": [0.08203, 0.12891, 0.09766],
							"pivot": [0.48969, -0.67437, -0.96484],
							"rotation": [0, 0, 45],
							"uv": {
								"north": {"uv": [29, 1], "uv_size": [0.5, 0.5]},
								"east": {"uv": [2, 29], "uv_size": [0.5, 0.5]},
								"south": {"uv": [29, 2], "uv_size": [0.5, 0.5]},
								"west": {"uv": [3, 29], "uv_size": [0.5, 0.5]},
								"up": {"uv": [29, 3], "uv_size": [0.5, 0.5]},
								"down": {"uv": [4, 29.5], "uv_size": [0.5, -0.5]}
							}
						},
						{
							"origin": [0.44281, -1.61186, 0.67188],
							"size": [0.08203, 0.12891, 0.41016],
							"pivot": [0.52485, -0.64312, -0.96484],
							"rotation": [0, 0, 45],
							"uv": {
								"north": {"uv": [29, 4], "uv_size": [0.5, 0.5]},
								"east": {"uv": [5, 29], "uv_size": [0.5, 0.5]},
								"south": {"uv": [29, 5], "uv_size": [0.5, 0.5]},
								"west": {"uv": [6, 29], "uv_size": [0.5, 0.5]},
								"up": {"uv": [29, 6], "uv_size": [0.5, 0.5]},
								"down": {"uv": [7, 29.5], "uv_size": [0.5, -0.5]}
							}
						},
						{
							"origin": [0.67968, -1.35937, 0.6875],
							"size": [0.08203, 0.12891, 0.30078],
							"uv": {
								"north": {"uv": [24, 28], "uv_size": [0.5, 0.5]},
								"east": {"uv": [28, 24], "uv_size": [0.5, 0.5]},
								"south": {"uv": [25, 28], "uv_size": [0.5, 0.5]},
								"west": {"uv": [28, 25], "uv_size": [0.5, 0.5]},
								"up": {"uv": [26, 28], "uv_size": [0.5, 0.5]},
								"down": {"uv": [28, 26.5], "uv_size": [0.5, -0.5]}
							}
						},
						{
							"origin": [-0.25063, -2.04465, 0.59375],
							"size": [0.48828, 0.09766, 0.48828],
							"pivot": [0.86266, -1.10716, -1.33984],
							"rotation": [0, 0, 45],
							"uv": {
								"north": {"uv": [16, 28], "uv_size": [0.5, 0.5]},
								"east": {"uv": [28, 16], "uv_size": [0.5, 0.5]},
								"south": {"uv": [17, 28], "uv_size": [0.5, 0.5]},
								"west": {"uv": [28, 17], "uv_size": [0.5, 0.5]},
								"up": {"uv": [18, 28], "uv_size": [0.5, 0.5]},
								"down": {"uv": [28, 18.5], "uv_size": [0.5, -0.5]}
							}
						},
						{
							"origin": [-0.25063, 0.46262, -0.67187],
							"size": [0.48828, 0.09766, 0.48828],
							"pivot": [0.86266, -0.37722, -2.60547],
							"rotation": [0, 0, -45],
							"uv": {
								"north": {"uv": [25, 20], "uv_size": [0.5, 0.5]},
								"east": {"uv": [21, 25], "uv_size": [0.5, 0.5]},
								"south": {"uv": [25, 21], "uv_size": [0.5, 0.5]},
								"west": {"uv": [22, 25], "uv_size": [0.5, 0.5]},
								"up": {"uv": [25, 22], "uv_size": [0.5, 0.5]},
								"down": {"uv": [23, 25.5], "uv_size": [0.5, -0.5]}
							}
						},
						{
							"origin": [-0.58746, -0.98285, -0.67187],
							"size": [0.29297, 0.48133, 0.48828],
							"uv": {
								"north": {"uv": [25, 14], "uv_size": [0.5, 0.5]},
								"east": {"uv": [15, 25], "uv_size": [0.5, 0.5]},
								"south": {"uv": [25, 15], "uv_size": [0.5, 0.5]},
								"west": {"uv": [16, 25], "uv_size": [0.5, 0.5]},
								"up": {"uv": [25, 16], "uv_size": [0.5, 0.5]},
								"down": {"uv": [17, 25.5], "uv_size": [0.5, -0.5]}
							}
						},
						{
							"origin": [0.73437, -1.32812, -1.74609],
							"size": [0.13672, 0.09766, 0.15625],
							"uv": {
								"north": {"uv": [5, 24], "uv_size": [0.5, 0.5]},
								"east": {"uv": [24, 5], "uv_size": [0.5, 0.5]},
								"south": {"uv": [6, 24], "uv_size": [0.5, 0.5]},
								"west": {"uv": [24, 6], "uv_size": [0.5, 0.5]},
								"up": {"uv": [7, 24], "uv_size": [0.5, 0.5]},
								"down": {"uv": [24, 7.5], "uv_size": [0.5, -0.5]}
							}
						},
						{
							"origin": [-0.08594, -1.32812, -1.74609],
							"size": [0.13672, 0.09766, 0.15625],
							"uv": {
								"north": {"uv": [8, 24], "uv_size": [0.5, 0.5]},
								"east": {"uv": [24, 8], "uv_size": [0.5, 0.5]},
								"south": {"uv": [9, 24], "uv_size": [0.5, 0.5]},
								"west": {"uv": [24, 9], "uv_size": [0.5, 0.5]},
								"up": {"uv": [10, 24], "uv_size": [0.5, 0.5]},
								"down": {"uv": [24, 10.5], "uv_size": [0.5, -0.5]}
							}
						},
						{
							"origin": [-0.66407, -1.34374, -1.41797],
							"size": [0.05859, 0.03516, 0.0586],
							"pivot": [-0.64453, -0.40625, -2.27734],
							"rotation": [0, 45, 0],
							"uv": {
								"north": {"uv": [4, 28], "uv_size": [0.5, 0.5]},
								"east": {"uv": [28, 4], "uv_size": [0.5, 0.5]},
								"south": {"uv": [5, 28], "uv_size": [0.5, 0.5]},
								"west": {"uv": [28, 5], "uv_size": [0.5, 0.5]},
								"up": {"uv": [6, 28], "uv_size": [0.5, 0.5]},
								"down": {"uv": [28, 6.5], "uv_size": [0.5, -0.5]}
							}
						},
						{
							"origin": [0.13281, -1.34374, -1.41797],
							"size": [0.05859, 0.03516, 0.0586],
							"pivot": [0.15234, -0.40625, -2.27734],
							"rotation": [0, 45, 0],
							"uv": {
								"north": {"uv": [7, 28], "uv_size": [0.5, 0.5]},
								"east": {"uv": [28, 7], "uv_size": [0.5, 0.5]},
								"south": {"uv": [8, 28], "uv_size": [0.5, 0.5]},
								"west": {"uv": [28, 8], "uv_size": [0.5, 0.5]},
								"up": {"uv": [9, 28], "uv_size": [0.5, 0.5]},
								"down": {"uv": [28, 9.5], "uv_size": [0.5, -0.5]}
							}
						},
						{
							"origin": [-0.66407, -1.34374, -0.41797],
							"size": [0.05859, 0.03516, 0.0586],
							"pivot": [-0.64453, -0.40625, -1.27734],
							"rotation": [0, 45, 0],
							"uv": {
								"north": {"uv": [13, 28], "uv_size": [0.5, 0.5]},
								"east": {"uv": [28, 13], "uv_size": [0.5, 0.5]},
								"south": {"uv": [14, 28], "uv_size": [0.5, 0.5]},
								"west": {"uv": [28, 14], "uv_size": [0.5, 0.5]},
								"up": {"uv": [15, 28], "uv_size": [0.5, 0.5]},
								"down": {"uv": [28, 15.5], "uv_size": [0.5, -0.5]}
							}
						},
						{
							"origin": [-0.50782, -1.34374, 0.75391],
							"size": [0.05859, 0.03516, 0.0586],
							"pivot": [-0.48828, -0.40625, -0.10547],
							"rotation": [0, 45, 0],
							"uv": {
								"north": {"uv": [15, 30], "uv_size": [0.5, 0.5]},
								"east": {"uv": [30, 15], "uv_size": [0.5, 0.5]},
								"south": {"uv": [16, 30], "uv_size": [0.5, 0.5]},
								"west": {"uv": [30, 16], "uv_size": [0.5, 0.5]},
								"up": {"uv": [17, 30], "uv_size": [0.5, 0.5]},
								"down": {"uv": [30, 17.5], "uv_size": [0.5, -0.5]}
							}
						},
						{
							"origin": [-0.02344, -1.34374, 0.75391],
							"size": [0.05859, 0.03516, 0.0586],
							"pivot": [-0.00391, -0.40625, -0.10547],
							"rotation": [0, 45, 0],
							"uv": {
								"north": {"uv": [18, 30], "uv_size": [0.5, 0.5]},
								"east": {"uv": [30, 18], "uv_size": [0.5, 0.5]},
								"south": {"uv": [19, 30], "uv_size": [0.5, 0.5]},
								"west": {"uv": [30, 19], "uv_size": [0.5, 0.5]},
								"up": {"uv": [20, 30], "uv_size": [0.5, 0.5]},
								"down": {"uv": [30, 20.5], "uv_size": [0.5, -0.5]}
							}
						},
						{
							"origin": [0.07031, -1.34374, -0.41797],
							"size": [0.05859, 0.03516, 0.0586],
							"pivot": [0.08984, -0.40625, -1.27734],
							"rotation": [0, 45, 0],
							"uv": {
								"north": {"uv": [10, 28], "uv_size": [0.5, 0.5]},
								"east": {"uv": [28, 10], "uv_size": [0.5, 0.5]},
								"south": {"uv": [11, 28], "uv_size": [0.5, 0.5]},
								"west": {"uv": [28, 11], "uv_size": [0.5, 0.5]},
								"up": {"uv": [12, 28], "uv_size": [0.5, 0.5]},
								"down": {"uv": [28, 12.5], "uv_size": [0.5, -0.5]}
							}
						},
						{
							"origin": [-0.5506, -1.32812, -1.50106],
							"size": [0.13672, 0.09766, 0.19531],
							"pivot": [-0.57013, -0.39062, -2.36043],
							"rotation": [0, 35, 0],
							"uv": {
								"north": {"uv": [11, 24], "uv_size": [0.5, 0.5]},
								"east": {"uv": [24, 11], "uv_size": [0.5, 0.5]},
								"south": {"uv": [12, 24], "uv_size": [0.5, 0.5]},
								"west": {"uv": [24, 12], "uv_size": [0.5, 0.5]},
								"up": {"uv": [13, 24], "uv_size": [0.5, 0.5]},
								"down": {"uv": [24, 13.5], "uv_size": [0.5, -0.5]}
							}
						},
						{
							"origin": [1.19903, -1.32812, -1.50106],
							"size": [0.13672, 0.09766, 0.19531],
							"pivot": [1.35527, -0.39062, -2.36043],
							"rotation": [0, -35, 0],
							"uv": {
								"north": {"uv": [14, 24], "uv_size": [0.5, 0.5]},
								"east": {"uv": [24, 14], "uv_size": [0.5, 0.5]},
								"south": {"uv": [15, 24], "uv_size": [0.5, 0.5]},
								"west": {"uv": [24, 15], "uv_size": [0.5, 0.5]},
								"up": {"uv": [16, 24], "uv_size": [0.5, 0.5]},
								"down": {"uv": [24, 16.5], "uv_size": [0.5, -0.5]}
							}
						},
						{
							"origin": [0.71484, -1.24999, -1.76562],
							"size": [0.17578, 1.03516, 1.09375],
							"uv": {
								"north": {"uv": [18, 7], "uv_size": [0.5, 1]},
								"east": {"uv": [9, 13], "uv_size": [1, 1]},
								"south": {"uv": [8, 18], "uv_size": [0.5, 1]},
								"west": {"uv": [13, 10], "uv_size": [1, 1]},
								"up": {"uv": [18, 8], "uv_size": [0.5, 1]},
								"down": {"uv": [9, 19], "uv_size": [0.5, -1]}
							}
						},
						{
							"origin": [1.41403, -1.24999, -0.64114],
							"size": [0.17578, 1.03516, 0.23438],
							"pivot": [1.27732, -0.39062, -1.50051],
							"rotation": [0, -45, 0],
							"uv": {
								"north": {"uv": [18, 9], "uv_size": [0.5, 1]},
								"east": {"uv": [10, 18], "uv_size": [0.5, 1]},
								"south": {"uv": [18, 10], "uv_size": [0.5, 1]},
								"west": {"uv": [11, 18], "uv_size": [0.5, 1]},
								"up": {"uv": [23, 18], "uv_size": [0.5, 0.5]},
								"down": {"uv": [19, 23.5], "uv_size": [0.5, -0.5]}
							}
						},
						{
							"origin": [-0.2338, -0.45937, -1.80703],
							"size": [1.00488, 0.09629, 1.36328],
							"uv": {
								"north": {"uv": [31, 22], "uv_size": [1, 0.5]},
								"east": {"uv": [16, 31], "uv_size": [1.5, 0.5]},
								"south": {"uv": [31, 23], "uv_size": [1, 0.5]},
								"west": {"uv": [31, 16], "uv_size": [1.5, 0.5]},
								"up": {"uv": [13, 31], "uv_size": [1, 1.5]},
								"down": {"uv": [31, 14.5], "uv_size": [1, -1.5]}
							}
						},
						{
							"origin": [0.75058, -0.45937, -1.80703],
							"size": [0.18457, 0.09629, 1.14844],
							"uv": {
								"north": {"uv": [31, 30], "uv_size": [0.5, 0.5]},
								"east": {"uv": [31, 20], "uv_size": [1, 0.5]},
								"south": {"uv": [31, 31], "uv_size": [0.5, 0.5]},
								"west": {"uv": [21, 31], "uv_size": [1, 0.5]},
								"up": {"uv": [31, 21], "uv_size": [0.5, 1]},
								"down": {"uv": [22, 32], "uv_size": [0.5, -1]}
							}
						},
						{
							"origin": [1.48474, -0.45937, -0.62632],
							"size": [0.18457, 0.09629, 0.24609],
							"pivot": [1.34119, -0.48516, -1.52866],
							"rotation": [0, -45, 0],
							"uv": {
								"north": {"uv": [0, 32], "uv_size": [0.5, 0.5]},
								"east": {"uv": [32, 0], "uv_size": [0.5, 0.5]},
								"south": {"uv": [1, 32], "uv_size": [0.5, 0.5]},
								"west": {"uv": [32, 1], "uv_size": [0.5, 0.5]},
								"up": {"uv": [2, 32], "uv_size": [0.5, 0.5]},
								"down": {"uv": [32, 2.5], "uv_size": [0.5, -0.5]}
							}
						},
						{
							"origin": [0.75058, -1.14687, -1.80703],
							"size": [0.18457, 0.09629, 1.14844],
							"uv": {
								"north": {"uv": [31, 24], "uv_size": [0.5, 0.5]},
								"east": {"uv": [31, 17], "uv_size": [1, 0.5]},
								"south": {"uv": [26, 31], "uv_size": [0.5, 0.5]},
								"west": {"uv": [18, 31], "uv_size": [1, 0.5]},
								"up": {"uv": [31, 18], "uv_size": [0.5, 1]},
								"down": {"uv": [19, 32], "uv_size": [0.5, -1]}
							}
						},
						{
							"origin": [-0.2338, -1.14687, -1.80703],
							"size": [1.00488, 0.09629, 1.36328],
							"uv": {
								"north": {"uv": [31, 19], "uv_size": [1, 0.5]},
								"east": {"uv": [14, 31], "uv_size": [1.5, 0.5]},
								"south": {"uv": [20, 31], "uv_size": [1, 0.5]},
								"west": {"uv": [31, 15], "uv_size": [1.5, 0.5]},
								"up": {"uv": [31, 11], "uv_size": [1, 1.5]},
								"down": {"uv": [12, 32.5], "uv_size": [1, -1.5]}
							}
						},
						{
							"origin": [1.48474, -1.14687, -0.62632],
							"size": [0.18457, 0.09629, 0.24609],
							"pivot": [1.34119, -1.17266, -1.52866],
							"rotation": [0, -45, 0],
							"uv": {
								"north": {"uv": [27, 31], "uv_size": [0.5, 0.5]},
								"east": {"uv": [28, 31], "uv_size": [0.5, 0.5]},
								"south": {"uv": [31, 28], "uv_size": [0.5, 0.5]},
								"west": {"uv": [29, 31], "uv_size": [0.5, 0.5]},
								"up": {"uv": [31, 29], "uv_size": [0.5, 0.5]},
								"down": {"uv": [30, 31.5], "uv_size": [0.5, -0.5]}
							}
						},
						{
							"origin": [0.71484, -1.24999, 0.625],
							"size": [0.25391, 1.03516, 0.8125],
							"uv": {
								"north": {"uv": [13, 17], "uv_size": [0.5, 1]},
								"east": {"uv": [4, 13], "uv_size": [1, 1]},
								"south": {"uv": [17, 13], "uv_size": [0.5, 1]},
								"west": {"uv": [13, 4], "uv_size": [1, 1]},
								"up": {"uv": [14, 17], "uv_size": [0.5, 1]},
								"down": {"uv": [17, 15], "uv_size": [0.5, -1]}
							}
						},
						{
							"origin": [0.89062, -1.28906, 0.625],
							"size": [0.07813, 1.11328, 0.8125],
							"uv": {
								"north": {"uv": [17, 17], "uv_size": [0.5, 1]},
								"east": {"uv": [13, 7], "uv_size": [1, 1]},
								"south": {"uv": [0, 18], "uv_size": [0.5, 1]},
								"west": {"uv": [8, 13], "uv_size": [1, 1]},
								"up": {"uv": [18, 0], "uv_size": [0.5, 1]},
								"down": {"uv": [1, 19], "uv_size": [0.5, -1]}
							}
						},
						{
							"origin": [0.94921, -1.15234, 0.42188],
							"size": [0.41016, 0.83984, 1.01563],
							"uv": {
								"north": {"uv": [15, 17], "uv_size": [0.5, 1]},
								"east": {"uv": [5, 13], "uv_size": [1, 1]},
								"south": {"uv": [17, 15], "uv_size": [0.5, 1]},
								"west": {"uv": [13, 5], "uv_size": [1, 1]},
								"up": {"uv": [16, 17], "uv_size": [0.5, 1]},
								"down": {"uv": [17, 17], "uv_size": [0.5, -1]}
							}
						},
						{
							"origin": [1.19151, -0.91004, 0.42188],
							"size": [0.41016, 0.35525, 1.01563],
							"uv": {
								"north": {"uv": [23, 17], "uv_size": [0.5, 0.5]},
								"east": {"uv": [18, 5], "uv_size": [1, 0.5]},
								"south": {"uv": [18, 23], "uv_size": [0.5, 0.5]},
								"west": {"uv": [6, 18], "uv_size": [1, 0.5]},
								"up": {"uv": [18, 6], "uv_size": [0.5, 1]},
								"down": {"uv": [7, 19], "uv_size": [0.5, -1]}
							}
						},
						{
							"origin": [0.83203, -1.23046, 0.42188],
							"size": [0.35377, 0.34266, 1.01563],
							"pivot": [0.57813, -0.39062, -2.625],
							"rotation": [0, 0, -45],
							"uv": {
								"north": {"uv": [23, 15], "uv_size": [0.5, 0.5]},
								"east": {"uv": [18, 1], "uv_size": [1, 0.5]},
								"south": {"uv": [16, 23], "uv_size": [0.5, 0.5]},
								"west": {"uv": [2, 18], "uv_size": [1, 0.5]},
								"up": {"uv": [18, 2], "uv_size": [0.5, 1]},
								"down": {"uv": [3, 19], "uv_size": [0.5, -1]}
							}
						},
						{
							"origin": [0.83203, -0.57703, 0.42188],
							"size": [0.35377, 0.34266, 1.01563],
							"pivot": [0.57813, -1.07421, -2.625],
							"rotation": [0, 0, 45],
							"uv": {
								"north": {"uv": [23, 16], "uv_size": [0.5, 0.5]},
								"east": {"uv": [18, 3], "uv_size": [1, 0.5]},
								"south": {"uv": [17, 23], "uv_size": [0.5, 0.5]},
								"west": {"uv": [4, 18], "uv_size": [1, 0.5]},
								"up": {"uv": [18, 4], "uv_size": [0.5, 1]},
								"down": {"uv": [5, 19], "uv_size": [0.5, -1]}
							}
						},
						{
							"origin": [-0.47657, -1.18528, -1.76562],
							"size": [0.41016, 0.42969, 3.20313],
							"pivot": [-0.22265, -1.02902, -2.625],
							"rotation": [0, 0, 45],
							"uv": {
								"north": {"uv": [23, 13], "uv_size": [0.5, 0.5]},
								"east": {"uv": [12, 0], "uv_size": [3, 0.5]},
								"south": {"uv": [14, 23], "uv_size": [0.5, 0.5]},
								"west": {"uv": [12, 1], "uv_size": [3, 0.5]},
								"up": {"uv": [6, 12], "uv_size": [0.5, 3]},
								"down": {"uv": [7, 15], "uv_size": [0.5, -3]}
							}
						}
					]
				},
				{
					"name": "octagon",
					"parent": "bone10",
					"pivot": [2.53125, -3.90625, -2],
					"cubes": [
						{
							"origin": [-0.20711, -1.23438, -2.3125],
							"size": [0.41421, 0.25, 0.5625],
							"pivot": [0, -0.73437, 0],
							"rotation": [0, 0, -45],
							"uv": {
								"north": {"uv": [21, 16], "uv_size": [0.5, 0.5]},
								"east": {"uv": [17, 21], "uv_size": [0.5, 0.5]},
								"south": {"uv": [21, 17], "uv_size": [0.5, 0.5]},
								"west": {"uv": [18, 21], "uv_size": [0.5, 0.5]},
								"up": {"uv": [21, 18], "uv_size": [0.5, 0.5]},
								"down": {"uv": [19, 21.5], "uv_size": [0.5, -0.5]}
							}
						},
						{
							"origin": [-0.20711, -1.23438, -2.3125],
							"size": [0.41421, 0.25, 0.5625],
							"uv": {
								"north": {"uv": [21, 19], "uv_size": [0.5, 0.5]},
								"east": {"uv": [20, 21], "uv_size": [0.5, 0.5]},
								"south": {"uv": [21, 20], "uv_size": [0.5, 0.5]},
								"west": {"uv": [21, 21], "uv_size": [0.5, 0.5]},
								"up": {"uv": [0, 22], "uv_size": [0.5, 0.5]},
								"down": {"uv": [22, 0.5], "uv_size": [0.5, -0.5]}
							}
						},
						{
							"origin": [-0.20711, -0.48437, -2.3125],
							"size": [0.41421, 0.25, 0.5625],
							"pivot": [0, -0.73437, 0],
							"rotation": [0, 0, -45],
							"uv": {
								"north": {"uv": [1, 22], "uv_size": [0.5, 0.5]},
								"east": {"uv": [22, 1], "uv_size": [0.5, 0.5]},
								"south": {"uv": [2, 22], "uv_size": [0.5, 0.5]},
								"west": {"uv": [22, 2], "uv_size": [0.5, 0.5]},
								"up": {"uv": [3, 22], "uv_size": [0.5, 0.5]},
								"down": {"uv": [22, 3.5], "uv_size": [0.5, -0.5]}
							}
						},
						{
							"origin": [-0.20711, -0.48437, -2.3125],
							"size": [0.41421, 0.25, 0.5625],
							"uv": {
								"north": {"uv": [4, 22], "uv_size": [0.5, 0.5]},
								"east": {"uv": [22, 4], "uv_size": [0.5, 0.5]},
								"south": {"uv": [5, 22], "uv_size": [0.5, 0.5]},
								"west": {"uv": [22, 5], "uv_size": [0.5, 0.5]},
								"up": {"uv": [6, 22], "uv_size": [0.5, 0.5]},
								"down": {"uv": [22, 6.5], "uv_size": [0.5, -0.5]}
							}
						},
						{
							"origin": [-0.5, -0.94148, -2.3125],
							"size": [0.25, 0.41421, 0.5625],
							"pivot": [0, -0.73437, 0],
							"rotation": [0, 0, -45],
							"uv": {
								"north": {"uv": [7, 22], "uv_size": [0.5, 0.5]},
								"east": {"uv": [22, 7], "uv_size": [0.5, 0.5]},
								"south": {"uv": [8, 22], "uv_size": [0.5, 0.5]},
								"west": {"uv": [22, 8], "uv_size": [0.5, 0.5]},
								"up": {"uv": [9, 22], "uv_size": [0.5, 0.5]},
								"down": {"uv": [22, 9.5], "uv_size": [0.5, -0.5]}
							}
						},
						{
							"origin": [-0.5, -0.94148, -2.3125],
							"size": [0.25, 0.41421, 0.5625],
							"uv": {
								"north": {"uv": [10, 22], "uv_size": [0.5, 0.5]},
								"east": {"uv": [22, 10], "uv_size": [0.5, 0.5]},
								"south": {"uv": [11, 22], "uv_size": [0.5, 0.5]},
								"west": {"uv": [22, 11], "uv_size": [0.5, 0.5]},
								"up": {"uv": [12, 22], "uv_size": [0.5, 0.5]},
								"down": {"uv": [22, 12.5], "uv_size": [0.5, -0.5]}
							}
						},
						{
							"origin": [0.25, -0.94148, -2.3125],
							"size": [0.25, 0.41421, 0.5625],
							"pivot": [0, -0.73437, 0],
							"rotation": [0, 0, -45],
							"uv": {
								"north": {"uv": [13, 22], "uv_size": [0.5, 0.5]},
								"east": {"uv": [22, 13], "uv_size": [0.5, 0.5]},
								"south": {"uv": [14, 22], "uv_size": [0.5, 0.5]},
								"west": {"uv": [22, 14], "uv_size": [0.5, 0.5]},
								"up": {"uv": [15, 22], "uv_size": [0.5, 0.5]},
								"down": {"uv": [22, 15.5], "uv_size": [0.5, -0.5]}
							}
						},
						{
							"origin": [0.25, -0.94148, -2.3125],
							"size": [0.25, 0.41421, 0.5625],
							"uv": {
								"north": {"uv": [16, 22], "uv_size": [0.5, 0.5]},
								"east": {"uv": [22, 16], "uv_size": [0.5, 0.5]},
								"south": {"uv": [17, 22], "uv_size": [0.5, 0.5]},
								"west": {"uv": [22, 17], "uv_size": [0.5, 0.5]},
								"up": {"uv": [18, 22], "uv_size": [0.5, 0.5]},
								"down": {"uv": [22, 18.5], "uv_size": [0.5, -0.5]}
							}
						}
					]
				},
				{
					"name": "octagon2",
					"parent": "bone10",
					"pivot": [-2.625, -3.90625, -2],
					"cubes": [
						{
							"origin": [0.79289, -1.23438, -0.51562],
							"size": [0.41421, 0.25, 1.10938],
							"pivot": [1, -0.73437, 0],
							"rotation": [0, 0, 45],
							"uv": {
								"north": {"uv": [19, 22], "uv_size": [0.5, 0.5]},
								"east": {"uv": [16, 7], "uv_size": [1, 0.5]},
								"south": {"uv": [22, 19], "uv_size": [0.5, 0.5]},
								"west": {"uv": [8, 16], "uv_size": [1, 0.5]},
								"up": {"uv": [9, 16], "uv_size": [0.5, 1]},
								"down": {"uv": [16, 12], "uv_size": [0.5, -1]}
							}
						},
						{
							"origin": [0.79289, -1.23438, -0.51562],
							"size": [0.57046, 0.25, 1.10938],
							"uv": {
								"north": {"uv": [20, 22], "uv_size": [0.5, 0.5]},
								"east": {"uv": [12, 16], "uv_size": [1, 0.5]},
								"south": {"uv": [22, 20], "uv_size": [0.5, 0.5]},
								"west": {"uv": [13, 16], "uv_size": [1, 0.5]},
								"up": {"uv": [16, 13], "uv_size": [0.5, 1]},
								"down": {"uv": [16, 15], "uv_size": [0.5, -1]}
							}
						},
						{
							"origin": [0.94914, -0.48437, -0.51562],
							"size": [0.41421, 0.25, 1.10938],
							"pivot": [1.15625, -0.73437, 0],
							"rotation": [0, 0, 45],
							"uv": {
								"north": {"uv": [21, 22], "uv_size": [0.5, 0.5]},
								"east": {"uv": [15, 16], "uv_size": [1, 0.5]},
								"south": {"uv": [22, 21], "uv_size": [0.5, 0.5]},
								"west": {"uv": [16, 16], "uv_size": [1, 0.5]},
								"up": {"uv": [0, 17], "uv_size": [0.5, 1]},
								"down": {"uv": [17, 1], "uv_size": [0.5, -1]}
							}
						},
						{
							"origin": [0.79289, -0.48437, -0.51562],
							"size": [0.57046, 0.25, 1.10938],
							"uv": {
								"north": {"uv": [22, 22], "uv_size": [0.5, 0.5]},
								"east": {"uv": [1, 17], "uv_size": [1, 0.5]},
								"south": {"uv": [0, 23], "uv_size": [0.5, 0.5]},
								"west": {"uv": [17, 1], "uv_size": [1, 0.5]},
								"up": {"uv": [3, 17], "uv_size": [0.5, 1]},
								"down": {"uv": [4, 18], "uv_size": [0.5, -1]}
							}
						},
						{
							"origin": [1.40625, -0.94148, -0.51562],
							"size": [0.25, 0.41421, 1.10938],
							"pivot": [1.15625, -0.73437, 0],
							"rotation": [0, 0, 45],
							"uv": {
								"north": {"uv": [23, 0], "uv_size": [0.5, 0.5]},
								"east": {"uv": [17, 4], "uv_size": [1, 0.5]},
								"south": {"uv": [1, 23], "uv_size": [0.5, 0.5]},
								"west": {"uv": [17, 5], "uv_size": [1, 0.5]},
								"up": {"uv": [6, 17], "uv_size": [0.5, 1]},
								"down": {"uv": [17, 7], "uv_size": [0.5, -1]}
							}
						},
						{
							"origin": [1.40625, -0.94148, -0.51562],
							"size": [0.25, 0.41421, 1.10938],
							"uv": {
								"north": {"uv": [23, 1], "uv_size": [0.5, 0.5]},
								"east": {"uv": [7, 17], "uv_size": [1, 0.5]},
								"south": {"uv": [2, 23], "uv_size": [0.5, 0.5]},
								"west": {"uv": [17, 7], "uv_size": [1, 0.5]},
								"up": {"uv": [8, 17], "uv_size": [0.5, 1]},
								"down": {"uv": [17, 9], "uv_size": [0.5, -1]}
							}
						},
						{
							"origin": [0.5, -0.94148, -0.51562],
							"size": [0.25, 0.41421, 1.10938],
							"pivot": [1, -0.73437, 0],
							"rotation": [0, 0, 45],
							"uv": {
								"north": {"uv": [23, 2], "uv_size": [0.5, 0.5]},
								"east": {"uv": [9, 17], "uv_size": [1, 0.5]},
								"south": {"uv": [3, 23], "uv_size": [0.5, 0.5]},
								"west": {"uv": [17, 9], "uv_size": [1, 0.5]},
								"up": {"uv": [10, 17], "uv_size": [0.5, 1]},
								"down": {"uv": [17, 11], "uv_size": [0.5, -1]}
							}
						},
						{
							"origin": [0.65625, -0.94148, -0.51562],
							"size": [0.25, 0.41421, 1.10938],
							"uv": {
								"north": {"uv": [23, 3], "uv_size": [0.5, 0.5]},
								"east": {"uv": [11, 17], "uv_size": [1, 0.5]},
								"south": {"uv": [4, 23], "uv_size": [0.5, 0.5]},
								"west": {"uv": [17, 11], "uv_size": [1, 0.5]},
								"up": {"uv": [12, 17], "uv_size": [0.5, 1]},
								"down": {"uv": [17, 13], "uv_size": [0.5, -1]}
							}
						}
					]
				},
				{
					"name": "octagon3",
					"parent": "bone10",
					"pivot": [-2.15625, -3.4375, -2],
					"cubes": [
						{
							"origin": [0.99906, -1.11813, -2.23906],
							"size": [0.31687, 0.19125, 3.86156],
							"pivot": [1.1575, -0.73562, -0.47],
							"rotation": [0, 0, 45],
							"uv": {
								"north": {"uv": [23, 4], "uv_size": [0.5, 0.5]},
								"east": {"uv": [3, 0], "uv_size": [4, 0.5]},
								"south": {"uv": [5, 23], "uv_size": [0.5, 0.5]},
								"west": {"uv": [3, 1], "uv_size": [4, 0.5]},
								"up": {"uv": [3, 2], "uv_size": [0.5, 4]},
								"down": {"uv": [4, 6], "uv_size": [0.5, -4]}
							}
						},
						{
							"origin": [0.99906, -1.11813, -2.23906],
							"size": [0.31687, 0.19125, 3.86156],
							"uv": {
								"north": {"uv": [23, 5], "uv_size": [0.5, 0.5]},
								"east": {"uv": [5, 2], "uv_size": [4, 0.5]},
								"south": {"uv": [6, 23], "uv_size": [0.5, 0.5]},
								"west": {"uv": [5, 3], "uv_size": [4, 0.5]},
								"up": {"uv": [0, 5], "uv_size": [0.5, 4]},
								"down": {"uv": [1, 9], "uv_size": [0.5, -4]}
							}
						},
						{
							"origin": [0.99906, -0.54437, -2.23906],
							"size": [0.31687, 0.19125, 3.86156],
							"pivot": [1.1575, -0.73562, -0.47],
							"rotation": [0, 0, 45],
							"uv": {
								"north": {"uv": [23, 6], "uv_size": [0.5, 0.5]},
								"east": {"uv": [5, 4], "uv_size": [4, 0.5]},
								"south": {"uv": [7, 23], "uv_size": [0.5, 0.5]},
								"west": {"uv": [5, 5], "uv_size": [4, 0.5]},
								"up": {"uv": [2, 5], "uv_size": [0.5, 4]},
								"down": {"uv": [3, 10], "uv_size": [0.5, -4]}
							}
						},
						{
							"origin": [0.99906, -0.54437, -2.23906],
							"size": [0.31687, 0.19125, 3.86156],
							"uv": {
								"north": {"uv": [23, 7], "uv_size": [0.5, 0.5]},
								"east": {"uv": [4, 6], "uv_size": [4, 0.5]},
								"south": {"uv": [8, 23], "uv_size": [0.5, 0.5]},
								"west": {"uv": [7, 0], "uv_size": [4, 0.5]},
								"up": {"uv": [4, 7], "uv_size": [0.5, 4]},
								"down": {"uv": [5, 11], "uv_size": [0.5, -4]}
							}
						},
						{
							"origin": [1.34875, -0.89406, -2.23906],
							"size": [0.19125, 0.31687, 3.86156],
							"pivot": [1.1575, -0.73562, -0.47],
							"rotation": [0, 0, 45],
							"uv": {
								"north": {"uv": [23, 8], "uv_size": [0.5, 0.5]},
								"east": {"uv": [7, 1], "uv_size": [4, 0.5]},
								"south": {"uv": [9, 23], "uv_size": [0.5, 0.5]},
								"west": {"uv": [6, 7], "uv_size": [4, 0.5]},
								"up": {"uv": [6, 8], "uv_size": [0.5, 4]},
								"down": {"uv": [7, 12], "uv_size": [0.5, -4]}
							}
						},
						{
							"origin": [1.34875, -0.89406, -2.23906],
							"size": [0.19125, 0.31687, 3.86156],
							"uv": {
								"north": {"uv": [23, 9], "uv_size": [0.5, 0.5]},
								"east": {"uv": [8, 6], "uv_size": [4, 0.5]},
								"south": {"uv": [10, 23], "uv_size": [0.5, 0.5]},
								"west": {"uv": [8, 8], "uv_size": [4, 0.5]},
								"up": {"uv": [0, 9], "uv_size": [0.5, 4]},
								"down": {"uv": [1, 13], "uv_size": [0.5, -4]}
							}
						},
						{
							"origin": [1.47375, -0.83156, -2.17656],
							"size": [0.06625, 0.19187, 0.98656],
							"inflate": 0.002,
							"uv": {
								"west": {"uv": [203, 51.5], "uv_size": [28.5, 6]}
							}
						},
						{
							"origin": [0.775, -0.89406, -2.23906],
							"size": [0.19125, 0.31687, 3.86156],
							"pivot": [1.1575, -0.73562, -0.47],
							"rotation": [0, 0, 45],
							"uv": {
								"north": {"uv": [23, 10], "uv_size": [0.5, 0.5]},
								"east": {"uv": [9, 2], "uv_size": [4, 0.5]},
								"south": {"uv": [11, 23], "uv_size": [0.5, 0.5]},
								"west": {"uv": [9, 3], "uv_size": [4, 0.5]},
								"up": {"uv": [2, 9], "uv_size": [0.5, 4]},
								"down": {"uv": [8, 13], "uv_size": [0.5, -4]}
							}
						},
						{
							"origin": [0.89219, -0.79641, 0.76094],
							"size": [0.54281, 0.12156, 0.86156],
							"pivot": [1.1575, -0.73562, -0.47],
							"rotation": [0, 0, 45],
							"uv": {
								"north": {"uv": [4, 26], "uv_size": [0.5, 0.5]},
								"east": {"uv": [13, 19], "uv_size": [1, 0.5]},
								"south": {"uv": [26, 4], "uv_size": [0.5, 0.5]},
								"west": {"uv": [19, 13], "uv_size": [1, 0.5]},
								"up": {"uv": [14, 19], "uv_size": [0.5, 1]},
								"down": {"uv": [19, 15], "uv_size": [0.5, -1]}
							}
						},
						{
							"origin": [0.775, -0.89406, -2.23906],
							"size": [0.19125, 0.31687, 3.86156],
							"uv": {
								"north": {"uv": [23, 11], "uv_size": [0.5, 0.5]},
								"east": {"uv": [9, 4], "uv_size": [4, 0.5]},
								"south": {"uv": [12, 23], "uv_size": [0.5, 0.5]},
								"west": {"uv": [9, 5], "uv_size": [4, 0.5]},
								"up": {"uv": [9, 9], "uv_size": [0.5, 4]},
								"down": {"uv": [3, 14], "uv_size": [0.5, -4]}
							}
						}
					]
				},
				{
					"name": "bone11_illuminated",
					"parent": "bone10",
					"pivot": [-0.04687, -8.125, 13]
				},
				{
					"name": "octagon4",
					"parent": "bone10",
					"pivot": [0.85156, -2.5, -1.45312],
					"cubes": [
						{
							"origin": [1.02436, -1.30859, -0.32812],
							"size": [0.31066, 1.16406, 0.1875],
							"pivot": [1.17969, 0.17188, 0.04688],
							"rotation": [0, 45, 0],
							"uv": {
								"north": {"uv": [18, 11], "uv_size": [0.5, 1]},
								"east": {"uv": [12, 18], "uv_size": [0.5, 1]},
								"south": {"uv": [18, 12], "uv_size": [0.5, 1]},
								"west": {"uv": [13, 18], "uv_size": [0.5, 1]},
								"up": {"uv": [23, 19], "uv_size": [0.5, 0.5]},
								"down": {"uv": [20, 23.5], "uv_size": [0.5, -0.5]}
							}
						},
						{
							"origin": [1.02436, -1.30859, -0.32812],
							"size": [0.31066, 1.16406, 0.1875],
							"uv": {
								"north": {"uv": [18, 13], "uv_size": [0.5, 1]},
								"east": {"uv": [14, 18], "uv_size": [0.5, 1]},
								"south": {"uv": [18, 14], "uv_size": [0.5, 1]},
								"west": {"uv": [15, 18], "uv_size": [0.5, 1]},
								"up": {"uv": [23, 20], "uv_size": [0.5, 0.5]},
								"down": {"uv": [21, 23.5], "uv_size": [0.5, -0.5]}
							}
						},
						{
							"origin": [1.02436, -1.30859, 0.23438],
							"size": [0.31066, 1.16406, 0.1875],
							"pivot": [1.17969, 0.17188, 0.04688],
							"rotation": [0, 45, 0],
							"uv": {
								"north": {"uv": [18, 15], "uv_size": [0.5, 1]},
								"east": {"uv": [16, 18], "uv_size": [0.5, 1]},
								"south": {"uv": [18, 16], "uv_size": [0.5, 1]},
								"west": {"uv": [17, 18], "uv_size": [0.5, 1]},
								"up": {"uv": [23, 21], "uv_size": [0.5, 0.5]},
								"down": {"uv": [22, 23.5], "uv_size": [0.5, -0.5]}
							}
						},
						{
							"origin": [1.02436, -1.30859, 0.23438],
							"size": [0.31066, 1.16406, 0.1875],
							"uv": {
								"north": {"uv": [18, 17], "uv_size": [0.5, 1]},
								"east": {"uv": [18, 18], "uv_size": [0.5, 1]},
								"south": {"uv": [0, 19], "uv_size": [0.5, 1]},
								"west": {"uv": [19, 0], "uv_size": [0.5, 1]},
								"up": {"uv": [23, 22], "uv_size": [0.5, 0.5]},
								"down": {"uv": [23, 23.5], "uv_size": [0.5, -0.5]}
							}
						},
						{
							"origin": [0.80469, -1.30859, -0.10846],
							"size": [0.1875, 1.16406, 0.31066],
							"pivot": [1.17969, 0.17188, 0.04688],
							"rotation": [0, 45, 0],
							"uv": {
								"north": {"uv": [1, 19], "uv_size": [0.5, 1]},
								"east": {"uv": [19, 1], "uv_size": [0.5, 1]},
								"south": {"uv": [2, 19], "uv_size": [0.5, 1]},
								"west": {"uv": [19, 2], "uv_size": [0.5, 1]},
								"up": {"uv": [0, 24], "uv_size": [0.5, 0.5]},
								"down": {"uv": [24, 0.5], "uv_size": [0.5, -0.5]}
							}
						},
						{
							"origin": [0.80469, -1.30859, -0.10846],
							"size": [0.1875, 1.16406, 0.31066],
							"uv": {
								"north": {"uv": [3, 19], "uv_size": [0.5, 1]},
								"east": {"uv": [19, 3], "uv_size": [0.5, 1]},
								"south": {"uv": [4, 19], "uv_size": [0.5, 1]},
								"west": {"uv": [19, 4], "uv_size": [0.5, 1]},
								"up": {"uv": [1, 24], "uv_size": [0.5, 0.5]},
								"down": {"uv": [24, 1.5], "uv_size": [0.5, -0.5]}
							}
						},
						{
							"origin": [1.36719, -1.30859, -0.10846],
							"size": [0.1875, 1.16406, 0.31066],
							"pivot": [1.17969, 0.17188, 0.04688],
							"rotation": [0, 45, 0],
							"uv": {
								"north": {"uv": [5, 19], "uv_size": [0.5, 1]},
								"east": {"uv": [19, 5], "uv_size": [0.5, 1]},
								"south": {"uv": [6, 19], "uv_size": [0.5, 1]},
								"west": {"uv": [19, 6], "uv_size": [0.5, 1]},
								"up": {"uv": [2, 24], "uv_size": [0.5, 0.5]},
								"down": {"uv": [24, 2.5], "uv_size": [0.5, -0.5]}
							}
						},
						{
							"origin": [0.97656, -1.30859, -0.0108],
							"size": [0.42188, 1.16406, 0.11535],
							"pivot": [1.17969, 0.17188, 0.04688],
							"rotation": [0, 45, 0],
							"uv": {
								"north": {"uv": [9, 19], "uv_size": [0.5, 1]},
								"east": {"uv": [19, 9], "uv_size": [0.5, 1]},
								"south": {"uv": [10, 19], "uv_size": [0.5, 1]},
								"west": {"uv": [19, 10], "uv_size": [0.5, 1]},
								"up": {"uv": [4, 24], "uv_size": [0.5, 0.5]},
								"down": {"uv": [24, 4.5], "uv_size": [0.5, -0.5]}
							}
						},
						{
							"origin": [1.36719, -1.30859, -0.10846],
							"size": [0.1875, 1.16406, 0.31066],
							"uv": {
								"north": {"uv": [7, 19], "uv_size": [0.5, 1]},
								"east": {"uv": [19, 7], "uv_size": [0.5, 1]},
								"south": {"uv": [8, 19], "uv_size": [0.5, 1]},
								"west": {"uv": [19, 8], "uv_size": [0.5, 1]},
								"up": {"uv": [3, 24], "uv_size": [0.5, 0.5]},
								"down": {"uv": [24, 3.5], "uv_size": [0.5, -0.5]}
							}
						}
					]
				},
				{
					"name": "octagon5",
					"parent": "bone10",
					"pivot": [0.60156, -0.46875, -1.14062],
					"rotation": [0, 0, 90],
					"cubes": [
						{
							"origin": [0.7398, 0.48438, -0.24062],
							"size": [0.24853, 0.18125, 0.15],
							"pivot": [0.86406, 1.66875, 0.05938],
							"rotation": [0, 45, 0],
							"uv": {
								"north": {"uv": [18, 11], "uv_size": [0.5, 1]},
								"east": {"uv": [12, 18], "uv_size": [0.5, 1]},
								"south": {"uv": [18, 12], "uv_size": [0.5, 1]},
								"west": {"uv": [13, 18], "uv_size": [0.5, 1]},
								"up": {"uv": [23, 19], "uv_size": [0.5, 0.5]},
								"down": {"uv": [20, 23.5], "uv_size": [0.5, -0.5]}
							}
						},
						{
							"origin": [0.7398, 0.48438, -0.24062],
							"size": [0.24853, 0.18125, 0.15],
							"uv": {
								"north": {"uv": [18, 13], "uv_size": [0.5, 1]},
								"east": {"uv": [14, 18], "uv_size": [0.5, 1]},
								"south": {"uv": [18, 14], "uv_size": [0.5, 1]},
								"west": {"uv": [15, 18], "uv_size": [0.5, 1]},
								"up": {"uv": [23, 20], "uv_size": [0.5, 0.5]},
								"down": {"uv": [21, 23.5], "uv_size": [0.5, -0.5]}
							}
						},
						{
							"origin": [0.7398, 0.48438, 0.20938],
							"size": [0.24853, 0.18125, 0.15],
							"pivot": [0.86406, 1.66875, 0.05938],
							"rotation": [0, 45, 0],
							"uv": {
								"north": {"uv": [18, 15], "uv_size": [0.5, 1]},
								"east": {"uv": [16, 18], "uv_size": [0.5, 1]},
								"south": {"uv": [18, 16], "uv_size": [0.5, 1]},
								"west": {"uv": [17, 18], "uv_size": [0.5, 1]},
								"up": {"uv": [23, 21], "uv_size": [0.5, 0.5]},
								"down": {"uv": [22, 23.5], "uv_size": [0.5, -0.5]}
							}
						},
						{
							"origin": [0.7398, 0.48438, 0.20938],
							"size": [0.24853, 0.18125, 0.15],
							"uv": {
								"north": {"uv": [18, 17], "uv_size": [0.5, 1]},
								"east": {"uv": [18, 18], "uv_size": [0.5, 1]},
								"south": {"uv": [0, 19], "uv_size": [0.5, 1]},
								"west": {"uv": [19, 0], "uv_size": [0.5, 1]},
								"up": {"uv": [23, 22], "uv_size": [0.5, 0.5]},
								"down": {"uv": [23, 23.5], "uv_size": [0.5, -0.5]}
							}
						},
						{
							"origin": [0.56406, 0.48438, -0.06489],
							"size": [0.15, 0.18125, 0.24853],
							"pivot": [0.86406, 1.66875, 0.05938],
							"rotation": [0, 45, 0],
							"uv": {
								"north": {"uv": [1, 19], "uv_size": [0.5, 1]},
								"east": {"uv": [19, 1], "uv_size": [0.5, 1]},
								"south": {"uv": [2, 19], "uv_size": [0.5, 1]},
								"west": {"uv": [19, 2], "uv_size": [0.5, 1]},
								"up": {"uv": [0, 24], "uv_size": [0.5, 0.5]},
								"down": {"uv": [24, 0.5], "uv_size": [0.5, -0.5]}
							}
						},
						{
							"origin": [0.56406, 0.48438, -0.06489],
							"size": [0.15, 0.18125, 0.24853],
							"uv": {
								"north": {"uv": [3, 19], "uv_size": [0.5, 1]},
								"east": {"uv": [19, 3], "uv_size": [0.5, 1]},
								"south": {"uv": [4, 19], "uv_size": [0.5, 1]},
								"west": {"uv": [19, 4], "uv_size": [0.5, 1]},
								"up": {"uv": [1, 24], "uv_size": [0.5, 0.5]},
								"down": {"uv": [24, 1.5], "uv_size": [0.5, -0.5]}
							}
						},
						{
							"origin": [1.01406, 0.48438, -0.06489],
							"size": [0.15, 0.18125, 0.24853],
							"pivot": [0.86406, 1.66875, 0.05938],
							"rotation": [0, 45, 0],
							"uv": {
								"north": {"uv": [5, 19], "uv_size": [0.5, 1]},
								"east": {"uv": [19, 5], "uv_size": [0.5, 1]},
								"south": {"uv": [6, 19], "uv_size": [0.5, 1]},
								"west": {"uv": [19, 6], "uv_size": [0.5, 1]},
								"up": {"uv": [2, 24], "uv_size": [0.5, 0.5]},
								"down": {"uv": [24, 2.5], "uv_size": [0.5, -0.5]}
							}
						},
						{
							"origin": [0.70156, 0.48438, 0.01324],
							"size": [0.3375, 0.18125, 0.09228],
							"pivot": [0.86406, 1.66875, 0.05938],
							"rotation": [0, 45, 0],
							"uv": {
								"north": {"uv": [9, 19], "uv_size": [0.5, 1]},
								"east": {"uv": [19, 9], "uv_size": [0.5, 1]},
								"south": {"uv": [10, 19], "uv_size": [0.5, 1]},
								"west": {"uv": [19, 10], "uv_size": [0.5, 1]},
								"up": {"uv": [4, 24], "uv_size": [0.5, 0.5]},
								"down": {"uv": [24, 4.5], "uv_size": [0.5, -0.5]}
							}
						},
						{
							"origin": [1.01406, 0.48438, -0.06489],
							"size": [0.15, 0.18125, 0.24853],
							"uv": {
								"north": {"uv": [7, 19], "uv_size": [0.5, 1]},
								"east": {"uv": [19, 7], "uv_size": [0.5, 1]},
								"south": {"uv": [8, 19], "uv_size": [0.5, 1]},
								"west": {"uv": [19, 8], "uv_size": [0.5, 1]},
								"up": {"uv": [3, 24], "uv_size": [0.5, 0.5]},
								"down": {"uv": [24, 3.5], "uv_size": [0.5, -0.5]}
							}
						}
					]
				},
				{
					"name": "octagon6",
					"parent": "bone10",
					"pivot": [1.51563, -3.28125, -2.23437],
					"cubes": [
						{
							"origin": [0.30172, -1.40625, -1.40938],
							"size": [0.22782, 0.325, 0.55],
							"pivot": [0.41563, -2.18125, -1.13437],
							"rotation": [0, -45, 0],
							"uv": {
								"north": {"uv": [21, 24], "uv_size": [0.5, 0.5]},
								"east": {"uv": [24, 21], "uv_size": [0.5, 0.5]},
								"south": {"uv": [22, 24], "uv_size": [0.5, 0.5]},
								"west": {"uv": [24, 22], "uv_size": [0.5, 0.5]},
								"up": {"uv": [23, 24], "uv_size": [0.5, 0.5]},
								"down": {"uv": [24, 23.5], "uv_size": [0.5, -0.5]}
							}
						},
						{
							"origin": [0.36031, -1.44531, -1.44844],
							"size": [0.11063, 0.36406, 0.62813],
							"pivot": [0.41563, -2.18125, -1.13437],
							"rotation": [0, -45, 0],
							"uv": {
								"north": {"uv": [25, 8], "uv_size": [0.5, 0.5]},
								"east": {"uv": [9, 25], "uv_size": [0.5, 0.5]},
								"south": {"uv": [25, 9], "uv_size": [0.5, 0.5]},
								"west": {"uv": [10, 25], "uv_size": [0.5, 0.5]},
								"up": {"uv": [25, 10], "uv_size": [0.5, 0.5]},
								"down": {"uv": [11, 25.5], "uv_size": [0.5, -0.5]}
							}
						},
						{
							"origin": [0.30172, -1.40625, -1.40938],
							"size": [0.22782, 0.325, 0.55],
							"uv": {
								"north": {"uv": [24, 24], "uv_size": [0.5, 0.5]},
								"east": {"uv": [0, 25], "uv_size": [0.5, 0.5]},
								"south": {"uv": [25, 0], "uv_size": [0.5, 0.5]},
								"west": {"uv": [1, 25], "uv_size": [0.5, 0.5]},
								"up": {"uv": [25, 1], "uv_size": [0.5, 0.5]},
								"down": {"uv": [2, 25.5], "uv_size": [0.5, -0.5]}
							}
						},
						{
							"origin": [0.14062, -1.40625, -1.24828],
							"size": [0.55, 0.325, 0.22782],
							"pivot": [0.41563, -2.18125, -1.13437],
							"rotation": [0, -45, 0],
							"uv": {
								"north": {"uv": [25, 2], "uv_size": [0.5, 0.5]},
								"east": {"uv": [3, 25], "uv_size": [0.5, 0.5]},
								"south": {"uv": [25, 3], "uv_size": [0.5, 0.5]},
								"west": {"uv": [4, 25], "uv_size": [0.5, 0.5]},
								"up": {"uv": [25, 4], "uv_size": [0.5, 0.5]},
								"down": {"uv": [5, 25.5], "uv_size": [0.5, -0.5]}
							}
						},
						{
							"origin": [0.14062, -1.40625, -1.24828],
							"size": [0.55, 0.325, 0.22782],
							"uv": {
								"north": {"uv": [25, 5], "uv_size": [0.5, 0.5]},
								"east": {"uv": [6, 25], "uv_size": [0.5, 0.5]},
								"south": {"uv": [25, 6], "uv_size": [0.5, 0.5]},
								"west": {"uv": [7, 25], "uv_size": [0.5, 0.5]},
								"up": {"uv": [25, 7], "uv_size": [0.5, 0.5]},
								"down": {"uv": [8, 25.5], "uv_size": [0.5, -0.5]}
							}
						}
					]
				},
				{
					"name": "octagon7",
					"parent": "bone10",
					"pivot": [0.375, -2.89062, -0.34375],
					"rotation": [0, -27.5, 0],
					"cubes": [
						{
							"origin": [0.2945, -1.39062, -0.57438],
							"size": [0.18225, 0.26, 0.44],
							"pivot": [0.38563, -2.01062, -0.35437],
							"rotation": [0, -45, 0],
							"uv": {
								"north": {"uv": [27, 6], "uv_size": [0.5, 0.5]},
								"east": {"uv": [7, 27], "uv_size": [0.5, 0.5]},
								"south": {"uv": [27, 7], "uv_size": [0.5, 0.5]},
								"west": {"uv": [8, 27], "uv_size": [0.5, 0.5]},
								"up": {"uv": [27, 8], "uv_size": [0.5, 0.5]},
								"down": {"uv": [9, 27.5], "uv_size": [0.5, -0.5]}
							}
						},
						{
							"origin": [0.34137, -1.42187, -0.60563],
							"size": [0.0885, 0.29125, 0.5025],
							"pivot": [0.38563, -2.01062, -0.35437],
							"rotation": [0, -45, 0],
							"uv": {
								"north": {"uv": [27, 9], "uv_size": [0.5, 0.5]},
								"east": {"uv": [10, 27], "uv_size": [0.5, 0.5]},
								"south": {"uv": [27, 10], "uv_size": [0.5, 0.5]},
								"west": {"uv": [11, 27], "uv_size": [0.5, 0.5]},
								"up": {"uv": [27, 11], "uv_size": [0.5, 0.5]},
								"down": {"uv": [12, 27.5], "uv_size": [0.5, -0.5]}
							}
						},
						{
							"origin": [0.2945, -1.39062, -0.57438],
							"size": [0.18225, 0.26, 0.44],
							"uv": {
								"north": {"uv": [27, 12], "uv_size": [0.5, 0.5]},
								"east": {"uv": [13, 27], "uv_size": [0.5, 0.5]},
								"south": {"uv": [27, 13], "uv_size": [0.5, 0.5]},
								"west": {"uv": [14, 27], "uv_size": [0.5, 0.5]},
								"up": {"uv": [27, 14], "uv_size": [0.5, 0.5]},
								"down": {"uv": [15, 27.5], "uv_size": [0.5, -0.5]}
							}
						},
						{
							"origin": [0.16562, -1.39062, -0.4455],
							"size": [0.44, 0.26, 0.18225],
							"pivot": [0.38563, -2.01062, -0.35437],
							"rotation": [0, -45, 0],
							"uv": {
								"north": {"uv": [27, 15], "uv_size": [0.5, 0.5]},
								"east": {"uv": [16, 27], "uv_size": [0.5, 0.5]},
								"south": {"uv": [27, 16], "uv_size": [0.5, 0.5]},
								"west": {"uv": [17, 27], "uv_size": [0.5, 0.5]},
								"up": {"uv": [27, 17], "uv_size": [0.5, 0.5]},
								"down": {"uv": [18, 27.5], "uv_size": [0.5, -0.5]}
							}
						},
						{
							"origin": [0.16562, -1.39062, -0.4455],
							"size": [0.44, 0.26, 0.18225],
							"uv": {
								"north": {"uv": [27, 18], "uv_size": [0.5, 0.5]},
								"east": {"uv": [19, 27], "uv_size": [0.5, 0.5]},
								"south": {"uv": [27, 19], "uv_size": [0.5, 0.5]},
								"west": {"uv": [20, 27], "uv_size": [0.5, 0.5]},
								"up": {"uv": [27, 20], "uv_size": [0.5, 0.5]},
								"down": {"uv": [21, 27.5], "uv_size": [0.5, -0.5]}
							}
						}
					]
				},
				{
					"name": "bone3",
					"parent": "bone2",
					"pivot": [2.08711, -0.4045, 0.00002],
					"rotation": [0, 0, 90],
					"cubes": [
						{
							"origin": [2.09375, -3.23437, -0.96875],
							"size": [0.71875, 0.39063, 1.71875],
							"uv": {
								"north": {"uv": [13, 26], "uv_size": [0.5, 0.5]},
								"east": {"uv": [16, 2], "uv_size": [1.5, 0.5]},
								"south": {"uv": [26, 13], "uv_size": [0.5, 0.5]},
								"west": {"uv": [16, 3], "uv_size": [1.5, 0.5]},
								"up": {"uv": [16, 4], "uv_size": [0.5, 1.5]},
								"down": {"uv": [5, 17.5], "uv_size": [0.5, -1.5]}
							}
						},
						{
							"origin": [2.09375, -3.23437, 0.75],
							"size": [0.71875, 0.39063, 0.5],
							"uv": {
								"north": {"uv": [14, 26], "uv_size": [0.5, 0.5]},
								"east": {"uv": [26, 14], "uv_size": [0.5, 0.5]},
								"south": {"uv": [15, 26], "uv_size": [0.5, 0.5]},
								"west": {"uv": [26, 15], "uv_size": [0.5, 0.5]},
								"up": {"uv": [16, 26], "uv_size": [0.5, 0.5]},
								"down": {"uv": [26, 16.5], "uv_size": [0.5, -0.5]}
							}
						},
						{
							"origin": [2.09375, -3.23437, 1.25],
							"size": [0.71875, 0.07813, 0.25],
							"uv": {
								"north": {"uv": [27, 21], "uv_size": [0.5, 0.5]},
								"east": {"uv": [22, 27], "uv_size": [0.5, 0.5]},
								"south": {"uv": [27, 22], "uv_size": [0.5, 0.5]},
								"west": {"uv": [23, 27], "uv_size": [0.5, 0.5]},
								"up": {"uv": [27, 23], "uv_size": [0.5, 0.5]},
								"down": {"uv": [24, 27.5], "uv_size": [0.5, -0.5]}
							}
						},
						{
							"origin": [2.09375, -3.23437, -1.20312],
							"size": [0.71875, 0.07813, 0.23438],
							"uv": {
								"north": {"uv": [1, 28], "uv_size": [0.5, 0.5]},
								"east": {"uv": [28, 1], "uv_size": [0.5, 0.5]},
								"south": {"uv": [2, 28], "uv_size": [0.5, 0.5]},
								"west": {"uv": [28, 2], "uv_size": [0.5, 0.5]},
								"up": {"uv": [3, 28], "uv_size": [0.5, 0.5]},
								"down": {"uv": [28, 3.5], "uv_size": [0.5, -0.5]}
							}
						},
						{
							"origin": [2.07813, -3.48437, -1.21874],
							"size": [0.75, 0.125, 0.46875],
							"uv": {
								"north": {"uv": [20, 11], "uv_size": [1, 0.5]},
								"south": {"uv": [12, 20], "uv_size": [1, 0.5]},
								"down": {"uv": [20, 12.5], "uv_size": [1, -0.5]}
							}
						},
						{
							"origin": [2.08883, -3.40662, -1.21874],
							"size": [0.177, 0.177, 0.46875],
							"pivot": [2.07813, -3.21893, -4.12499],
							"rotation": [0, 0, 45],
							"uv": {
								"north": {"uv": [17, 26], "uv_size": [0.5, 0.5]},
								"east": {"uv": [26, 17], "uv_size": [0.5, 0.5]},
								"south": {"uv": [18, 26], "uv_size": [0.5, 0.5]},
								"down": {"uv": [26, 18.5], "uv_size": [0.5, -0.5]}
							}
						},
						{
							"origin": [2.64043, -3.40662, -1.21874],
							"size": [0.177, 0.177, 0.46875],
							"pivot": [2.82813, -3.21893, -4.12499],
							"rotation": [0, 0, -45],
							"uv": {
								"north": {"uv": [19, 26], "uv_size": [0.5, 0.5]},
								"south": {"uv": [26, 19], "uv_size": [0.5, 0.5]},
								"west": {"uv": [20, 26], "uv_size": [0.5, 0.5]},
								"down": {"uv": [26, 20.5], "uv_size": [0.5, -0.5]}
							}
						},
						{
							"origin": [2.07813, -3.48437, 0.00001],
							"size": [0.75, 0.125, 0.25],
							"uv": {
								"north": {"uv": [13, 20], "uv_size": [1, 0.5]},
								"south": {"uv": [20, 13], "uv_size": [1, 0.5]},
								"down": {"uv": [14, 20.5], "uv_size": [1, -0.5]}
							}
						},
						{
							"origin": [2.08883, -3.40662, 0.00001],
							"size": [0.177, 0.177, 0.25],
							"pivot": [2.07813, -3.21893, -3.12499],
							"rotation": [0, 0, 45],
							"uv": {
								"north": {"uv": [21, 26], "uv_size": [0.5, 0.5]},
								"east": {"uv": [26, 21], "uv_size": [0.5, 0.5]},
								"south": {"uv": [22, 26], "uv_size": [0.5, 0.5]},
								"down": {"uv": [26, 22.5], "uv_size": [0.5, -0.5]}
							}
						},
						{
							"origin": [2.64043, -3.40662, 0.00001],
							"size": [0.177, 0.177, 0.25],
							"pivot": [2.82813, -3.21893, -3.12499],
							"rotation": [0, 0, -45],
							"uv": {
								"north": {"uv": [23, 26], "uv_size": [0.5, 0.5]},
								"south": {"uv": [26, 23], "uv_size": [0.5, 0.5]},
								"west": {"uv": [24, 26], "uv_size": [0.5, 0.5]},
								"down": {"uv": [26, 24.5], "uv_size": [0.5, -0.5]}
							}
						},
						{
							"origin": [2.64043, -3.40662, -0.49999],
							"size": [0.177, 0.177, 0.25],
							"pivot": [2.82813, -3.21893, -3.62499],
							"rotation": [0, 0, -45],
							"uv": {
								"north": {"uv": [27, 26], "uv_size": [0.5, 0.5]},
								"south": {"uv": [27, 27], "uv_size": [0.5, 0.5]},
								"west": {"uv": [0, 28], "uv_size": [0.5, 0.5]},
								"down": {"uv": [28, 0.5], "uv_size": [0.5, -0.5]}
							}
						},
						{
							"origin": [2.07813, -3.48437, -0.49999],
							"size": [0.75, 0.125, 0.25],
							"uv": {
								"north": {"uv": [20, 18], "uv_size": [1, 0.5]},
								"south": {"uv": [19, 20], "uv_size": [1, 0.5]},
								"down": {"uv": [20, 19.5], "uv_size": [1, -0.5]}
							}
						},
						{
							"origin": [2.08883, -3.40662, -0.49999],
							"size": [0.177, 0.177, 0.25],
							"pivot": [2.07813, -3.21893, -3.62499],
							"rotation": [0, 0, 45],
							"uv": {
								"north": {"uv": [27, 24], "uv_size": [0.5, 0.5]},
								"east": {"uv": [25, 27], "uv_size": [0.5, 0.5]},
								"south": {"uv": [27, 25], "uv_size": [0.5, 0.5]},
								"down": {"uv": [26, 27.5], "uv_size": [0.5, -0.5]}
							}
						},
						{
							"origin": [2.07813, -3.48437, 0.50001],
							"size": [0.75, 0.125, 0.25],
							"uv": {
								"north": {"uv": [20, 14], "uv_size": [1, 0.5]},
								"south": {"uv": [15, 20], "uv_size": [1, 0.5]},
								"down": {"uv": [20, 15.5], "uv_size": [1, -0.5]}
							}
						},
						{
							"origin": [2.08883, -3.40662, 0.50001],
							"size": [0.177, 0.177, 0.25],
							"pivot": [2.07813, -3.21893, -2.62499],
							"rotation": [0, 0, 45],
							"uv": {
								"north": {"uv": [25, 26], "uv_size": [0.5, 0.5]},
								"east": {"uv": [26, 25], "uv_size": [0.5, 0.5]},
								"south": {"uv": [26, 26], "uv_size": [0.5, 0.5]},
								"down": {"uv": [0, 27.5], "uv_size": [0.5, -0.5]}
							}
						},
						{
							"origin": [2.64043, -3.40662, 0.50001],
							"size": [0.177, 0.177, 0.25],
							"pivot": [2.82813, -3.21893, -2.62499],
							"rotation": [0, 0, -45],
							"uv": {
								"north": {"uv": [27, 0], "uv_size": [0.5, 0.5]},
								"south": {"uv": [1, 27], "uv_size": [0.5, 0.5]},
								"west": {"uv": [27, 1], "uv_size": [0.5, 0.5]},
								"down": {"uv": [2, 27.5], "uv_size": [0.5, -0.5]}
							}
						},
						{
							"origin": [2.07813, -3.48437, 1.00001],
							"size": [0.75, 0.125, 0.5],
							"uv": {
								"north": {"uv": [16, 20], "uv_size": [1, 0.5]},
								"south": {"uv": [20, 16], "uv_size": [1, 0.5]},
								"down": {"uv": [17, 20.5], "uv_size": [1, -0.5]}
							}
						},
						{
							"origin": [2.08883, -3.40662, 1.00001],
							"size": [0.177, 0.177, 0.5],
							"pivot": [2.07813, -3.21893, -2.12499],
							"rotation": [0, 0, 45],
							"uv": {
								"north": {"uv": [27, 2], "uv_size": [0.5, 0.5]},
								"east": {"uv": [3, 27], "uv_size": [0.5, 0.5]},
								"south": {"uv": [27, 3], "uv_size": [0.5, 0.5]},
								"down": {"uv": [4, 27.5], "uv_size": [0.5, -0.5]}
							}
						},
						{
							"origin": [2.64043, -3.40662, 1.00001],
							"size": [0.177, 0.177, 0.5],
							"pivot": [2.82813, -3.21893, -2.12499],
							"rotation": [0, 0, -45],
							"uv": {
								"north": {"uv": [27, 4], "uv_size": [0.5, 0.5]},
								"south": {"uv": [5, 27], "uv_size": [0.5, 0.5]},
								"west": {"uv": [27, 5], "uv_size": [0.5, 0.5]},
								"down": {"uv": [6, 27.5], "uv_size": [0.5, -0.5]}
							}
						},
						{
							"origin": [1.95313, -3.36037, -0.96874],
							"size": [1, 0.001, 1.96875],
							"uv": {
								"north": {"uv": [0, 0], "uv_size": [1, 0]},
								"east": {"uv": [0, 0], "uv_size": [2, 0]},
								"south": {"uv": [0, 0], "uv_size": [1, 0]},
								"west": {"uv": [0, 0], "uv_size": [2, 0]},
								"up": {"uv": [10, 9], "uv_size": [1, 2]},
								"down": {"uv": [11, 2], "uv_size": [1, -2]}
							}
						},
						{
							"origin": [2.07813, -3.35937, -1.21874],
							"size": [0.75, 0.125, 2.71875],
							"uv": {
								"north": {"uv": [20, 17], "uv_size": [1, 0.5]},
								"east": {"uv": [13, 2], "uv_size": [2.5, 0.5]},
								"south": {"uv": [18, 20], "uv_size": [1, 0.5]},
								"west": {"uv": [13, 3], "uv_size": [2.5, 0.5]},
								"up": {"uv": [2, 2], "uv_size": [1, 2.5]}
							}
						}
					]
				},
				{
					"name": "laser_beam",
					"pivot": [-1.15625, 0.75001, -1.625]
				}
			]
		}
	]
}