{
	"format_version": "1.12.0",
	"minecraft:geometry": [
		{
			"description": {
				"identifier": "geometry.sight_sro_dot - Converted",
				"texture_width": 512,
				"texture_height": 512,
				"visible_bounds_width": 22,
				"visible_bounds_height": 3,
				"visible_bounds_offset": [0, 0.5, 0]
			},
			"bones": [
				{
					"name": "scope_view",
					"pivot": [-3.75, 2.45313, 9.84375],
					"rotation": [0, 0, -37.5]
				},
				{
					"name": "scope_body",
					"pivot": [0, 19.09063, -0.75]
				},
				{
					"name": "sight",
					"parent": "scope_body",
					"pivot": [0, -0.67187, 1.25],
					"cubes": [
						{
							"origin": [4.78364, -1.2867, -14.3125],
							"size": [0.18751, 0.32813, 8.9375],
							"inflate": -0.001,
							"pivot": [4.42427, 4.66643, -15.98437],
							"rotation": [0, 0, 45],
							"uv": {
								"north": {"uv": [10, 29], "uv_size": [0.5, 0.5]},
								"south": {"uv": [29, 10], "uv_size": [0.5, 0.5]},
								"up": {"uv": [13, 7], "uv_size": [0.5, 9]},
								"down": {"uv": [11, 22], "uv_size": [0.5, -9]}
							}
						},
						{
							"origin": [-4.97114, -1.2867, -14.3125],
							"size": [0.18751, 0.32813, 8.9375],
							"inflate": -0.001,
							"pivot": [-4.42427, 4.66643, -15.98437],
							"rotation": [0, 0, -45],
							"uv": {
								"north": {"uv": [11, 29], "uv_size": [0.5, 0.5]},
								"south": {"uv": [29, 11], "uv_size": [0.5, 0.5]},
								"up": {"uv": [12, 13], "uv_size": [0.5, 9]},
								"down": {"uv": [14, 11], "uv_size": [0.5, -9]}
							}
						},
						{
							"origin": [-0.57812, 0.39063, -7.375],
							"size": [0.23438, 0.13032, 1.71509],
							"uv": {
								"north": {"uv": [12, 29], "uv_size": [0.5, 0.5]},
								"east": {"uv": [23, 3], "uv_size": [1.5, 0.5]},
								"south": {"uv": [29, 12], "uv_size": [0.5, 0.5]},
								"west": {"uv": [4, 23], "uv_size": [1.5, 0.5]},
								"up": {"uv": [14, 21], "uv_size": [0.5, 1.5]},
								"down": {"uv": [12, 23.5], "uv_size": [0.5, -1.5]}
							}
						},
						{
							"origin": [0.34375, 0.39063, -7.375],
							"size": [0.23438, 0.13032, 1.71509],
							"uv": {
								"north": {"uv": [13, 29], "uv_size": [0.5, 0.5]},
								"east": {"uv": [23, 4], "uv_size": [1.5, 0.5]},
								"south": {"uv": [29, 13], "uv_size": [0.5, 0.5]},
								"west": {"uv": [23, 5], "uv_size": [1.5, 0.5]},
								"up": {"uv": [6, 23], "uv_size": [0.5, 1.5]},
								"down": {"uv": [23, 7.5], "uv_size": [0.5, -1.5]}
							}
						},
						{
							"origin": [-0.57812, 0.51563, -7.375],
							"size": [0.23438, 0.3125, 1.5],
							"uv": {
								"north": {"uv": [14, 29], "uv_size": [0.5, 0.5]},
								"east": {"uv": [7, 23], "uv_size": [1.5, 0.5]},
								"south": {"uv": [29, 14], "uv_size": [0.5, 0.5]},
								"west": {"uv": [23, 8], "uv_size": [1.5, 0.5]},
								"up": {"uv": [9, 23], "uv_size": [0.5, 1.5]},
								"down": {"uv": [23, 10.5], "uv_size": [0.5, -1.5]}
							}
						},
						{
							"origin": [-0.57812, 0.60938, -5.875],
							"size": [0.23438, 0.21875, 0.375],
							"pivot": [-0.125, 0.82813, -5.875],
							"rotation": [-55, 0, 0],
							"uv": {
								"north": {"uv": [15, 29], "uv_size": [0.5, 0.5]},
								"east": {"uv": [29, 15], "uv_size": [0.5, 0.5]},
								"south": {"uv": [16, 29], "uv_size": [0.5, 0.5]},
								"west": {"uv": [29, 16], "uv_size": [0.5, 0.5]},
								"up": {"uv": [17, 29], "uv_size": [0.5, 0.5]},
								"down": {"uv": [29, 17.5], "uv_size": [0.5, -0.5]}
							}
						},
						{
							"origin": [-0.39062, 0.51563, -5.90625],
							"size": [0.81251, 0.21875, 0.375],
							"pivot": [0.0625, 0.73438, -5.90625],
							"rotation": [-55, 0, 0],
							"uv": {
								"north": {"uv": [18, 24], "uv_size": [1, 0.5]},
								"east": {"uv": [18, 29], "uv_size": [0.5, 0.5]},
								"south": {"uv": [26, 10], "uv_size": [1, 0.5]},
								"west": {"uv": [29, 18], "uv_size": [0.5, 0.5]},
								"up": {"uv": [12, 26], "uv_size": [1, 0.5]},
								"down": {"uv": [13, 26.5], "uv_size": [1, -0.5]}
							}
						},
						{
							"origin": [-0.39062, 0.42188, -7.40625],
							"size": [0.81251, 0.3125, 1.5],
							"uv": {
								"north": {"uv": [14, 26], "uv_size": [1, 0.5]},
								"east": {"uv": [10, 23], "uv_size": [1.5, 0.5]},
								"south": {"uv": [15, 26], "uv_size": [1, 0.5]},
								"west": {"uv": [23, 11], "uv_size": [1.5, 0.5]},
								"up": {"uv": [17, 20], "uv_size": [1, 1.5]},
								"down": {"uv": [18, 21.5], "uv_size": [1, -1.5]}
							}
						},
						{
							"origin": [0.34375, 0.60938, -5.875],
							"size": [0.23438, 0.21875, 0.375],
							"pivot": [0.125, 0.82813, -5.875],
							"rotation": [-55, 0, 0],
							"uv": {
								"north": {"uv": [19, 29], "uv_size": [0.5, 0.5]},
								"east": {"uv": [29, 19], "uv_size": [0.5, 0.5]},
								"south": {"uv": [20, 29], "uv_size": [0.5, 0.5]},
								"west": {"uv": [29, 20], "uv_size": [0.5, 0.5]},
								"up": {"uv": [21, 29], "uv_size": [0.5, 0.5]},
								"down": {"uv": [29, 21.5], "uv_size": [0.5, -0.5]}
							}
						},
						{
							"origin": [0.34375, 0.51563, -7.375],
							"size": [0.23438, 0.3125, 1.5],
							"uv": {
								"north": {"uv": [22, 29], "uv_size": [0.5, 0.5]},
								"east": {"uv": [23, 12], "uv_size": [1.5, 0.5]},
								"south": {"uv": [29, 22], "uv_size": [0.5, 0.5]},
								"west": {"uv": [23, 13], "uv_size": [1.5, 0.5]},
								"up": {"uv": [14, 23], "uv_size": [0.5, 1.5]},
								"down": {"uv": [15, 24.5], "uv_size": [0.5, -1.5]}
							}
						},
						{
							"origin": [-0.83349, -0.24464, -14.3125],
							"size": [1.67188, 0.54688, 8.9375],
							"inflate": -0.001,
							"uv": {
								"north": {"uv": [23, 14], "uv_size": [1.5, 0.5]},
								"east": {"uv": [14, 11], "uv_size": [9, 0.5]},
								"south": {"uv": [23, 16], "uv_size": [1.5, 0.5]},
								"west": {"uv": [14, 12], "uv_size": [9, 0.5]},
								"up": {"uv": [2, 7], "uv_size": [1.5, 9]},
								"down": {"uv": [7, 11], "uv_size": [1.5, -9]}
							}
						},
						{
							"origin": [-0.81786, -0.08839, -9.09374],
							"size": [1.67188, 0.20313, 2.75],
							"uv": {
								"west": {"uv": [5, 174.5], "uv_size": [173, 14]}
							}
						},
						{
							"origin": [-1.08349, -0.16652, -14.25],
							"size": [2, 0.39063, 5.0625],
							"inflate": -0.001,
							"uv": {
								"north": {"uv": [17, 22], "uv_size": [2, 0.5]},
								"east": {"uv": [16, 2], "uv_size": [5, 0.5]},
								"south": {"uv": [19, 22], "uv_size": [2, 0.5]},
								"west": {"uv": [16, 3], "uv_size": [5, 0.5]},
								"up": {"uv": [11, 2], "uv_size": [2, 5]},
								"down": {"uv": [6, 16], "uv_size": [2, -5]}
							}
						},
						{
							"origin": [-1.11474, -0.26027, -10.75],
							"size": [0.23438, 0.57813, 1.59375],
							"inflate": -0.001,
							"uv": {
								"north": {"uv": [23, 29], "uv_size": [0.5, 0.5]},
								"east": {"uv": [17, 23], "uv_size": [1.5, 0.5]},
								"south": {"uv": [29, 23], "uv_size": [0.5, 0.5]},
								"west": {"uv": [23, 17], "uv_size": [1.5, 0.5]},
								"up": {"uv": [19, 23], "uv_size": [0.5, 1.5]},
								"down": {"uv": [20, 24.5], "uv_size": [0.5, -1.5]}
							}
						},
						{
							"origin": [-1.11474, -0.26027, -14.29687],
							"size": [0.23438, 0.57813, 3.48438],
							"inflate": -0.001,
							"uv": {
								"north": {"uv": [24, 29], "uv_size": [0.5, 0.5]},
								"east": {"uv": [19, 18], "uv_size": [3.5, 0.5]},
								"south": {"uv": [29, 24], "uv_size": [0.5, 0.5]},
								"west": {"uv": [20, 15], "uv_size": [3.5, 0.5]},
								"up": {"uv": [13, 20], "uv_size": [0.5, 3.5]},
								"down": {"uv": [16, 23.5], "uv_size": [0.5, -3.5]}
							}
						},
						{
							"origin": [-1.09911, -0.21339, -33.32812],
							"size": [1.5, 0.46875, 2.75],
							"pivot": [-0.35937, -7.03124, -22.375],
							"rotation": [0, 180, 0],
							"uv": {
								"west": {"uv": [15.5, 238.5], "uv_size": [138.5, 22]}
							}
						},
						{
							"origin": [0.88036, -0.26027, -13.1875],
							"size": [0.23438, 0.57813, 0.5],
							"inflate": -0.001,
							"uv": {
								"north": {"uv": [25, 29], "uv_size": [0.5, 0.5]},
								"east": {"uv": [29, 25], "uv_size": [0.5, 0.5]},
								"south": {"uv": [26, 29], "uv_size": [0.5, 0.5]},
								"west": {"uv": [29, 26], "uv_size": [0.5, 0.5]},
								"up": {"uv": [27, 29], "uv_size": [0.5, 0.5]},
								"down": {"uv": [29, 27.5], "uv_size": [0.5, -0.5]}
							}
						},
						{
							"origin": [0.88036, -0.26027, -14.29687],
							"size": [0.23438, 0.57813, 0.60938],
							"inflate": -0.001,
							"uv": {
								"north": {"uv": [28, 29], "uv_size": [0.5, 0.5]},
								"east": {"uv": [29, 28], "uv_size": [0.5, 0.5]},
								"south": {"uv": [29, 29], "uv_size": [0.5, 0.5]},
								"west": {"uv": [2, 30], "uv_size": [0.5, 0.5]},
								"up": {"uv": [30, 2], "uv_size": [0.5, 0.5]},
								"down": {"uv": [3, 30.5], "uv_size": [0.5, -0.5]}
							}
						},
						{
							"origin": [0.88036, -0.26027, -13.875],
							"size": [0.14063, 0.57813, 0.82813],
							"inflate": -0.001,
							"uv": {
								"north": {"uv": [30, 3], "uv_size": [0.5, 0.5]},
								"east": {"uv": [26, 15], "uv_size": [1, 0.5]},
								"south": {"uv": [4, 30], "uv_size": [0.5, 0.5]},
								"west": {"uv": [16, 26], "uv_size": [1, 0.5]},
								"up": {"uv": [17, 26], "uv_size": [0.5, 1]},
								"down": {"uv": [18, 27], "uv_size": [0.5, -1]}
							}
						},
						{
							"origin": [-9.05505, -0.26027, -17.75573],
							"size": [0.16632, 0.57813, 0.16632],
							"inflate": -0.001,
							"pivot": [-10.00347, -9.60937, -3.14635],
							"rotation": [0, -45, 0],
							"uv": {
								"north": {"uv": [30, 4], "uv_size": [0.5, 0.5]},
								"east": {"uv": [5, 30], "uv_size": [0.5, 0.5]},
								"south": {"uv": [30, 5], "uv_size": [0.5, 0.5]},
								"west": {"uv": [6, 30], "uv_size": [0.5, 0.5]},
								"up": {"uv": [30, 6], "uv_size": [0.5, 0.5]},
								"down": {"uv": [7, 30.5], "uv_size": [0.5, -0.5]}
							}
						},
						{
							"origin": [-9.05505, -0.26027, -18.75573],
							"size": [0.16632, 0.57813, 0.16632],
							"inflate": -0.001,
							"pivot": [-10.00347, -9.60937, -4.14635],
							"rotation": [0, -45, 0],
							"uv": {
								"north": {"uv": [30, 7], "uv_size": [0.5, 0.5]},
								"east": {"uv": [8, 30], "uv_size": [0.5, 0.5]},
								"south": {"uv": [30, 8], "uv_size": [0.5, 0.5]},
								"west": {"uv": [9, 30], "uv_size": [0.5, 0.5]},
								"up": {"uv": [30, 9], "uv_size": [0.5, 0.5]},
								"down": {"uv": [10, 30.5], "uv_size": [0.5, -0.5]}
							}
						},
						{
							"origin": [-9.05505, -0.26027, -18.50573],
							"size": [0.16632, 0.57813, 0.16632],
							"inflate": -0.001,
							"pivot": [-10.00347, -9.60937, -3.89635],
							"rotation": [0, -45, 0],
							"uv": {
								"north": {"uv": [30, 10], "uv_size": [0.5, 0.5]},
								"east": {"uv": [11, 30], "uv_size": [0.5, 0.5]},
								"south": {"uv": [30, 11], "uv_size": [0.5, 0.5]},
								"west": {"uv": [12, 30], "uv_size": [0.5, 0.5]},
								"up": {"uv": [30, 12], "uv_size": [0.5, 0.5]},
								"down": {"uv": [13, 30.5], "uv_size": [0.5, -0.5]}
							}
						},
						{
							"origin": [-9.05505, -0.26027, -18.25573],
							"size": [0.16632, 0.57813, 0.16632],
							"inflate": -0.001,
							"pivot": [-10.00347, -9.60937, -3.64635],
							"rotation": [0, -45, 0],
							"uv": {
								"north": {"uv": [30, 13], "uv_size": [0.5, 0.5]},
								"east": {"uv": [14, 30], "uv_size": [0.5, 0.5]},
								"south": {"uv": [30, 14], "uv_size": [0.5, 0.5]},
								"west": {"uv": [15, 30], "uv_size": [0.5, 0.5]},
								"up": {"uv": [30, 15], "uv_size": [0.5, 0.5]},
								"down": {"uv": [16, 30.5], "uv_size": [0.5, -0.5]}
							}
						},
						{
							"origin": [-0.66161, 0.39599, -14.375],
							"size": [1.32813, 0.09375, 0.1875],
							"inflate": -0.001,
							"uv": {
								"north": {"uv": [23, 18], "uv_size": [1.5, 0.5]},
								"east": {"uv": [30, 16], "uv_size": [0.5, 0.5]},
								"south": {"uv": [21, 23], "uv_size": [1.5, 0.5]},
								"west": {"uv": [17, 30], "uv_size": [0.5, 0.5]},
								"up": {"uv": [23, 21], "uv_size": [1.5, 0.5]},
								"down": {"uv": [23, 22.5], "uv_size": [1.5, -0.5]}
							}
						},
						{
							"origin": [-0.66161, 0.09911, -14.375],
							"size": [1.32813, 0.07813, 0.1875],
							"inflate": -0.001,
							"uv": {
								"north": {"uv": [23, 23], "uv_size": [1.5, 0.5]},
								"east": {"uv": [30, 17], "uv_size": [0.5, 0.5]},
								"south": {"uv": [2, 24], "uv_size": [1.5, 0.5]},
								"west": {"uv": [18, 30], "uv_size": [0.5, 0.5]},
								"up": {"uv": [4, 24], "uv_size": [1.5, 0.5]},
								"down": {"uv": [24, 6.5], "uv_size": [1.5, -0.5]}
							}
						},
						{
							"origin": [-0.66161, 0.16161, -14.375],
							"size": [0.07813, 0.26563, 0.1875],
							"inflate": -0.001,
							"uv": {
								"north": {"uv": [30, 18], "uv_size": [0.5, 0.5]},
								"east": {"uv": [19, 30], "uv_size": [0.5, 0.5]},
								"south": {"uv": [30, 19], "uv_size": [0.5, 0.5]},
								"west": {"uv": [20, 30], "uv_size": [0.5, 0.5]},
								"up": {"uv": [30, 20], "uv_size": [0.5, 0.5]},
								"down": {"uv": [21, 30.5], "uv_size": [0.5, -0.5]}
							}
						},
						{
							"origin": [0.58348, 0.16161, -14.375],
							"size": [0.07813, 0.26563, 0.1875],
							"inflate": -0.001,
							"uv": {
								"north": {"uv": [30, 21], "uv_size": [0.5, 0.5]},
								"east": {"uv": [22, 30], "uv_size": [0.5, 0.5]},
								"south": {"uv": [30, 22], "uv_size": [0.5, 0.5]},
								"west": {"uv": [23, 30], "uv_size": [0.5, 0.5]},
								"up": {"uv": [30, 23], "uv_size": [0.5, 0.5]},
								"down": {"uv": [24, 30.5], "uv_size": [0.5, -0.5]}
							}
						},
						{
							"origin": [-0.66161, 0.39599, -7.35937],
							"size": [1.32813, 0.09375, 2.01563],
							"inflate": -0.001,
							"uv": {
								"north": {"uv": [7, 24], "uv_size": [1.5, 0.5]},
								"east": {"uv": [22, 19], "uv_size": [2, 0.5]},
								"south": {"uv": [24, 7], "uv_size": [1.5, 0.5]},
								"west": {"uv": [22, 20], "uv_size": [2, 0.5]},
								"up": {"uv": [15, 8], "uv_size": [1.5, 2]},
								"down": {"uv": [14, 17], "uv_size": [1.5, -2]}
							}
						},
						{
							"origin": [0.58348, 0.16161, -5.53125],
							"size": [0.07813, 0.26563, 0.1875],
							"inflate": -0.001,
							"uv": {
								"north": {"uv": [30, 24], "uv_size": [0.5, 0.5]},
								"east": {"uv": [25, 30], "uv_size": [0.5, 0.5]},
								"south": {"uv": [30, 25], "uv_size": [0.5, 0.5]},
								"west": {"uv": [26, 30], "uv_size": [0.5, 0.5]},
								"up": {"uv": [30, 26], "uv_size": [0.5, 0.5]},
								"down": {"uv": [27, 30.5], "uv_size": [0.5, -0.5]}
							}
						},
						{
							"origin": [-0.66161, 0.09911, -5.53125],
							"size": [1.32813, 0.07813, 0.1875],
							"inflate": -0.001,
							"uv": {
								"north": {"uv": [24, 9], "uv_size": [1.5, 0.5]},
								"east": {"uv": [30, 27], "uv_size": [0.5, 0.5]},
								"south": {"uv": [10, 24], "uv_size": [1.5, 0.5]},
								"west": {"uv": [28, 30], "uv_size": [0.5, 0.5]},
								"up": {"uv": [24, 10], "uv_size": [1.5, 0.5]},
								"down": {"uv": [12, 24.5], "uv_size": [1.5, -0.5]}
							}
						},
						{
							"origin": [-0.66161, 0.16161, -5.53125],
							"size": [0.07813, 0.26563, 0.1875],
							"inflate": -0.001,
							"uv": {
								"north": {"uv": [30, 28], "uv_size": [0.5, 0.5]},
								"east": {"uv": [29, 30], "uv_size": [0.5, 0.5]},
								"south": {"uv": [30, 29], "uv_size": [0.5, 0.5]},
								"west": {"uv": [30, 30], "uv_size": [0.5, 0.5]},
								"up": {"uv": [2, 31], "uv_size": [0.5, 0.5]},
								"down": {"uv": [31, 2.5], "uv_size": [0.5, -0.5]}
							}
						},
						{
							"origin": [-0.66161, 0.25536, -5.53125],
							"size": [1.26563, 0.07813, 0.1875],
							"inflate": -0.001,
							"uv": {
								"north": {"uv": [24, 15], "uv_size": [1.5, 0.5]},
								"east": {"uv": [3, 31], "uv_size": [0.5, 0.5]},
								"south": {"uv": [16, 24], "uv_size": [1.5, 0.5]},
								"west": {"uv": [31, 3], "uv_size": [0.5, 0.5]},
								"up": {"uv": [24, 19], "uv_size": [1.5, 0.5]},
								"down": {"uv": [24, 20.5], "uv_size": [1.5, -0.5]}
							}
						},
						{
							"origin": [0.88282, -0.21875, -6.21093],
							"size": [0.02344, 0.35157, 0.1172],
							"uv": {
								"north": {"uv": [4, 31], "uv_size": [0.5, 0.5]},
								"east": {"uv": [31, 4], "uv_size": [0.5, 0.5]},
								"south": {"uv": [5, 31], "uv_size": [0.5, 0.5]},
								"west": {"uv": [31, 5], "uv_size": [0.5, 0.5]},
								"up": {"uv": [6, 31], "uv_size": [0.5, 0.5]},
								"down": {"uv": [31, 6.5], "uv_size": [0.5, -0.5]}
							}
						},
						{
							"origin": [0.88282, -0.21875, -6.02343],
							"size": [0.02344, 0.35157, 0.1172],
							"uv": {
								"north": {"uv": [7, 31], "uv_size": [0.5, 0.5]},
								"east": {"uv": [31, 7], "uv_size": [0.5, 0.5]},
								"south": {"uv": [8, 31], "uv_size": [0.5, 0.5]},
								"west": {"uv": [31, 8], "uv_size": [0.5, 0.5]},
								"up": {"uv": [9, 31], "uv_size": [0.5, 0.5]},
								"down": {"uv": [31, 9.5], "uv_size": [0.5, -0.5]}
							}
						},
						{
							"origin": [0.78907, -0.21875, -6.21093],
							"size": [0.09375, 0.35157, 0.89063],
							"uv": {
								"north": {"uv": [10, 31], "uv_size": [0.5, 0.5]},
								"east": {"uv": [19, 26], "uv_size": [1, 0.5]},
								"south": {"uv": [31, 10], "uv_size": [0.5, 0.5]},
								"west": {"uv": [26, 19], "uv_size": [1, 0.5]},
								"up": {"uv": [20, 26], "uv_size": [0.5, 1]},
								"down": {"uv": [26, 21], "uv_size": [0.5, -1]}
							}
						},
						{
							"origin": [0.88282, -0.21875, -5.83593],
							"size": [0.02344, 0.35157, 0.1172],
							"uv": {
								"north": {"uv": [11, 31], "uv_size": [0.5, 0.5]},
								"east": {"uv": [31, 11], "uv_size": [0.5, 0.5]},
								"south": {"uv": [12, 31], "uv_size": [0.5, 0.5]},
								"west": {"uv": [31, 12], "uv_size": [0.5, 0.5]},
								"up": {"uv": [13, 31], "uv_size": [0.5, 0.5]},
								"down": {"uv": [31, 13.5], "uv_size": [0.5, -0.5]}
							}
						},
						{
							"origin": [0.88282, -0.21875, -5.64843],
							"size": [0.02344, 0.35157, 0.1172],
							"uv": {
								"north": {"uv": [14, 31], "uv_size": [0.5, 0.5]},
								"east": {"uv": [31, 14], "uv_size": [0.5, 0.5]},
								"south": {"uv": [15, 31], "uv_size": [0.5, 0.5]},
								"west": {"uv": [31, 15], "uv_size": [0.5, 0.5]},
								"up": {"uv": [16, 31], "uv_size": [0.5, 0.5]},
								"down": {"uv": [31, 16.5], "uv_size": [0.5, -0.5]}
							}
						},
						{
							"origin": [0.88282, -0.21875, -5.46093],
							"size": [0.02344, 0.35157, 0.1172],
							"uv": {
								"north": {"uv": [17, 31], "uv_size": [0.5, 0.5]},
								"east": {"uv": [31, 17], "uv_size": [0.5, 0.5]},
								"south": {"uv": [18, 31], "uv_size": [0.5, 0.5]},
								"west": {"uv": [31, 18], "uv_size": [0.5, 0.5]},
								"up": {"uv": [19, 31], "uv_size": [0.5, 0.5]},
								"down": {"uv": [31, 19.5], "uv_size": [0.5, -0.5]}
							}
						},
						{
							"origin": [-0.90627, -0.21875, -5.46093],
							"size": [0.02344, 0.35157, 0.1172],
							"uv": {
								"north": {"uv": [20, 31], "uv_size": [0.5, 0.5]},
								"east": {"uv": [31, 20], "uv_size": [0.5, 0.5]},
								"south": {"uv": [21, 31], "uv_size": [0.5, 0.5]},
								"west": {"uv": [31, 21], "uv_size": [0.5, 0.5]},
								"up": {"uv": [22, 31], "uv_size": [0.5, 0.5]},
								"down": {"uv": [31, 22.5], "uv_size": [0.5, -0.5]}
							}
						},
						{
							"origin": [-0.90627, -0.21875, -5.64843],
							"size": [0.02344, 0.35157, 0.1172],
							"uv": {
								"north": {"uv": [23, 31], "uv_size": [0.5, 0.5]},
								"east": {"uv": [31, 23], "uv_size": [0.5, 0.5]},
								"south": {"uv": [24, 31], "uv_size": [0.5, 0.5]},
								"west": {"uv": [31, 24], "uv_size": [0.5, 0.5]},
								"up": {"uv": [25, 31], "uv_size": [0.5, 0.5]},
								"down": {"uv": [31, 25.5], "uv_size": [0.5, -0.5]}
							}
						},
						{
							"origin": [-0.90627, -0.21875, -5.83593],
							"size": [0.02344, 0.35157, 0.1172],
							"uv": {
								"north": {"uv": [26, 31], "uv_size": [0.5, 0.5]},
								"east": {"uv": [31, 26], "uv_size": [0.5, 0.5]},
								"south": {"uv": [27, 31], "uv_size": [0.5, 0.5]},
								"west": {"uv": [31, 27], "uv_size": [0.5, 0.5]},
								"up": {"uv": [28, 31], "uv_size": [0.5, 0.5]},
								"down": {"uv": [31, 28.5], "uv_size": [0.5, -0.5]}
							}
						},
						{
							"origin": [-0.88282, -0.21875, -6.21093],
							"size": [0.09375, 0.35157, 0.89063],
							"uv": {
								"north": {"uv": [29, 31], "uv_size": [0.5, 0.5]},
								"east": {"uv": [21, 26], "uv_size": [1, 0.5]},
								"south": {"uv": [31, 29], "uv_size": [0.5, 0.5]},
								"west": {"uv": [22, 26], "uv_size": [1, 0.5]},
								"up": {"uv": [23, 26], "uv_size": [0.5, 1]},
								"down": {"uv": [24, 27], "uv_size": [0.5, -1]}
							}
						},
						{
							"origin": [-0.90627, -0.21875, -6.02343],
							"size": [0.02344, 0.35157, 0.1172],
							"uv": {
								"north": {"uv": [30, 31], "uv_size": [0.5, 0.5]},
								"east": {"uv": [31, 30], "uv_size": [0.5, 0.5]},
								"south": {"uv": [31, 31], "uv_size": [0.5, 0.5]},
								"west": {"uv": [2, 32], "uv_size": [0.5, 0.5]},
								"up": {"uv": [32, 2], "uv_size": [0.5, 0.5]},
								"down": {"uv": [3, 32.5], "uv_size": [0.5, -0.5]}
							}
						},
						{
							"origin": [-0.90627, -0.21875, -6.21093],
							"size": [0.02344, 0.35157, 0.1172],
							"uv": {
								"north": {"uv": [32, 3], "uv_size": [0.5, 0.5]},
								"east": {"uv": [4, 32], "uv_size": [0.5, 0.5]},
								"south": {"uv": [32, 4], "uv_size": [0.5, 0.5]},
								"west": {"uv": [5, 32], "uv_size": [0.5, 0.5]},
								"up": {"uv": [32, 5], "uv_size": [0.5, 0.5]},
								"down": {"uv": [6, 32.5], "uv_size": [0.5, -0.5]}
							}
						},
						{
							"origin": [-0.84375, -0.84375, -13.82544],
							"size": [1.6875, 0.1875, 0.1875],
							"pivot": [-0.25, -0.75, -13.73169],
							"rotation": [-45, 0, 0],
							"uv": {
								"north": {"uv": [21, 24], "uv_size": [1.5, 0.5]},
								"east": {"uv": [32, 6], "uv_size": [0.5, 0.5]},
								"south": {"uv": [23, 24], "uv_size": [1.5, 0.5]},
								"west": {"uv": [7, 32], "uv_size": [0.5, 0.5]},
								"up": {"uv": [2, 25], "uv_size": [1.5, 0.5]},
								"down": {"uv": [25, 2.5], "uv_size": [1.5, -0.5]}
							}
						},
						{
							"origin": [-0.84375, -0.84375, -12.91919],
							"size": [1.6875, 0.1875, 0.1875],
							"pivot": [-0.25, -0.75, -12.82544],
							"rotation": [-45, 0, 0],
							"uv": {
								"north": {"uv": [25, 3], "uv_size": [1.5, 0.5]},
								"east": {"uv": [32, 7], "uv_size": [0.5, 0.5]},
								"south": {"uv": [4, 25], "uv_size": [1.5, 0.5]},
								"west": {"uv": [8, 32], "uv_size": [0.5, 0.5]},
								"up": {"uv": [25, 4], "uv_size": [1.5, 0.5]},
								"down": {"uv": [25, 5.5], "uv_size": [1.5, -0.5]}
							}
						},
						{
							"origin": [0.64285, -0.97097, -12.67187],
							"size": [0.15625, 0.25, 0.23438],
							"pivot": [-0.02903, -0.97097, -12.67187],
							"rotation": [45, 0, 0],
							"uv": {
								"east": {"uv": [32, 8], "uv_size": [0.5, 0.5]},
								"south": {"uv": [9, 32], "uv_size": [0.5, 0.5]},
								"west": {"uv": [32, 9], "uv_size": [0.5, 0.5]},
								"down": {"uv": [10, 32.5], "uv_size": [0.5, -0.5]}
							}
						},
						{
							"origin": [0.64285, -0.80523, -12.72823],
							"size": [0.15625, 0.84989, 0.22209],
							"uv": {
								"north": {"uv": [25, 26], "uv_size": [0.5, 1]},
								"east": {"uv": [26, 25], "uv_size": [0.5, 1]},
								"south": {"uv": [26, 26], "uv_size": [0.5, 1]},
								"west": {"uv": [2, 27], "uv_size": [0.5, 1]}
							}
						},
						{
							"origin": [0.64285, -0.40847, -13.875],
							"size": [0.15625, 0.3125, 1.20313],
							"uv": {
								"east": {"uv": [27, 2], "uv_size": [1, 0.5]},
								"west": {"uv": [3, 27], "uv_size": [1, 0.5]},
								"down": {"uv": [27, 4], "uv_size": [0.5, -1]}
							}
						},
						{
							"origin": [0.64285, -0.80523, -14.04073],
							"size": [0.15625, 0.84989, 0.22209],
							"uv": {
								"north": {"uv": [4, 27], "uv_size": [0.5, 1]},
								"east": {"uv": [27, 4], "uv_size": [0.5, 1]},
								"south": {"uv": [5, 27], "uv_size": [0.5, 1]},
								"west": {"uv": [27, 5], "uv_size": [0.5, 1]}
							}
						},
						{
							"origin": [0.64285, -0.97097, -14.10938],
							"size": [0.15625, 0.25, 0.23438],
							"pivot": [-0.02903, -0.97097, -13.875],
							"rotation": [-45, 0, 0],
							"uv": {
								"north": {"uv": [32, 10], "uv_size": [0.5, 0.5]},
								"east": {"uv": [11, 32], "uv_size": [0.5, 0.5]},
								"west": {"uv": [32, 11], "uv_size": [0.5, 0.5]},
								"down": {"uv": [12, 32.5], "uv_size": [0.5, -0.5]}
							}
						},
						{
							"origin": [0.64285, -0.97097, -13.875],
							"size": [0.15625, 0.4375, 1.20313],
							"uv": {
								"east": {"uv": [6, 27], "uv_size": [1, 0.5]},
								"west": {"uv": [7, 27], "uv_size": [1, 0.5]},
								"up": {"uv": [27, 8], "uv_size": [0.5, 1]},
								"down": {"uv": [27, 11], "uv_size": [0.5, -1]}
							}
						},
						{
							"origin": [-0.7991, -0.80523, -14.04073],
							"size": [0.15625, 0.84989, 0.22209],
							"uv": {
								"north": {"uv": [27, 11], "uv_size": [0.5, 1]},
								"east": {"uv": [12, 27], "uv_size": [0.5, 1]},
								"south": {"uv": [27, 12], "uv_size": [0.5, 1]},
								"west": {"uv": [13, 27], "uv_size": [0.5, 1]}
							}
						},
						{
							"origin": [-0.7991, -0.40847, -13.875],
							"size": [0.15625, 0.3125, 1.20313],
							"uv": {
								"east": {"uv": [27, 13], "uv_size": [1, 0.5]},
								"west": {"uv": [14, 27], "uv_size": [1, 0.5]},
								"down": {"uv": [27, 15], "uv_size": [0.5, -1]}
							}
						},
						{
							"origin": [-0.7991, -0.80523, -12.72823],
							"size": [0.15625, 0.84989, 0.22209],
							"uv": {
								"north": {"uv": [15, 27], "uv_size": [0.5, 1]},
								"east": {"uv": [27, 15], "uv_size": [0.5, 1]},
								"south": {"uv": [16, 27], "uv_size": [0.5, 1]},
								"west": {"uv": [27, 16], "uv_size": [0.5, 1]}
							}
						},
						{
							"origin": [-0.7991, -0.97097, -13.875],
							"size": [0.15625, 0.4375, 1.20313],
							"uv": {
								"east": {"uv": [17, 27], "uv_size": [1, 0.5]},
								"west": {"uv": [27, 17], "uv_size": [1, 0.5]},
								"up": {"uv": [18, 27], "uv_size": [0.5, 1]},
								"down": {"uv": [27, 19], "uv_size": [0.5, -1]}
							}
						},
						{
							"origin": [-0.7991, -0.97097, -12.67187],
							"size": [0.15625, 0.25, 0.23438],
							"pivot": [0.02903, -0.97097, -12.67187],
							"rotation": [45, 0, 0],
							"uv": {
								"east": {"uv": [32, 12], "uv_size": [0.5, 0.5]},
								"south": {"uv": [13, 32], "uv_size": [0.5, 0.5]},
								"west": {"uv": [32, 13], "uv_size": [0.5, 0.5]},
								"down": {"uv": [14, 32.5], "uv_size": [0.5, -0.5]}
							}
						},
						{
							"origin": [-0.7991, -0.97097, -14.10938],
							"size": [0.15625, 0.25, 0.23438],
							"pivot": [0.02903, -0.97097, -13.875],
							"rotation": [-45, 0, 0],
							"uv": {
								"north": {"uv": [32, 14], "uv_size": [0.5, 0.5]},
								"east": {"uv": [15, 32], "uv_size": [0.5, 0.5]},
								"west": {"uv": [32, 15], "uv_size": [0.5, 0.5]},
								"down": {"uv": [16, 32.5], "uv_size": [0.5, -0.5]}
							}
						},
						{
							"origin": [-0.7019, 0.20849, -14.3125],
							"size": [1.40381, 0.22593, 8.9375],
							"inflate": -0.001,
							"uv": {
								"north": {"uv": [6, 25], "uv_size": [1.5, 0.5]},
								"east": {"uv": [14, 13], "uv_size": [9, 0.5]},
								"south": {"uv": [8, 25], "uv_size": [1.5, 0.5]},
								"west": {"uv": [14, 14], "uv_size": [9, 0.5]},
								"up": {"uv": [4, 7], "uv_size": [1.5, 9]},
								"down": {"uv": [9, 11], "uv_size": [1.5, -9]}
							}
						},
						{
							"origin": [-0.7019, 0.20849, -14.29687],
							"size": [1.40381, 0.66343, 1],
							"inflate": -0.001,
							"uv": {
								"north": {"uv": [25, 8], "uv_size": [1.5, 0.5]},
								"east": {"uv": [19, 27], "uv_size": [1, 0.5]},
								"south": {"uv": [10, 25], "uv_size": [1.5, 0.5]},
								"west": {"uv": [27, 19], "uv_size": [1, 0.5]},
								"up": {"uv": [20, 19], "uv_size": [1.5, 1]},
								"down": {"uv": [21, 3], "uv_size": [1.5, -1]}
							}
						},
						{
							"origin": [-0.7019, 0.20849, -8.29687],
							"size": [1.40381, 0.66343, 1],
							"inflate": -0.001,
							"uv": {
								"north": {"uv": [25, 11], "uv_size": [1.5, 0.5]},
								"east": {"uv": [20, 27], "uv_size": [1, 0.5]},
								"south": {"uv": [12, 25], "uv_size": [1.5, 0.5]},
								"west": {"uv": [27, 20], "uv_size": [1, 0.5]},
								"up": {"uv": [21, 3], "uv_size": [1.5, 1]},
								"down": {"uv": [21, 5], "uv_size": [1.5, -1]}
							}
						},
						{
							"origin": [-0.6394, 0.14599, -8.21875],
							"size": [1.27881, 0.78843, 0.28125],
							"inflate": -0.001,
							"uv": {
								"north": {"uv": [21, 5], "uv_size": [1.5, 1]},
								"east": {"uv": [21, 27], "uv_size": [0.5, 1]},
								"south": {"uv": [21, 10], "uv_size": [1.5, 1]},
								"west": {"uv": [27, 21], "uv_size": [0.5, 1]},
								"up": {"uv": [25, 12], "uv_size": [1.5, 0.5]},
								"down": {"uv": [25, 13.5], "uv_size": [1.5, -0.5]}
							}
						},
						{
							"origin": [-0.6394, 0.14599, -7.65625],
							"size": [1.27881, 0.78843, 0.28125],
							"inflate": -0.001,
							"uv": {
								"north": {"uv": [19, 21], "uv_size": [1.5, 1]},
								"east": {"uv": [22, 27], "uv_size": [0.5, 1]},
								"south": {"uv": [21, 21], "uv_size": [1.5, 1]},
								"west": {"uv": [27, 22], "uv_size": [0.5, 1]},
								"up": {"uv": [14, 25], "uv_size": [1.5, 0.5]},
								"down": {"uv": [25, 14.5], "uv_size": [1.5, -0.5]}
							}
						},
						{
							"origin": [-0.6394, 0.14599, -13.65625],
							"size": [1.27881, 0.78843, 0.28125],
							"inflate": -0.001,
							"uv": {
								"north": {"uv": [4, 22], "uv_size": [1.5, 1]},
								"east": {"uv": [23, 27], "uv_size": [0.5, 1]},
								"south": {"uv": [6, 22], "uv_size": [1.5, 1]},
								"west": {"uv": [27, 23], "uv_size": [0.5, 1]},
								"up": {"uv": [16, 25], "uv_size": [1.5, 0.5]},
								"down": {"uv": [25, 16.5], "uv_size": [1.5, -0.5]}
							}
						},
						{
							"origin": [-0.6394, 0.14599, -14.21875],
							"size": [1.27881, 0.78843, 0.28125],
							"inflate": -0.001,
							"uv": {
								"north": {"uv": [8, 22], "uv_size": [1.5, 1]},
								"east": {"uv": [24, 27], "uv_size": [0.5, 1]},
								"south": {"uv": [10, 22], "uv_size": [1.5, 1]},
								"west": {"uv": [27, 24], "uv_size": [0.5, 1]},
								"up": {"uv": [25, 17], "uv_size": [1.5, 0.5]},
								"down": {"uv": [18, 25.5], "uv_size": [1.5, -0.5]}
							}
						},
						{
							"origin": [-0.6394, 0.20849, -13.42187],
							"size": [1.27881, 0.35093, 5.375],
							"inflate": -0.001,
							"uv": {
								"north": {"uv": [25, 18], "uv_size": [1.5, 0.5]},
								"east": {"uv": [15, 10], "uv_size": [5.5, 0.5]},
								"south": {"uv": [20, 25], "uv_size": [1.5, 0.5]},
								"west": {"uv": [2, 16], "uv_size": [5.5, 0.5]},
								"up": {"uv": [11, 7], "uv_size": [1.5, 5.5]},
								"down": {"uv": [8, 16.5], "uv_size": [1.5, -5.5]}
							}
						},
						{
							"origin": [-0.5769, 0.30224, -13.35937],
							"size": [1.15381, 0.47593, 5.0625],
							"inflate": -0.001,
							"uv": {
								"north": {"uv": [25, 27], "uv_size": [1, 0.5]},
								"east": {"uv": [16, 4], "uv_size": [5, 0.5]},
								"south": {"uv": [27, 25], "uv_size": [1, 0.5]},
								"west": {"uv": [16, 5], "uv_size": [5, 0.5]},
								"up": {"uv": [10, 11], "uv_size": [1, 5]},
								"down": {"uv": [13, 7], "uv_size": [1, -5]}
							}
						}
					]
				},
				{
					"name": "bone14",
					"parent": "sight",
					"pivot": [-0.9375, 0.20313, -8.29687],
					"cubes": [
						{
							"origin": [-0.9265, 0.09563, -7.55491],
							"size": [0.26813, 0.41163, 0.21376],
							"uv": {
								"north": {"uv": [32, 16], "uv_size": [0.5, 0.5]},
								"east": {"uv": [17, 32], "uv_size": [0.5, 0.5]},
								"south": {"uv": [32, 17], "uv_size": [0.5, 0.5]},
								"west": {"uv": [18, 32], "uv_size": [0.5, 0.5]},
								"up": {"uv": [32, 18], "uv_size": [0.5, 0.5]},
								"down": {"uv": [19, 32.5], "uv_size": [0.5, -0.5]}
							}
						},
						{
							"origin": [-0.9265, -0.11812, -8.76365],
							"size": [0.19, 0.21371, 1.20874],
							"uv": {
								"north": {"uv": [32, 19], "uv_size": [0.5, 0.5]},
								"east": {"uv": [26, 27], "uv_size": [1, 0.5]},
								"south": {"uv": [20, 32], "uv_size": [0.5, 0.5]},
								"west": {"uv": [27, 26], "uv_size": [1, 0.5]},
								"up": {"uv": [27, 27], "uv_size": [0.5, 1]},
								"down": {"uv": [2, 29], "uv_size": [0.5, -1]}
							}
						},
						{
							"origin": [-0.9265, -0.13889, -7.56082],
							"size": [0.19, 0.30228, 0.21376],
							"pivot": [0.1075, 0.12237, -7.42592],
							"rotation": [-45, 0, 0],
							"uv": {
								"north": {"uv": [32, 20], "uv_size": [0.5, 0.5]},
								"east": {"uv": [21, 32], "uv_size": [0.5, 0.5]},
								"south": {"uv": [32, 21], "uv_size": [0.5, 0.5]},
								"west": {"uv": [22, 32], "uv_size": [0.5, 0.5]},
								"up": {"uv": [32, 22], "uv_size": [0.5, 0.5]},
								"down": {"uv": [23, 32.5], "uv_size": [0.5, -0.5]}
							}
						},
						{
							"origin": [-0.9265, -0.29007, -8.83219],
							"size": [0.19, 0.30228, 0.21374],
							"pivot": [0.1075, -0.02882, -8.69729],
							"rotation": [-45, 0, 0],
							"uv": {
								"north": {"uv": [32, 23], "uv_size": [0.5, 0.5]},
								"east": {"uv": [24, 32], "uv_size": [0.5, 0.5]},
								"south": {"uv": [32, 24], "uv_size": [0.5, 0.5]},
								"west": {"uv": [25, 32], "uv_size": [0.5, 0.5]},
								"up": {"uv": [32, 25], "uv_size": [0.5, 0.5]},
								"down": {"uv": [26, 32.5], "uv_size": [0.5, -0.5]}
							}
						},
						{
							"origin": [-0.9265, -0.45063, -8.97739],
							"size": [0.19, 0.33288, 0.21374],
							"uv": {
								"north": {"uv": [32, 26], "uv_size": [0.5, 0.5]},
								"east": {"uv": [27, 32], "uv_size": [0.5, 0.5]},
								"south": {"uv": [32, 27], "uv_size": [0.5, 0.5]},
								"west": {"uv": [28, 32], "uv_size": [0.5, 0.5]},
								"up": {"uv": [32, 28], "uv_size": [0.5, 0.5]},
								"down": {"uv": [29, 32.5], "uv_size": [0.5, -0.5]}
							}
						}
					]
				},
				{
					"name": "vone16_illuminated",
					"parent": "bone14",
					"pivot": [0.25, -7.70562, -14.51875],
					"cubes": [
						{
							"origin": [-0.9356, 0.02437, -8.73989],
							"size": [0.19, 0.02371, 1.11374],
							"uv": {
								"north": {"uv": [32, 29], "uv_size": [0.5, 0.5]},
								"east": {"uv": [28, 2], "uv_size": [1, 0.5]},
								"south": {"uv": [30, 32], "uv_size": [0.5, 0.5]},
								"west": {"uv": [3, 28], "uv_size": [1, 0.5]},
								"up": {"uv": [28, 3], "uv_size": [0.5, 1]},
								"down": {"uv": [4, 29], "uv_size": [0.5, -1]}
							}
						},
						{
							"origin": [-0.9356, -0.13365, -8.88713],
							"size": [0.19, 0.26871, 0.02374],
							"pivot": [0.08374, -0.08615, -8.91848],
							"rotation": [-45, 0, 0],
							"uv": {
								"north": {"uv": [32, 30], "uv_size": [0.5, 0.5]},
								"east": {"uv": [31, 32], "uv_size": [0.5, 0.5]},
								"south": {"uv": [32, 31], "uv_size": [0.5, 0.5]},
								"west": {"uv": [32, 32], "uv_size": [0.5, 0.5]},
								"up": {"uv": [2, 33], "uv_size": [0.5, 0.5]},
								"down": {"uv": [33, 2.5], "uv_size": [0.5, -0.5]}
							}
						},
						{
							"origin": [-0.9356, -0.40312, -8.92989],
							"size": [0.19, 0.26121, 0.02374],
							"uv": {
								"north": {"uv": [3, 33], "uv_size": [0.5, 0.5]},
								"east": {"uv": [33, 3], "uv_size": [0.5, 0.5]},
								"south": {"uv": [4, 33], "uv_size": [0.5, 0.5]},
								"west": {"uv": [33, 4], "uv_size": [0.5, 0.5]},
								"up": {"uv": [5, 33], "uv_size": [0.5, 0.5]},
								"down": {"uv": [33, 5.5], "uv_size": [0.5, -0.5]}
							}
						},
						{
							"origin": [-0.9356, -0.40312, -8.83489],
							"size": [0.19, 0.21371, 0.02374],
							"uv": {
								"north": {"uv": [6, 33], "uv_size": [0.5, 0.5]},
								"east": {"uv": [33, 6], "uv_size": [0.5, 0.5]},
								"south": {"uv": [7, 33], "uv_size": [0.5, 0.5]},
								"west": {"uv": [33, 7], "uv_size": [0.5, 0.5]},
								"up": {"uv": [8, 33], "uv_size": [0.5, 0.5]},
								"down": {"uv": [33, 8.5], "uv_size": [0.5, -0.5]}
							}
						},
						{
							"origin": [-0.9356, -0.18116, -8.79213],
							"size": [0.19, 0.20152, 0.02374],
							"pivot": [0.08374, -0.13365, -8.82348],
							"rotation": [-45, 0, 0],
							"uv": {
								"north": {"uv": [9, 33], "uv_size": [0.5, 0.5]},
								"east": {"uv": [33, 9], "uv_size": [0.5, 0.5]},
								"south": {"uv": [10, 33], "uv_size": [0.5, 0.5]},
								"west": {"uv": [33, 10], "uv_size": [0.5, 0.5]},
								"up": {"uv": [11, 33], "uv_size": [0.5, 0.5]},
								"down": {"uv": [33, 11.5], "uv_size": [0.5, -0.5]}
							}
						},
						{
							"origin": [-0.9356, -0.07062, -8.69239],
							"size": [0.19, 0.02371, 1.11374],
							"uv": {
								"north": {"uv": [12, 33], "uv_size": [0.5, 0.5]},
								"east": {"uv": [28, 4], "uv_size": [1, 0.5]},
								"south": {"uv": [33, 12], "uv_size": [0.5, 0.5]},
								"west": {"uv": [5, 28], "uv_size": [1, 0.5]},
								"up": {"uv": [28, 5], "uv_size": [0.5, 1]},
								"down": {"uv": [6, 29], "uv_size": [0.5, -1]}
							}
						},
						{
							"origin": [-0.9356, -0.04557, -7.55267],
							"size": [0.19, 0.26871, 0.02374],
							"pivot": [0.08374, 0.00192, -7.58403],
							"rotation": [-45, 0, 0],
							"uv": {
								"north": {"uv": [13, 33], "uv_size": [0.5, 0.5]},
								"east": {"uv": [33, 13], "uv_size": [0.5, 0.5]},
								"south": {"uv": [14, 33], "uv_size": [0.5, 0.5]},
								"west": {"uv": [33, 14], "uv_size": [0.5, 0.5]},
								"up": {"uv": [15, 33], "uv_size": [0.5, 0.5]},
								"down": {"uv": [33, 15.5], "uv_size": [0.5, -0.5]}
							}
						},
						{
							"origin": [-0.9356, 0.0691, -7.64767],
							"size": [0.19, 0.20152, 0.02374],
							"pivot": [0.08374, 0.04942, -7.67903],
							"rotation": [-45, 0, 0],
							"uv": {
								"north": {"uv": [16, 33], "uv_size": [0.5, 0.5]},
								"east": {"uv": [33, 16], "uv_size": [0.5, 0.5]},
								"south": {"uv": [17, 33], "uv_size": [0.5, 0.5]},
								"west": {"uv": [33, 17], "uv_size": [0.5, 0.5]},
								"up": {"uv": [18, 33], "uv_size": [0.5, 0.5]},
								"down": {"uv": [33, 18.5], "uv_size": [0.5, -0.5]}
							}
						},
						{
							"origin": [-0.9356, 0.16687, -7.50741],
							"size": [0.2525, 0.3462, 0.02376],
							"uv": {
								"north": {"uv": [19, 33], "uv_size": [0.5, 0.5]},
								"east": {"uv": [33, 19], "uv_size": [0.5, 0.5]},
								"south": {"uv": [20, 33], "uv_size": [0.5, 0.5]},
								"west": {"uv": [33, 20], "uv_size": [0.5, 0.5]},
								"up": {"uv": [21, 33], "uv_size": [0.5, 0.5]},
								"down": {"uv": [33, 21.5], "uv_size": [0.5, -0.5]}
							}
						},
						{
							"origin": [-0.9356, 0.11937, -7.41241],
							"size": [0.2525, 0.3937, 0.02376],
							"uv": {
								"north": {"uv": [22, 33], "uv_size": [0.5, 0.5]},
								"east": {"uv": [33, 22], "uv_size": [0.5, 0.5]},
								"south": {"uv": [23, 33], "uv_size": [0.5, 0.5]},
								"west": {"uv": [33, 23], "uv_size": [0.5, 0.5]},
								"up": {"uv": [24, 33], "uv_size": [0.5, 0.5]},
								"down": {"uv": [33, 24.5], "uv_size": [0.5, -0.5]}
							}
						}
					]
				},
				{
					"name": "vk12_illuminated",
					"parent": "sight",
					"pivot": [0, -9.35937, 0.3125],
					"cubes": [
						{
							"origin": [-0.64599, 0.14599, -14.35937],
							"size": [1.29688, 0.29688, 0.15625],
							"inflate": -0.001,
							"uv": {
								"north": {"uv": [25, 21], "uv_size": [1.5, 0.5]},
								"east": {"uv": [25, 33], "uv_size": [0.5, 0.5]},
								"south": {"uv": [22, 25], "uv_size": [1.5, 0.5]},
								"west": {"uv": [33, 25], "uv_size": [0.5, 0.5]},
								"up": {"uv": [25, 22], "uv_size": [1.5, 0.5]},
								"down": {"uv": [25, 23.5], "uv_size": [1.5, -0.5]}
							}
						},
						{
							"origin": [-0.64599, 0.14599, -5.51562],
							"size": [1.29688, 0.29688, 0.15625],
							"inflate": -0.001,
							"uv": {
								"north": {"uv": [24, 25], "uv_size": [1.5, 0.5]},
								"east": {"uv": [26, 33], "uv_size": [0.5, 0.5]},
								"south": {"uv": [25, 24], "uv_size": [1.5, 0.5]},
								"west": {"uv": [33, 26], "uv_size": [0.5, 0.5]},
								"up": {"uv": [2, 26], "uv_size": [1.5, 0.5]},
								"down": {"uv": [4, 26.5], "uv_size": [1.5, -0.5]}
							}
						}
					]
				},
				{
					"name": "bone11",
					"parent": "sight",
					"pivot": [0, 11.81251, -8.375],
					"cubes": [
						{
							"origin": [-0.31788, 0.5816, -14.32381],
							"size": [0.05712, 0.09464, 0.04715],
							"pivot": [-0.375, 0.6289, -14.29093],
							"rotation": [0, 0, 45],
							"uv": {
								"north": {"uv": [27, 33], "uv_size": [0.5, 0.5]},
								"east": {"uv": [33, 27], "uv_size": [0.5, 0.5]},
								"south": {"uv": [28, 33], "uv_size": [0.5, 0.5]},
								"west": {"uv": [33, 28], "uv_size": [0.5, 0.5]},
								"up": {"uv": [29, 33], "uv_size": [0.5, 0.5]},
								"down": {"uv": [33, 29.5], "uv_size": [0.5, -0.5]}
							}
						},
						{
							"origin": [-0.31788, 0.5816, -14.32381],
							"size": [0.05712, 0.09464, 0.04715],
							"uv": {
								"north": {"uv": [30, 33], "uv_size": [0.5, 0.5]},
								"east": {"uv": [33, 30], "uv_size": [0.5, 0.5]},
								"south": {"uv": [31, 33], "uv_size": [0.5, 0.5]},
								"west": {"uv": [33, 31], "uv_size": [0.5, 0.5]},
								"up": {"uv": [32, 33], "uv_size": [0.5, 0.5]},
								"down": {"uv": [33, 32.5], "uv_size": [0.5, -0.5]}
							}
						},
						{
							"origin": [-0.42231, 0.68603, -14.32381],
							"size": [0.09464, 0.05712, 0.04715],
							"pivot": [-0.375, 0.6289, -14.29093],
							"rotation": [0, 0, 45],
							"uv": {
								"north": {"uv": [33, 33], "uv_size": [0.5, 0.5]},
								"east": {"uv": [2, 34], "uv_size": [0.5, 0.5]},
								"south": {"uv": [34, 2], "uv_size": [0.5, 0.5]},
								"west": {"uv": [3, 34], "uv_size": [0.5, 0.5]},
								"up": {"uv": [34, 3], "uv_size": [0.5, 0.5]},
								"down": {"uv": [4, 34.5], "uv_size": [0.5, -0.5]}
							}
						},
						{
							"origin": [-0.42231, 0.68603, -14.32381],
							"size": [0.09464, 0.05712, 0.04715],
							"uv": {
								"north": {"uv": [34, 4], "uv_size": [0.5, 0.5]},
								"east": {"uv": [5, 34], "uv_size": [0.5, 0.5]},
								"south": {"uv": [34, 5], "uv_size": [0.5, 0.5]},
								"west": {"uv": [6, 34], "uv_size": [0.5, 0.5]},
								"up": {"uv": [34, 6], "uv_size": [0.5, 0.5]},
								"down": {"uv": [7, 34.5], "uv_size": [0.5, -0.5]}
							}
						},
						{
							"origin": [-0.48924, 0.5816, -14.32381],
							"size": [0.05712, 0.09464, 0.04715],
							"pivot": [-0.375, 0.6289, -14.29093],
							"rotation": [0, 0, 45],
							"uv": {
								"north": {"uv": [34, 7], "uv_size": [0.5, 0.5]},
								"east": {"uv": [8, 34], "uv_size": [0.5, 0.5]},
								"south": {"uv": [34, 8], "uv_size": [0.5, 0.5]},
								"west": {"uv": [9, 34], "uv_size": [0.5, 0.5]},
								"up": {"uv": [34, 9], "uv_size": [0.5, 0.5]},
								"down": {"uv": [10, 34.5], "uv_size": [0.5, -0.5]}
							}
						},
						{
							"origin": [-0.42231, 0.51467, -14.32381],
							"size": [0.09464, 0.05712, 0.04715],
							"uv": {
								"north": {"uv": [34, 10], "uv_size": [0.5, 0.5]},
								"east": {"uv": [11, 34], "uv_size": [0.5, 0.5]},
								"south": {"uv": [34, 11], "uv_size": [0.5, 0.5]},
								"west": {"uv": [12, 34], "uv_size": [0.5, 0.5]},
								"up": {"uv": [34, 12], "uv_size": [0.5, 0.5]},
								"down": {"uv": [13, 34.5], "uv_size": [0.5, -0.5]}
							}
						},
						{
							"origin": [-0.42231, 0.51467, -14.32381],
							"size": [0.09464, 0.05712, 0.04715],
							"pivot": [-0.375, 0.6289, -14.29093],
							"rotation": [0, 0, 45],
							"uv": {
								"north": {"uv": [34, 13], "uv_size": [0.5, 0.5]},
								"east": {"uv": [14, 34], "uv_size": [0.5, 0.5]},
								"south": {"uv": [34, 14], "uv_size": [0.5, 0.5]},
								"west": {"uv": [15, 34], "uv_size": [0.5, 0.5]},
								"up": {"uv": [34, 15], "uv_size": [0.5, 0.5]},
								"down": {"uv": [16, 34.5], "uv_size": [0.5, -0.5]}
							}
						},
						{
							"origin": [-0.48924, 0.5816, -14.32381],
							"size": [0.05712, 0.09464, 0.04715],
							"uv": {
								"north": {"uv": [34, 16], "uv_size": [0.5, 0.5]},
								"east": {"uv": [17, 34], "uv_size": [0.5, 0.5]},
								"south": {"uv": [34, 17], "uv_size": [0.5, 0.5]},
								"west": {"uv": [18, 34], "uv_size": [0.5, 0.5]},
								"up": {"uv": [34, 18], "uv_size": [0.5, 0.5]},
								"down": {"uv": [19, 34.5], "uv_size": [0.5, -0.5]}
							}
						},
						{
							"origin": [0.26519, 0.51467, -14.32381],
							"size": [0.09464, 0.05712, 0.04715],
							"pivot": [0.3125, 0.6289, -14.29093],
							"rotation": [0, 0, 45],
							"uv": {
								"north": {"uv": [34, 19], "uv_size": [0.5, 0.5]},
								"east": {"uv": [20, 34], "uv_size": [0.5, 0.5]},
								"south": {"uv": [34, 20], "uv_size": [0.5, 0.5]},
								"west": {"uv": [21, 34], "uv_size": [0.5, 0.5]},
								"up": {"uv": [34, 21], "uv_size": [0.5, 0.5]},
								"down": {"uv": [22, 34.5], "uv_size": [0.5, -0.5]}
							}
						},
						{
							"origin": [0.36962, 0.5816, -14.32381],
							"size": [0.05712, 0.09464, 0.04715],
							"pivot": [0.3125, 0.6289, -14.29093],
							"rotation": [0, 0, 45],
							"uv": {
								"north": {"uv": [34, 22], "uv_size": [0.5, 0.5]},
								"east": {"uv": [23, 34], "uv_size": [0.5, 0.5]},
								"south": {"uv": [34, 23], "uv_size": [0.5, 0.5]},
								"west": {"uv": [24, 34], "uv_size": [0.5, 0.5]},
								"up": {"uv": [34, 24], "uv_size": [0.5, 0.5]},
								"down": {"uv": [25, 34.5], "uv_size": [0.5, -0.5]}
							}
						},
						{
							"origin": [0.36962, 0.5816, -14.32381],
							"size": [0.05712, 0.09464, 0.04715],
							"uv": {
								"north": {"uv": [34, 25], "uv_size": [0.5, 0.5]},
								"east": {"uv": [26, 34], "uv_size": [0.5, 0.5]},
								"south": {"uv": [34, 26], "uv_size": [0.5, 0.5]},
								"west": {"uv": [27, 34], "uv_size": [0.5, 0.5]},
								"up": {"uv": [34, 27], "uv_size": [0.5, 0.5]},
								"down": {"uv": [28, 34.5], "uv_size": [0.5, -0.5]}
							}
						},
						{
							"origin": [0.26519, 0.68603, -14.32381],
							"size": [0.09464, 0.05712, 0.04715],
							"pivot": [0.3125, 0.6289, -14.29093],
							"rotation": [0, 0, 45],
							"uv": {
								"north": {"uv": [34, 28], "uv_size": [0.5, 0.5]},
								"east": {"uv": [29, 34], "uv_size": [0.5, 0.5]},
								"south": {"uv": [34, 29], "uv_size": [0.5, 0.5]},
								"west": {"uv": [30, 34], "uv_size": [0.5, 0.5]},
								"up": {"uv": [34, 30], "uv_size": [0.5, 0.5]},
								"down": {"uv": [31, 34.5], "uv_size": [0.5, -0.5]}
							}
						},
						{
							"origin": [0.26519, 0.68603, -14.32381],
							"size": [0.09464, 0.05712, 0.04715],
							"uv": {
								"north": {"uv": [34, 31], "uv_size": [0.5, 0.5]},
								"east": {"uv": [32, 34], "uv_size": [0.5, 0.5]},
								"south": {"uv": [34, 32], "uv_size": [0.5, 0.5]},
								"west": {"uv": [33, 34], "uv_size": [0.5, 0.5]},
								"up": {"uv": [34, 33], "uv_size": [0.5, 0.5]},
								"down": {"uv": [34, 34.5], "uv_size": [0.5, -0.5]}
							}
						},
						{
							"origin": [0.19826, 0.5816, -14.32381],
							"size": [0.05712, 0.09464, 0.04715],
							"pivot": [0.3125, 0.6289, -14.29093],
							"rotation": [0, 0, 45],
							"uv": {
								"north": {"uv": [2, 35], "uv_size": [0.5, 0.5]},
								"east": {"uv": [35, 2], "uv_size": [0.5, 0.5]},
								"south": {"uv": [3, 35], "uv_size": [0.5, 0.5]},
								"west": {"uv": [35, 3], "uv_size": [0.5, 0.5]},
								"up": {"uv": [4, 35], "uv_size": [0.5, 0.5]},
								"down": {"uv": [35, 4.5], "uv_size": [0.5, -0.5]}
							}
						},
						{
							"origin": [0.26519, 0.51467, -14.32381],
							"size": [0.09464, 0.05712, 0.04715],
							"uv": {
								"north": {"uv": [5, 35], "uv_size": [0.5, 0.5]},
								"east": {"uv": [35, 5], "uv_size": [0.5, 0.5]},
								"south": {"uv": [6, 35], "uv_size": [0.5, 0.5]},
								"west": {"uv": [35, 6], "uv_size": [0.5, 0.5]},
								"up": {"uv": [7, 35], "uv_size": [0.5, 0.5]},
								"down": {"uv": [35, 7.5], "uv_size": [0.5, -0.5]}
							}
						},
						{
							"origin": [0.19826, 0.5816, -14.32381],
							"size": [0.05712, 0.09464, 0.04715],
							"uv": {
								"north": {"uv": [8, 35], "uv_size": [0.5, 0.5]},
								"east": {"uv": [35, 8], "uv_size": [0.5, 0.5]},
								"south": {"uv": [9, 35], "uv_size": [0.5, 0.5]},
								"west": {"uv": [35, 9], "uv_size": [0.5, 0.5]},
								"up": {"uv": [10, 35], "uv_size": [0.5, 0.5]},
								"down": {"uv": [35, 10.5], "uv_size": [0.5, -0.5]}
							}
						}
					]
				},
				{
					"name": "bone12",
					"parent": "sight",
					"pivot": [0, -0.67187, 1.25]
				},
				{
					"name": "bone13",
					"parent": "bone12",
					"pivot": [-7.3125, -0.60937, 1.25],
					"rotation": [0, 0, 90],
					"cubes": [
						{
							"origin": [-7.42187, 5.35938, -10.71875],
							"size": [0.71875, 0.26563, 1.71875],
							"uv": {
								"north": {"uv": [11, 35], "uv_size": [0.5, 0.5]},
								"east": {"uv": [6, 26], "uv_size": [1.5, 0.5]},
								"south": {"uv": [35, 11], "uv_size": [0.5, 0.5]},
								"west": {"uv": [26, 6], "uv_size": [1.5, 0.5]},
								"up": {"uv": [8, 26], "uv_size": [0.5, 1.5]},
								"down": {"uv": [9, 27.5], "uv_size": [0.5, -1.5]}
							}
						},
						{
							"origin": [-7.42187, 5.62501, -10.71875],
							"size": [0.71875, 0.25, 1.71875],
							"uv": {
								"north": {"uv": [12, 35], "uv_size": [0.5, 0.5]},
								"east": {"uv": [26, 7], "uv_size": [1.5, 0.5]},
								"south": {"uv": [35, 12], "uv_size": [0.5, 0.5]},
								"west": {"uv": [26, 9], "uv_size": [1.5, 0.5]},
								"up": {"uv": [10, 26], "uv_size": [0.5, 1.5]},
								"down": {"uv": [11, 27.5], "uv_size": [0.5, -1.5]}
							}
						},
						{
							"origin": [-7.1585, 5.53836, -10.74375],
							"size": [0.048, 0.07953, 0.03962],
							"uv": {
								"north": {"uv": [13, 35], "uv_size": [0.5, 0.5]},
								"east": {"uv": [35, 13], "uv_size": [0.5, 0.5]},
								"south": {"uv": [14, 35], "uv_size": [0.5, 0.5]},
								"west": {"uv": [35, 14], "uv_size": [0.5, 0.5]},
								"up": {"uv": [15, 35], "uv_size": [0.5, 0.5]},
								"down": {"uv": [35, 15.5], "uv_size": [0.5, -0.5]}
							}
						},
						{
							"origin": [-7.23172, 5.71514, -10.74375],
							"size": [0.048, 0.07953, 0.03962],
							"pivot": [-7.3125, 5.57813, -10.71612],
							"rotation": [0, 0, 45],
							"uv": {
								"north": {"uv": [16, 35], "uv_size": [0.5, 0.5]},
								"east": {"uv": [35, 16], "uv_size": [0.5, 0.5]},
								"south": {"uv": [17, 35], "uv_size": [0.5, 0.5]},
								"west": {"uv": [35, 17], "uv_size": [0.5, 0.5]},
								"up": {"uv": [18, 35], "uv_size": [0.5, 0.5]},
								"down": {"uv": [35, 18.5], "uv_size": [0.5, -0.5]}
							}
						},
						{
							"origin": [-7.0145, 5.53836, -10.74375],
							"size": [0.048, 0.07953, 0.03962],
							"uv": {
								"north": {"uv": [19, 35], "uv_size": [0.5, 0.5]},
								"east": {"uv": [35, 19], "uv_size": [0.5, 0.5]},
								"south": {"uv": [20, 35], "uv_size": [0.5, 0.5]},
								"west": {"uv": [35, 20], "uv_size": [0.5, 0.5]},
								"up": {"uv": [21, 35], "uv_size": [0.5, 0.5]},
								"down": {"uv": [35, 21.5], "uv_size": [0.5, -0.5]}
							}
						},
						{
							"origin": [-7.08772, 5.71514, -10.74375],
							"size": [0.048, 0.07953, 0.03962],
							"pivot": [-7.3125, 5.57813, -10.71612],
							"rotation": [0, 0, 45],
							"uv": {
								"north": {"uv": [22, 35], "uv_size": [0.5, 0.5]},
								"east": {"uv": [35, 22], "uv_size": [0.5, 0.5]},
								"south": {"uv": [23, 35], "uv_size": [0.5, 0.5]},
								"west": {"uv": [35, 23], "uv_size": [0.5, 0.5]},
								"up": {"uv": [24, 35], "uv_size": [0.5, 0.5]},
								"down": {"uv": [35, 24.5], "uv_size": [0.5, -0.5]}
							}
						},
						{
							"origin": [-7.10226, 5.62612, -10.74375],
							"size": [0.07953, 0.048, 0.03962],
							"uv": {
								"north": {"uv": [25, 35], "uv_size": [0.5, 0.5]},
								"east": {"uv": [35, 25], "uv_size": [0.5, 0.5]},
								"south": {"uv": [26, 35], "uv_size": [0.5, 0.5]},
								"west": {"uv": [35, 26], "uv_size": [0.5, 0.5]},
								"up": {"uv": [27, 35], "uv_size": [0.5, 0.5]},
								"down": {"uv": [35, 27.5], "uv_size": [0.5, -0.5]}
							}
						},
						{
							"origin": [-7.17548, 5.8029, -10.74375],
							"size": [0.07953, 0.048, 0.03962],
							"pivot": [-7.3125, 5.57813, -10.71612],
							"rotation": [0, 0, 45],
							"uv": {
								"north": {"uv": [28, 35], "uv_size": [0.5, 0.5]},
								"east": {"uv": [35, 28], "uv_size": [0.5, 0.5]},
								"south": {"uv": [29, 35], "uv_size": [0.5, 0.5]},
								"west": {"uv": [35, 29], "uv_size": [0.5, 0.5]},
								"up": {"uv": [30, 35], "uv_size": [0.5, 0.5]},
								"down": {"uv": [35, 30.5], "uv_size": [0.5, -0.5]}
							}
						},
						{
							"origin": [-7.10226, 5.48213, -10.74375],
							"size": [0.07953, 0.048, 0.03962],
							"uv": {
								"north": {"uv": [31, 35], "uv_size": [0.5, 0.5]},
								"east": {"uv": [35, 31], "uv_size": [0.5, 0.5]},
								"south": {"uv": [32, 35], "uv_size": [0.5, 0.5]},
								"west": {"uv": [35, 32], "uv_size": [0.5, 0.5]},
								"up": {"uv": [33, 35], "uv_size": [0.5, 0.5]},
								"down": {"uv": [35, 33.5], "uv_size": [0.5, -0.5]}
							}
						},
						{
							"origin": [-7.17548, 5.65891, -10.74375],
							"size": [0.07953, 0.048, 0.03962],
							"pivot": [-7.3125, 5.57813, -10.71612],
							"rotation": [0, 0, 45],
							"uv": {
								"north": {"uv": [34, 35], "uv_size": [0.5, 0.5]},
								"east": {"uv": [35, 34], "uv_size": [0.5, 0.5]},
								"south": {"uv": [35, 35], "uv_size": [0.5, 0.5]},
								"west": {"uv": [2, 36], "uv_size": [0.5, 0.5]},
								"up": {"uv": [36, 2], "uv_size": [0.5, 0.5]},
								"down": {"uv": [3, 36.5], "uv_size": [0.5, -0.5]}
							}
						},
						{
							"origin": [-7.42187, 5.35938, -9],
							"size": [0.71875, 0.39063, 0.25],
							"uv": {
								"north": {"uv": [36, 3], "uv_size": [0.5, 0.5]},
								"east": {"uv": [4, 36], "uv_size": [0.5, 0.5]},
								"south": {"uv": [36, 4], "uv_size": [0.5, 0.5]},
								"west": {"uv": [5, 36], "uv_size": [0.5, 0.5]},
								"up": {"uv": [36, 5], "uv_size": [0.5, 0.5]},
								"down": {"uv": [6, 36.5], "uv_size": [0.5, -0.5]}
							}
						},
						{
							"origin": [-6.70312, 5.35938, -8.85937],
							"size": [0.0625, 0.23438, 0.59375],
							"uv": {
								"north": {"uv": [36, 6], "uv_size": [0.5, 0.5]},
								"east": {"uv": [7, 36], "uv_size": [0.5, 0.5]},
								"south": {"uv": [36, 7], "uv_size": [0.5, 0.5]},
								"west": {"uv": [8, 36], "uv_size": [0.5, 0.5]},
								"up": {"uv": [36, 8], "uv_size": [0.5, 0.5]},
								"down": {"uv": [9, 36.5], "uv_size": [0.5, -0.5]}
							}
						},
						{
							"origin": [-6.64062, 5.35938, -8.85937],
							"size": [0.01563, 0.23438, 0.07813],
							"uv": {
								"north": {"uv": [36, 9], "uv_size": [0.5, 0.5]},
								"east": {"uv": [10, 36], "uv_size": [0.5, 0.5]},
								"south": {"uv": [36, 10], "uv_size": [0.5, 0.5]},
								"west": {"uv": [11, 36], "uv_size": [0.5, 0.5]},
								"up": {"uv": [36, 11], "uv_size": [0.5, 0.5]},
								"down": {"uv": [12, 36.5], "uv_size": [0.5, -0.5]}
							}
						},
						{
							"origin": [-6.64062, 5.35938, -8.73437],
							"size": [0.01563, 0.23438, 0.07813],
							"uv": {
								"north": {"uv": [36, 12], "uv_size": [0.5, 0.5]},
								"east": {"uv": [13, 36], "uv_size": [0.5, 0.5]},
								"south": {"uv": [36, 13], "uv_size": [0.5, 0.5]},
								"west": {"uv": [14, 36], "uv_size": [0.5, 0.5]},
								"up": {"uv": [36, 14], "uv_size": [0.5, 0.5]},
								"down": {"uv": [15, 36.5], "uv_size": [0.5, -0.5]}
							}
						},
						{
							"origin": [-6.64062, 5.35938, -8.60937],
							"size": [0.01563, 0.23438, 0.07813],
							"uv": {
								"north": {"uv": [36, 15], "uv_size": [0.5, 0.5]},
								"east": {"uv": [16, 36], "uv_size": [0.5, 0.5]},
								"south": {"uv": [36, 16], "uv_size": [0.5, 0.5]},
								"west": {"uv": [17, 36], "uv_size": [0.5, 0.5]},
								"up": {"uv": [36, 17], "uv_size": [0.5, 0.5]},
								"down": {"uv": [18, 36.5], "uv_size": [0.5, -0.5]}
							}
						},
						{
							"origin": [-6.64062, 5.35938, -8.48437],
							"size": [0.01563, 0.23438, 0.07813],
							"uv": {
								"north": {"uv": [36, 18], "uv_size": [0.5, 0.5]},
								"east": {"uv": [19, 36], "uv_size": [0.5, 0.5]},
								"south": {"uv": [36, 19], "uv_size": [0.5, 0.5]},
								"west": {"uv": [20, 36], "uv_size": [0.5, 0.5]},
								"up": {"uv": [36, 20], "uv_size": [0.5, 0.5]},
								"down": {"uv": [21, 36.5], "uv_size": [0.5, -0.5]}
							}
						},
						{
							"origin": [-6.64062, 5.35938, -8.35937],
							"size": [0.01563, 0.23438, 0.07813],
							"uv": {
								"north": {"uv": [36, 21], "uv_size": [0.5, 0.5]},
								"east": {"uv": [22, 36], "uv_size": [0.5, 0.5]},
								"south": {"uv": [36, 22], "uv_size": [0.5, 0.5]},
								"west": {"uv": [23, 36], "uv_size": [0.5, 0.5]},
								"up": {"uv": [36, 23], "uv_size": [0.5, 0.5]},
								"down": {"uv": [24, 36.5], "uv_size": [0.5, -0.5]}
							}
						},
						{
							"origin": [-7.48437, 5.35938, -8.85937],
							"size": [0.0625, 0.23438, 0.59375],
							"uv": {
								"north": {"uv": [36, 24], "uv_size": [0.5, 0.5]},
								"east": {"uv": [25, 36], "uv_size": [0.5, 0.5]},
								"south": {"uv": [36, 25], "uv_size": [0.5, 0.5]},
								"west": {"uv": [26, 36], "uv_size": [0.5, 0.5]},
								"up": {"uv": [36, 26], "uv_size": [0.5, 0.5]},
								"down": {"uv": [27, 36.5], "uv_size": [0.5, -0.5]}
							}
						},
						{
							"origin": [-7.5, 5.35938, -8.85937],
							"size": [0.01563, 0.23438, 0.07813],
							"uv": {
								"north": {"uv": [36, 27], "uv_size": [0.5, 0.5]},
								"east": {"uv": [28, 36], "uv_size": [0.5, 0.5]},
								"south": {"uv": [36, 28], "uv_size": [0.5, 0.5]},
								"west": {"uv": [29, 36], "uv_size": [0.5, 0.5]},
								"up": {"uv": [36, 29], "uv_size": [0.5, 0.5]},
								"down": {"uv": [30, 36.5], "uv_size": [0.5, -0.5]}
							}
						},
						{
							"origin": [-7.5, 5.35938, -8.73437],
							"size": [0.01563, 0.23438, 0.07813],
							"uv": {
								"north": {"uv": [36, 30], "uv_size": [0.5, 0.5]},
								"east": {"uv": [31, 36], "uv_size": [0.5, 0.5]},
								"south": {"uv": [36, 31], "uv_size": [0.5, 0.5]},
								"west": {"uv": [32, 36], "uv_size": [0.5, 0.5]},
								"up": {"uv": [36, 32], "uv_size": [0.5, 0.5]},
								"down": {"uv": [33, 36.5], "uv_size": [0.5, -0.5]}
							}
						},
						{
							"origin": [-7.5, 5.35938, -8.60937],
							"size": [0.01563, 0.23438, 0.07813],
							"uv": {
								"north": {"uv": [36, 33], "uv_size": [0.5, 0.5]},
								"east": {"uv": [34, 36], "uv_size": [0.5, 0.5]},
								"south": {"uv": [36, 34], "uv_size": [0.5, 0.5]},
								"west": {"uv": [35, 36], "uv_size": [0.5, 0.5]},
								"up": {"uv": [36, 35], "uv_size": [0.5, 0.5]},
								"down": {"uv": [36, 36.5], "uv_size": [0.5, -0.5]}
							}
						},
						{
							"origin": [-7.5, 5.35938, -8.48437],
							"size": [0.01563, 0.23438, 0.07813],
							"uv": {
								"north": {"uv": [2, 37], "uv_size": [0.5, 0.5]},
								"east": {"uv": [37, 2], "uv_size": [0.5, 0.5]},
								"south": {"uv": [3, 37], "uv_size": [0.5, 0.5]},
								"west": {"uv": [37, 3], "uv_size": [0.5, 0.5]},
								"up": {"uv": [4, 37], "uv_size": [0.5, 0.5]},
								"down": {"uv": [37, 4.5], "uv_size": [0.5, -0.5]}
							}
						},
						{
							"origin": [-7.5, 5.35938, -8.35937],
							"size": [0.01563, 0.23438, 0.07813],
							"uv": {
								"north": {"uv": [5, 37], "uv_size": [0.5, 0.5]},
								"east": {"uv": [37, 5], "uv_size": [0.5, 0.5]},
								"south": {"uv": [6, 37], "uv_size": [0.5, 0.5]},
								"west": {"uv": [37, 6], "uv_size": [0.5, 0.5]},
								"up": {"uv": [7, 37], "uv_size": [0.5, 0.5]},
								"down": {"uv": [37, 7.5], "uv_size": [0.5, -0.5]}
							}
						},
						{
							"origin": [-6.71875, 5.82813, -10.5],
							"size": [0.23438, 0.3125, 4],
							"uv": {
								"north": {"uv": [8, 37], "uv_size": [0.5, 0.5]},
								"east": {"uv": [16, 15], "uv_size": [4, 0.5]},
								"south": {"uv": [37, 8], "uv_size": [0.5, 0.5]},
								"west": {"uv": [16, 16], "uv_size": [4, 0.5]},
								"up": {"uv": [10, 16], "uv_size": [0.5, 4]},
								"down": {"uv": [13, 20], "uv_size": [0.5, -4]}
							}
						},
						{
							"origin": [-7.66965, 5.62883, -9.46971],
							"size": [1.21429, 0.08239, 0.19892],
							"pivot": [-7.29615, 6.12501, -9.91227],
							"rotation": [22.5, 0, 0],
							"uv": {
								"north": {"uv": [28, 6], "uv_size": [1, 0.5]},
								"east": {"uv": [9, 37], "uv_size": [0.5, 0.5]},
								"south": {"uv": [7, 28], "uv_size": [1, 0.5]},
								"west": {"uv": [37, 9], "uv_size": [0.5, 0.5]},
								"up": {"uv": [28, 7], "uv_size": [1, 0.5]},
								"down": {"uv": [8, 28.5], "uv_size": [1, -0.5]}
							}
						},
						{
							"origin": [-7.66965, 6.14535, -9.30675],
							"size": [1.21429, 0.08239, 0.19892],
							"pivot": [-7.29615, 6.12501, -9.91227],
							"rotation": [-22.5, 0, 0],
							"uv": {
								"north": {"uv": [28, 8], "uv_size": [1, 0.5]},
								"east": {"uv": [10, 37], "uv_size": [0.5, 0.5]},
								"south": {"uv": [9, 28], "uv_size": [1, 0.5]},
								"west": {"uv": [37, 10], "uv_size": [0.5, 0.5]},
								"up": {"uv": [28, 9], "uv_size": [1, 0.5]},
								"down": {"uv": [10, 28.5], "uv_size": [1, -0.5]}
							}
						},
						{
							"origin": [-7.66965, 5.57058, -9.41145],
							"size": [1.21429, 0.19892, 0.08239],
							"pivot": [-7.29615, 6.12501, -9.91227],
							"rotation": [22.5, 0, 0],
							"uv": {
								"north": {"uv": [28, 10], "uv_size": [1, 0.5]},
								"east": {"uv": [11, 37], "uv_size": [0.5, 0.5]},
								"south": {"uv": [11, 28], "uv_size": [1, 0.5]},
								"west": {"uv": [37, 11], "uv_size": [0.5, 0.5]},
								"up": {"uv": [28, 11], "uv_size": [1, 0.5]},
								"down": {"uv": [12, 28.5], "uv_size": [1, -0.5]}
							}
						},
						{
							"origin": [-7.66965, 6.08708, -9.24849],
							"size": [1.21429, 0.19892, 0.08239],
							"pivot": [-7.29615, 6.12501, -9.91227],
							"rotation": [-22.5, 0, 0],
							"uv": {
								"north": {"uv": [28, 12], "uv_size": [1, 0.5]},
								"east": {"uv": [12, 37], "uv_size": [0.5, 0.5]},
								"south": {"uv": [13, 28], "uv_size": [1, 0.5]},
								"west": {"uv": [37, 12], "uv_size": [0.5, 0.5]},
								"up": {"uv": [28, 13], "uv_size": [1, 0.5]},
								"down": {"uv": [14, 28.5], "uv_size": [1, -0.5]}
							}
						},
						{
							"origin": [-7.66965, 6.14535, -10.43175],
							"size": [1.21429, 0.08239, 0.19892],
							"pivot": [-7.29615, 6.12501, -11.03727],
							"rotation": [-22.5, 0, 0],
							"uv": {
								"north": {"uv": [28, 14], "uv_size": [1, 0.5]},
								"east": {"uv": [13, 37], "uv_size": [0.5, 0.5]},
								"south": {"uv": [15, 28], "uv_size": [1, 0.5]},
								"west": {"uv": [37, 13], "uv_size": [0.5, 0.5]},
								"up": {"uv": [28, 15], "uv_size": [1, 0.5]},
								"down": {"uv": [16, 28.5], "uv_size": [1, -0.5]}
							}
						},
						{
							"origin": [-7.66965, 5.62883, -10.59471],
							"size": [1.21429, 0.08239, 0.19892],
							"pivot": [-7.29615, 6.12501, -11.03727],
							"rotation": [22.5, 0, 0],
							"uv": {
								"north": {"uv": [28, 16], "uv_size": [1, 0.5]},
								"east": {"uv": [14, 37], "uv_size": [0.5, 0.5]},
								"south": {"uv": [17, 28], "uv_size": [1, 0.5]},
								"west": {"uv": [37, 14], "uv_size": [0.5, 0.5]},
								"up": {"uv": [28, 17], "uv_size": [1, 0.5]},
								"down": {"uv": [18, 28.5], "uv_size": [1, -0.5]}
							}
						},
						{
							"origin": [-7.66965, 6.08708, -10.37349],
							"size": [1.21429, 0.19892, 0.08239],
							"pivot": [-7.29615, 6.12501, -11.03727],
							"rotation": [-22.5, 0, 0],
							"uv": {
								"north": {"uv": [28, 18], "uv_size": [1, 0.5]},
								"east": {"uv": [15, 37], "uv_size": [0.5, 0.5]},
								"south": {"uv": [19, 28], "uv_size": [1, 0.5]},
								"west": {"uv": [37, 15], "uv_size": [0.5, 0.5]},
								"up": {"uv": [28, 19], "uv_size": [1, 0.5]},
								"down": {"uv": [20, 28.5], "uv_size": [1, -0.5]}
							}
						},
						{
							"origin": [-7.66965, 5.57058, -10.53645],
							"size": [1.21429, 0.19892, 0.08239],
							"pivot": [-7.29615, 6.12501, -11.03727],
							"rotation": [22.5, 0, 0],
							"uv": {
								"north": {"uv": [28, 20], "uv_size": [1, 0.5]},
								"east": {"uv": [16, 37], "uv_size": [0.5, 0.5]},
								"south": {"uv": [21, 28], "uv_size": [1, 0.5]},
								"west": {"uv": [37, 16], "uv_size": [0.5, 0.5]},
								"up": {"uv": [28, 21], "uv_size": [1, 0.5]},
								"down": {"uv": [22, 28.5], "uv_size": [1, -0.5]}
							}
						},
						{
							"origin": [-6.71875, 5.70313, -10.71509],
							"size": [0.23438, 0.13032, 4.21509],
							"uv": {
								"north": {"uv": [17, 37], "uv_size": [0.5, 0.5]},
								"east": {"uv": [2, 17], "uv_size": [4, 0.5]},
								"south": {"uv": [37, 17], "uv_size": [0.5, 0.5]},
								"west": {"uv": [6, 17], "uv_size": [4, 0.5]},
								"up": {"uv": [17, 6], "uv_size": [0.5, 4]},
								"down": {"uv": [14, 21], "uv_size": [0.5, -4]}
							}
						},
						{
							"origin": [-7.87946, 6.63636, -10.71509],
							"size": [0.125, 0.11469, 4.21509],
							"pivot": [-8.38437, 4.69394, -9.75],
							"rotation": [0, 0, 45],
							"uv": {
								"north": {"uv": [18, 37], "uv_size": [0.5, 0.5]},
								"east": {"uv": [15, 17], "uv_size": [4, 0.5]},
								"south": {"uv": [37, 18], "uv_size": [0.5, 0.5]},
								"west": {"uv": [2, 18], "uv_size": [4, 0.5]},
								"up": {"uv": [6, 18], "uv_size": [0.5, 4]},
								"down": {"uv": [18, 10], "uv_size": [0.5, -4]}
							}
						},
						{
							"origin": [-6.51698, 6.2828, -10.71509],
							"size": [0.125, 0.11469, 4.21509],
							"pivot": [-6.24063, 4.69394, -9.75],
							"rotation": [0, 0, -45],
							"uv": {
								"north": {"uv": [19, 37], "uv_size": [0.5, 0.5]},
								"east": {"uv": [15, 18], "uv_size": [4, 0.5]},
								"south": {"uv": [37, 19], "uv_size": [0.5, 0.5]},
								"west": {"uv": [2, 19], "uv_size": [4, 0.5]},
								"up": {"uv": [7, 18], "uv_size": [0.5, 4]},
								"down": {"uv": [8, 22], "uv_size": [0.5, -4]}
							}
						},
						{
							"origin": [-7.55952, 5.62203, -10.71509],
							"size": [0.99405, 0.0811, 4.21509],
							"uv": {
								"north": {"uv": [28, 22], "uv_size": [1, 0.5]},
								"east": {"uv": [19, 6], "uv_size": [4, 0.5]},
								"south": {"uv": [23, 28], "uv_size": [1, 0.5]},
								"west": {"uv": [19, 7], "uv_size": [4, 0.5]},
								"up": {"uv": [6, 7], "uv_size": [1, 4]},
								"down": {"uv": [15, 6], "uv_size": [1, -4]}
							}
						},
						{
							"origin": [-7.51264, 5.59078, -7.18384],
							"size": [0.9003, 0.11235, 0.62134],
							"uv": {
								"north": {"uv": [28, 23], "uv_size": [1, 0.5]},
								"east": {"uv": [20, 37], "uv_size": [0.5, 0.5]},
								"south": {"uv": [24, 28], "uv_size": [1, 0.5]},
								"west": {"uv": [37, 20], "uv_size": [0.5, 0.5]},
								"up": {"uv": [28, 24], "uv_size": [1, 0.5]},
								"down": {"uv": [25, 28.5], "uv_size": [1, -0.5]}
							}
						},
						{
							"origin": [-7.51264, 5.59078, -7.87134],
							"size": [0.9003, 0.11235, 0.62134],
							"uv": {
								"north": {"uv": [28, 25], "uv_size": [1, 0.5]},
								"east": {"uv": [21, 37], "uv_size": [0.5, 0.5]},
								"south": {"uv": [26, 28], "uv_size": [1, 0.5]},
								"west": {"uv": [37, 21], "uv_size": [0.5, 0.5]},
								"up": {"uv": [28, 26], "uv_size": [1, 0.5]},
								"down": {"uv": [27, 28.5], "uv_size": [1, -0.5]}
							}
						},
						{
							"origin": [-7.51264, 5.59078, -8.55884],
							"size": [0.9003, 0.11235, 0.62134],
							"uv": {
								"north": {"uv": [28, 27], "uv_size": [1, 0.5]},
								"east": {"uv": [22, 37], "uv_size": [0.5, 0.5]},
								"south": {"uv": [28, 28], "uv_size": [1, 0.5]},
								"west": {"uv": [37, 22], "uv_size": [0.5, 0.5]},
								"up": {"uv": [2, 29], "uv_size": [1, 0.5]},
								"down": {"uv": [29, 2.5], "uv_size": [1, -0.5]}
							}
						},
						{
							"origin": [-6.71875, 5.92188, -10.875],
							"size": [0.23438, 0.21875, 0.375],
							"pivot": [-7.1875, 6.14063, -10.5],
							"rotation": [55, 0, 0],
							"uv": {
								"north": {"uv": [23, 37], "uv_size": [0.5, 0.5]},
								"east": {"uv": [37, 23], "uv_size": [0.5, 0.5]},
								"south": {"uv": [24, 37], "uv_size": [0.5, 0.5]},
								"west": {"uv": [37, 24], "uv_size": [0.5, 0.5]},
								"up": {"uv": [25, 37], "uv_size": [0.5, 0.5]},
								"down": {"uv": [37, 25.5], "uv_size": [0.5, -0.5]}
							}
						},
						{
							"origin": [-7.64062, 5.70313, -10.71509],
							"size": [0.23438, 0.13032, 4.21509],
							"uv": {
								"north": {"uv": [26, 37], "uv_size": [0.5, 0.5]},
								"east": {"uv": [19, 8], "uv_size": [4, 0.5]},
								"south": {"uv": [37, 26], "uv_size": [0.5, 0.5]},
								"west": {"uv": [19, 9], "uv_size": [4, 0.5]},
								"up": {"uv": [9, 18], "uv_size": [0.5, 4]},
								"down": {"uv": [15, 23], "uv_size": [0.5, -4]}
							}
						},
						{
							"origin": [-7.64062, 5.92188, -10.875],
							"size": [0.23438, 0.21875, 0.375],
							"pivot": [-7.4375, 6.14063, -10.5],
							"rotation": [55, 0, 0],
							"uv": {
								"north": {"uv": [27, 37], "uv_size": [0.5, 0.5]},
								"east": {"uv": [37, 27], "uv_size": [0.5, 0.5]},
								"south": {"uv": [28, 37], "uv_size": [0.5, 0.5]},
								"west": {"uv": [37, 28], "uv_size": [0.5, 0.5]},
								"up": {"uv": [29, 37], "uv_size": [0.5, 0.5]},
								"down": {"uv": [37, 29.5], "uv_size": [0.5, -0.5]}
							}
						},
						{
							"origin": [-7.64062, 5.82813, -10.5],
							"size": [0.23438, 0.3125, 4],
							"uv": {
								"north": {"uv": [30, 37], "uv_size": [0.5, 0.5]},
								"east": {"uv": [16, 19], "uv_size": [4, 0.5]},
								"south": {"uv": [37, 30], "uv_size": [0.5, 0.5]},
								"west": {"uv": [19, 17], "uv_size": [4, 0.5]},
								"up": {"uv": [2, 20], "uv_size": [0.5, 4]},
								"down": {"uv": [3, 24], "uv_size": [0.5, -4]}
							}
						},
						{
							"origin": [-7.4375, 5.10938, -10.71874],
							"size": [0.75, 0.125, 0.46875],
							"uv": {
								"north": {"uv": [3, 29], "uv_size": [1, 0.5]},
								"south": {"uv": [29, 3], "uv_size": [1, 0.5]},
								"down": {"uv": [4, 29.5], "uv_size": [1, -0.5]}
							}
						},
						{
							"origin": [-7.50002, 5.36391, -10.71874],
							"size": [0.177, 0.177, 0.46875],
							"pivot": [-7.6875, 5.37482, -13.62499],
							"rotation": [0, 0, 45],
							"uv": {
								"north": {"uv": [31, 37], "uv_size": [0.5, 0.5]},
								"east": {"uv": [37, 31], "uv_size": [0.5, 0.5]},
								"south": {"uv": [32, 37], "uv_size": [0.5, 0.5]},
								"down": {"uv": [37, 32.5], "uv_size": [0.5, -0.5]}
							}
						},
						{
							"origin": [-6.94842, 5.01035, -10.71874],
							"size": [0.177, 0.177, 0.46875],
							"pivot": [-6.9375, 5.37482, -13.62499],
							"rotation": [0, 0, -45],
							"uv": {
								"north": {"uv": [33, 37], "uv_size": [0.5, 0.5]},
								"south": {"uv": [37, 33], "uv_size": [0.5, 0.5]},
								"west": {"uv": [34, 37], "uv_size": [0.5, 0.5]},
								"down": {"uv": [37, 34.5], "uv_size": [0.5, -0.5]}
							}
						},
						{
							"origin": [-7.4375, 5.10938, -9.99999],
							"size": [0.75, 0.125, 0.25],
							"uv": {
								"north": {"uv": [29, 4], "uv_size": [1, 0.5]},
								"south": {"uv": [5, 29], "uv_size": [1, 0.5]},
								"down": {"uv": [29, 5.5], "uv_size": [1, -0.5]}
							}
						},
						{
							"origin": [-7.50002, 5.36391, -9.99999],
							"size": [0.177, 0.177, 0.25],
							"pivot": [-7.6875, 5.37482, -13.12499],
							"rotation": [0, 0, 45],
							"uv": {
								"north": {"uv": [35, 37], "uv_size": [0.5, 0.5]},
								"east": {"uv": [37, 35], "uv_size": [0.5, 0.5]},
								"south": {"uv": [36, 37], "uv_size": [0.5, 0.5]},
								"down": {"uv": [37, 36.5], "uv_size": [0.5, -0.5]}
							}
						},
						{
							"origin": [-6.94842, 5.01035, -9.99999],
							"size": [0.177, 0.177, 0.25],
							"pivot": [-6.9375, 5.37482, -13.12499],
							"rotation": [0, 0, -45],
							"uv": {
								"north": {"uv": [37, 37], "uv_size": [0.5, 0.5]},
								"south": {"uv": [2, 38], "uv_size": [0.5, 0.5]},
								"west": {"uv": [38, 2], "uv_size": [0.5, 0.5]},
								"down": {"uv": [3, 38.5], "uv_size": [0.5, -0.5]}
							}
						},
						{
							"origin": [-7.4375, 5.10938, -9.49999],
							"size": [0.75, 0.125, 0.25],
							"uv": {
								"north": {"uv": [6, 29], "uv_size": [1, 0.5]},
								"south": {"uv": [29, 6], "uv_size": [1, 0.5]},
								"down": {"uv": [7, 29.5], "uv_size": [1, -0.5]}
							}
						},
						{
							"origin": [-7.50002, 5.36391, -9.49999],
							"size": [0.177, 0.177, 0.25],
							"pivot": [-7.6875, 5.37482, -12.62499],
							"rotation": [0, 0, 45],
							"uv": {
								"north": {"uv": [38, 3], "uv_size": [0.5, 0.5]},
								"east": {"uv": [4, 38], "uv_size": [0.5, 0.5]},
								"south": {"uv": [38, 4], "uv_size": [0.5, 0.5]},
								"down": {"uv": [5, 38.5], "uv_size": [0.5, -0.5]}
							}
						},
						{
							"origin": [-6.94842, 5.01035, -9.49999],
							"size": [0.177, 0.177, 0.25],
							"pivot": [-6.9375, 5.37482, -12.62499],
							"rotation": [0, 0, -45],
							"uv": {
								"north": {"uv": [38, 5], "uv_size": [0.5, 0.5]},
								"south": {"uv": [6, 38], "uv_size": [0.5, 0.5]},
								"west": {"uv": [38, 6], "uv_size": [0.5, 0.5]},
								"down": {"uv": [7, 38.5], "uv_size": [0.5, -0.5]}
							}
						},
						{
							"origin": [-7.4375, 5.10938, -8.99999],
							"size": [0.75, 0.125, 0.25],
							"uv": {
								"north": {"uv": [29, 7], "uv_size": [1, 0.5]},
								"south": {"uv": [8, 29], "uv_size": [1, 0.5]},
								"down": {"uv": [29, 8.5], "uv_size": [1, -0.5]}
							}
						},
						{
							"origin": [-7.50002, 5.36391, -8.99999],
							"size": [0.177, 0.177, 0.25],
							"pivot": [-7.6875, 5.37482, -12.12499],
							"rotation": [0, 0, 45],
							"uv": {
								"north": {"uv": [38, 7], "uv_size": [0.5, 0.5]},
								"east": {"uv": [8, 38], "uv_size": [0.5, 0.5]},
								"south": {"uv": [38, 8], "uv_size": [0.5, 0.5]},
								"down": {"uv": [9, 38.5], "uv_size": [0.5, -0.5]}
							}
						},
						{
							"origin": [-6.94842, 5.01035, -8.99999],
							"size": [0.177, 0.177, 0.25],
							"pivot": [-6.9375, 5.37482, -12.12499],
							"rotation": [0, 0, -45],
							"uv": {
								"north": {"uv": [38, 9], "uv_size": [0.5, 0.5]},
								"south": {"uv": [10, 38], "uv_size": [0.5, 0.5]},
								"west": {"uv": [38, 10], "uv_size": [0.5, 0.5]},
								"down": {"uv": [11, 38.5], "uv_size": [0.5, -0.5]}
							}
						},
						{
							"origin": [-7.5625, 5.23337, -10.71874],
							"size": [1, 0.001, 1.96875],
							"uv": {
								"north": {"uv": [0, 0], "uv_size": [1, 0]},
								"east": {"uv": [0, 0], "uv_size": [2, 0]},
								"south": {"uv": [0, 0], "uv_size": [1, 0]},
								"west": {"uv": [0, 0], "uv_size": [2, 0]},
								"up": {"uv": [4, 20], "uv_size": [1, 2]},
								"down": {"uv": [5, 22], "uv_size": [1, -2]}
							}
						},
						{
							"origin": [-7.4375, 5.23438, -10.71874],
							"size": [0.75, 0.125, 1.96875],
							"uv": {
								"north": {"uv": [9, 29], "uv_size": [1, 0.5]},
								"east": {"uv": [21, 22], "uv_size": [2, 0.5]},
								"south": {"uv": [29, 9], "uv_size": [1, 0.5]},
								"west": {"uv": [23, 2], "uv_size": [2, 0.5]},
								"up": {"uv": [10, 20], "uv_size": [1, 2]}
							}
						}
					]
				},
				{
					"name": "bone11_illuminated",
					"parent": "bone13",
					"pivot": [-7.3125, -0.60937, 1.25],
					"cubes": [
						{
							"origin": [-7.42969, 5.54688, -10.71875],
							"size": [0.73438, 0.07813, 0.46875],
							"uv": {
								"east": {"uv": [38, 11], "uv_size": [0.5, 0.5]},
								"west": {"uv": [12, 38], "uv_size": [0.5, 0.5]}
							}
						},
						{
							"origin": [-7.42969, 5.54688, -9.46875],
							"size": [0.73438, 0.07813, 0.46875],
							"uv": {
								"east": {"uv": [38, 12], "uv_size": [0.5, 0.5]},
								"west": {"uv": [13, 38], "uv_size": [0.5, 0.5]}
							}
						},
						{
							"origin": [-7.42969, 5.54688, -10.09375],
							"size": [0.73438, 0.07813, 0.46875],
							"uv": {
								"east": {"uv": [38, 13], "uv_size": [0.5, 0.5]},
								"west": {"uv": [14, 38], "uv_size": [0.5, 0.5]}
							}
						}
					]
				},
				{
					"name": "ocularring",
					"pivot": [0, 0, 0]
				},
				{
					"name": "division",
					"pivot": [0, 0, 0]
				},
				{
					"name": "division_illuminated",
					"parent": "division",
					"pivot": [0, 0.75125, -55.3],
					"cubes": [
						{
							"origin": [-5.79626, 0.2321, -56.175],
							"size": [4.375, 4.25, 1.875],
							"pivot": [-3.60876, 2.3571, -55.3],
							"rotation": [0, 0, 7.5],
							"uv": {
								"south": {"uv": [105.5, 60], "uv_size": [49.5, 49]}
							}
						}
					]
				},
				{
					"name": "ocular",
					"pivot": [0, 2.60938, 43.7125],
					"cubes": [
						{
							"origin": [-4, 1.50125, -12.175],
							"size": [2, 2, 1.875],
							"pivot": [-3, 1.50125, -11.3],
							"rotation": [0, 0, -37.5],
							"uv": {
								"south": {"uv": [41.5, 4.5], "uv_size": [2, 2]}
							}
						}
					]
				},
				{
					"name": "laser_beam",
					"pivot": [-1.125, -0.85937, -10]
				}
			]
		}
	]
}