{
  "ammo": "tacz:30_06",
  "ammo_amount": 10,
  "extended_mag_ammo_amount": [
    15,
    18,
    20
  ],
  "bolt": "closed_bolt",
  "rpm": 240,
  "bullet": {
    "life": 0.4,
    "bullet_amount": 1,
    "damage": 20,
    "tracer_count_interval": 0,
    "extra_damage": {
      "armor_ignore": 0.55,
      "head_shot_multiplier": 2.0,
      "damage_adjust": [
        {"distance": 60, "damage": 20},
        {"distance": 120, "damage": 17},
        {"distance": "infinite", "damage": 13}
      ]
    },
    "speed": 500,
    "gravity": 0.15,
    "knockback": 0,
    "friction": 0.0125,
    "ignite": false,
    "pierce": 2,
    "explosion": {
      "explode": false,
      "damage": 4,
      "radius": 0.3,
      "knockback": true,
      "delay": 30
     }
  },
  "reload": {
    "type": "magazine",
    "feed": {
      "empty": 2.05,
      "tactical": 1.2
    },
    "cooldown": {
      "empty": 2.53,
      "tactical": 2.03
    }
  },
  "draw_time": 0.43,
  "put_away_time": 0.43,
  "aim_time": 0.25,
  "weight": 5.2,
  "sprint_time": 0.19,
  "fire_mode": [
    "semi"
  ],
  "recoil": {
    "pitch": [
      {"time": 0, "value": [0.6, 0.6]},
      {"time": 0.25, "value": [0.6, 0.6]},
      {"time": 0.65, "value": [-0.175, -0.175]},
      {"time": 0.7, "value": [0, 0]}
    ],
    "yaw": [
      {"time": 0, "value": [-0.375, 0.35]},
      {"time": 0.25, "value": [-0.375, 0.35]},
      {"time": 0.45, "value": [0, 0]}
    ]
  },
  "inaccuracy": {
    "stand": 5.5,
    "move": 6,
    "sneak": 5.25,
    "lie": 4,
    "aim": 0.075
  },
  // 近战相关
  "melee": {
    // 枪械距离参数，用来延升近战攻击范围
    // 会与刺刀等配件的距离做加和
    "distance": 1,
    // 使用时的冷却时间
    "cooldown": 0.6
  },
  "allow_attachment_types": [
    "scope",
    "muzzle",
    "grip",
	"laser",
    "extended_mag"
  ]
}